{"torneo":{"torneo_id":"265","tipo_torneo":"2","nombre":"SUPERCOPA DE LA UEFA ","division_id":"8","traduccion":"","sexo":"0","desarrollo":"1","categoria_id":"1","categoria_nombre":"Senior Masculino","visible":"5","categoria_torneo_id":"3","id_original":"194","apifutbol":"0","apiRFEFcompeticion":"0","apiRFEFgrupo":"0","idPais":"199","nombrePais":"UEFA","idComunidad":"1","nombreComunidad":"SIN COMUNIDAD","jornadas":"0","jornadaActiva":"84","tipoClasificacion":"0","tipoPuntuacion":"0"},"equipos":[{"equipo_id":"2176","grupo":"0","nombre":"Manchester City FC","nombreCorto":"Manchester City FC","estadio_id":null,"betsapi":"708","club_id":"3196","equipacion_id":"84","slug":"MCFC","federacion_id":"0","localidad_id":"1","provincia_id":"1","comunidad_id":"1","localidad":"Sin localidad","provincia":"sin provincia","comunidad":"SIN COMUNIDAD","pais_id":"90","es_seleccion":"0","pL":"1","pV":"0"},{"equipo_id":"402","grupo":"0","nombre":"Sevilla FC","nombreCorto":"Sevilla FC","estadio_id":"428","betsapi":"1375","club_id":"4420","equipacion_id":"376","slug":"SevillaFC","federacion_id":"100115","localidad_id":"6102","provincia_id":"33","comunidad_id":"11","localidad":"Sevilla","provincia":"Sevilla","comunidad":"Andalucía Occidental","pais_id":"60","es_seleccion":"0","pL":"0","pV":"1"}],"partidos":[{"id":"1161636","partidoAPI":null,"temporada_id":"188","estado_partido":"0","jornada":"84","apuesta_partido":null,"fase":"Final","fecha":"2023-08-16","hora_prevista":"21:00:00","hora_real":"00:00:11","apuesta":null,"clasificado":"0","goles_local":"0","goles_visitante":"0","grupo_id":null,"betsapi":"-1","codigo_acta":"0","local":"Manchester City FC","localCorto":"Manchester City FC","twitterLocal":"MCFC","federacion_id_l":"0","equipoLocal_id":"2176","pais_local":"90","pais_visitante":"60","federacion_id_v":"100115","visitante":"Sevilla FC","visitanteCorto":"Sevilla FC","twitterVisitante":"SevillaFC","equipoVisitante_id":"402","observaciones":null,"comentario":null,"club_local":"3196","club_visitante":"4420","estadio":null,"arbitro_id":null,"youtube_id":null,"acta":null,"apuesta_torneo":"393","tipo_torneo":"2","idPais":"199","visible":"5","goles":"0","estadio_id":null,"estadio_nombre":null,"estadio_localidad":null,"tv":null,"nombre_arbitro":null,"ida":null}],"fichajes":{"id":"34263","nombre":"Adrià Giner Pedrosa","apodo":"Pedrosa","es_fichaje":"1","es_baja":"0","posicion":"2","fecha_nacimiento":"1998-05-13","slug":"Espanyol","equipoActual_id":"402","equipo":"Sevilla FC","club_id":"4420"},"clasificacion":[]}