{"torneo":{"torneo_id":"345","tipo_torneo":"2","nombre":"COPA RFEF :: Galicia","division_id":"7","traduccion":"","sexo":"0","desarrollo":"20","categoria_id":"1","categoria_nombre":"Senior Masculino","visible":"5","categoria_torneo_id":"1","id_original":"330","apifutbol":"0","apiRFEFcompeticion":"9255486","apiRFEFgrupo":"9290644","idPais":"60","nombrePais":"España","idComunidad":"2","nombreComunidad":"Galicia","jornadas":"0","jornadaActiva":"65","tipoClasificacion":"0","tipoPuntuacion":"0"},"equipos":[{"equipo_id":"607","grupo":"0","nombre":"Bergantiños CF","nombreCorto":"Bergantiños CF","estadio_id":"24","betsapi":"158","club_id":"4668","equipacion_id":"191","slug":"BerganFC","federacion_id":"1805","localidad_id":"2253","provincia_id":"2","comunidad_id":"2","localidad":"Carballo","provincia":"A Coruña","comunidad":"Galicia","pais_id":"60","es_seleccion":"0","pL":"0","pV":"1"},{"equipo_id":"700","grupo":"0","nombre":"CD Estradense","nombreCorto":"CD Estradense","estadio_id":"932","betsapi":"298287","club_id":"4796","equipacion_id":"185","slug":"EstradenseCd","federacion_id":"4549","localidad_id":"5218","provincia_id":"5","comunidad_id":"2","localidad":"Estrada (A)","provincia":"Pontevedra","comunidad":"Galicia","pais_id":"60","es_seleccion":"0","pL":"2","pV":"0"},{"equipo_id":"52","grupo":"0","nombre":"Club Rápido de Bouzas","nombreCorto":"Rápido de Bouzas","estadio_id":"531","betsapi":"7168","club_id":"70","equipacion_id":"354","slug":"RapidodeBouzas","federacion_id":"4266","localidad_id":"5259","provincia_id":"5","comunidad_id":"2","localidad":"Vigo","provincia":"Pontevedra","comunidad":"Galicia","pais_id":"60","es_seleccion":"0","pL":"1","pV":"0"},{"equipo_id":"286","grupo":"0","nombre":"Coruxo FC","nombreCorto":"Coruxo FC","estadio_id":"462","betsapi":"176","club_id":"4287","equipacion_id":"571","slug":"CoruxoFCoficial","federacion_id":"4496","localidad_id":"5259","provincia_id":"5","comunidad_id":"2","localidad":"Vigo","provincia":"Pontevedra","comunidad":"Galicia","pais_id":"60","es_seleccion":"0","pL":"1","pV":"1"},{"equipo_id":"9475","grupo":"0","nombre":"CSD Arzúa","nombreCorto":"CSD Arzúa","estadio_id":"834","betsapi":"298286","club_id":"8145","equipacion_id":"728","slug":"CSDArzua","federacion_id":"1047","localidad_id":"2240","provincia_id":"2","comunidad_id":"2","localidad":"Arzúa","provincia":"A Coruña","comunidad":"Galicia","pais_id":"60","es_seleccion":"0","pL":"0","pV":"1"},{"equipo_id":"530","grupo":"0","nombre":"Ourense CF","nombreCorto":"Ourense CF","estadio_id":"460","betsapi":"182088","club_id":"3024","equipacion_id":"3","slug":"Ourense_cf","federacion_id":"3869","localidad_id":"4938","provincia_id":"4","comunidad_id":"2","localidad":"Ourense","provincia":"Ourense","comunidad":"Galicia","pais_id":"60","es_seleccion":"0","pL":"0","pV":"2"},{"equipo_id":"397","grupo":"0","nombre":"Pontevedra CF","nombreCorto":"Pontevedra CF","estadio_id":"534","betsapi":"952","club_id":"4415","equipacion_id":"347","slug":"PontevedraCFSAD","federacion_id":"0","localidad_id":"5240","provincia_id":"5","comunidad_id":"2","localidad":"Pontevedra","provincia":"Pontevedra","comunidad":"Galicia","pais_id":"60","es_seleccion":"0","pL":"0","pV":"1"},{"equipo_id":"51","grupo":"0","nombre":"Racing Club Villalbés","nombreCorto":"RC Villalbés","estadio_id":"530","betsapi":"7167","club_id":"68","equipacion_id":"836","slug":"racingvillalbes","federacion_id":"3109","localidad_id":"4286","provincia_id":"3","comunidad_id":"2","localidad":"Vilalba","provincia":"Lugo","comunidad":"Galicia","pais_id":"60","es_seleccion":"0","pL":"1","pV":"0"},{"equipo_id":"5353","grupo":"0","nombre":"Silva SD","nombreCorto":"Silva SD","estadio_id":"1306","betsapi":"215","club_id":"7259","equipacion_id":"369","slug":"clubsilvasd","federacion_id":"80","localidad_id":"2264","provincia_id":"2","comunidad_id":"2","localidad":"A Coruña","provincia":"A Coruña","comunidad":"Galicia","pais_id":"60","es_seleccion":"0","pL":"0","pV":"1"},{"equipo_id":"12781","grupo":"0","nombre":"UD Ourense","nombreCorto":"UD Ourense","estadio_id":"460","betsapi":"233734","club_id":"8874","equipacion_id":"148","slug":"UDOurense2014","federacion_id":"368255","localidad_id":"4938","provincia_id":"4","comunidad_id":"2","localidad":"Ourense","provincia":"Ourense","comunidad":"Galicia","pais_id":"60","es_seleccion":"0","pL":"1","pV":"0"},{"equipo_id":"12922","grupo":"0","nombre":"UD Paiosaco","nombreCorto":"UD Paiosaco","estadio_id":"930","betsapi":"231911","club_id":"8929","equipacion_id":"852","slug":"udpaiosaco","federacion_id":"733","localidad_id":"2275","provincia_id":"2","comunidad_id":"2","localidad":"A Laracha","provincia":"A Coruña","comunidad":"Galicia","pais_id":"60","es_seleccion":"0","pL":"1","pV":"1"},{"equipo_id":"244","grupo":"0","nombre":"UD Somozas","nombreCorto":"UD Somozas","estadio_id":"144","betsapi":"949","club_id":"4238","equipacion_id":"1339","slug":"ud_somozas","federacion_id":"2217","localidad_id":"2315","provincia_id":"2","comunidad_id":"2","localidad":"As Somozas","provincia":"A Coruña","comunidad":"Galicia","pais_id":"60","es_seleccion":"0","pL":"2","pV":"0"},{"equipo_id":"3105","grupo":"0","nombre":"Viveiro CF","nombreCorto":"Viveiro CF","estadio_id":"928","betsapi":"225537","club_id":"5050","equipacion_id":"84","slug":"viveirocf2015","federacion_id":"3103","localidad_id":"4287","provincia_id":"3","comunidad_id":"2","localidad":"Viveiro","provincia":"Lugo","comunidad":"Galicia","pais_id":"60","es_seleccion":"0","pL":"0","pV":"1"}],"partidos":[{"id":"1130488","partidoAPI":null,"temporada_id":"258","estado_partido":"1","jornada":"48","apuesta_partido":null,"fase":"Cuartos de Final","fecha":"2023-08-09","hora_prevista":"19:30:00","hora_real":"00:00:11","apuesta":null,"clasificado":"1","goles_local":"5","goles_visitante":"0","grupo_id":null,"betsapi":"-1","codigo_acta":"0","local":"Racing Club Villalbés","localCorto":"RC Villalbés","twitterLocal":"racingvillalbes","federacion_id_l":"3109","equipoLocal_id":"51","pais_local":"60","pais_visitante":"60","federacion_id_v":"3103","visitante":"Viveiro CF","visitanteCorto":"Viveiro CF","twitterVisitante":"viveirocf2015","equipoVisitante_id":"3105","observaciones":null,"comentario":"-13","club_local":"68","club_visitante":"5050","estadio":null,"arbitro_id":null,"youtube_id":null,"acta":null,"apuesta_torneo":"0","tipo_torneo":"2","idPais":"60","visible":"5","goles":"0","estadio_id":"530","estadio_nombre":"A Magdalena","estadio_localidad":"Vilalba","tv":null,"nombre_arbitro":null,"ida":null},{"id":"1163321","partidoAPI":null,"temporada_id":"258","estado_partido":"0","jornada":"48","apuesta_partido":null,"fase":"Cuartos de Final","fecha":"2023-08-18","hora_prevista":"00:00:11","hora_real":"00:00:11","apuesta":null,"clasificado":"0","goles_local":"0","goles_visitante":"0","grupo_id":null,"betsapi":"-1","codigo_acta":"0","local":"UD Somozas","localCorto":"UD Somozas","twitterLocal":"ud_somozas","federacion_id_l":"2217","equipoLocal_id":"244","pais_local":"60","pais_visitante":"60","federacion_id_v":"733","visitante":"UD Paiosaco","visitanteCorto":"UD Paiosaco","twitterVisitante":"udpaiosaco","equipoVisitante_id":"12922","observaciones":null,"comentario":null,"club_local":"4238","club_visitante":"8929","estadio":null,"arbitro_id":null,"youtube_id":null,"acta":null,"apuesta_torneo":"0","tipo_torneo":"2","idPais":"60","visible":"5","goles":"0","estadio_id":"144","estadio_nombre":"Alcalde Manuel Candoncia","estadio_localidad":"As Somozas","tv":null,"nombre_arbitro":null,"ida":null},{"id":"1163359","partidoAPI":null,"temporada_id":"258","estado_partido":"0","jornada":"48","apuesta_partido":null,"fase":"Cuartos de Final","fecha":"2023-08-18","hora_prevista":"00:00:11","hora_real":"00:00:11","apuesta":null,"clasificado":"0","goles_local":"0","goles_visitante":"0","grupo_id":null,"betsapi":"-1","codigo_acta":"0","local":"Coruxo FC","localCorto":"Coruxo FC","twitterLocal":"CoruxoFCoficial","federacion_id_l":"4496","equipoLocal_id":"286","pais_local":"60","pais_visitante":"60","federacion_id_v":"0","visitante":"Pontevedra CF","visitanteCorto":"Pontevedra CF","twitterVisitante":"PontevedraCFSAD","equipoVisitante_id":"397","observaciones":null,"comentario":null,"club_local":"4287","club_visitante":"4415","estadio":null,"arbitro_id":null,"youtube_id":null,"acta":null,"apuesta_torneo":"0","tipo_torneo":"2","idPais":"60","visible":"5","goles":"0","estadio_id":"462","estadio_nombre":"O Vao","estadio_localidad":"Vigo","tv":null,"nombre_arbitro":null,"ida":null},{"id":"1163322","partidoAPI":null,"temporada_id":"258","estado_partido":"0","jornada":"48","apuesta_partido":null,"fase":"Cuartos de Final","fecha":"2023-08-20","hora_prevista":"00:00:11","hora_real":"00:00:11","apuesta":null,"clasificado":"0","goles_local":"0","goles_visitante":"0","grupo_id":null,"betsapi":"-1","codigo_acta":"0","local":"CD Estradense","localCorto":"CD Estradense","twitterLocal":"EstradenseCd","federacion_id_l":"4549","equipoLocal_id":"700","pais_local":"60","pais_visitante":"60","federacion_id_v":"3869","visitante":"Ourense CF","visitanteCorto":"Ourense CF","twitterVisitante":"Ourense_cf","equipoVisitante_id":"530","observaciones":null,"comentario":null,"club_local":"4796","club_visitante":"3024","estadio":null,"arbitro_id":null,"youtube_id":null,"acta":null,"apuesta_torneo":"0","tipo_torneo":"2","idPais":"60","visible":"5","goles":"0","estadio_id":"932","estadio_nombre":"Novo Municipal A Estrada","estadio_localidad":"Estrada (A)","tv":null,"nombre_arbitro":null,"ida":null},{"id":"1130487","partidoAPI":null,"temporada_id":"258","estado_partido":"1","jornada":"65","apuesta_partido":null,"fase":"Eliminatoria Previa","fecha":"2023-08-09","hora_prevista":"21:00:00","hora_real":"00:00:11","apuesta":null,"clasificado":"1","goles_local":"2","goles_visitante":"0","grupo_id":null,"betsapi":"7037969","codigo_acta":"0","local":"CD Estradense","localCorto":"CD Estradense","twitterLocal":"EstradenseCd","federacion_id_l":"4549","equipoLocal_id":"700","pais_local":"60","pais_visitante":"60","federacion_id_v":"1047","visitante":"CSD Arzúa","visitanteCorto":"CSD Arzúa","twitterVisitante":"CSDArzua","equipoVisitante_id":"9475","observaciones":null,"comentario":"-0","club_local":"4796","club_visitante":"8145","estadio":null,"arbitro_id":null,"youtube_id":null,"acta":null,"apuesta_torneo":"0","tipo_torneo":"2","idPais":"60","visible":"5","goles":"0","estadio_id":"932","estadio_nombre":"Novo Municipal A Estrada","estadio_localidad":"Estrada (A)","tv":null,"nombre_arbitro":null,"ida":null},{"id":"1130483","partidoAPI":null,"temporada_id":"258","estado_partido":"1","jornada":"65","apuesta_partido":null,"fase":"Eliminatoria Previa","fecha":"2023-08-11","hora_prevista":"20:00:00","hora_real":"00:00:11","apuesta":null,"clasificado":"1","goles_local":"0","goles_visitante":"0","grupo_id":null,"betsapi":"-1","codigo_acta":"0","local":"UD Somozas","localCorto":"UD Somozas","twitterLocal":"ud_somozas","federacion_id_l":"2217","equipoLocal_id":"244","pais_local":"60","pais_visitante":"60","federacion_id_v":"80","visitante":"Silva SD","visitanteCorto":"Silva SD","twitterVisitante":"clubsilvasd","equipoVisitante_id":"5353","observaciones":"Penaltis: 4 (5) - 2 (4)","comentario":"-0","club_local":"4238","club_visitante":"7259","estadio":null,"arbitro_id":null,"youtube_id":null,"acta":null,"apuesta_torneo":"0","tipo_torneo":"2","idPais":"60","visible":"5","goles":"0","estadio_id":"144","estadio_nombre":"Alcalde Manuel Candoncia","estadio_localidad":"As Somozas","tv":null,"nombre_arbitro":null,"ida":null},{"id":"1130484","partidoAPI":null,"temporada_id":"258","estado_partido":"1","jornada":"65","apuesta_partido":null,"fase":"Eliminatoria Previa","fecha":"2023-08-11","hora_prevista":"20:00:00","hora_real":"00:00:11","apuesta":null,"clasificado":"1","goles_local":"3","goles_visitante":"1","grupo_id":null,"betsapi":"-1","codigo_acta":"0","local":"UD Paiosaco","localCorto":"UD Paiosaco","twitterLocal":"udpaiosaco","federacion_id_l":"733","equipoLocal_id":"12922","pais_local":"60","pais_visitante":"60","federacion_id_v":"1805","visitante":"Bergantiños CF","visitanteCorto":"Bergantiños CF","twitterVisitante":"BerganFC","equipoVisitante_id":"607","observaciones":null,"comentario":"-0","club_local":"8929","club_visitante":"4668","estadio":null,"arbitro_id":null,"youtube_id":null,"acta":null,"apuesta_torneo":"0","tipo_torneo":"2","idPais":"60","visible":"5","goles":"0","estadio_id":"930","estadio_nombre":"Porta Santa","estadio_localidad":"A Laracha","tv":null,"nombre_arbitro":null,"ida":null},{"id":"1130486","partidoAPI":null,"temporada_id":"258","estado_partido":"1","jornada":"65","apuesta_partido":null,"fase":"Eliminatoria Previa","fecha":"2023-08-12","hora_prevista":"19:00:00","hora_real":"00:00:11","apuesta":null,"clasificado":"2","goles_local":"1","goles_visitante":"2","grupo_id":null,"betsapi":"-1","codigo_acta":"0","local":"UD Ourense","localCorto":"UD Ourense","twitterLocal":"UDOurense2014","federacion_id_l":"368255","equipoLocal_id":"12781","pais_local":"60","pais_visitante":"60","federacion_id_v":"3869","visitante":"Ourense CF","visitanteCorto":"Ourense CF","twitterVisitante":"Ourense_cf","equipoVisitante_id":"530","observaciones":null,"comentario":"-0","club_local":"8874","club_visitante":"3024","estadio":null,"arbitro_id":null,"youtube_id":null,"acta":null,"apuesta_torneo":"0","tipo_torneo":"2","idPais":"60","visible":"5","goles":"0","estadio_id":"460","estadio_nombre":"O Couto","estadio_localidad":"Ourense","tv":null,"nombre_arbitro":null,"ida":null},{"id":"1130485","partidoAPI":null,"temporada_id":"258","estado_partido":"1","jornada":"65","apuesta_partido":null,"fase":"Eliminatoria Previa","fecha":"2023-08-15","hora_prevista":"20:00:00","hora_real":"00:00:00","apuesta":null,"clasificado":"2","goles_local":"0","goles_visitante":"2","grupo_id":null,"betsapi":"7068839","codigo_acta":"0","local":"Club Rápido de Bouzas","localCorto":"Rápido de Bouzas","twitterLocal":"RapidodeBouzas","federacion_id_l":"4266","equipoLocal_id":"52","pais_local":"60","pais_visitante":"60","federacion_id_v":"4496","visitante":"Coruxo FC","visitanteCorto":"Coruxo FC","twitterVisitante":"CoruxoFCoficial","equipoVisitante_id":"286","observaciones":null,"comentario":"0-90-0-13","club_local":"70","club_visitante":"4287","estadio":null,"arbitro_id":null,"youtube_id":null,"acta":null,"apuesta_torneo":"0","tipo_torneo":"2","idPais":"60","visible":"5","goles":"0","estadio_id":"531","estadio_nombre":"Baltasar Pujales","estadio_localidad":"Vigo","tv":null,"nombre_arbitro":null,"ida":null}],"fichajes":{"id":"38356","nombre":"Daniel Pereiro Borrajo","apodo":"Pereiro","es_fichaje":"1","es_baja":"0","posicion":"2","fecha_nacimiento":"2000-09-13","slug":"Arenteiro","equipoActual_id":"286","equipo":"Coruxo FC","club_id":"4287"},"clasificacion":[]}