{"torneo":{"torneo_id":"352","tipo_torneo":"2","nombre":"COPA RFEF :: Castilla y León","division_id":"7","traduccion":"","sexo":"0","desarrollo":"20","categoria_id":"1","categoria_nombre":"Senior Masculino","visible":"5","categoria_torneo_id":"1","id_original":"337","apifutbol":"0","apiRFEFcompeticion":"0","apiRFEFgrupo":"0","idPais":"60","nombrePais":"España","idComunidad":"9","nombreComunidad":"Castilla y León","jornadas":"0","jornadaActiva":"149","tipoClasificacion":"0","tipoPuntuacion":"0"},"equipos":[{"equipo_id":"652","grupo":"0","nombre":"Atlético Bembibre","nombreCorto":"Atlético Bembibre","estadio_id":"654","betsapi":"932","club_id":"4736","equipacion_id":"631","slug":"AtcoBembibre","federacion_id":"214","localidad_id":"3791","provincia_id":"19","comunidad_id":"9","localidad":"Bembibre","provincia":"León","comunidad":"Castilla y León","pais_id":"60","es_seleccion":"0","pL":"2","pV":"1"},{"equipo_id":"459","grupo":"0","nombre":"CD Numancia de Soria","nombreCorto":"CD Numancia","estadio_id":"448","betsapi":"7013","club_id":"4485","equipacion_id":"148","slug":"cdnumancia","federacion_id":"0","localidad_id":"8079","provincia_id":"22","comunidad_id":"9","localidad":"Soria","provincia":"Soria","comunidad":"Castilla y León","pais_id":"60","es_seleccion":"0","pL":"1","pV":"1"},{"equipo_id":"691","grupo":"0","nombre":"CD Villaralbo","nombreCorto":"CD Villaralbo","estadio_id":"2189","betsapi":"0","club_id":"4782","equipacion_id":"3","slug":"cd_villaralbo","federacion_id":"2126","localidad_id":"7631","provincia_id":"26","comunidad_id":"9","localidad":"Villaralbo","provincia":"Zamora","comunidad":"Castilla y León","pais_id":"60","es_seleccion":"0","pL":"2","pV":"1"},{"equipo_id":"12886","grupo":"0","nombre":"Palencia CF","nombreCorto":"Palencia CF","estadio_id":"694","betsapi":"753393","club_id":"8921","equipacion_id":"829","slug":"palencia_cf","federacion_id":"1568","localidad_id":"5069","provincia_id":"20","comunidad_id":"9","localidad":"Palencia","provincia":"Palencia","comunidad":"Castilla y León","pais_id":"60","es_seleccion":"0","pL":"1","pV":"1"},{"equipo_id":"637","grupo":"0","nombre":"Real Ávila CF","nombreCorto":"Real Ávila CF","estadio_id":"358","betsapi":"1130","club_id":"4709","equipacion_id":"161","slug":"RealAvilaCF","federacion_id":"1683","localidad_id":"474","provincia_id":"24","comunidad_id":"9","localidad":"Ávila","provincia":"Ávila","comunidad":"Castilla y León","pais_id":"60","es_seleccion":"0","pL":"1","pV":"1"},{"equipo_id":"8980","grupo":"0","nombre":"Salamanca CF UDS","nombreCorto":"Salamanca CF UDS","estadio_id":"1907","betsapi":"230438","club_id":"7863","equipacion_id":"375","slug":"SalamancaCFUDS","federacion_id":"0","localidad_id":"5694","provincia_id":"25","comunidad_id":"9","localidad":"Salamanca","provincia":"Salamanca","comunidad":"Castilla y León","pais_id":"60","es_seleccion":"0","pL":"1","pV":"2"},{"equipo_id":"683","grupo":"0","nombre":"UD Santa Marta de Tormes","nombreCorto":"UD Santa Marta","estadio_id":"655","betsapi":"227824","club_id":"4772","equipacion_id":"184","slug":"UDSantaMarta","federacion_id":"1569","localidad_id":"5715","provincia_id":"25","comunidad_id":"9","localidad":"Santa Marta de Tormes","provincia":"Salamanca","comunidad":"Castilla y León","pais_id":"60","es_seleccion":"0","pL":"1","pV":"2"}],"partidos":[{"id":"1141096","partidoAPI":null,"temporada_id":"265","estado_partido":"0","jornada":"149","apuesta_partido":null,"fase":"Semifinales","fecha":"2023-08-12","hora_prevista":"18:30:00","hora_real":"00:00:11","apuesta":null,"clasificado":"0","goles_local":"0","goles_visitante":"0","grupo_id":"15","betsapi":"-1","codigo_acta":"0","local":"CD Numancia de Soria","localCorto":"CD Numancia","twitterLocal":"cdnumancia","federacion_id_l":"0","equipoLocal_id":"459","pais_local":"60","pais_visitante":"60","federacion_id_v":"1568","visitante":"Palencia CF","visitanteCorto":"Palencia CF","twitterVisitante":"palencia_cf","equipoVisitante_id":"12886","observaciones":null,"comentario":"-0","club_local":"4485","club_visitante":"8921","estadio":null,"arbitro_id":null,"youtube_id":null,"acta":null,"apuesta_torneo":"0","tipo_torneo":"2","idPais":"60","visible":"5","goles":"0","estadio_id":"448","estadio_nombre":"Nuevo Los Pajaritos","estadio_localidad":"Soria","tv":null,"nombre_arbitro":null,"ida":null},{"id":"1141097","partidoAPI":null,"temporada_id":"265","estado_partido":"0","jornada":"149","apuesta_partido":null,"fase":"Semifinales","fecha":"2023-08-20","hora_prevista":"00:00:11","hora_real":"00:00:11","apuesta":null,"clasificado":"0","goles_local":"0","goles_visitante":"0","grupo_id":"15","betsapi":"-1","codigo_acta":"0","local":"Real Ávila CF","localCorto":"Real Ávila CF","twitterLocal":"RealAvilaCF","federacion_id_l":"1683","equipoLocal_id":"637","pais_local":"60","pais_visitante":"60","federacion_id_v":"0","visitante":"CD Numancia de Soria","visitanteCorto":"CD Numancia","twitterVisitante":"cdnumancia","equipoVisitante_id":"459","observaciones":null,"comentario":"-0","club_local":"4709","club_visitante":"4485","estadio":null,"arbitro_id":null,"youtube_id":null,"acta":null,"apuesta_torneo":"0","tipo_torneo":"2","idPais":"60","visible":"5","goles":"0","estadio_id":"358","estadio_nombre":"Adolfo Suárez","estadio_localidad":"Ávila","tv":null,"nombre_arbitro":null,"ida":null},{"id":"1141098","partidoAPI":null,"temporada_id":"265","estado_partido":"0","jornada":"149","apuesta_partido":null,"fase":"Semifinales","fecha":"2023-08-27","hora_prevista":"00:00:11","hora_real":"00:00:11","apuesta":null,"clasificado":"0","goles_local":"0","goles_visitante":"0","grupo_id":"15","betsapi":"-1","codigo_acta":"0","local":"Palencia CF","localCorto":"Palencia CF","twitterLocal":"palencia_cf","federacion_id_l":"1568","equipoLocal_id":"12886","pais_local":"60","pais_visitante":"60","federacion_id_v":"1683","visitante":"Real Ávila CF","visitanteCorto":"Real Ávila CF","twitterVisitante":"RealAvilaCF","equipoVisitante_id":"637","observaciones":null,"comentario":"-0","club_local":"8921","club_visitante":"4709","estadio":null,"arbitro_id":null,"youtube_id":null,"acta":null,"apuesta_torneo":"0","tipo_torneo":"2","idPais":"60","visible":"5","goles":"0","estadio_id":"694","estadio_nombre":"El Otero","estadio_localidad":"Palencia","tv":null,"nombre_arbitro":null,"ida":null},{"id":"1141099","partidoAPI":null,"temporada_id":"265","estado_partido":"0","jornada":"149","apuesta_partido":null,"fase":"Semifinales","fecha":"2023-08-13","hora_prevista":"00:00:11","hora_real":"00:00:11","apuesta":null,"clasificado":"0","goles_local":"0","goles_visitante":"0","grupo_id":"16","betsapi":"-1","codigo_acta":"0","local":"CD Villaralbo","localCorto":"CD Villaralbo","twitterLocal":"cd_villaralbo","federacion_id_l":"2126","equipoLocal_id":"691","pais_local":"60","pais_visitante":"60","federacion_id_v":"0","visitante":"Salamanca CF UDS","visitanteCorto":"Salamanca CF UDS","twitterVisitante":"SalamancaCFUDS","equipoVisitante_id":"8980","observaciones":null,"comentario":null,"club_local":"4782","club_visitante":"7863","estadio":null,"arbitro_id":null,"youtube_id":null,"acta":null,"apuesta_torneo":"0","tipo_torneo":"2","idPais":"60","visible":"5","goles":"0","estadio_id":"2189","estadio_nombre":"Los Barreros","estadio_localidad":"Villaralbo","tv":null,"nombre_arbitro":null,"ida":null},{"id":"1161647","partidoAPI":null,"temporada_id":"265","estado_partido":"0","jornada":"149","apuesta_partido":null,"fase":"Semifinales","fecha":"2023-08-13","hora_prevista":"00:00:11","hora_real":"00:00:11","apuesta":null,"clasificado":"0","goles_local":"0","goles_visitante":"0","grupo_id":"16","betsapi":"-1","codigo_acta":"0","local":"Atlético Bembibre","localCorto":"Atlético Bembibre","twitterLocal":"AtcoBembibre","federacion_id_l":"214","equipoLocal_id":"652","pais_local":"60","pais_visitante":"60","federacion_id_v":"1569","visitante":"UD Santa Marta de Tormes","visitanteCorto":"UD Santa Marta","twitterVisitante":"UDSantaMarta","equipoVisitante_id":"683","observaciones":null,"comentario":null,"club_local":"4736","club_visitante":"4772","estadio":null,"arbitro_id":null,"youtube_id":null,"acta":null,"apuesta_torneo":"0","tipo_torneo":"2","idPais":"60","visible":"5","goles":"0","estadio_id":"654","estadio_nombre":"La Devesa","estadio_localidad":"Bembibre","tv":null,"nombre_arbitro":null,"ida":null},{"id":"1141100","partidoAPI":null,"temporada_id":"265","estado_partido":"0","jornada":"149","apuesta_partido":null,"fase":"Semifinales","fecha":"2023-08-20","hora_prevista":"00:00:11","hora_real":"00:00:11","apuesta":null,"clasificado":"0","goles_local":"0","goles_visitante":"0","grupo_id":"16","betsapi":"-1","codigo_acta":"0","local":"Atlético Bembibre","localCorto":"Atlético Bembibre","twitterLocal":"AtcoBembibre","federacion_id_l":"214","equipoLocal_id":"652","pais_local":"60","pais_visitante":"60","federacion_id_v":"2126","visitante":"CD Villaralbo","visitanteCorto":"CD Villaralbo","twitterVisitante":"cd_villaralbo","equipoVisitante_id":"691","observaciones":null,"comentario":null,"club_local":"4736","club_visitante":"4782","estadio":null,"arbitro_id":null,"youtube_id":null,"acta":null,"apuesta_torneo":"0","tipo_torneo":"2","idPais":"60","visible":"5","goles":"0","estadio_id":"654","estadio_nombre":"La Devesa","estadio_localidad":"Bembibre","tv":null,"nombre_arbitro":null,"ida":null},{"id":"1161648","partidoAPI":null,"temporada_id":"265","estado_partido":"0","jornada":"149","apuesta_partido":null,"fase":"Semifinales","fecha":"2023-08-20","hora_prevista":"00:00:11","hora_real":"00:00:11","apuesta":null,"clasificado":"0","goles_local":"0","goles_visitante":"0","grupo_id":"16","betsapi":"-1","codigo_acta":"0","local":"CD Villaralbo","localCorto":"CD Villaralbo","twitterLocal":"cd_villaralbo","federacion_id_l":"2126","equipoLocal_id":"691","pais_local":"60","pais_visitante":"60","federacion_id_v":"1569","visitante":"UD Santa Marta de Tormes","visitanteCorto":"UD Santa Marta","twitterVisitante":"UDSantaMarta","equipoVisitante_id":"683","observaciones":null,"comentario":null,"club_local":"4782","club_visitante":"4772","estadio":null,"arbitro_id":null,"youtube_id":null,"acta":null,"apuesta_torneo":"0","tipo_torneo":"2","idPais":"60","visible":"5","goles":"0","estadio_id":"2189","estadio_nombre":"Los Barreros","estadio_localidad":"Villaralbo","tv":null,"nombre_arbitro":null,"ida":null},{"id":"1141101","partidoAPI":null,"temporada_id":"265","estado_partido":"0","jornada":"149","apuesta_partido":null,"fase":"Semifinales","fecha":"2023-08-27","hora_prevista":"00:00:11","hora_real":"00:00:11","apuesta":null,"clasificado":"0","goles_local":"0","goles_visitante":"0","grupo_id":"16","betsapi":"-1","codigo_acta":"0","local":"Salamanca CF UDS","localCorto":"Salamanca CF UDS","twitterLocal":"SalamancaCFUDS","federacion_id_l":"0","equipoLocal_id":"8980","pais_local":"60","pais_visitante":"60","federacion_id_v":"214","visitante":"Atlético Bembibre","visitanteCorto":"Atlético Bembibre","twitterVisitante":"AtcoBembibre","equipoVisitante_id":"652","observaciones":null,"comentario":null,"club_local":"7863","club_visitante":"4736","estadio":null,"arbitro_id":null,"youtube_id":null,"acta":null,"apuesta_torneo":"0","tipo_torneo":"2","idPais":"60","visible":"5","goles":"0","estadio_id":"1907","estadio_nombre":"El Helmántico","estadio_localidad":"Villares de la Reina","tv":null,"nombre_arbitro":null,"ida":null},{"id":"1161649","partidoAPI":null,"temporada_id":"265","estado_partido":"0","jornada":"149","apuesta_partido":null,"fase":"Semifinales","fecha":"2023-08-27","hora_prevista":"00:00:11","hora_real":"00:00:11","apuesta":null,"clasificado":"0","goles_local":"0","goles_visitante":"0","grupo_id":"16","betsapi":"-1","codigo_acta":"0","local":"UD Santa Marta de Tormes","localCorto":"UD Santa Marta","twitterLocal":"UDSantaMarta","federacion_id_l":"1569","equipoLocal_id":"683","pais_local":"60","pais_visitante":"60","federacion_id_v":"0","visitante":"Salamanca CF UDS","visitanteCorto":"Salamanca CF UDS","twitterVisitante":"SalamancaCFUDS","equipoVisitante_id":"8980","observaciones":null,"comentario":null,"club_local":"4772","club_visitante":"7863","estadio":null,"arbitro_id":null,"youtube_id":null,"acta":null,"apuesta_torneo":"0","tipo_torneo":"2","idPais":"60","visible":"5","goles":"0","estadio_id":"655","estadio_nombre":"Alfonso San Casto","estadio_localidad":"Santa Marta de Tormes","tv":null,"nombre_arbitro":null,"ida":null}],"fichajes":{"id":"41523","nombre":"Petr Kudakovskiy","apodo":"Kudakovskiy","es_fichaje":"1","es_baja":"0","posicion":"1","fecha_nacimiento":"2001-01-25","slug":"Sporting B","equipoActual_id":"459","equipo":"CD Numancia de Soria","club_id":"4485"},"clasificacion":[]}