{"torneo":{"torneo_id":"427","tipo_torneo":"2","nombre":"ICELANDIC BIKAR","division_id":"8","traduccion":"","sexo":"0","desarrollo":"0","categoria_id":"1","categoria_nombre":"Senior Masculino","visible":"5","categoria_torneo_id":"9","id_original":"416","apifutbol":"0","apiRFEFcompeticion":"0","apiRFEFgrupo":"0","idPais":"94","nombrePais":"Islandia","idComunidad":"1","nombreComunidad":"SIN COMUNIDAD","jornadas":"0","jornadaActiva":"148","tipoClasificacion":"0","tipoPuntuacion":"0"},"equipos":[{"equipo_id":"1103","grupo":"0","nombre":"Breidablik UBK","nombreCorto":"Breidablik UBK","estadio_id":null,"betsapi":"44096","club_id":"2164","equipacion_id":null,"slug":"BreidablikFC","federacion_id":"0","localidad_id":"1","provincia_id":"1","comunidad_id":"1","localidad":"Sin localidad","provincia":"sin provincia","comunidad":"SIN COMUNIDAD","pais_id":"94","es_seleccion":"0","pL":"1","pV":"1"},{"equipo_id":"1725","grupo":"0","nombre":"FH Hafnarfjördur","nombreCorto":"FH Hafnarfjördur","estadio_id":null,"betsapi":"1165","club_id":"2751","equipacion_id":null,"slug":"","federacion_id":"0","localidad_id":"1","provincia_id":"1","comunidad_id":"1","localidad":"Sin localidad","provincia":"sin provincia","comunidad":"SIN COMUNIDAD","pais_id":"94","es_seleccion":"0","pL":"0","pV":"1"},{"equipo_id":"4831","grupo":"0","nombre":"KA Akureyri","nombreCorto":"KA Akureyri","estadio_id":null,"betsapi":"6172","club_id":"4407","equipacion_id":null,"slug":"","federacion_id":"0","localidad_id":"1","provincia_id":"1","comunidad_id":"1","localidad":"Sin localidad","provincia":"sin provincia","comunidad":"SIN COMUNIDAD","pais_id":"94","es_seleccion":"0","pL":"2","pV":"0"},{"equipo_id":"2036","grupo":"0","nombre":"KR Reykjavík","nombreCorto":"KR Reykjavík","estadio_id":null,"betsapi":"1351","club_id":"3054","equipacion_id":null,"slug":"KRreykjavik","federacion_id":"0","localidad_id":"1","provincia_id":"1","comunidad_id":"1","localidad":"Sin localidad","provincia":"sin provincia","comunidad":"SIN COMUNIDAD","pais_id":"94","es_seleccion":"0","pL":"1","pV":"1"},{"equipo_id":"2888","grupo":"0","nombre":"Thór Akureyri","nombreCorto":"Thór Akureyri","estadio_id":null,"betsapi":"5945","club_id":"3990","equipacion_id":null,"slug":"","federacion_id":"0","localidad_id":"1","provincia_id":"1","comunidad_id":"1","localidad":"Sin localidad","provincia":"sin provincia","comunidad":"SIN COMUNIDAD","pais_id":"94","es_seleccion":"0","pL":"1","pV":"0"},{"equipo_id":"1863","grupo":"0","nombre":"UMF Grindavík","nombreCorto":"UMF Grindavík","estadio_id":null,"betsapi":"5938","club_id":"2881","equipacion_id":null,"slug":"","federacion_id":"0","localidad_id":"1","provincia_id":"1","comunidad_id":"1","localidad":"Sin localidad","provincia":"sin provincia","comunidad":"SIN COMUNIDAD","pais_id":"94","es_seleccion":"0","pL":"0","pV":"1"},{"equipo_id":"2839","grupo":"0","nombre":"UMF Stjarnan","nombreCorto":"UMF Stjarnan","estadio_id":null,"betsapi":"44202","club_id":"3943","equipacion_id":null,"slug":"FCStjarnan","federacion_id":"0","localidad_id":"1","provincia_id":"1","comunidad_id":"1","localidad":"Sin localidad","provincia":"sin provincia","comunidad":"SIN COMUNIDAD","pais_id":"94","es_seleccion":"0","pL":"0","pV":"1"},{"equipo_id":"3080","grupo":"0","nombre":"Víkingur Reykjavík","nombreCorto":"Víkingur Reykjavík","estadio_id":null,"betsapi":"1189","club_id":"5025","equipacion_id":null,"slug":"vikingurfc","federacion_id":"0","localidad_id":"1","provincia_id":"1","comunidad_id":"1","localidad":"Sin localidad","provincia":"sin provincia","comunidad":"SIN COMUNIDAD","pais_id":"94","es_seleccion":"0","pL":"1","pV":"1"}],"partidos":[{"id":"1121259","partidoAPI":null,"temporada_id":"322","estado_partido":"1","jornada":"48","apuesta_partido":null,"fase":"Cuartos de Final","fecha":"2023-06-05","hora_prevista":"19:30:00","hora_real":"00:00:11","apuesta":null,"clasificado":"2","goles_local":"1","goles_visitante":"2","grupo_id":null,"betsapi":"6674337","codigo_acta":"0","local":"Thór Akureyri","localCorto":"Thór Akureyri","twitterLocal":"","federacion_id_l":"0","equipoLocal_id":"2888","pais_local":"94","pais_visitante":"94","federacion_id_v":"0","visitante":"Víkingur Reykjavík","visitanteCorto":"Víkingur Reykjavík","twitterVisitante":"vikingurfc","equipoVisitante_id":"3080","observaciones":null,"comentario":"-0","club_local":"3990","club_visitante":"5025","estadio":null,"arbitro_id":null,"youtube_id":null,"acta":null,"apuesta_torneo":"0","tipo_torneo":"2","idPais":"94","visible":"5","goles":"0","estadio_id":null,"estadio_nombre":null,"estadio_localidad":null,"tv":null,"nombre_arbitro":null,"ida":null},{"id":"1121260","partidoAPI":null,"temporada_id":"322","estado_partido":"1","jornada":"48","apuesta_partido":null,"fase":"Cuartos de Final","fecha":"2023-06-05","hora_prevista":"22:00:00","hora_real":"00:00:11","apuesta":null,"clasificado":"1","goles_local":"3","goles_visitante":"1","grupo_id":null,"betsapi":"6674709","codigo_acta":"0","local":"Breidablik UBK","localCorto":"Breidablik UBK","twitterLocal":"BreidablikFC","federacion_id_l":"0","equipoLocal_id":"1103","pais_local":"94","pais_visitante":"94","federacion_id_v":"0","visitante":"FH Hafnarfjördur","visitanteCorto":"FH Hafnarfjördur","twitterVisitante":"","equipoVisitante_id":"1725","observaciones":null,"comentario":"-0","club_local":"2164","club_visitante":"2751","estadio":null,"arbitro_id":null,"youtube_id":null,"acta":null,"apuesta_torneo":"0","tipo_torneo":"2","idPais":"94","visible":"5","goles":"0","estadio_id":null,"estadio_nombre":null,"estadio_localidad":null,"tv":null,"nombre_arbitro":null,"ida":null},{"id":"1121261","partidoAPI":null,"temporada_id":"322","estado_partido":"1","jornada":"48","apuesta_partido":null,"fase":"Cuartos de Final","fecha":"2023-06-06","hora_prevista":"19:30:00","hora_real":"00:00:11","apuesta":null,"clasificado":"1","goles_local":"2","goles_visitante":"1","grupo_id":null,"betsapi":"6674708","codigo_acta":"0","local":"KA Akureyri","localCorto":"KA Akureyri","twitterLocal":"","federacion_id_l":"0","equipoLocal_id":"4831","pais_local":"94","pais_visitante":"94","federacion_id_v":"0","visitante":"UMF Grindavík","visitanteCorto":"UMF Grindavík","twitterVisitante":"","equipoVisitante_id":"1863","observaciones":null,"comentario":"-0","club_local":"4407","club_visitante":"2881","estadio":null,"arbitro_id":null,"youtube_id":null,"acta":null,"apuesta_torneo":"0","tipo_torneo":"2","idPais":"94","visible":"5","goles":"0","estadio_id":null,"estadio_nombre":null,"estadio_localidad":null,"tv":null,"nombre_arbitro":null,"ida":null},{"id":"1121262","partidoAPI":null,"temporada_id":"322","estado_partido":"1","jornada":"48","apuesta_partido":null,"fase":"Cuartos de Final","fecha":"2023-06-06","hora_prevista":"22:00:00","hora_real":"00:00:11","apuesta":null,"clasificado":"1","goles_local":"2","goles_visitante":"1","grupo_id":null,"betsapi":"6674710","codigo_acta":"0","local":"KR Reykjavík","localCorto":"KR Reykjavík","twitterLocal":"KRreykjavik","federacion_id_l":"0","equipoLocal_id":"2036","pais_local":"94","pais_visitante":"94","federacion_id_v":"0","visitante":"UMF Stjarnan","visitanteCorto":"UMF Stjarnan","twitterVisitante":"FCStjarnan","equipoVisitante_id":"2839","observaciones":null,"comentario":"-0","club_local":"3054","club_visitante":"3943","estadio":null,"arbitro_id":null,"youtube_id":null,"acta":null,"apuesta_torneo":"0","tipo_torneo":"2","idPais":"94","visible":"5","goles":"0","estadio_id":null,"estadio_nombre":null,"estadio_localidad":null,"tv":null,"nombre_arbitro":null,"ida":null},{"id":"1122807","partidoAPI":null,"temporada_id":"322","estado_partido":"1","jornada":"148","apuesta_partido":null,"fase":"Semifinales","fecha":"2023-07-04","hora_prevista":"19:30:00","hora_real":"00:00:00","apuesta":null,"clasificado":"1","goles_local":"3","goles_visitante":"3","grupo_id":null,"betsapi":"6746910","codigo_acta":"0","local":"KA Akureyri","localCorto":"KA Akureyri","twitterLocal":"","federacion_id_l":"0","equipoLocal_id":"4831","pais_local":"94","pais_visitante":"94","federacion_id_v":"0","visitante":"Breidablik UBK","visitanteCorto":"Breidablik UBK","twitterVisitante":"BreidablikFC","equipoVisitante_id":"1103","observaciones":"Penaltis: 3 (5) - 1 (4)","comentario":"-0","club_local":"4407","club_visitante":"2164","estadio":null,"arbitro_id":null,"youtube_id":null,"acta":null,"apuesta_torneo":"0","tipo_torneo":"2","idPais":"94","visible":"5","goles":"0","estadio_id":null,"estadio_nombre":null,"estadio_localidad":null,"tv":null,"nombre_arbitro":null,"ida":null},{"id":"1163320","partidoAPI":null,"temporada_id":"322","estado_partido":"0","jornada":"148","apuesta_partido":null,"fase":"Semifinales","fecha":"2023-08-16","hora_prevista":"21:30:00","hora_real":"00:00:11","apuesta":null,"clasificado":"0","goles_local":"0","goles_visitante":"0","grupo_id":null,"betsapi":"-1","codigo_acta":"0","local":"Víkingur Reykjavík","localCorto":"Víkingur Reykjavík","twitterLocal":"vikingurfc","federacion_id_l":"0","equipoLocal_id":"3080","pais_local":"94","pais_visitante":"94","federacion_id_v":"0","visitante":"KR Reykjavík","visitanteCorto":"KR Reykjavík","twitterVisitante":"KRreykjavik","equipoVisitante_id":"2036","observaciones":null,"comentario":null,"club_local":"5025","club_visitante":"3054","estadio":null,"arbitro_id":null,"youtube_id":null,"acta":null,"apuesta_torneo":"0","tipo_torneo":"2","idPais":"94","visible":"5","goles":"0","estadio_id":null,"estadio_nombre":null,"estadio_localidad":null,"tv":null,"nombre_arbitro":null,"ida":null}],"fichajes":null,"clasificacion":[]}