{"torneo":{"torneo_id":"350","tipo_torneo":"2","nombre":"COPA RFEF :: Comunitat Valenciana","division_id":"7","traduccion":"","sexo":"0","desarrollo":"20","categoria_id":"1","categoria_nombre":"Senior Masculino","visible":"5","categoria_torneo_id":"1","id_original":"335","apifutbol":"0","apiRFEFcompeticion":"0","apiRFEFgrupo":"0","idPais":"60","nombrePais":"España","idComunidad":"7","nombreComunidad":"Comunitat Valenciana","jornadas":"0","jornadaActiva":"95","tipoClasificacion":"0","tipoPuntuacion":"0"},"equipos":[{"equipo_id":"705","grupo":"0","nombre":"Atlético Saguntino","nombreCorto":"Atlético Saguntino","estadio_id":"619","betsapi":"3850","club_id":"4803","equipacion_id":"148","slug":"AtcoSaguntino","federacion_id":"3944","localidad_id":"7013","provincia_id":"16","comunidad_id":"7","localidad":"Sagunt","provincia":"Valencia","comunidad":"Comunitat Valenciana","pais_id":"60","es_seleccion":"0","pL":"1","pV":"2"},{"equipo_id":"15159","grupo":"0","nombre":"CF Intercity","nombreCorto":"CF Intercity","estadio_id":"2045","betsapi":"292928","club_id":"9747","equipacion_id":"882","slug":"CFIntercity","federacion_id":"6757","localidad_id":"154","provincia_id":"17","comunidad_id":"7","localidad":"Alacant","provincia":"Alicante","comunidad":"Comunitat Valenciana","pais_id":"60","es_seleccion":"0","pL":"0","pV":"0"},{"equipo_id":"38625","grupo":"0","nombre":"Patacona CF","nombreCorto":"Patacona CF","estadio_id":"2097","betsapi":"753392","club_id":"9762","equipacion_id":"1013","slug":"patacona_cf","federacion_id":"7344","localidad_id":"6804","provincia_id":"16","comunidad_id":"7","localidad":"Alboraia","provincia":"Valencia","comunidad":"Comunitat Valenciana","pais_id":"60","es_seleccion":"0","pL":"2","pV":"1"},{"equipo_id":"6896","grupo":"0","nombre":"Silla CF","nombreCorto":"Silla CF","estadio_id":"1082","betsapi":"122","club_id":"5604","equipacion_id":"371","slug":"SillaCF","federacion_id":"7326","localidad_id":"7024","provincia_id":"16","comunidad_id":"7","localidad":"Silla","provincia":"Valencia","comunidad":"Comunitat Valenciana","pais_id":"60","es_seleccion":"0","pL":"2","pV":"1"},{"equipo_id":"3309","grupo":"0","nombre":"UD Rayo Ibense","nombreCorto":"UD Rayo Ibense","estadio_id":"324","betsapi":"7174","club_id":"6003","equipacion_id":"148","slug":"UDRayoIbense","federacion_id":"10130","localidad_id":"219","provincia_id":"17","comunidad_id":"7","localidad":"Ibi","provincia":"Alicante","comunidad":"Comunitat Valenciana","pais_id":"60","es_seleccion":"0","pL":"1","pV":"2"}],"partidos":[{"id":"1144306","partidoAPI":null,"temporada_id":"263","estado_partido":"1","jornada":"95","apuesta_partido":null,"fase":"Liguilla ","fecha":"2023-08-05","hora_prevista":"19:00:00","hora_real":"00:00:11","apuesta":null,"clasificado":"0","goles_local":"1","goles_visitante":"0","grupo_id":"30","betsapi":"-1","codigo_acta":"0","local":"Silla CF","localCorto":"Silla CF","twitterLocal":"SillaCF","federacion_id_l":"7326","equipoLocal_id":"6896","pais_local":"60","pais_visitante":"60","federacion_id_v":"3944","visitante":"Atlético Saguntino","visitanteCorto":"Atlético Saguntino","twitterVisitante":"AtcoSaguntino","equipoVisitante_id":"705","observaciones":null,"comentario":"-0","club_local":"5604","club_visitante":"4803","estadio":null,"arbitro_id":null,"youtube_id":null,"acta":null,"apuesta_torneo":"0","tipo_torneo":"2","idPais":"60","visible":"5","goles":"0","estadio_id":"1082","estadio_nombre":"Vicente Morera","estadio_localidad":"Silla","tv":null,"nombre_arbitro":null,"ida":null},{"id":"1144305","partidoAPI":null,"temporada_id":"263","estado_partido":"1","jornada":"95","apuesta_partido":null,"fase":"Liguilla ","fecha":"2023-08-06","hora_prevista":"19:00:00","hora_real":"00:00:11","apuesta":null,"clasificado":"0","goles_local":"0","goles_visitante":"1","grupo_id":"30","betsapi":"-1","codigo_acta":"0","local":"UD Rayo Ibense","localCorto":"UD Rayo Ibense","twitterLocal":"UDRayoIbense","federacion_id_l":"10130","equipoLocal_id":"3309","pais_local":"60","pais_visitante":"60","federacion_id_v":"7344","visitante":"Patacona CF","visitanteCorto":"Patacona CF","twitterVisitante":"patacona_cf","equipoVisitante_id":"38625","observaciones":null,"comentario":"-0","club_local":"6003","club_visitante":"9762","estadio":null,"arbitro_id":null,"youtube_id":null,"acta":null,"apuesta_torneo":"0","tipo_torneo":"2","idPais":"60","visible":"5","goles":"0","estadio_id":"324","estadio_nombre":"Francisco Vilaplana Mariel","estadio_localidad":"Ibi","tv":null,"nombre_arbitro":null,"ida":null},{"id":"1144307","partidoAPI":null,"temporada_id":"263","estado_partido":"1","jornada":"95","apuesta_partido":null,"fase":"Liguilla ","fecha":"2023-08-09","hora_prevista":"19:00:00","hora_real":"00:00:11","apuesta":null,"clasificado":"0","goles_local":"2","goles_visitante":"0","grupo_id":"30","betsapi":"-1","codigo_acta":"0","local":"Atlético Saguntino","localCorto":"Atlético Saguntino","twitterLocal":"AtcoSaguntino","federacion_id_l":"3944","equipoLocal_id":"705","pais_local":"60","pais_visitante":"60","federacion_id_v":"10130","visitante":"UD Rayo Ibense","visitanteCorto":"UD Rayo Ibense","twitterVisitante":"UDRayoIbense","equipoVisitante_id":"3309","observaciones":null,"comentario":"-0","club_local":"4803","club_visitante":"6003","estadio":null,"arbitro_id":null,"youtube_id":null,"acta":null,"apuesta_torneo":"0","tipo_torneo":"2","idPais":"60","visible":"5","goles":"0","estadio_id":"619","estadio_nombre":"Camp Nou de Morvedre","estadio_localidad":"Sagunt","tv":null,"nombre_arbitro":null,"ida":null},{"id":"1144309","partidoAPI":null,"temporada_id":"263","estado_partido":"0","jornada":"95","apuesta_partido":null,"fase":"Liguilla ","fecha":"2023-08-12","hora_prevista":"19:30:00","hora_real":"00:00:11","apuesta":null,"clasificado":"0","goles_local":"0","goles_visitante":"0","grupo_id":"30","betsapi":"-1","codigo_acta":"0","local":"Patacona CF","localCorto":"Patacona CF","twitterLocal":"patacona_cf","federacion_id_l":"7344","equipoLocal_id":"38625","pais_local":"60","pais_visitante":"60","federacion_id_v":"3944","visitante":"Atlético Saguntino","visitanteCorto":"Atlético Saguntino","twitterVisitante":"AtcoSaguntino","equipoVisitante_id":"705","observaciones":null,"comentario":"-0","club_local":"9762","club_visitante":"4803","estadio":null,"arbitro_id":null,"youtube_id":null,"acta":null,"apuesta_torneo":"0","tipo_torneo":"2","idPais":"60","visible":"5","goles":"0","estadio_id":"2097","estadio_nombre":"Municipal de la Patacona","estadio_localidad":"Alboraia","tv":null,"nombre_arbitro":null,"ida":null},{"id":"1144312","partidoAPI":null,"temporada_id":"263","estado_partido":"0","jornada":"95","apuesta_partido":null,"fase":"Liguilla ","fecha":"2023-08-16","hora_prevista":"00:00:11","hora_real":"00:00:11","apuesta":null,"clasificado":"0","goles_local":"0","goles_visitante":"0","grupo_id":"30","betsapi":"-1","codigo_acta":"0","local":"Silla CF","localCorto":"Silla CF","twitterLocal":"SillaCF","federacion_id_l":"7326","equipoLocal_id":"6896","pais_local":"60","pais_visitante":"60","federacion_id_v":"10130","visitante":"UD Rayo Ibense","visitanteCorto":"UD Rayo Ibense","twitterVisitante":"UDRayoIbense","equipoVisitante_id":"3309","observaciones":null,"comentario":"-0","club_local":"5604","club_visitante":"6003","estadio":null,"arbitro_id":null,"youtube_id":null,"acta":null,"apuesta_torneo":"0","tipo_torneo":"2","idPais":"60","visible":"5","goles":"0","estadio_id":"1082","estadio_nombre":"Vicente Morera","estadio_localidad":"Silla","tv":null,"nombre_arbitro":null,"ida":null},{"id":"1144314","partidoAPI":null,"temporada_id":"263","estado_partido":"0","jornada":"95","apuesta_partido":null,"fase":"Liguilla ","fecha":"2023-08-20","hora_prevista":"00:00:11","hora_real":"00:00:11","apuesta":null,"clasificado":"0","goles_local":"0","goles_visitante":"0","grupo_id":"30","betsapi":"-1","codigo_acta":"0","local":"Patacona CF","localCorto":"Patacona CF","twitterLocal":"patacona_cf","federacion_id_l":"7344","equipoLocal_id":"38625","pais_local":"60","pais_visitante":"60","federacion_id_v":"7326","visitante":"Silla CF","visitanteCorto":"Silla CF","twitterVisitante":"SillaCF","equipoVisitante_id":"6896","observaciones":null,"comentario":"-0","club_local":"9762","club_visitante":"5604","estadio":null,"arbitro_id":null,"youtube_id":null,"acta":null,"apuesta_torneo":"0","tipo_torneo":"2","idPais":"60","visible":"5","goles":"0","estadio_id":"2097","estadio_nombre":"Municipal de la Patacona","estadio_localidad":"Alboraia","tv":null,"nombre_arbitro":null,"ida":null}],"fichajes":{"id":"41405","nombre":"José Ortega Vicente","apodo":"Ortega","es_fichaje":"1","es_baja":"0","posicion":"1","fecha_nacimiento":null,"slug":"Arenas Club","equipoActual_id":"705","equipo":"Atlético Saguntino","club_id":"4803"},"clasificacion":[]}