{"torneo":{"torneo_id":"261","tipo_torneo":"2","nombre":"LIGA EUROPA DE LA UEFA ","division_id":"8","traduccion":"","sexo":"0","desarrollo":"2","categoria_id":"1","categoria_nombre":"Senior Masculino","visible":"5","categoria_torneo_id":"3","id_original":"190","apifutbol":"10001","apiRFEFcompeticion":"0","apiRFEFgrupo":"0","idPais":"199","nombrePais":"UEFA","idComunidad":"1","nombreComunidad":"SIN COMUNIDAD","jornadas":"0","jornadaActiva":"166","tipoClasificacion":"0","tipoPuntuacion":"0"},"equipos":[{"equipo_id":"764","grupo":"0","nombre":"Aberdeen FC","nombreCorto":"Aberdeen FC","estadio_id":null,"betsapi":"17438","club_id":"4859","equipacion_id":null,"slug":"AberdeenFC","federacion_id":"0","localidad_id":"1","provincia_id":"1","comunidad_id":"1","localidad":"Sin localidad","provincia":"sin provincia","comunidad":"SIN COMUNIDAD","pais_id":"57","es_seleccion":"0","pL":"0","pV":"0"},{"equipo_id":"769","grupo":"0","nombre":"AC Sparta Praha","nombreCorto":"AC Sparta Praha","estadio_id":null,"betsapi":"765","club_id":"4864","equipacion_id":null,"slug":"ACSparta_CZ","federacion_id":"0","localidad_id":"1","provincia_id":"1","comunidad_id":"1","localidad":"Sin localidad","provincia":"sin provincia","comunidad":"SIN COMUNIDAD","pais_id":"41","es_seleccion":"0","pL":"0","pV":"0"},{"equipo_id":"789","grupo":"0","nombre":"AFC Ajax","nombreCorto":"AFC Ajax","estadio_id":null,"betsapi":"344","club_id":"4883","equipacion_id":null,"slug":"AFCAjax","federacion_id":"0","localidad_id":"1","provincia_id":"1","comunidad_id":"1","localidad":"Sin localidad","provincia":"sin provincia","comunidad":"SIN COMUNIDAD","pais_id":"84","es_seleccion":"0","pL":"0","pV":"0"},{"equipo_id":"898","grupo":"0","nombre":"Aris Limassol FC","nombreCorto":"Aris Limassol FC","estadio_id":null,"betsapi":"44099","club_id":"1964","equipacion_id":null,"slug":"","federacion_id":"0","localidad_id":"1","provincia_id":"1","comunidad_id":"1","localidad":"Sin localidad","provincia":"sin provincia","comunidad":"SIN COMUNIDAD","pais_id":"45","es_seleccion":"0","pL":"0","pV":"0"},{"equipo_id":"1073","grupo":"0","nombre":"BK Häcken","nombreCorto":"BK Häcken","estadio_id":null,"betsapi":"357","club_id":"2132","equipacion_id":null,"slug":"bkhackenofcl","federacion_id":"0","localidad_id":"1","provincia_id":"1","comunidad_id":"1","localidad":"Sin localidad","provincia":"sin provincia","comunidad":"SIN COMUNIDAD","pais_id":"176","es_seleccion":"0","pL":"1","pV":"1"},{"equipo_id":"1103","grupo":"0","nombre":"Breidablik UBK","nombreCorto":"Breidablik UBK","estadio_id":null,"betsapi":"44096","club_id":"2164","equipacion_id":null,"slug":"BreidablikFC","federacion_id":"0","localidad_id":"1","provincia_id":"1","comunidad_id":"1","localidad":"Sin localidad","provincia":"sin provincia","comunidad":"SIN COMUNIDAD","pais_id":"94","es_seleccion":"0","pL":"1","pV":"1"},{"equipo_id":"1593","grupo":"0","nombre":"FC Astana","nombreCorto":"FC Astana","estadio_id":null,"betsapi":"10292","club_id":"2621","equipacion_id":null,"slug":"fc_astana","federacion_id":"0","localidad_id":"1","provincia_id":"1","comunidad_id":"1","localidad":"Sin localidad","provincia":"sin provincia","comunidad":"SIN COMUNIDAD","pais_id":"104","es_seleccion":"0","pL":"1","pV":"1"},{"equipo_id":"1600","grupo":"0","nombre":"FC BATE Borisov","nombreCorto":"FC BATE Borisov","estadio_id":null,"betsapi":"1070","club_id":"2628","equipacion_id":null,"slug":"FCBATE","federacion_id":"0","localidad_id":"1","provincia_id":"1","comunidad_id":"1","localidad":"Sin localidad","provincia":"sin provincia","comunidad":"SIN COMUNIDAD","pais_id":"25","es_seleccion":"0","pL":"1","pV":"1"},{"equipo_id":"7190","grupo":"0","nombre":"FC Lugano","nombreCorto":"FC Lugano","estadio_id":null,"betsapi":"4828","club_id":"5777","equipacion_id":null,"slug":"FCLugano1908","federacion_id":"0","localidad_id":"1","provincia_id":"1","comunidad_id":"1","localidad":"Sin localidad","provincia":"sin provincia","comunidad":"SIN COMUNIDAD","pais_id":"177","es_seleccion":"0","pL":"0","pV":"0"},{"equipo_id":"1680","grupo":"0","nombre":"FC Sheriff Tiraspol","nombreCorto":"FC Sheriff","estadio_id":null,"betsapi":"48542","club_id":"2707","equipacion_id":null,"slug":"FCSheriFF","federacion_id":"0","localidad_id":"1","provincia_id":"1","comunidad_id":"1","localidad":"Sin localidad","provincia":"sin provincia","comunidad":"SIN COMUNIDAD","pais_id":"129","es_seleccion":"0","pL":"1","pV":"1"},{"equipo_id":"1713","grupo":"0","nombre":"FC Zorya Luhansk","nombreCorto":"FC Zorya Luhansk","estadio_id":null,"betsapi":"289320","club_id":"2740","equipacion_id":null,"slug":"FCZoryaOfficial","federacion_id":"0","localidad_id":"1","provincia_id":"1","comunidad_id":"1","localidad":"Sin localidad","provincia":"sin provincia","comunidad":"SIN COMUNIDAD","pais_id":"189","es_seleccion":"0","pL":"0","pV":"0"},{"equipo_id":"1430","grupo":"0","nombre":"FK Cukaricki","nombreCorto":"FK Cukaricki","estadio_id":null,"betsapi":"25204","club_id":"2463","equipacion_id":null,"slug":"","federacion_id":"0","localidad_id":"1","provincia_id":"1","comunidad_id":"1","localidad":"Sin localidad","provincia":"sin provincia","comunidad":"SIN COMUNIDAD","pais_id":"167","es_seleccion":"0","pL":"0","pV":"0"},{"equipo_id":"9180","grupo":"0","nombre":"FK TSC Backa Topola","nombreCorto":"TSC Backa Topola","estadio_id":null,"betsapi":"175110","club_id":"7896","equipacion_id":null,"slug":"","federacion_id":"0","localidad_id":"1","provincia_id":"1","comunidad_id":"1","localidad":"Sin localidad","provincia":"sin provincia","comunidad":"SIN COMUNIDAD","pais_id":"167","es_seleccion":"0","pL":"0","pV":"0"},{"equipo_id":"3135","grupo":"0","nombre":"FK Zalgiris Vilnius","nombreCorto":"FK Zalgiris Vilnius","estadio_id":null,"betsapi":"856","club_id":"5081","equipacion_id":null,"slug":"fkzalgiris","federacion_id":"0","localidad_id":"1","provincia_id":"1","comunidad_id":"1","localidad":"Sin localidad","provincia":"sin provincia","comunidad":"SIN COMUNIDAD","pais_id":"115","es_seleccion":"0","pL":"1","pV":"1"},{"equipo_id":"2315","grupo":"0","nombre":"GNK Dinamo Zagreb","nombreCorto":"GNK Dinamo Zagreb","estadio_id":null,"betsapi":"1293","club_id":"3325","equipacion_id":null,"slug":"gnkdinamo","federacion_id":"0","localidad_id":"1","provincia_id":"1","comunidad_id":"1","localidad":"Sin localidad","provincia":"sin provincia","comunidad":"SIN COMUNIDAD","pais_id":"49","es_seleccion":"0","pL":"0","pV":"0"},{"equipo_id":"1917","grupo":"0","nombre":"HJK Helsinki","nombreCorto":"HJK Helsinki","estadio_id":null,"betsapi":"828","club_id":"2933","equipacion_id":null,"slug":"hjkhelsinki","federacion_id":"0","localidad_id":"1","provincia_id":"1","comunidad_id":"1","localidad":"Sin localidad","provincia":"sin provincia","comunidad":"SIN COMUNIDAD","pais_id":"65","es_seleccion":"0","pL":"1","pV":"1"},{"equipo_id":"3147","grupo":"0","nombre":"HSK Zrinjski","nombreCorto":"HSK Zrinjski","estadio_id":null,"betsapi":"25377","club_id":"5090","equipacion_id":null,"slug":"hsk.zrinjski","federacion_id":"0","localidad_id":"1","provincia_id":"1","comunidad_id":"1","localidad":"Sin localidad","provincia":"sin provincia","comunidad":"SIN COMUNIDAD","pais_id":"28","es_seleccion":"0","pL":"1","pV":"1"},{"equipo_id":"2024","grupo":"0","nombre":"KÍ Klaksvík","nombreCorto":"KÍ Klaksvík","estadio_id":null,"betsapi":"160122","club_id":"3042","equipacion_id":null,"slug":"klaksvikaritrottarfelag","federacion_id":"0","localidad_id":"1","provincia_id":"1","comunidad_id":"1","localidad":"Sin localidad","provincia":"sin provincia","comunidad":"SIN COMUNIDAD","pais_id":"204","es_seleccion":"0","pL":"0","pV":"0"},{"equipo_id":"2037","grupo":"0","nombre":"KRC Genk","nombreCorto":"KRC Genk","estadio_id":null,"betsapi":"1156","club_id":"3055","equipacion_id":null,"slug":"KRCGenkofficial","federacion_id":"0","localidad_id":"1","provincia_id":"1","comunidad_id":"1","localidad":"Sin localidad","provincia":"sin provincia","comunidad":"SIN COMUNIDAD","pais_id":"22","es_seleccion":"0","pL":"1","pV":"1"},{"equipo_id":"2100","grupo":"0","nombre":"LASK","nombreCorto":"LASK","estadio_id":null,"betsapi":"9946","club_id":"3123","equipacion_id":null,"slug":"LASKOfficial","federacion_id":"0","localidad_id":"1","provincia_id":"1","comunidad_id":"1","localidad":"Sin localidad","provincia":"sin provincia","comunidad":"SIN COMUNIDAD","pais_id":"16","es_seleccion":"0","pL":"0","pV":"0"},{"equipo_id":"2324","grupo":"0","nombre":"NK Olimpija Ljubljana","nombreCorto":"Olimpija Ljubljana","estadio_id":null,"betsapi":"5847","club_id":"3334","equipacion_id":null,"slug":"nkolimpija","federacion_id":"0","localidad_id":"1","provincia_id":"1","comunidad_id":"1","localidad":"Sin localidad","provincia":"sin provincia","comunidad":"SIN COMUNIDAD","pais_id":"59","es_seleccion":"0","pL":"0","pV":"0"},{"equipo_id":"2380","grupo":"0","nombre":"Olympiacos FC","nombreCorto":"Olympiacos FC","estadio_id":null,"betsapi":"44132","club_id":"3388","equipacion_id":null,"slug":"olympiacos_org","federacion_id":"0","localidad_id":"1","provincia_id":"1","comunidad_id":"1","localidad":"Sin localidad","provincia":"sin provincia","comunidad":"SIN COMUNIDAD","pais_id":"74","es_seleccion":"0","pL":"1","pV":"1"},{"equipo_id":"2384","grupo":"0","nombre":"Olympique de Marseille","nombreCorto":"Olympique Marseille","estadio_id":null,"betsapi":"44166","club_id":"3392","equipacion_id":"369","slug":"OM_Officiel","federacion_id":"0","localidad_id":"1","provincia_id":"1","comunidad_id":"1","localidad":"Sin localidad","provincia":"sin provincia","comunidad":"SIN COMUNIDAD","pais_id":"67","es_seleccion":"0","pL":"0","pV":"0"},{"equipo_id":"3201","grupo":"0","nombre":"PFC Ludogorets 1945","nombreCorto":"PFC Ludogorets 1945","estadio_id":null,"betsapi":"1215","club_id":"5401","equipacion_id":null,"slug":"Ludogorets1945","federacion_id":"0","localidad_id":"1","provincia_id":"1","comunidad_id":"1","localidad":"Sin localidad","provincia":"sin provincia","comunidad":"SIN COMUNIDAD","pais_id":"32","es_seleccion":"0","pL":"1","pV":"1"},{"equipo_id":"2518","grupo":"0","nombre":"Qarabag FK","nombreCorto":"Qarabag FK","estadio_id":null,"betsapi":"9694","club_id":"3521","equipacion_id":null,"slug":"FKQarabagh","federacion_id":"0","localidad_id":"1","provincia_id":"1","comunidad_id":"1","localidad":"Sin localidad","provincia":"sin provincia","comunidad":"SIN COMUNIDAD","pais_id":"17","es_seleccion":"0","pL":"1","pV":"1"},{"equipo_id":"6990","grupo":"0","nombre":"RU Saint-Gilloise","nombreCorto":"RU Saint-Gilloise","estadio_id":null,"betsapi":"7039","club_id":"5699","equipacion_id":null,"slug":"UnionStGilloise","federacion_id":"0","localidad_id":"1","provincia_id":"1","comunidad_id":"1","localidad":"Sin localidad","provincia":"sin provincia","comunidad":"SIN COMUNIDAD","pais_id":"22","es_seleccion":"0","pL":"0","pV":"0"},{"equipo_id":"40623","grupo":"0","nombre":"SC Dnipro-1","nombreCorto":"SC Dnipro-1","estadio_id":null,"betsapi":"181037","club_id":"17332","equipacion_id":null,"slug":"","federacion_id":"0","localidad_id":"1","provincia_id":"1","comunidad_id":"1","localidad":"Sin localidad","provincia":"sin provincia","comunidad":"SIN COMUNIDAD","pais_id":"189","es_seleccion":"0","pL":"1","pV":"1"},{"equipo_id":"2751","grupo":"0","nombre":"Servette FC","nombreCorto":"Servette FC","estadio_id":null,"betsapi":"371","club_id":"3856","equipacion_id":null,"slug":"servettefc","federacion_id":"0","localidad_id":"1","provincia_id":"1","comunidad_id":"1","localidad":"Sin localidad","provincia":"sin provincia","comunidad":"SIN COMUNIDAD","pais_id":"177","es_seleccion":"0","pL":"0","pV":"0"},{"equipo_id":"2777","grupo":"0","nombre":"SK Slavia Praha","nombreCorto":"SK Slavia Praha","estadio_id":null,"betsapi":"1137","club_id":"3880","equipacion_id":null,"slug":"slaviaofficial","federacion_id":"0","localidad_id":"1","provincia_id":"1","comunidad_id":"1","localidad":"Sin localidad","provincia":"sin provincia","comunidad":"SIN COMUNIDAD","pais_id":"41","es_seleccion":"0","pL":"1","pV":"1"},{"equipo_id":"2778","grupo":"0","nombre":"SK Slovan Bratislava","nombreCorto":"SK Slovan Bratislava","estadio_id":null,"betsapi":"25086","club_id":"3881","equipacion_id":null,"slug":"SKSlovan","federacion_id":"0","localidad_id":"1","provincia_id":"1","comunidad_id":"1","localidad":"Sin localidad","provincia":"sin provincia","comunidad":"SIN COMUNIDAD","pais_id":"58","es_seleccion":"0","pL":"0","pV":"0"},{"equipo_id":"2779","grupo":"0","nombre":"SK Sturm Graz","nombreCorto":"SK Sturm Graz","estadio_id":null,"betsapi":"5797","club_id":"3882","equipacion_id":null,"slug":"SKSturm","federacion_id":"0","localidad_id":"1","provincia_id":"1","comunidad_id":"1","localidad":"Sin localidad","provincia":"sin provincia","comunidad":"SIN COMUNIDAD","pais_id":"16","es_seleccion":"0","pL":"0","pV":"0"}],"partidos":[{"id":"1155891","partidoAPI":null,"temporada_id":"184","estado_partido":"1","jornada":"165","apuesta_partido":null,"fase":"Tercera Eliminatoria - Ida","fecha":"2023-08-08","hora_prevista":"16:00:00","hora_real":"00:00:11","apuesta":null,"clasificado":"0","goles_local":"2","goles_visitante":"1","grupo_id":null,"betsapi":"7013371","codigo_acta":"0","local":"FC Astana","localCorto":"FC Astana","twitterLocal":"fc_astana","federacion_id_l":"0","equipoLocal_id":"1593","pais_local":"104","pais_visitante":"32","federacion_id_v":"0","visitante":"PFC Ludogorets 1945","visitanteCorto":"PFC Ludogorets 1945","twitterVisitante":"Ludogorets1945","equipoVisitante_id":"3201","observaciones":"*A 40´ - Tomasevic, <b>1<\/b>-1<br \/>53´ - Marochkin, <b>2<\/b>-1<br \/>*B 0-<b>1<\/b>, Sonko-Sundberg - 34´<br \/>","comentario":"-0","club_local":"2621","club_visitante":"5401","estadio":null,"arbitro_id":null,"youtube_id":null,"acta":null,"apuesta_torneo":"18253","tipo_torneo":"2","idPais":"199","visible":"5","goles":"0","estadio_id":null,"estadio_nombre":null,"estadio_localidad":null,"tv":null,"nombre_arbitro":null,"ida":"5,1,166,2023-08-17,1155892,2"},{"id":"1155883","partidoAPI":null,"temporada_id":"184","estado_partido":"1","jornada":"165","apuesta_partido":null,"fase":"Tercera Eliminatoria - Ida","fecha":"2023-08-10","hora_prevista":"18:00:00","hora_real":"00:00:00","apuesta":null,"clasificado":"0","goles_local":"1","goles_visitante":"3","grupo_id":null,"betsapi":"7013379","codigo_acta":"0","local":"FK Zalgiris Vilnius","localCorto":"FK Zalgiris Vilnius","twitterLocal":"fkzalgiris","federacion_id_l":"0","equipoLocal_id":"3135","pais_local":"115","pais_visitante":"176","federacion_id_v":"0","visitante":"BK Häcken","visitanteCorto":"BK Häcken","twitterVisitante":"bkhackenofcl","equipoVisitante_id":"1073","observaciones":"*A 85´ - Hnid, <b>1<\/b>-3<br \/>*B 0-<b>1<\/b>, Hrstic - 38´<br \/>0-<b>2<\/b>, Hrstic - 48´<br \/>0-<b>3<\/b>, Rygaard - 70´<br \/>","comentario":"0-90-0-13","club_local":"5081","club_visitante":"2132","estadio":null,"arbitro_id":null,"youtube_id":null,"acta":null,"apuesta_torneo":"18253","tipo_torneo":"2","idPais":"199","visible":"5","goles":"0","estadio_id":null,"estadio_nombre":null,"estadio_localidad":null,"tv":null,"nombre_arbitro":null,"ida":"5,0,166,2023-08-17,1155884,2"},{"id":"1155885","partidoAPI":null,"temporada_id":"184","estado_partido":"1","jornada":"165","apuesta_partido":null,"fase":"Tercera Eliminatoria - Ida","fecha":"2023-08-10","hora_prevista":"18:00:00","hora_real":"00:00:00","apuesta":null,"clasificado":"0","goles_local":"2","goles_visitante":"1","grupo_id":null,"betsapi":"7013433","codigo_acta":"0","local":"Qarabag FK","localCorto":"Qarabag FK","twitterLocal":"FKQarabagh","federacion_id_l":"0","equipoLocal_id":"2518","pais_local":"17","pais_visitante":"65","federacion_id_v":"0","visitante":"HJK Helsinki","visitanteCorto":"HJK Helsinki","twitterVisitante":"hjkhelsinki","equipoVisitante_id":"1917","observaciones":"*A 55´ - Andrade, <b>1<\/b>-0<br \/>85´ - Juninho, <b>2<\/b>-1<br \/>*B 1-<b>1<\/b>, Olusanya - 77´<br \/>","comentario":"0-90-0-13","club_local":"3521","club_visitante":"2933","estadio":null,"arbitro_id":null,"youtube_id":null,"acta":null,"apuesta_torneo":"18253","tipo_torneo":"2","idPais":"199","visible":"5","goles":"0","estadio_id":null,"estadio_nombre":null,"estadio_localidad":null,"tv":null,"nombre_arbitro":null,"ida":"1,2,166,2023-08-17,1155886,2"},{"id":"1155889","partidoAPI":null,"temporada_id":"184","estado_partido":"1","jornada":"165","apuesta_partido":null,"fase":"Tercera Eliminatoria - Ida","fecha":"2023-08-10","hora_prevista":"19:00:00","hora_real":"00:00:00","apuesta":null,"clasificado":"0","goles_local":"5","goles_visitante":"1","grupo_id":null,"betsapi":"7013528","codigo_acta":"0","local":"FC Sheriff Tiraspol","localCorto":"FC Sheriff","twitterLocal":"FCSheriFF","federacion_id_l":"0","equipoLocal_id":"1680","pais_local":"129","pais_visitante":"25","federacion_id_v":"0","visitante":"FC BATE Borisov","visitanteCorto":"FC BATE Borisov","twitterVisitante":"FCBATE","equipoVisitante_id":"1600","observaciones":"*A 12´ - Ankeye, <b>1<\/b>-0<br \/>32´ - Badolo, <b>2<\/b>-0<br \/>47´ - Ankeye, <b>3<\/b>-0<br \/>90+3´ - Yansané, <b>4<\/b>-1<br \/>90+8´ - Yansané, <b>5<\/b>-1<br \/>*B 3-<b>1<\/b>, Bane - 50´<br \/>","comentario":"0-90-0-13","club_local":"2707","club_visitante":"2628","estadio":null,"arbitro_id":null,"youtube_id":null,"acta":null,"apuesta_torneo":"18253","tipo_torneo":"2","idPais":"199","visible":"5","goles":"0","estadio_id":null,"estadio_nombre":null,"estadio_localidad":null,"tv":null,"nombre_arbitro":null,"ida":"2,2,166,2023-08-17,1155890,2"},{"id":"1155895","partidoAPI":null,"temporada_id":"184","estado_partido":"1","jornada":"165","apuesta_partido":null,"fase":"Tercera Eliminatoria - Ida","fecha":"2023-08-10","hora_prevista":"19:00:00","hora_real":"00:00:00","apuesta":null,"clasificado":"0","goles_local":"3","goles_visitante":"0","grupo_id":null,"betsapi":"7009190","codigo_acta":"0","local":"SK Slavia Praha","localCorto":"SK Slavia Praha","twitterLocal":"slaviaofficial","federacion_id_l":"0","equipoLocal_id":"2777","pais_local":"41","pais_visitante":"189","federacion_id_v":"0","visitante":"SC Dnipro-1","visitanteCorto":"SC Dnipro-1","twitterVisitante":"","equipoVisitante_id":"40623","observaciones":"*A 5´ - Schranz, <b>1<\/b>-0<br \/>37´ - Schranz, <b>2<\/b>-0<br \/>81´ - Wallem, <b>3<\/b>-0<br \/>*B ","comentario":"0-90-0-13","club_local":"3880","club_visitante":"17332","estadio":null,"arbitro_id":null,"youtube_id":null,"acta":null,"apuesta_torneo":"18253","tipo_torneo":"2","idPais":"199","visible":"5","goles":"0","estadio_id":null,"estadio_nombre":null,"estadio_localidad":null,"tv":null,"nombre_arbitro":null,"ida":"1,1,166,2023-08-17,1155896,2"},{"id":"1155887","partidoAPI":null,"temporada_id":"184","estado_partido":"1","jornada":"165","apuesta_partido":null,"fase":"Tercera Eliminatoria - Ida","fecha":"2023-08-10","hora_prevista":"21:00:00","hora_real":"00:00:00","apuesta":null,"clasificado":"0","goles_local":"6","goles_visitante":"2","grupo_id":null,"betsapi":"7013257","codigo_acta":"0","local":"HSK Zrinjski","localCorto":"HSK Zrinjski","twitterLocal":"hsk.zrinjski","federacion_id_l":"0","equipoLocal_id":"3147","pais_local":"28","pais_visitante":"94","federacion_id_v":"0","visitante":"Breidablik UBK","visitanteCorto":"Breidablik UBK","twitterVisitante":"BreidablikFC","equipoVisitante_id":"1103","observaciones":"*A 2´ - Kis, <b>1<\/b>-0<br \/>22´ - Malekinusic, <b>2<\/b>-0<br \/>30´ - Kis, <b>3<\/b>-0<br \/>33´ - Bilbija, <b>4<\/b>-0<br \/>40´ - Malekinusic, <b>5<\/b>-0<br \/>55´ - Ivancic, <b>6<\/b>-0<br \/>*B 6-<b>1<\/b>, Lúdvíksson - 64´<br \/>6-<b>2<\/b>, Eyjólfsson - 74´<br \/>","comentario":"-0","club_local":"5090","club_visitante":"2164","estadio":null,"arbitro_id":null,"youtube_id":null,"acta":null,"apuesta_torneo":"18253","tipo_torneo":"2","idPais":"199","visible":"5","goles":"0","estadio_id":null,"estadio_nombre":null,"estadio_localidad":null,"tv":null,"nombre_arbitro":null,"ida":"1,0,166,2023-08-17,1155888,2"},{"id":"1155893","partidoAPI":null,"temporada_id":"184","estado_partido":"1","jornada":"165","apuesta_partido":null,"fase":"Tercera Eliminatoria - Ida","fecha":"2023-08-10","hora_prevista":"21:00:00","hora_real":"22:10:00","apuesta":null,"clasificado":"0","goles_local":"1","goles_visitante":"0","grupo_id":null,"betsapi":"1","codigo_acta":"0","local":"Olympiacos FC","localCorto":"Olympiacos FC","twitterLocal":"olympiacos_org","federacion_id_l":"0","equipoLocal_id":"2380","pais_local":"74","pais_visitante":"22","federacion_id_v":"0","visitante":"KRC Genk","visitanteCorto":"KRC Genk","twitterVisitante":"KRCGenkofficial","equipoVisitante_id":"2037","observaciones":"*A 1´ - Fortounis, <b>1<\/b>-0<br \/>*B","comentario":"-13","club_local":"3388","club_visitante":"3055","estadio":null,"arbitro_id":null,"youtube_id":null,"acta":null,"apuesta_torneo":"18253","tipo_torneo":"2","idPais":"199","visible":"5","goles":"0","estadio_id":null,"estadio_nombre":null,"estadio_localidad":null,"tv":null,"nombre_arbitro":null,"ida":"1,1,166,2023-08-17,1155894,2"},{"id":"1155886","partidoAPI":null,"temporada_id":"184","estado_partido":"1","jornada":"166","apuesta_partido":null,"fase":"Tercera Eliminatoria - Vuelta","fecha":"2023-08-17","hora_prevista":"18:00:00","hora_real":"00:00:00","apuesta":null,"clasificado":"2","goles_local":"1","goles_visitante":"2","grupo_id":null,"betsapi":"7013434","codigo_acta":"0","local":"HJK Helsinki","localCorto":"HJK Helsinki","twitterLocal":"hjkhelsinki","federacion_id_l":"0","equipoLocal_id":"1917","pais_local":"65","pais_visitante":"17","federacion_id_v":"0","visitante":"Qarabag FK","visitanteCorto":"Qarabag FK","twitterVisitante":"FKQarabagh","equipoVisitante_id":"2518","observaciones":"*A 10´ - Hostikka, <b>1<\/b>-0<br \/>*B 1-<b>1<\/b>, Bayramov (pen.) - 45+3´<br \/>1-<b>2<\/b>, Benzia - 56´<br \/>","comentario":"0-90-0-13","club_local":"2933","club_visitante":"3521","estadio":null,"arbitro_id":null,"youtube_id":null,"acta":null,"apuesta_torneo":"18253","tipo_torneo":"2","idPais":"199","visible":"5","goles":"0","estadio_id":null,"estadio_nombre":null,"estadio_localidad":null,"tv":null,"nombre_arbitro":null,"ida":"2,1,165,2023-08-10,1155885,2"},{"id":"1155884","partidoAPI":null,"temporada_id":"184","estado_partido":"1","jornada":"166","apuesta_partido":null,"fase":"Tercera Eliminatoria - Vuelta","fecha":"2023-08-17","hora_prevista":"19:00:00","hora_real":"00:00:00","apuesta":null,"clasificado":"1","goles_local":"5","goles_visitante":"0","grupo_id":null,"betsapi":"7013380","codigo_acta":"0","local":"BK Häcken","localCorto":"BK Häcken","twitterLocal":"bkhackenofcl","federacion_id_l":"0","equipoLocal_id":"1073","pais_local":"176","pais_visitante":"115","federacion_id_v":"0","visitante":"FK Zalgiris Vilnius","visitanteCorto":"FK Zalgiris Vilnius","twitterVisitante":"fkzalgiris","equipoVisitante_id":"3135","observaciones":"*A 27´ - Hrstic, <b>1<\/b>-0<br \/>56´ - Gustafson, <b>2<\/b>-0<br \/>63´ - Sadiq, <b>3<\/b>-0<br \/>73´ - Sadiq (pen.), <b>4<\/b>-0<br \/>90+2´ - Sonko, <b>5<\/b>-0<br \/>*B ","comentario":"-13","club_local":"2132","club_visitante":"5081","estadio":null,"arbitro_id":null,"youtube_id":null,"acta":null,"apuesta_torneo":"18253","tipo_torneo":"2","idPais":"199","visible":"5","goles":"0","estadio_id":null,"estadio_nombre":null,"estadio_localidad":null,"tv":null,"nombre_arbitro":null,"ida":"1,3,165,2023-08-10,1155883,2"},{"id":"1155888","partidoAPI":null,"temporada_id":"184","estado_partido":"1","jornada":"166","apuesta_partido":null,"fase":"Tercera Eliminatoria - Vuelta","fecha":"2023-08-17","hora_prevista":"19:30:00","hora_real":"00:00:00","apuesta":null,"clasificado":"2","goles_local":"1","goles_visitante":"0","grupo_id":null,"betsapi":"7013258","codigo_acta":"0","local":"Breidablik UBK","localCorto":"Breidablik UBK","twitterLocal":"BreidablikFC","federacion_id_l":"0","equipoLocal_id":"1103","pais_local":"94","pais_visitante":"28","federacion_id_v":"0","visitante":"HSK Zrinjski","visitanteCorto":"HSK Zrinjski","twitterVisitante":"hsk.zrinjski","equipoVisitante_id":"3147","observaciones":"*A 56´ - Jakovljevic (p.p), <b>1<\/b>-0<br \/>*B ","comentario":"-13","club_local":"2164","club_visitante":"5090","estadio":null,"arbitro_id":null,"youtube_id":null,"acta":null,"apuesta_torneo":"18253","tipo_torneo":"2","idPais":"199","visible":"5","goles":"0","estadio_id":null,"estadio_nombre":null,"estadio_localidad":null,"tv":null,"nombre_arbitro":null,"ida":"6,2,165,2023-08-10,1155887,2"},{"id":"1155890","partidoAPI":null,"temporada_id":"184","estado_partido":"1","jornada":"166","apuesta_partido":null,"fase":"Tercera Eliminatoria - Vuelta","fecha":"2023-08-17","hora_prevista":"20:00:00","hora_real":"00:00:00","apuesta":null,"clasificado":"2","goles_local":"2","goles_visitante":"2","grupo_id":null,"betsapi":"7013529","codigo_acta":"0","local":"FC BATE Borisov","localCorto":"FC BATE Borisov","twitterLocal":"FCBATE","federacion_id_l":"0","equipoLocal_id":"1600","pais_local":"25","pais_visitante":"129","federacion_id_v":"0","visitante":"FC Sheriff Tiraspol","visitanteCorto":"FC Sheriff","twitterVisitante":"FCSheriFF","equipoVisitante_id":"1680","observaciones":"*A 25´ - Kontsevoi, <b>1<\/b>-0<br \/> 90+4´ - Laptev, <b>2<\/b>-2<br \/> *B 1-<b>1<\/b>, Ricardinho (pen.) - 40´<br \/>1-<b>2<\/b>, Luvannor (pen.) - 45+2´<br \/>","comentario":"-13","club_local":"2628","club_visitante":"2707","estadio":null,"arbitro_id":null,"youtube_id":null,"acta":null,"apuesta_torneo":"18253","tipo_torneo":"2","idPais":"199","visible":"5","goles":"0","estadio_id":null,"estadio_nombre":null,"estadio_localidad":null,"tv":null,"nombre_arbitro":null,"ida":"5,1,165,2023-08-10,1155889,2"},{"id":"1155892","partidoAPI":null,"temporada_id":"184","estado_partido":"1","jornada":"166","apuesta_partido":null,"fase":"Tercera Eliminatoria - Vuelta","fecha":"2023-08-17","hora_prevista":"20:00:00","hora_real":"00:00:00","apuesta":null,"clasificado":"1","goles_local":"5","goles_visitante":"1","grupo_id":null,"betsapi":"7013372","codigo_acta":"0","local":"PFC Ludogorets 1945","localCorto":"PFC Ludogorets 1945","twitterLocal":"Ludogorets1945","federacion_id_l":"0","equipoLocal_id":"3201","pais_local":"32","pais_visitante":"104","federacion_id_v":"0","visitante":"FC Astana","visitanteCorto":"FC Astana","twitterVisitante":"fc_astana","equipoVisitante_id":"1593","observaciones":"*A 25´ - Tekpetey, <b>1<\/b>-0<br \/>47´ - Piotrowski, <b>2<\/b>-1<br \/>50´ - Tekpetey, <b>3<\/b>-1<br \/>58´ - Piotrowski, <b>4<\/b>-1<br \/>67´ - Despodov, <b>5<\/b>-1<br \/>*B 1-<b>1<\/b>, Darboe - 29´<br \/>","comentario":"-13","club_local":"5401","club_visitante":"2621","estadio":null,"arbitro_id":null,"youtube_id":null,"acta":null,"apuesta_torneo":"18253","tipo_torneo":"2","idPais":"199","visible":"5","goles":"0","estadio_id":null,"estadio_nombre":null,"estadio_localidad":null,"tv":null,"nombre_arbitro":null,"ida":"2,1,165,2023-08-08,1155891,2"},{"id":"1155894","partidoAPI":null,"temporada_id":"184","estado_partido":"1","jornada":"166","apuesta_partido":null,"fase":"Tercera Eliminatoria - Vuelta","fecha":"2023-08-17","hora_prevista":"20:00:00","hora_real":"00:00:00","apuesta":null,"clasificado":"2","goles_local":"1","goles_visitante":"1","grupo_id":null,"betsapi":"7013422","codigo_acta":"0","local":"KRC Genk","localCorto":"KRC Genk","twitterLocal":"KRCGenkofficial","federacion_id_l":"0","equipoLocal_id":"2037","pais_local":"22","pais_visitante":"74","federacion_id_v":"0","visitante":"Olympiacos FC","visitanteCorto":"Olympiacos FC","twitterVisitante":"olympiacos_org","equipoVisitante_id":"2380","observaciones":"*A 30´ - Paintsil (pen.), <b>1<\/b>-0<br \/>*B 1-<b>1<\/b>, Alexandropoulos - 90+6´<br \/>","comentario":"0-90-0-13","club_local":"3055","club_visitante":"3388","estadio":null,"arbitro_id":null,"youtube_id":null,"acta":null,"apuesta_torneo":"18253","tipo_torneo":"2","idPais":"199","visible":"5","goles":"0","estadio_id":null,"estadio_nombre":null,"estadio_localidad":null,"tv":null,"nombre_arbitro":null,"ida":"1,0,165,2023-08-10,1155893,2"},{"id":"1155896","partidoAPI":null,"temporada_id":"184","estado_partido":"1","jornada":"166","apuesta_partido":null,"fase":"Tercera Eliminatoria - Vuelta","fecha":"2023-08-17","hora_prevista":"20:00:00","hora_real":"00:00:00","apuesta":null,"clasificado":"2","goles_local":"1","goles_visitante":"1","grupo_id":null,"betsapi":"7009191","codigo_acta":"0","local":"SC Dnipro-1","localCorto":"SC Dnipro-1","twitterLocal":"","federacion_id_l":"0","equipoLocal_id":"40623","pais_local":"189","pais_visitante":"41","federacion_id_v":"0","visitante":"SK Slavia Praha","visitanteCorto":"SK Slavia Praha","twitterVisitante":"slaviaofficial","equipoVisitante_id":"2777","observaciones":"*A 45+1´ - Rubchynskyi, <b>1<\/b>-0<br \/>*B 1-<b>1<\/b>, Jurecka - 52´<br \/>","comentario":"-13","club_local":"17332","club_visitante":"3880","estadio":null,"arbitro_id":null,"youtube_id":null,"acta":null,"apuesta_torneo":"18253","tipo_torneo":"2","idPais":"199","visible":"5","goles":"0","estadio_id":null,"estadio_nombre":null,"estadio_localidad":null,"tv":null,"nombre_arbitro":null,"ida":"3,0,165,2023-08-10,1155895,2"}],"fichajes":null,"clasificacion":[]}