{"56":{"1":[{"partido":1,"casa":1,"fuera":2},{"partido":2,"casa":5,"fuera":3},{"partido":3,"casa":6,"fuera":4}],"2":[{"partido":1,"casa":2,"fuera":6},{"partido":2,"casa":3,"fuera":1},{"partido":3,"casa":4,"fuera":5}],"3":[{"partido":1,"casa":2,"fuera":3},{"partido":2,"casa":1,"fuera":4},{"partido":3,"casa":6,"fuera":5}],"4":[{"partido":1,"casa":6,"fuera":3},{"partido":2,"casa":4,"fuera":2},{"partido":3,"casa":5,"fuera":1}],"5":[{"partido":1,"casa":3,"fuera":4},{"partido":2,"casa":2,"fuera":5},{"partido":3,"casa":1,"fuera":6}],"6":[{"partido":1,"casa":2,"fuera":1},{"partido":2,"casa":3,"fuera":5},{"partido":3,"casa":4,"fuera":6}],"7":[{"partido":1,"casa":6,"fuera":2},{"partido":2,"casa":1,"fuera":3},{"partido":3,"casa":5,"fuera":4}],"8":[{"partido":1,"casa":3,"fuera":2},{"partido":2,"casa":4,"fuera":1},{"partido":3,"casa":5,"fuera":6}],"9":[{"partido":1,"casa":3,"fuera":6},{"partido":2,"casa":2,"fuera":4},{"partido":3,"casa":1,"fuera":5}],"10":[{"partido":1,"casa":4,"fuera":3},{"partido":2,"casa":5,"fuera":2},{"partido":3,"casa":6,"fuera":1}]},"34":{"1":[{"partido":1,"casa":1,"fuera":2},{"partido":2,"casa":4,"fuera":3}],"2":[{"partido":1,"casa":4,"fuera":2},{"partido":2,"casa":3,"fuera":1}],"3":[{"partido":1,"casa":2,"fuera":3},{"partido":2,"casa":1,"fuera":4}],"4":[{"partido":1,"casa":2,"fuera":1},{"partido":2,"casa":3,"fuera":4}],"5":[{"partido":1,"casa":2,"fuera":4},{"partido":2,"casa":1,"fuera":3}],"6":[{"partido":1,"casa":3,"fuera":2},{"partido":2,"casa":4,"fuera":1}]},"1314":{"22":[{"partido":1,"casa":11,"fuera":13},{"partido":2,"casa":12,"fuera":14},{"partido":1,"casa":6,"fuera":5},{"partido":2,"casa":7,"fuera":4},{"partido":3,"casa":8,"fuera":3},{"partido":4,"casa":9,"fuera":2},{"partido":5,"casa":10,"fuera":1}],"23":[{"partido":1,"casa":14,"fuera":6},{"partido":2,"casa":5,"fuera":7},{"partido":3,"casa":4,"fuera":8},{"partido":4,"casa":3,"fuera":9},{"partido":5,"casa":2,"fuera":10},{"partido":6,"casa":1,"fuera":11},{"partido":7,"casa":13,"fuera":12}],"24":[{"partido":1,"casa":7,"fuera":6},{"partido":2,"casa":8,"fuera":5},{"partido":3,"casa":9,"fuera":4},{"partido":4,"casa":10,"fuera":3},{"partido":5,"casa":11,"fuera":2},{"partido":6,"casa":12,"fuera":1},{"partido":7,"casa":13,"fuera":14}],"25":[{"partido":1,"casa":7,"fuera":14},{"partido":2,"casa":6,"fuera":8},{"partido":3,"casa":5,"fuera":9},{"partido":4,"casa":4,"fuera":10},{"partido":5,"casa":3,"fuera":11},{"partido":6,"casa":2,"fuera":12},{"partido":7,"casa":1,"fuera":13}],"26":[{"partido":1,"casa":8,"fuera":7},{"partido":2,"casa":9,"fuera":6},{"partido":3,"casa":10,"fuera":5},{"partido":4,"casa":11,"fuera":4},{"partido":5,"casa":12,"fuera":3},{"partido":6,"casa":13,"fuera":2},{"partido":7,"casa":14,"fuera":1}],"16":[{"partido":1,"casa":8,"fuera":10},{"partido":2,"casa":9,"fuera":14},{"partido":1,"casa":3,"fuera":2},{"partido":2,"casa":4,"fuera":1},{"partido":3,"casa":5,"fuera":13},{"partido":4,"casa":6,"fuera":12},{"partido":5,"casa":7,"fuera":11}],"17":[{"partido":1,"casa":14,"fuera":3},{"partido":2,"casa":2,"fuera":4},{"partido":3,"casa":1,"fuera":5},{"partido":4,"casa":13,"fuera":6},{"partido":5,"casa":12,"fuera":7},{"partido":6,"casa":11,"fuera":8},{"partido":7,"casa":10,"fuera":9}],"18":[{"partido":1,"casa":4,"fuera":3},{"partido":2,"casa":5,"fuera":2},{"partido":3,"casa":6,"fuera":1},{"partido":4,"casa":7,"fuera":13},{"partido":5,"casa":8,"fuera":12},{"partido":6,"casa":9,"fuera":11},{"partido":7,"casa":10,"fuera":14}],"19":[{"partido":1,"casa":14,"fuera":4},{"partido":2,"casa":3,"fuera":5},{"partido":3,"casa":2,"fuera":6},{"partido":4,"casa":1,"fuera":7},{"partido":5,"casa":13,"fuera":8},{"partido":6,"casa":12,"fuera":9},{"partido":7,"casa":11,"fuera":10}],"20":[{"partido":1,"casa":5,"fuera":4},{"partido":2,"casa":6,"fuera":3},{"partido":3,"casa":7,"fuera":2},{"partido":4,"casa":8,"fuera":1},{"partido":5,"casa":9,"fuera":13},{"partido":6,"casa":10,"fuera":12},{"partido":7,"casa":11,"fuera":14}],"21":[{"partido":1,"casa":14,"fuera":5},{"partido":2,"casa":4,"fuera":6},{"partido":3,"casa":3,"fuera":7},{"partido":4,"casa":2,"fuera":8},{"partido":5,"casa":1,"fuera":9},{"partido":6,"casa":13,"fuera":10},{"partido":7,"casa":12,"fuera":11}],"1":[{"partido":1,"casa":1,"fuera":2},{"partido":2,"casa":13,"fuera":3},{"partido":3,"casa":12,"fuera":4},{"partido":4,"casa":11,"fuera":5},{"partido":5,"casa":10,"fuera":6},{"partido":6,"casa":9,"fuera":7},{"partido":7,"casa":14,"fuera":8}],"2":[{"partido":1,"casa":2,"fuera":14},{"partido":2,"casa":3,"fuera":1},{"partido":3,"casa":4,"fuera":13},{"partido":4,"casa":5,"fuera":12},{"partido":5,"casa":6,"fuera":11},{"partido":6,"casa":7,"fuera":10},{"partido":7,"casa":8,"fuera":9}],"3":[{"partido":1,"casa":2,"fuera":3},{"partido":2,"casa":1,"fuera":4},{"partido":3,"casa":13,"fuera":5},{"partido":4,"casa":12,"fuera":6},{"partido":5,"casa":11,"fuera":7},{"partido":6,"casa":10,"fuera":8},{"partido":7,"casa":14,"fuera":9}],"4":[{"partido":1,"casa":3,"fuera":14},{"partido":2,"casa":4,"fuera":2},{"partido":3,"casa":5,"fuera":1},{"partido":4,"casa":6,"fuera":13},{"partido":5,"casa":7,"fuera":12},{"partido":6,"casa":8,"fuera":11},{"partido":7,"casa":9,"fuera":10}],"5":[{"partido":1,"casa":3,"fuera":4},{"partido":2,"casa":2,"fuera":5},{"partido":3,"casa":1,"fuera":6},{"partido":4,"casa":13,"fuera":7},{"partido":5,"casa":12,"fuera":8},{"partido":6,"casa":11,"fuera":9},{"partido":7,"casa":14,"fuera":10}],"6":[{"partido":1,"casa":4,"fuera":14},{"partido":2,"casa":5,"fuera":3},{"partido":3,"casa":6,"fuera":2},{"partido":4,"casa":7,"fuera":1},{"partido":5,"casa":8,"fuera":13},{"partido":6,"casa":9,"fuera":12},{"partido":7,"casa":10,"fuera":11}],"7":[{"partido":1,"casa":4,"fuera":5},{"partido":2,"casa":3,"fuera":6},{"partido":3,"casa":2,"fuera":7},{"partido":4,"casa":1,"fuera":8},{"partido":5,"casa":13,"fuera":9},{"partido":6,"casa":12,"fuera":10},{"partido":7,"casa":14,"fuera":11}],"8":[{"partido":1,"casa":5,"fuera":14},{"partido":2,"casa":6,"fuera":4},{"partido":3,"casa":7,"fuera":3},{"partido":4,"casa":8,"fuera":2},{"partido":5,"casa":9,"fuera":1},{"partido":6,"casa":10,"fuera":13},{"partido":7,"casa":11,"fuera":12}],"9":[{"partido":1,"casa":5,"fuera":6},{"partido":2,"casa":4,"fuera":7},{"partido":3,"casa":3,"fuera":8},{"partido":4,"casa":2,"fuera":9},{"partido":5,"casa":1,"fuera":10},{"partido":6,"casa":13,"fuera":11},{"partido":7,"casa":14,"fuera":12}],"10":[{"partido":1,"casa":6,"fuera":14},{"partido":2,"casa":7,"fuera":5},{"partido":3,"casa":8,"fuera":4},{"partido":4,"casa":9,"fuera":3},{"partido":5,"casa":10,"fuera":2},{"partido":6,"casa":11,"fuera":1},{"partido":7,"casa":12,"fuera":13}],"11":[{"partido":1,"casa":6,"fuera":7},{"partido":2,"casa":5,"fuera":8},{"partido":3,"casa":4,"fuera":9},{"partido":4,"casa":3,"fuera":10},{"partido":5,"casa":2,"fuera":11},{"partido":6,"casa":1,"fuera":12},{"partido":7,"casa":14,"fuera":13}],"12":[{"partido":1,"casa":14,"fuera":7},{"partido":2,"casa":8,"fuera":6},{"partido":3,"casa":9,"fuera":5},{"partido":4,"casa":10,"fuera":4},{"partido":5,"casa":11,"fuera":3},{"partido":6,"casa":12,"fuera":2},{"partido":7,"casa":13,"fuera":1}],"13":[{"partido":1,"casa":7,"fuera":8},{"partido":2,"casa":6,"fuera":9},{"partido":3,"casa":5,"fuera":10},{"partido":4,"casa":4,"fuera":11},{"partido":5,"casa":3,"fuera":12},{"partido":6,"casa":2,"fuera":13},{"partido":7,"casa":1,"fuera":14}],"14":[{"partido":1,"casa":2,"fuera":1},{"partido":2,"casa":3,"fuera":13},{"partido":3,"casa":4,"fuera":12},{"partido":4,"casa":5,"fuera":11},{"partido":5,"casa":6,"fuera":10},{"partido":6,"casa":7,"fuera":9},{"partido":7,"casa":8,"fuera":14}],"15":[{"partido":1,"casa":14,"fuera":2},{"partido":2,"casa":1,"fuera":3},{"partido":3,"casa":13,"fuera":4},{"partido":4,"casa":12,"fuera":5},{"partido":5,"casa":11,"fuera":6},{"partido":6,"casa":10,"fuera":7},{"partido":7,"casa":9,"fuera":8}]},"1112":{"1":[{"partido":1,"casa":1,"fuera":2},{"partido":2,"casa":11,"fuera":3},{"partido":3,"casa":10,"fuera":4},{"partido":4,"casa":9,"fuera":5},{"partido":5,"casa":8,"fuera":6},{"partido":6,"casa":12,"fuera":7}],"2":[{"partido":1,"casa":2,"fuera":12},{"partido":2,"casa":3,"fuera":1},{"partido":3,"casa":4,"fuera":11},{"partido":4,"casa":5,"fuera":10},{"partido":5,"casa":6,"fuera":9},{"partido":6,"casa":7,"fuera":8}],"3":[{"partido":1,"casa":2,"fuera":3},{"partido":2,"casa":1,"fuera":4},{"partido":3,"casa":11,"fuera":5},{"partido":4,"casa":10,"fuera":6},{"partido":5,"casa":9,"fuera":7},{"partido":6,"casa":12,"fuera":8}],"4":[{"partido":1,"casa":3,"fuera":12},{"partido":2,"casa":4,"fuera":2},{"partido":3,"casa":5,"fuera":1},{"partido":4,"casa":6,"fuera":11},{"partido":5,"casa":7,"fuera":10},{"partido":6,"casa":8,"fuera":9}],"5":[{"partido":1,"casa":3,"fuera":4},{"partido":2,"casa":2,"fuera":5},{"partido":3,"casa":1,"fuera":6},{"partido":4,"casa":11,"fuera":7},{"partido":5,"casa":10,"fuera":8},{"partido":6,"casa":12,"fuera":9}],"6":[{"partido":1,"casa":4,"fuera":12},{"partido":2,"casa":5,"fuera":3},{"partido":3,"casa":6,"fuera":2},{"partido":4,"casa":7,"fuera":1},{"partido":5,"casa":8,"fuera":11},{"partido":6,"casa":9,"fuera":10}],"7":[{"partido":1,"casa":4,"fuera":5},{"partido":2,"casa":3,"fuera":6},{"partido":3,"casa":2,"fuera":7},{"partido":4,"casa":1,"fuera":8},{"partido":5,"casa":11,"fuera":9},{"partido":6,"casa":12,"fuera":10}],"8":[{"partido":1,"casa":5,"fuera":12},{"partido":2,"casa":6,"fuera":4},{"partido":3,"casa":7,"fuera":3},{"partido":4,"casa":8,"fuera":2},{"partido":5,"casa":9,"fuera":1},{"partido":6,"casa":10,"fuera":11}],"9":[{"partido":1,"casa":5,"fuera":6},{"partido":2,"casa":4,"fuera":7},{"partido":3,"casa":3,"fuera":8},{"partido":4,"casa":2,"fuera":9},{"partido":5,"casa":1,"fuera":10},{"partido":6,"casa":12,"fuera":11}],"10":[{"partido":1,"casa":12,"fuera":6},{"partido":2,"casa":7,"fuera":5},{"partido":3,"casa":8,"fuera":4},{"partido":4,"casa":9,"fuera":3},{"partido":5,"casa":10,"fuera":2},{"partido":6,"casa":11,"fuera":1}],"11":[{"partido":1,"casa":6,"fuera":7},{"partido":2,"casa":5,"fuera":8},{"partido":3,"casa":4,"fuera":9},{"partido":4,"casa":3,"fuera":10},{"partido":5,"casa":2,"fuera":11},{"partido":6,"casa":1,"fuera":12}],"12":[{"partido":1,"casa":2,"fuera":1},{"partido":2,"casa":3,"fuera":11},{"partido":3,"casa":4,"fuera":10},{"partido":4,"casa":5,"fuera":9},{"partido":5,"casa":6,"fuera":8},{"partido":6,"casa":7,"fuera":12}],"13":[{"partido":1,"casa":12,"fuera":2},{"partido":2,"casa":1,"fuera":3},{"partido":3,"casa":11,"fuera":4},{"partido":4,"casa":10,"fuera":5},{"partido":5,"casa":9,"fuera":6},{"partido":6,"casa":8,"fuera":7}],"14":[{"partido":1,"casa":3,"fuera":2},{"partido":2,"casa":4,"fuera":1},{"partido":3,"casa":5,"fuera":11},{"partido":4,"casa":6,"fuera":10},{"partido":5,"casa":7,"fuera":9},{"partido":6,"casa":8,"fuera":12}],"15":[{"partido":1,"casa":12,"fuera":3},{"partido":2,"casa":2,"fuera":4},{"partido":3,"casa":1,"fuera":5},{"partido":4,"casa":11,"fuera":6},{"partido":5,"casa":10,"fuera":7},{"partido":6,"casa":9,"fuera":8}],"16":[{"partido":1,"casa":4,"fuera":3},{"partido":2,"casa":5,"fuera":2},{"partido":3,"casa":6,"fuera":1},{"partido":4,"casa":7,"fuera":11},{"partido":5,"casa":8,"fuera":10},{"partido":6,"casa":9,"fuera":12}],"17":[{"partido":1,"casa":12,"fuera":4},{"partido":2,"casa":3,"fuera":5},{"partido":3,"casa":2,"fuera":6},{"partido":4,"casa":1,"fuera":7},{"partido":5,"casa":11,"fuera":8},{"partido":6,"casa":10,"fuera":9}],"18":[{"partido":1,"casa":5,"fuera":4},{"partido":2,"casa":6,"fuera":3},{"partido":3,"casa":7,"fuera":2},{"partido":4,"casa":8,"fuera":1},{"partido":5,"casa":9,"fuera":11},{"partido":6,"casa":10,"fuera":12}],"19":[{"partido":1,"casa":12,"fuera":5},{"partido":2,"casa":4,"fuera":6},{"partido":3,"casa":3,"fuera":7},{"partido":4,"casa":2,"fuera":8},{"partido":5,"casa":1,"fuera":9},{"partido":6,"casa":11,"fuera":10}],"20":[{"partido":1,"casa":6,"fuera":5},{"partido":2,"casa":7,"fuera":4},{"partido":3,"casa":8,"fuera":3},{"partido":4,"casa":9,"fuera":2},{"partido":5,"casa":10,"fuera":1},{"partido":6,"casa":11,"fuera":12}],"21":[{"partido":1,"casa":6,"fuera":12},{"partido":2,"casa":5,"fuera":7},{"partido":3,"casa":4,"fuera":8},{"partido":4,"casa":3,"fuera":9},{"partido":5,"casa":2,"fuera":10},{"partido":6,"casa":1,"fuera":11}],"22":[{"partido":1,"casa":7,"fuera":6},{"partido":2,"casa":8,"fuera":5},{"partido":3,"casa":9,"fuera":4},{"partido":4,"casa":10,"fuera":3},{"partido":5,"casa":11,"fuera":2},{"partido":6,"casa":12,"fuera":1}]},"910":{"1":[{"partido":1,"casa":1,"fuera":2},{"partido":2,"casa":9,"fuera":3},{"partido":3,"casa":8,"fuera":4},{"partido":4,"casa":7,"fuera":5},{"partido":5,"casa":10,"fuera":6}],"2":[{"partido":1,"casa":2,"fuera":10},{"partido":2,"casa":3,"fuera":1},{"partido":3,"casa":4,"fuera":9},{"partido":4,"casa":5,"fuera":8},{"partido":5,"casa":6,"fuera":7}],"3":[{"partido":1,"casa":2,"fuera":3},{"partido":2,"casa":1,"fuera":4},{"partido":3,"casa":9,"fuera":5},{"partido":4,"casa":8,"fuera":6},{"partido":5,"casa":10,"fuera":7}],"4":[{"partido":1,"casa":3,"fuera":10},{"partido":2,"casa":4,"fuera":2},{"partido":3,"casa":5,"fuera":1},{"partido":4,"casa":6,"fuera":9},{"partido":5,"casa":7,"fuera":8}],"5":[{"partido":1,"casa":3,"fuera":4},{"partido":2,"casa":2,"fuera":5},{"partido":3,"casa":1,"fuera":6},{"partido":4,"casa":9,"fuera":7},{"partido":5,"casa":10,"fuera":8}],"6":[{"partido":1,"casa":4,"fuera":10},{"partido":2,"casa":5,"fuera":3},{"partido":3,"casa":6,"fuera":2},{"partido":4,"casa":7,"fuera":1},{"partido":5,"casa":8,"fuera":9}],"7":[{"partido":1,"casa":4,"fuera":5},{"partido":2,"casa":3,"fuera":6},{"partido":3,"casa":2,"fuera":7},{"partido":4,"casa":1,"fuera":8},{"partido":5,"casa":10,"fuera":9}],"8":[{"partido":1,"casa":10,"fuera":5},{"partido":2,"casa":6,"fuera":4},{"partido":3,"casa":7,"fuera":3},{"partido":4,"casa":8,"fuera":2},{"partido":5,"casa":9,"fuera":1}],"9":[{"partido":1,"casa":5,"fuera":6},{"partido":2,"casa":4,"fuera":7},{"partido":3,"casa":3,"fuera":8},{"partido":4,"casa":2,"fuera":9},{"partido":5,"casa":1,"fuera":10}],"10":[{"partido":1,"casa":2,"fuera":1},{"partido":2,"casa":3,"fuera":9},{"partido":3,"casa":4,"fuera":8},{"partido":4,"casa":5,"fuera":7},{"partido":5,"casa":6,"fuera":10}],"11":[{"partido":1,"casa":10,"fuera":2},{"partido":2,"casa":1,"fuera":3},{"partido":3,"casa":9,"fuera":4},{"partido":4,"casa":8,"fuera":5},{"partido":5,"casa":7,"fuera":6}],"12":[{"partido":1,"casa":3,"fuera":2},{"partido":2,"casa":4,"fuera":1},{"partido":3,"casa":5,"fuera":9},{"partido":4,"casa":6,"fuera":8},{"partido":5,"casa":7,"fuera":10}],"13":[{"partido":1,"casa":10,"fuera":3},{"partido":2,"casa":2,"fuera":4},{"partido":3,"casa":1,"fuera":5},{"partido":4,"casa":9,"fuera":6},{"partido":5,"casa":8,"fuera":7}],"14":[{"partido":1,"casa":4,"fuera":3},{"partido":2,"casa":5,"fuera":2},{"partido":3,"casa":6,"fuera":1},{"partido":4,"casa":7,"fuera":9},{"partido":5,"casa":8,"fuera":10}],"15":[{"partido":1,"casa":10,"fuera":4},{"partido":2,"casa":3,"fuera":5},{"partido":3,"casa":2,"fuera":6},{"partido":4,"casa":1,"fuera":7},{"partido":5,"casa":9,"fuera":8}],"16":[{"partido":1,"casa":5,"fuera":4},{"partido":2,"casa":6,"fuera":3},{"partido":3,"casa":7,"fuera":2},{"partido":4,"casa":8,"fuera":1},{"partido":5,"casa":9,"fuera":10}],"17":[{"partido":1,"casa":5,"fuera":10},{"partido":2,"casa":4,"fuera":6},{"partido":3,"casa":3,"fuera":7},{"partido":4,"casa":2,"fuera":8},{"partido":5,"casa":1,"fuera":9}],"18":[{"partido":1,"casa":6,"fuera":5},{"partido":2,"casa":7,"fuera":4},{"partido":3,"casa":8,"fuera":3},{"partido":4,"casa":9,"fuera":2},{"partido":5,"casa":10,"fuera":1}]},"78":{"1":[{"partido":1,"casa":1,"fuera":2},{"partido":2,"casa":7,"fuera":3},{"partido":3,"casa":6,"fuera":4},{"partido":4,"casa":8,"fuera":5}],"2":[{"partido":1,"casa":2,"fuera":8},{"partido":2,"casa":3,"fuera":1},{"partido":3,"casa":4,"fuera":7},{"partido":4,"casa":5,"fuera":6}],"3":[{"partido":1,"casa":2,"fuera":3},{"partido":2,"casa":1,"fuera":4},{"partido":3,"casa":7,"fuera":5},{"partido":4,"casa":8,"fuera":6}],"4":[{"partido":1,"casa":3,"fuera":8},{"partido":2,"casa":4,"fuera":2},{"partido":1,"casa":5,"fuera":1},{"partido":2,"casa":6,"fuera":7}],"5":[{"partido":1,"casa":3,"fuera":4},{"partido":2,"casa":2,"fuera":5},{"partido":3,"casa":1,"fuera":6},{"partido":4,"casa":8,"fuera":7}],"6":[{"partido":1,"casa":8,"fuera":4},{"partido":2,"casa":5,"fuera":3},{"partido":3,"casa":6,"fuera":2},{"partido":4,"casa":7,"fuera":1}],"7":[{"partido":1,"casa":4,"fuera":5},{"partido":2,"casa":3,"fuera":6},{"partido":3,"casa":2,"fuera":7},{"partido":4,"casa":1,"fuera":8}],"8":[{"partido":1,"casa":2,"fuera":1},{"partido":2,"casa":3,"fuera":7},{"partido":3,"casa":4,"fuera":6},{"partido":4,"casa":5,"fuera":8}],"9":[{"partido":1,"casa":8,"fuera":2},{"partido":2,"casa":1,"fuera":3},{"partido":3,"casa":7,"fuera":4},{"partido":4,"casa":6,"fuera":5}],"10":[{"partido":1,"casa":3,"fuera":2},{"partido":2,"casa":4,"fuera":1},{"partido":3,"casa":5,"fuera":7},{"partido":4,"casa":6,"fuera":8}],"11":[{"partido":1,"casa":8,"fuera":3},{"partido":2,"casa":2,"fuera":4},{"partido":3,"casa":1,"fuera":5},{"partido":4,"casa":7,"fuera":6}],"12":[{"partido":1,"casa":4,"fuera":3},{"partido":2,"casa":5,"fuera":2},{"partido":3,"casa":6,"fuera":1},{"partido":4,"casa":7,"fuera":8}],"13":[{"partido":1,"casa":4,"fuera":8},{"partido":2,"casa":3,"fuera":5},{"partido":3,"casa":2,"fuera":6},{"partido":4,"casa":1,"fuera":7}],"14":[{"partido":1,"casa":5,"fuera":4},{"partido":2,"casa":6,"fuera":3},{"partido":3,"casa":7,"fuera":2},{"partido":4,"casa":8,"fuera":1}]},"2122":{"25":[{"partido":1,"casa":1,"fuera":5},{"partido":2,"casa":21,"fuera":6},{"partido":3,"casa":20,"fuera":7},{"partido":4,"casa":19,"fuera":8},{"partido":5,"casa":18,"fuera":9},{"partido":6,"casa":17,"fuera":10},{"partido":7,"casa":16,"fuera":11},{"partido":8,"casa":15,"fuera":12},{"partido":9,"casa":14,"fuera":13},{"partido":1,"casa":22,"fuera":3},{"partido":2,"casa":2,"fuera":4}],"26":[{"partido":1,"casa":4,"fuera":3},{"partido":2,"casa":5,"fuera":2},{"partido":3,"casa":6,"fuera":1},{"partido":4,"casa":7,"fuera":21},{"partido":5,"casa":8,"fuera":20},{"partido":6,"casa":9,"fuera":19},{"partido":7,"casa":10,"fuera":18},{"partido":8,"casa":11,"fuera":17},{"partido":9,"casa":12,"fuera":16},{"partido":10,"casa":13,"fuera":15},{"partido":11,"casa":14,"fuera":22}],"27":[{"partido":1,"casa":22,"fuera":4},{"partido":2,"casa":3,"fuera":5},{"partido":3,"casa":2,"fuera":6},{"partido":4,"casa":1,"fuera":7},{"partido":5,"casa":21,"fuera":8},{"partido":6,"casa":20,"fuera":9},{"partido":7,"casa":19,"fuera":10},{"partido":8,"casa":18,"fuera":11},{"partido":9,"casa":17,"fuera":12},{"partido":10,"casa":16,"fuera":13},{"partido":11,"casa":15,"fuera":14}],"28":[{"partido":1,"casa":5,"fuera":4},{"partido":2,"casa":6,"fuera":3},{"partido":3,"casa":7,"fuera":2},{"partido":4,"casa":8,"fuera":1},{"partido":5,"casa":9,"fuera":21},{"partido":6,"casa":10,"fuera":20},{"partido":7,"casa":11,"fuera":19},{"partido":8,"casa":12,"fuera":18},{"partido":9,"casa":13,"fuera":17},{"partido":10,"casa":14,"fuera":16},{"partido":11,"casa":15,"fuera":22}],"1":[{"partido":1,"casa":1,"fuera":2},{"partido":2,"casa":21,"fuera":3},{"partido":3,"casa":20,"fuera":4},{"partido":4,"casa":19,"fuera":5},{"partido":5,"casa":18,"fuera":6},{"partido":6,"casa":17,"fuera":7},{"partido":7,"casa":16,"fuera":8},{"partido":8,"casa":15,"fuera":9},{"partido":9,"casa":14,"fuera":10},{"partido":10,"casa":13,"fuera":11},{"partido":11,"casa":22,"fuera":12}],"2":[{"partido":1,"casa":2,"fuera":22},{"partido":2,"casa":3,"fuera":1},{"partido":3,"casa":4,"fuera":21},{"partido":4,"casa":5,"fuera":20},{"partido":5,"casa":6,"fuera":19},{"partido":6,"casa":7,"fuera":18},{"partido":7,"casa":8,"fuera":17},{"partido":8,"casa":9,"fuera":16},{"partido":9,"casa":10,"fuera":15},{"partido":10,"casa":11,"fuera":14},{"partido":11,"casa":12,"fuera":13}],"3":[{"partido":1,"casa":2,"fuera":3},{"partido":2,"casa":1,"fuera":4},{"partido":3,"casa":21,"fuera":5},{"partido":4,"casa":20,"fuera":6},{"partido":5,"casa":19,"fuera":7},{"partido":6,"casa":18,"fuera":8},{"partido":7,"casa":17,"fuera":9},{"partido":8,"casa":16,"fuera":10},{"partido":9,"casa":15,"fuera":11},{"partido":10,"casa":14,"fuera":12},{"partido":11,"casa":22,"fuera":13}],"4":[{"partido":1,"casa":3,"fuera":22},{"partido":2,"casa":4,"fuera":2},{"partido":3,"casa":5,"fuera":1},{"partido":4,"casa":6,"fuera":21},{"partido":5,"casa":7,"fuera":20},{"partido":6,"casa":8,"fuera":19},{"partido":7,"casa":9,"fuera":18},{"partido":8,"casa":10,"fuera":17},{"partido":9,"casa":11,"fuera":16},{"partido":10,"casa":12,"fuera":15},{"partido":11,"casa":13,"fuera":14}],"5":[{"partido":1,"casa":3,"fuera":4},{"partido":2,"casa":2,"fuera":5},{"partido":3,"casa":1,"fuera":6},{"partido":4,"casa":21,"fuera":7},{"partido":5,"casa":20,"fuera":8},{"partido":6,"casa":19,"fuera":9},{"partido":7,"casa":18,"fuera":10},{"partido":8,"casa":17,"fuera":11},{"partido":9,"casa":16,"fuera":12},{"partido":10,"casa":15,"fuera":13},{"partido":11,"casa":22,"fuera":14}],"6":[{"partido":1,"casa":4,"fuera":22},{"partido":2,"casa":5,"fuera":3},{"partido":3,"casa":6,"fuera":2},{"partido":4,"casa":7,"fuera":1},{"partido":5,"casa":8,"fuera":21},{"partido":6,"casa":9,"fuera":20},{"partido":7,"casa":10,"fuera":19},{"partido":8,"casa":11,"fuera":18},{"partido":9,"casa":12,"fuera":17},{"partido":10,"casa":13,"fuera":16},{"partido":11,"casa":14,"fuera":15}],"7":[{"partido":1,"casa":4,"fuera":5},{"partido":2,"casa":3,"fuera":6},{"partido":3,"casa":2,"fuera":7},{"partido":4,"casa":1,"fuera":8},{"partido":5,"casa":21,"fuera":9},{"partido":6,"casa":20,"fuera":10},{"partido":7,"casa":19,"fuera":11},{"partido":8,"casa":18,"fuera":12},{"partido":9,"casa":17,"fuera":13},{"partido":10,"casa":16,"fuera":14},{"partido":11,"casa":22,"fuera":15}],"8":[{"partido":1,"casa":5,"fuera":22},{"partido":2,"casa":6,"fuera":4},{"partido":3,"casa":7,"fuera":3},{"partido":4,"casa":8,"fuera":2},{"partido":5,"casa":9,"fuera":1},{"partido":6,"casa":10,"fuera":21},{"partido":7,"casa":11,"fuera":20},{"partido":8,"casa":12,"fuera":19},{"partido":9,"casa":13,"fuera":18},{"partido":10,"casa":14,"fuera":17},{"partido":11,"casa":15,"fuera":16}],"9":[{"partido":1,"casa":5,"fuera":6},{"partido":2,"casa":4,"fuera":7},{"partido":3,"casa":3,"fuera":8},{"partido":4,"casa":2,"fuera":9},{"partido":5,"casa":1,"fuera":10},{"partido":6,"casa":21,"fuera":11},{"partido":7,"casa":20,"fuera":12},{"partido":8,"casa":19,"fuera":13},{"partido":9,"casa":18,"fuera":14},{"partido":10,"casa":17,"fuera":15},{"partido":11,"casa":22,"fuera":16}],"10":[{"partido":1,"casa":6,"fuera":22},{"partido":2,"casa":7,"fuera":5},{"partido":3,"casa":8,"fuera":4},{"partido":4,"casa":9,"fuera":3},{"partido":5,"casa":10,"fuera":2},{"partido":6,"casa":11,"fuera":1},{"partido":7,"casa":12,"fuera":21},{"partido":8,"casa":13,"fuera":20},{"partido":9,"casa":14,"fuera":19},{"partido":10,"casa":15,"fuera":18},{"partido":11,"casa":16,"fuera":17}],"11":[{"partido":1,"casa":6,"fuera":7},{"partido":2,"casa":5,"fuera":8},{"partido":3,"casa":4,"fuera":9},{"partido":4,"casa":3,"fuera":10},{"partido":5,"casa":2,"fuera":11},{"partido":6,"casa":1,"fuera":12},{"partido":7,"casa":21,"fuera":13},{"partido":8,"casa":20,"fuera":14},{"partido":9,"casa":19,"fuera":15},{"partido":10,"casa":18,"fuera":16},{"partido":11,"casa":22,"fuera":17}],"12":[{"partido":1,"casa":7,"fuera":22},{"partido":2,"casa":8,"fuera":6},{"partido":3,"casa":9,"fuera":5},{"partido":4,"casa":10,"fuera":4},{"partido":5,"casa":11,"fuera":3},{"partido":6,"casa":12,"fuera":2},{"partido":7,"casa":13,"fuera":1},{"partido":8,"casa":14,"fuera":21},{"partido":9,"casa":15,"fuera":20},{"partido":10,"casa":16,"fuera":19},{"partido":11,"casa":17,"fuera":18}],"13":[{"partido":1,"casa":7,"fuera":8},{"partido":2,"casa":6,"fuera":9},{"partido":3,"casa":5,"fuera":10},{"partido":4,"casa":4,"fuera":11},{"partido":5,"casa":3,"fuera":12},{"partido":6,"casa":2,"fuera":13},{"partido":7,"casa":1,"fuera":14},{"partido":8,"casa":21,"fuera":15},{"partido":9,"casa":20,"fuera":16},{"partido":10,"casa":19,"fuera":17},{"partido":11,"casa":22,"fuera":18}],"14":[{"partido":1,"casa":8,"fuera":22},{"partido":2,"casa":9,"fuera":7},{"partido":3,"casa":10,"fuera":6},{"partido":4,"casa":11,"fuera":5},{"partido":5,"casa":12,"fuera":4},{"partido":6,"casa":13,"fuera":3},{"partido":7,"casa":14,"fuera":2},{"partido":8,"casa":15,"fuera":1},{"partido":9,"casa":16,"fuera":21},{"partido":10,"casa":17,"fuera":20},{"partido":11,"casa":18,"fuera":19}],"15":[{"partido":1,"casa":8,"fuera":9},{"partido":2,"casa":7,"fuera":10},{"partido":3,"casa":6,"fuera":11},{"partido":4,"casa":5,"fuera":12},{"partido":5,"casa":4,"fuera":13},{"partido":6,"casa":3,"fuera":14},{"partido":7,"casa":2,"fuera":15},{"partido":8,"casa":1,"fuera":16},{"partido":9,"casa":21,"fuera":17},{"partido":10,"casa":20,"fuera":18},{"partido":11,"casa":22,"fuera":19}],"16":[{"partido":1,"casa":9,"fuera":22},{"partido":2,"casa":10,"fuera":8},{"partido":3,"casa":11,"fuera":7},{"partido":4,"casa":12,"fuera":6},{"partido":5,"casa":13,"fuera":5},{"partido":6,"casa":14,"fuera":4},{"partido":7,"casa":15,"fuera":3},{"partido":8,"casa":16,"fuera":2},{"partido":9,"casa":17,"fuera":1},{"partido":10,"casa":18,"fuera":21},{"partido":11,"casa":19,"fuera":20}],"17":[{"partido":1,"casa":9,"fuera":10},{"partido":2,"casa":8,"fuera":11},{"partido":3,"casa":7,"fuera":12},{"partido":4,"casa":6,"fuera":13},{"partido":5,"casa":5,"fuera":14},{"partido":6,"casa":4,"fuera":15},{"partido":7,"casa":3,"fuera":16},{"partido":8,"casa":2,"fuera":17},{"partido":9,"casa":1,"fuera":18},{"partido":10,"casa":21,"fuera":19},{"partido":11,"casa":22,"fuera":20}],"18":[{"partido":1,"casa":10,"fuera":22},{"partido":2,"casa":11,"fuera":9},{"partido":3,"casa":12,"fuera":8},{"partido":4,"casa":13,"fuera":7},{"partido":5,"casa":14,"fuera":6},{"partido":6,"casa":15,"fuera":5},{"partido":7,"casa":16,"fuera":4},{"partido":8,"casa":17,"fuera":3},{"partido":9,"casa":18,"fuera":2},{"partido":10,"casa":19,"fuera":1},{"partido":11,"casa":20,"fuera":21}],"19":[{"partido":1,"casa":10,"fuera":11},{"partido":2,"casa":9,"fuera":12},{"partido":3,"casa":8,"fuera":13},{"partido":4,"casa":7,"fuera":14},{"partido":5,"casa":6,"fuera":15},{"partido":6,"casa":5,"fuera":16},{"partido":7,"casa":4,"fuera":17},{"partido":8,"casa":3,"fuera":18},{"partido":9,"casa":2,"fuera":19},{"partido":10,"casa":1,"fuera":20},{"partido":11,"casa":22,"fuera":21}],"20":[{"partido":1,"casa":22,"fuera":11},{"partido":2,"casa":12,"fuera":10},{"partido":3,"casa":13,"fuera":9},{"partido":4,"casa":14,"fuera":8},{"partido":5,"casa":15,"fuera":7},{"partido":6,"casa":16,"fuera":6},{"partido":7,"casa":17,"fuera":5},{"partido":8,"casa":18,"fuera":4},{"partido":9,"casa":19,"fuera":3},{"partido":10,"casa":20,"fuera":2},{"partido":11,"casa":21,"fuera":1}],"21":[{"partido":1,"casa":11,"fuera":12},{"partido":2,"casa":10,"fuera":13},{"partido":3,"casa":9,"fuera":14},{"partido":4,"casa":8,"fuera":15},{"partido":5,"casa":7,"fuera":16},{"partido":6,"casa":6,"fuera":17},{"partido":7,"casa":5,"fuera":18},{"partido":8,"casa":4,"fuera":19},{"partido":9,"casa":3,"fuera":20},{"partido":10,"casa":2,"fuera":21},{"partido":11,"casa":1,"fuera":22}],"22":[{"partido":1,"casa":2,"fuera":1},{"partido":2,"casa":3,"fuera":21},{"partido":3,"casa":4,"fuera":20},{"partido":4,"casa":5,"fuera":19},{"partido":5,"casa":6,"fuera":18},{"partido":6,"casa":7,"fuera":17},{"partido":7,"casa":8,"fuera":16},{"partido":8,"casa":9,"fuera":15},{"partido":9,"casa":10,"fuera":14},{"partido":10,"casa":11,"fuera":13},{"partido":11,"casa":12,"fuera":22}],"23":[{"partido":1,"casa":22,"fuera":2},{"partido":2,"casa":1,"fuera":3},{"partido":3,"casa":21,"fuera":4},{"partido":4,"casa":20,"fuera":5},{"partido":5,"casa":19,"fuera":6},{"partido":6,"casa":18,"fuera":7},{"partido":7,"casa":17,"fuera":8},{"partido":8,"casa":16,"fuera":9},{"partido":9,"casa":15,"fuera":10},{"partido":10,"casa":14,"fuera":11},{"partido":11,"casa":13,"fuera":12}],"24":[{"partido":1,"casa":3,"fuera":2},{"partido":2,"casa":4,"fuera":1},{"partido":3,"casa":5,"fuera":21},{"partido":4,"casa":6,"fuera":20},{"partido":5,"casa":7,"fuera":19},{"partido":6,"casa":8,"fuera":18},{"partido":7,"casa":9,"fuera":17},{"partido":8,"casa":10,"fuera":16},{"partido":9,"casa":11,"fuera":15},{"partido":10,"casa":12,"fuera":14},{"partido":11,"casa":13,"fuera":22}],"29":[{"partido":1,"casa":22,"fuera":5},{"partido":2,"casa":4,"fuera":6},{"partido":3,"casa":3,"fuera":7},{"partido":4,"casa":2,"fuera":8},{"partido":5,"casa":1,"fuera":9},{"partido":6,"casa":21,"fuera":10},{"partido":7,"casa":20,"fuera":11},{"partido":8,"casa":19,"fuera":12},{"partido":9,"casa":18,"fuera":13},{"partido":10,"casa":17,"fuera":14},{"partido":11,"casa":16,"fuera":15}],"30":[{"partido":1,"casa":6,"fuera":5},{"partido":2,"casa":7,"fuera":4},{"partido":3,"casa":8,"fuera":3},{"partido":4,"casa":9,"fuera":2},{"partido":5,"casa":10,"fuera":1},{"partido":6,"casa":11,"fuera":21},{"partido":7,"casa":12,"fuera":20},{"partido":8,"casa":13,"fuera":19},{"partido":9,"casa":14,"fuera":18},{"partido":10,"casa":15,"fuera":17},{"partido":11,"casa":16,"fuera":22}],"31":[{"partido":1,"casa":22,"fuera":6},{"partido":2,"casa":5,"fuera":7},{"partido":3,"casa":4,"fuera":8},{"partido":4,"casa":3,"fuera":9},{"partido":5,"casa":2,"fuera":10},{"partido":6,"casa":1,"fuera":11},{"partido":7,"casa":21,"fuera":12},{"partido":8,"casa":20,"fuera":13},{"partido":9,"casa":19,"fuera":14},{"partido":10,"casa":18,"fuera":15},{"partido":11,"casa":17,"fuera":16}],"32":[{"partido":1,"casa":7,"fuera":6},{"partido":2,"casa":8,"fuera":5},{"partido":3,"casa":9,"fuera":4},{"partido":4,"casa":10,"fuera":3},{"partido":5,"casa":11,"fuera":2},{"partido":6,"casa":12,"fuera":1},{"partido":7,"casa":13,"fuera":21},{"partido":8,"casa":14,"fuera":20},{"partido":9,"casa":15,"fuera":19},{"partido":10,"casa":16,"fuera":18},{"partido":11,"casa":17,"fuera":22}],"33":[{"partido":1,"casa":22,"fuera":7},{"partido":2,"casa":6,"fuera":8},{"partido":3,"casa":5,"fuera":9},{"partido":4,"casa":4,"fuera":10},{"partido":5,"casa":3,"fuera":11},{"partido":6,"casa":2,"fuera":12},{"partido":7,"casa":1,"fuera":13},{"partido":8,"casa":21,"fuera":14},{"partido":9,"casa":20,"fuera":15},{"partido":10,"casa":19,"fuera":16},{"partido":11,"casa":18,"fuera":17}],"34":[{"partido":1,"casa":8,"fuera":7},{"partido":2,"casa":9,"fuera":6},{"partido":3,"casa":10,"fuera":5},{"partido":4,"casa":11,"fuera":4},{"partido":5,"casa":12,"fuera":3},{"partido":6,"casa":13,"fuera":2},{"partido":7,"casa":14,"fuera":1},{"partido":8,"casa":15,"fuera":21},{"partido":9,"casa":16,"fuera":20},{"partido":10,"casa":17,"fuera":19},{"partido":11,"casa":18,"fuera":22}],"35":[{"partido":1,"casa":22,"fuera":8},{"partido":2,"casa":7,"fuera":9},{"partido":3,"casa":6,"fuera":10},{"partido":4,"casa":5,"fuera":11},{"partido":5,"casa":4,"fuera":12},{"partido":6,"casa":3,"fuera":13},{"partido":7,"casa":2,"fuera":14},{"partido":8,"casa":1,"fuera":15},{"partido":9,"casa":21,"fuera":16},{"partido":10,"casa":20,"fuera":17},{"partido":11,"casa":19,"fuera":18}],"36":[{"partido":1,"casa":9,"fuera":8},{"partido":2,"casa":10,"fuera":7},{"partido":3,"casa":11,"fuera":6},{"partido":4,"casa":12,"fuera":5},{"partido":5,"casa":13,"fuera":4},{"partido":6,"casa":14,"fuera":3},{"partido":7,"casa":15,"fuera":2},{"partido":8,"casa":16,"fuera":1},{"partido":9,"casa":17,"fuera":21},{"partido":10,"casa":18,"fuera":20},{"partido":11,"casa":19,"fuera":22}],"37":[{"partido":1,"casa":22,"fuera":9},{"partido":2,"casa":8,"fuera":10},{"partido":3,"casa":7,"fuera":11},{"partido":4,"casa":6,"fuera":12},{"partido":5,"casa":5,"fuera":13},{"partido":6,"casa":4,"fuera":14},{"partido":7,"casa":3,"fuera":15},{"partido":8,"casa":2,"fuera":16},{"partido":9,"casa":1,"fuera":17},{"partido":10,"casa":21,"fuera":18},{"partido":11,"casa":20,"fuera":19}],"38":[{"partido":1,"casa":10,"fuera":9},{"partido":2,"casa":11,"fuera":8},{"partido":3,"casa":12,"fuera":7},{"partido":4,"casa":13,"fuera":6},{"partido":5,"casa":14,"fuera":5},{"partido":6,"casa":15,"fuera":4},{"partido":7,"casa":16,"fuera":3},{"partido":8,"casa":17,"fuera":2},{"partido":9,"casa":18,"fuera":1},{"partido":10,"casa":19,"fuera":21},{"partido":11,"casa":20,"fuera":22}],"39":[{"partido":1,"casa":22,"fuera":10},{"partido":2,"casa":9,"fuera":11},{"partido":3,"casa":8,"fuera":12},{"partido":4,"casa":7,"fuera":13},{"partido":5,"casa":6,"fuera":14},{"partido":6,"casa":5,"fuera":15},{"partido":7,"casa":4,"fuera":16},{"partido":8,"casa":3,"fuera":17},{"partido":9,"casa":2,"fuera":18},{"partido":10,"casa":1,"fuera":19},{"partido":11,"casa":21,"fuera":20}],"40":[{"partido":1,"casa":11,"fuera":10},{"partido":2,"casa":12,"fuera":9},{"partido":3,"casa":13,"fuera":8},{"partido":4,"casa":14,"fuera":7},{"partido":5,"casa":15,"fuera":6},{"partido":6,"casa":16,"fuera":5},{"partido":7,"casa":17,"fuera":4},{"partido":8,"casa":18,"fuera":3},{"partido":9,"casa":19,"fuera":2},{"partido":10,"casa":20,"fuera":1},{"partido":11,"casa":21,"fuera":22}],"41":[{"partido":1,"casa":11,"fuera":22},{"partido":2,"casa":10,"fuera":12},{"partido":3,"casa":9,"fuera":13},{"partido":4,"casa":8,"fuera":14},{"partido":5,"casa":7,"fuera":15},{"partido":6,"casa":6,"fuera":16},{"partido":7,"casa":5,"fuera":17},{"partido":8,"casa":4,"fuera":18},{"partido":9,"casa":3,"fuera":19},{"partido":10,"casa":2,"fuera":20},{"partido":11,"casa":1,"fuera":21}],"42":[{"partido":1,"casa":12,"fuera":11},{"partido":2,"casa":13,"fuera":10},{"partido":3,"casa":14,"fuera":9},{"partido":4,"casa":15,"fuera":8},{"partido":5,"casa":16,"fuera":7},{"partido":6,"casa":17,"fuera":6},{"partido":7,"casa":18,"fuera":5},{"partido":8,"casa":19,"fuera":4},{"partido":9,"casa":20,"fuera":3},{"partido":10,"casa":21,"fuera":2},{"partido":11,"casa":22,"fuera":1}]},"1718":{"5":[{"partido":1,"casa":16,"fuera":8},{"partido":2,"casa":15,"fuera":9},{"partido":3,"casa":14,"fuera":10},{"partido":4,"casa":13,"fuera":11},{"partido":5,"casa":18,"fuera":12},{"partido":1,"casa":3,"fuera":4},{"partido":2,"casa":2,"fuera":5},{"partido":3,"casa":1,"fuera":6},{"partido":4,"casa":17,"fuera":7}],"6":[{"partido":1,"casa":4,"fuera":18},{"partido":2,"casa":5,"fuera":3},{"partido":3,"casa":6,"fuera":2},{"partido":4,"casa":7,"fuera":1},{"partido":5,"casa":8,"fuera":17},{"partido":6,"casa":9,"fuera":16},{"partido":7,"casa":10,"fuera":15},{"partido":8,"casa":11,"fuera":14},{"partido":9,"casa":12,"fuera":13}],"7":[{"partido":1,"casa":4,"fuera":5},{"partido":2,"casa":3,"fuera":6},{"partido":3,"casa":2,"fuera":7},{"partido":4,"casa":1,"fuera":8},{"partido":5,"casa":17,"fuera":9},{"partido":6,"casa":16,"fuera":10},{"partido":7,"casa":15,"fuera":11},{"partido":8,"casa":14,"fuera":12},{"partido":9,"casa":18,"fuera":13}],"8":[{"partido":1,"casa":5,"fuera":18},{"partido":2,"casa":6,"fuera":4},{"partido":3,"casa":7,"fuera":3},{"partido":4,"casa":8,"fuera":2},{"partido":5,"casa":9,"fuera":1},{"partido":6,"casa":10,"fuera":17},{"partido":7,"casa":11,"fuera":16},{"partido":8,"casa":12,"fuera":15},{"partido":9,"casa":13,"fuera":14}],"9":[{"partido":1,"casa":5,"fuera":6},{"partido":2,"casa":4,"fuera":7},{"partido":3,"casa":3,"fuera":8},{"partido":4,"casa":2,"fuera":9},{"partido":5,"casa":1,"fuera":10},{"partido":6,"casa":17,"fuera":11},{"partido":7,"casa":16,"fuera":12},{"partido":8,"casa":15,"fuera":13},{"partido":9,"casa":18,"fuera":14}],"10":[{"partido":1,"casa":6,"fuera":18},{"partido":1,"casa":7,"fuera":5},{"partido":2,"casa":8,"fuera":4},{"partido":3,"casa":9,"fuera":3},{"partido":4,"casa":10,"fuera":2},{"partido":5,"casa":11,"fuera":1},{"partido":6,"casa":12,"fuera":17},{"partido":7,"casa":13,"fuera":16},{"partido":8,"casa":14,"fuera":15}],"1":[{"partido":1,"casa":1,"fuera":2},{"partido":2,"casa":17,"fuera":3},{"partido":3,"casa":16,"fuera":4},{"partido":4,"casa":15,"fuera":5},{"partido":5,"casa":14,"fuera":6},{"partido":6,"casa":13,"fuera":7},{"partido":7,"casa":12,"fuera":8},{"partido":8,"casa":11,"fuera":9},{"partido":9,"casa":18,"fuera":10}],"2":[{"partido":1,"casa":2,"fuera":18},{"partido":2,"casa":3,"fuera":1},{"partido":3,"casa":4,"fuera":17},{"partido":4,"casa":5,"fuera":16},{"partido":5,"casa":6,"fuera":15},{"partido":6,"casa":7,"fuera":14},{"partido":7,"casa":8,"fuera":13},{"partido":8,"casa":9,"fuera":12},{"partido":9,"casa":10,"fuera":11}],"3":[{"partido":1,"casa":2,"fuera":3},{"partido":2,"casa":1,"fuera":4},{"partido":3,"casa":17,"fuera":5},{"partido":4,"casa":16,"fuera":6},{"partido":5,"casa":15,"fuera":7},{"partido":6,"casa":14,"fuera":8},{"partido":7,"casa":13,"fuera":9},{"partido":8,"casa":12,"fuera":10},{"partido":9,"casa":18,"fuera":11}],"4":[{"partido":1,"casa":3,"fuera":18},{"partido":2,"casa":4,"fuera":2},{"partido":3,"casa":5,"fuera":1},{"partido":4,"casa":6,"fuera":17},{"partido":5,"casa":7,"fuera":16},{"partido":6,"casa":8,"fuera":15},{"partido":7,"casa":9,"fuera":14},{"partido":8,"casa":10,"fuera":13},{"partido":9,"casa":11,"fuera":12}],"11":[{"partido":1,"casa":6,"fuera":7},{"partido":2,"casa":5,"fuera":8},{"partido":3,"casa":4,"fuera":9},{"partido":4,"casa":3,"fuera":10},{"partido":5,"casa":2,"fuera":11},{"partido":6,"casa":1,"fuera":12},{"partido":7,"casa":17,"fuera":13},{"partido":8,"casa":16,"fuera":14},{"partido":9,"casa":18,"fuera":15}],"12":[{"partido":1,"casa":7,"fuera":18},{"partido":2,"casa":8,"fuera":6},{"partido":3,"casa":9,"fuera":5},{"partido":4,"casa":10,"fuera":4},{"partido":5,"casa":11,"fuera":3},{"partido":6,"casa":12,"fuera":2},{"partido":7,"casa":13,"fuera":1},{"partido":8,"casa":14,"fuera":17},{"partido":9,"casa":15,"fuera":16}],"13":[{"partido":1,"casa":7,"fuera":8},{"partido":2,"casa":6,"fuera":9},{"partido":3,"casa":5,"fuera":10},{"partido":4,"casa":4,"fuera":11},{"partido":5,"casa":3,"fuera":12},{"partido":6,"casa":2,"fuera":13},{"partido":7,"casa":1,"fuera":14},{"partido":8,"casa":17,"fuera":15},{"partido":9,"casa":18,"fuera":16}],"14":[{"partido":1,"casa":8,"fuera":18},{"partido":2,"casa":9,"fuera":7},{"partido":3,"casa":10,"fuera":6},{"partido":4,"casa":11,"fuera":5},{"partido":5,"casa":12,"fuera":4},{"partido":6,"casa":13,"fuera":3},{"partido":7,"casa":14,"fuera":2},{"partido":8,"casa":15,"fuera":1},{"partido":9,"casa":16,"fuera":17}],"15":[{"partido":1,"casa":8,"fuera":9},{"partido":2,"casa":7,"fuera":10},{"partido":3,"casa":6,"fuera":11},{"partido":4,"casa":5,"fuera":12},{"partido":5,"casa":4,"fuera":13},{"partido":6,"casa":3,"fuera":14},{"partido":7,"casa":2,"fuera":15},{"partido":8,"casa":1,"fuera":16},{"partido":9,"casa":18,"fuera":17}],"16":[{"partido":1,"casa":18,"fuera":9},{"partido":2,"casa":10,"fuera":8},{"partido":3,"casa":11,"fuera":7},{"partido":4,"casa":12,"fuera":6},{"partido":5,"casa":13,"fuera":5},{"partido":6,"casa":14,"fuera":4},{"partido":7,"casa":15,"fuera":3},{"partido":8,"casa":16,"fuera":2},{"partido":9,"casa":17,"fuera":1}],"17":[{"partido":1,"casa":9,"fuera":10},{"partido":2,"casa":8,"fuera":11},{"partido":3,"casa":7,"fuera":12},{"partido":4,"casa":6,"fuera":13},{"partido":5,"casa":5,"fuera":14},{"partido":6,"casa":4,"fuera":15},{"partido":7,"casa":3,"fuera":16},{"partido":8,"casa":2,"fuera":17},{"partido":9,"casa":1,"fuera":18}],"18":[{"partido":1,"casa":2,"fuera":1},{"partido":2,"casa":3,"fuera":17},{"partido":3,"casa":4,"fuera":16},{"partido":4,"casa":5,"fuera":15},{"partido":5,"casa":6,"fuera":14},{"partido":6,"casa":7,"fuera":13},{"partido":7,"casa":8,"fuera":12},{"partido":8,"casa":9,"fuera":11},{"partido":9,"casa":10,"fuera":18}],"19":[{"partido":1,"casa":18,"fuera":2},{"partido":2,"casa":1,"fuera":3},{"partido":3,"casa":17,"fuera":4},{"partido":4,"casa":16,"fuera":5},{"partido":5,"casa":15,"fuera":6},{"partido":6,"casa":14,"fuera":7},{"partido":7,"casa":13,"fuera":8},{"partido":8,"casa":12,"fuera":9},{"partido":9,"casa":11,"fuera":10}],"20":[{"partido":1,"casa":3,"fuera":2},{"partido":2,"casa":4,"fuera":1},{"partido":3,"casa":5,"fuera":17},{"partido":4,"casa":6,"fuera":16},{"partido":5,"casa":7,"fuera":15},{"partido":6,"casa":8,"fuera":14},{"partido":7,"casa":9,"fuera":13},{"partido":8,"casa":10,"fuera":12},{"partido":9,"casa":11,"fuera":18}],"21":[{"partido":1,"casa":18,"fuera":3},{"partido":2,"casa":2,"fuera":4},{"partido":3,"casa":1,"fuera":5},{"partido":4,"casa":17,"fuera":6},{"partido":5,"casa":16,"fuera":7},{"partido":6,"casa":15,"fuera":8},{"partido":7,"casa":14,"fuera":9},{"partido":8,"casa":13,"fuera":10},{"partido":9,"casa":12,"fuera":11}],"22":[{"partido":1,"casa":4,"fuera":3},{"partido":2,"casa":5,"fuera":2},{"partido":3,"casa":6,"fuera":1},{"partido":4,"casa":7,"fuera":17},{"partido":5,"casa":8,"fuera":16},{"partido":6,"casa":9,"fuera":15},{"partido":7,"casa":10,"fuera":14},{"partido":8,"casa":11,"fuera":13},{"partido":9,"casa":12,"fuera":18}],"23":[{"partido":1,"casa":18,"fuera":4},{"partido":2,"casa":3,"fuera":5},{"partido":3,"casa":2,"fuera":6},{"partido":4,"casa":1,"fuera":7},{"partido":5,"casa":17,"fuera":8},{"partido":6,"casa":16,"fuera":9},{"partido":7,"casa":15,"fuera":10},{"partido":8,"casa":14,"fuera":11},{"partido":9,"casa":13,"fuera":12}],"24":[{"partido":1,"casa":5,"fuera":4},{"partido":2,"casa":6,"fuera":3},{"partido":3,"casa":7,"fuera":2},{"partido":4,"casa":8,"fuera":1},{"partido":5,"casa":9,"fuera":17},{"partido":6,"casa":10,"fuera":16},{"partido":7,"casa":11,"fuera":15},{"partido":8,"casa":12,"fuera":14},{"partido":9,"casa":13,"fuera":18}],"25":[{"partido":1,"casa":18,"fuera":5},{"partido":2,"casa":4,"fuera":6},{"partido":3,"casa":3,"fuera":7},{"partido":4,"casa":2,"fuera":8},{"partido":5,"casa":1,"fuera":9},{"partido":6,"casa":17,"fuera":10},{"partido":7,"casa":16,"fuera":11},{"partido":8,"casa":15,"fuera":12},{"partido":9,"casa":14,"fuera":13}],"26":[{"partido":1,"casa":6,"fuera":5},{"partido":2,"casa":7,"fuera":4},{"partido":3,"casa":8,"fuera":3},{"partido":4,"casa":9,"fuera":2},{"partido":5,"casa":10,"fuera":1},{"partido":6,"casa":11,"fuera":17},{"partido":7,"casa":12,"fuera":16},{"partido":8,"casa":13,"fuera":15},{"partido":9,"casa":14,"fuera":18}],"27":[{"partido":1,"casa":18,"fuera":6},{"partido":2,"casa":5,"fuera":7},{"partido":3,"casa":4,"fuera":8},{"partido":4,"casa":3,"fuera":9},{"partido":5,"casa":2,"fuera":10},{"partido":6,"casa":1,"fuera":11},{"partido":7,"casa":17,"fuera":12},{"partido":8,"casa":16,"fuera":13},{"partido":9,"casa":15,"fuera":14}],"28":[{"partido":1,"casa":7,"fuera":6},{"partido":2,"casa":8,"fuera":5},{"partido":3,"casa":9,"fuera":4},{"partido":4,"casa":10,"fuera":3},{"partido":5,"casa":11,"fuera":2},{"partido":6,"casa":12,"fuera":1},{"partido":7,"casa":13,"fuera":17},{"partido":8,"casa":14,"fuera":16},{"partido":9,"casa":15,"fuera":18}],"29":[{"partido":1,"casa":18,"fuera":7},{"partido":2,"casa":6,"fuera":8},{"partido":3,"casa":5,"fuera":9},{"partido":4,"casa":4,"fuera":10},{"partido":5,"casa":3,"fuera":11},{"partido":6,"casa":2,"fuera":12},{"partido":7,"casa":1,"fuera":13},{"partido":8,"casa":17,"fuera":14},{"partido":9,"casa":16,"fuera":15}],"30":[{"partido":1,"casa":8,"fuera":7},{"partido":2,"casa":9,"fuera":6},{"partido":3,"casa":10,"fuera":5},{"partido":4,"casa":11,"fuera":4},{"partido":5,"casa":12,"fuera":3},{"partido":6,"casa":13,"fuera":2},{"partido":7,"casa":14,"fuera":1},{"partido":8,"casa":15,"fuera":17},{"partido":9,"casa":16,"fuera":18}],"31":[{"partido":1,"casa":18,"fuera":8},{"partido":2,"casa":7,"fuera":9},{"partido":3,"casa":6,"fuera":10},{"partido":4,"casa":5,"fuera":11},{"partido":5,"casa":4,"fuera":12},{"partido":6,"casa":3,"fuera":13},{"partido":7,"casa":2,"fuera":14},{"partido":8,"casa":1,"fuera":15},{"partido":9,"casa":17,"fuera":16}],"32":[{"partido":1,"casa":9,"fuera":8},{"partido":2,"casa":10,"fuera":7},{"partido":3,"casa":11,"fuera":6},{"partido":4,"casa":12,"fuera":5},{"partido":5,"casa":13,"fuera":4},{"partido":6,"casa":14,"fuera":3},{"partido":7,"casa":15,"fuera":2},{"partido":8,"casa":16,"fuera":1},{"partido":9,"casa":17,"fuera":18}],"33":[{"partido":1,"casa":9,"fuera":18},{"partido":2,"casa":8,"fuera":10},{"partido":3,"casa":7,"fuera":11},{"partido":4,"casa":6,"fuera":12},{"partido":5,"casa":5,"fuera":13},{"partido":6,"casa":4,"fuera":14},{"partido":7,"casa":3,"fuera":15},{"partido":8,"casa":2,"fuera":16},{"partido":9,"casa":1,"fuera":17}],"34":[{"partido":1,"casa":10,"fuera":9},{"partido":2,"casa":11,"fuera":8},{"partido":3,"casa":12,"fuera":7},{"partido":4,"casa":13,"fuera":6},{"partido":5,"casa":14,"fuera":5},{"partido":6,"casa":15,"fuera":4},{"partido":7,"casa":16,"fuera":3},{"partido":8,"casa":17,"fuera":2},{"partido":9,"casa":18,"fuera":1}]},"1516":{"6":[{"partido":1,"casa":6,"fuera":2},{"partido":2,"casa":7,"fuera":1},{"partido":3,"casa":8,"fuera":15},{"partido":4,"casa":9,"fuera":14},{"partido":5,"casa":10,"fuera":13},{"partido":6,"casa":11,"fuera":12},{"partido":1,"casa":4,"fuera":16},{"partido":2,"casa":5,"fuera":3}],"7":[{"partido":1,"casa":4,"fuera":5},{"partido":2,"casa":3,"fuera":6},{"partido":3,"casa":2,"fuera":7},{"partido":4,"casa":1,"fuera":8},{"partido":5,"casa":15,"fuera":9},{"partido":6,"casa":14,"fuera":10},{"partido":7,"casa":13,"fuera":11},{"partido":8,"casa":16,"fuera":12}],"8":[{"partido":1,"casa":5,"fuera":16},{"partido":2,"casa":6,"fuera":4},{"partido":3,"casa":7,"fuera":3},{"partido":4,"casa":8,"fuera":2},{"partido":5,"casa":9,"fuera":1},{"partido":6,"casa":10,"fuera":15},{"partido":7,"casa":11,"fuera":14},{"partido":8,"casa":12,"fuera":13}],"9":[{"partido":1,"casa":5,"fuera":6},{"partido":2,"casa":4,"fuera":7},{"partido":3,"casa":3,"fuera":8},{"partido":4,"casa":2,"fuera":9},{"partido":5,"casa":1,"fuera":10},{"partido":6,"casa":15,"fuera":11},{"partido":7,"casa":14,"fuera":12},{"partido":8,"casa":16,"fuera":13}],"10":[{"partido":1,"casa":6,"fuera":16},{"partido":2,"casa":7,"fuera":5},{"partido":3,"casa":8,"fuera":4},{"partido":4,"casa":9,"fuera":3},{"partido":5,"casa":10,"fuera":2},{"partido":6,"casa":11,"fuera":1},{"partido":7,"casa":12,"fuera":15},{"partido":8,"casa":13,"fuera":14}],"11":[{"partido":1,"casa":6,"fuera":7},{"partido":2,"casa":5,"fuera":8},{"partido":3,"casa":4,"fuera":9},{"partido":4,"casa":3,"fuera":10},{"partido":1,"casa":2,"fuera":11},{"partido":2,"casa":1,"fuera":12},{"partido":3,"casa":15,"fuera":13},{"partido":4,"casa":16,"fuera":14}],"1":[{"partido":1,"casa":1,"fuera":2},{"partido":2,"casa":15,"fuera":3},{"partido":3,"casa":14,"fuera":4},{"partido":4,"casa":13,"fuera":5},{"partido":5,"casa":12,"fuera":6},{"partido":6,"casa":11,"fuera":7},{"partido":7,"casa":10,"fuera":8},{"partido":8,"casa":16,"fuera":9}],"2":[{"partido":1,"casa":2,"fuera":16},{"partido":2,"casa":3,"fuera":1},{"partido":3,"casa":4,"fuera":15},{"partido":4,"casa":5,"fuera":14},{"partido":5,"casa":6,"fuera":13},{"partido":6,"casa":7,"fuera":12},{"partido":7,"casa":8,"fuera":11},{"partido":8,"casa":9,"fuera":10}],"3":[{"partido":1,"casa":2,"fuera":3},{"partido":2,"casa":1,"fuera":4},{"partido":3,"casa":15,"fuera":5},{"partido":4,"casa":14,"fuera":6},{"partido":5,"casa":13,"fuera":7},{"partido":6,"casa":12,"fuera":8},{"partido":7,"casa":11,"fuera":9},{"partido":8,"casa":16,"fuera":10}],"4":[{"partido":1,"casa":3,"fuera":16},{"partido":2,"casa":4,"fuera":2},{"partido":3,"casa":5,"fuera":1},{"partido":4,"casa":6,"fuera":15},{"partido":5,"casa":7,"fuera":14},{"partido":6,"casa":8,"fuera":13},{"partido":7,"casa":9,"fuera":12},{"partido":8,"casa":10,"fuera":11}],"5":[{"partido":1,"casa":3,"fuera":4},{"partido":2,"casa":2,"fuera":5},{"partido":3,"casa":1,"fuera":6},{"partido":4,"casa":15,"fuera":7},{"partido":5,"casa":14,"fuera":8},{"partido":6,"casa":13,"fuera":9},{"partido":7,"casa":12,"fuera":10},{"partido":8,"casa":16,"fuera":11}],"12":[{"partido":1,"casa":7,"fuera":16},{"partido":2,"casa":8,"fuera":6},{"partido":3,"casa":9,"fuera":5},{"partido":4,"casa":10,"fuera":4},{"partido":5,"casa":11,"fuera":3},{"partido":6,"casa":12,"fuera":2},{"partido":7,"casa":13,"fuera":1},{"partido":8,"casa":14,"fuera":15}],"13":[{"partido":1,"casa":7,"fuera":8},{"partido":2,"casa":6,"fuera":9},{"partido":3,"casa":5,"fuera":10},{"partido":4,"casa":4,"fuera":11},{"partido":5,"casa":3,"fuera":12},{"partido":6,"casa":2,"fuera":13},{"partido":7,"casa":1,"fuera":14},{"partido":8,"casa":16,"fuera":15}],"14":[{"partido":1,"casa":16,"fuera":8},{"partido":2,"casa":9,"fuera":7},{"partido":3,"casa":10,"fuera":6},{"partido":4,"casa":11,"fuera":5},{"partido":5,"casa":12,"fuera":4},{"partido":6,"casa":13,"fuera":3},{"partido":7,"casa":14,"fuera":2},{"partido":8,"casa":15,"fuera":1}],"15":[{"partido":1,"casa":8,"fuera":9},{"partido":2,"casa":7,"fuera":10},{"partido":3,"casa":6,"fuera":11},{"partido":4,"casa":5,"fuera":12},{"partido":5,"casa":4,"fuera":13},{"partido":6,"casa":3,"fuera":14},{"partido":7,"casa":2,"fuera":15},{"partido":8,"casa":1,"fuera":16}],"16":[{"partido":1,"casa":2,"fuera":1},{"partido":2,"casa":3,"fuera":15},{"partido":3,"casa":4,"fuera":14},{"partido":4,"casa":5,"fuera":13},{"partido":5,"casa":6,"fuera":12},{"partido":6,"casa":7,"fuera":11},{"partido":7,"casa":8,"fuera":10},{"partido":8,"casa":9,"fuera":16}],"17":[{"partido":1,"casa":16,"fuera":2},{"partido":2,"casa":1,"fuera":3},{"partido":3,"casa":15,"fuera":4},{"partido":4,"casa":14,"fuera":5},{"partido":5,"casa":13,"fuera":6},{"partido":6,"casa":12,"fuera":7},{"partido":7,"casa":11,"fuera":8},{"partido":8,"casa":10,"fuera":9}],"18":[{"partido":1,"casa":3,"fuera":2},{"partido":2,"casa":4,"fuera":1},{"partido":3,"casa":5,"fuera":15},{"partido":4,"casa":6,"fuera":14},{"partido":5,"casa":7,"fuera":13},{"partido":6,"casa":8,"fuera":12},{"partido":7,"casa":9,"fuera":11},{"partido":8,"casa":10,"fuera":16}],"19":[{"partido":1,"casa":16,"fuera":3},{"partido":2,"casa":2,"fuera":4},{"partido":3,"casa":1,"fuera":5},{"partido":4,"casa":15,"fuera":6},{"partido":5,"casa":14,"fuera":7},{"partido":6,"casa":13,"fuera":8},{"partido":7,"casa":12,"fuera":9},{"partido":8,"casa":11,"fuera":10}],"20":[{"partido":1,"casa":4,"fuera":3},{"partido":2,"casa":5,"fuera":2},{"partido":3,"casa":6,"fuera":1},{"partido":4,"casa":7,"fuera":15},{"partido":5,"casa":8,"fuera":14},{"partido":6,"casa":9,"fuera":13},{"partido":7,"casa":10,"fuera":12},{"partido":8,"casa":11,"fuera":16}],"21":[{"partido":1,"casa":16,"fuera":4},{"partido":2,"casa":3,"fuera":5},{"partido":3,"casa":2,"fuera":6},{"partido":4,"casa":1,"fuera":7},{"partido":5,"casa":15,"fuera":8},{"partido":6,"casa":14,"fuera":9},{"partido":7,"casa":13,"fuera":10},{"partido":8,"casa":12,"fuera":11}],"22":[{"partido":1,"casa":5,"fuera":4},{"partido":2,"casa":6,"fuera":3},{"partido":3,"casa":7,"fuera":2},{"partido":4,"casa":8,"fuera":1},{"partido":5,"casa":9,"fuera":15},{"partido":6,"casa":10,"fuera":14},{"partido":7,"casa":11,"fuera":13},{"partido":8,"casa":12,"fuera":16}],"23":[{"partido":1,"casa":16,"fuera":5},{"partido":2,"casa":4,"fuera":6},{"partido":3,"casa":3,"fuera":7},{"partido":4,"casa":2,"fuera":8},{"partido":5,"casa":1,"fuera":9},{"partido":6,"casa":15,"fuera":10},{"partido":7,"casa":14,"fuera":11},{"partido":8,"casa":13,"fuera":12}],"24":[{"partido":1,"casa":6,"fuera":5},{"partido":2,"casa":7,"fuera":4},{"partido":3,"casa":8,"fuera":3},{"partido":4,"casa":9,"fuera":2},{"partido":5,"casa":10,"fuera":1},{"partido":6,"casa":11,"fuera":15},{"partido":7,"casa":12,"fuera":14},{"partido":8,"casa":13,"fuera":16}],"25":[{"partido":1,"casa":16,"fuera":6},{"partido":2,"casa":5,"fuera":7},{"partido":3,"casa":4,"fuera":8},{"partido":4,"casa":3,"fuera":9},{"partido":5,"casa":2,"fuera":10},{"partido":6,"casa":1,"fuera":11},{"partido":7,"casa":15,"fuera":12},{"partido":8,"casa":14,"fuera":13}],"26":[{"partido":1,"casa":7,"fuera":6},{"partido":2,"casa":8,"fuera":5},{"partido":3,"casa":9,"fuera":4},{"partido":4,"casa":10,"fuera":3},{"partido":5,"casa":11,"fuera":2},{"partido":6,"casa":12,"fuera":1},{"partido":7,"casa":13,"fuera":15},{"partido":8,"casa":14,"fuera":16}],"27":[{"partido":1,"casa":16,"fuera":7},{"partido":2,"casa":6,"fuera":8},{"partido":3,"casa":5,"fuera":9},{"partido":4,"casa":4,"fuera":10},{"partido":5,"casa":3,"fuera":11},{"partido":6,"casa":2,"fuera":12},{"partido":7,"casa":1,"fuera":13},{"partido":8,"casa":15,"fuera":14}],"28":[{"partido":1,"casa":8,"fuera":7},{"partido":2,"casa":9,"fuera":6},{"partido":3,"casa":10,"fuera":5},{"partido":4,"casa":11,"fuera":4},{"partido":5,"casa":12,"fuera":3},{"partido":6,"casa":13,"fuera":2},{"partido":7,"casa":14,"fuera":1},{"partido":8,"casa":15,"fuera":16}],"29":[{"partido":1,"casa":8,"fuera":16},{"partido":2,"casa":7,"fuera":9},{"partido":3,"casa":6,"fuera":10},{"partido":4,"casa":5,"fuera":11},{"partido":5,"casa":4,"fuera":12},{"partido":6,"casa":3,"fuera":13},{"partido":7,"casa":2,"fuera":14},{"partido":8,"casa":1,"fuera":15}],"30":[{"partido":1,"casa":9,"fuera":8},{"partido":2,"casa":10,"fuera":7},{"partido":3,"casa":11,"fuera":6},{"partido":4,"casa":12,"fuera":5},{"partido":5,"casa":13,"fuera":4},{"partido":6,"casa":14,"fuera":3},{"partido":7,"casa":15,"fuera":2},{"partido":8,"casa":16,"fuera":1}]},"1920":{"16":[{"partido":1,"casa":13,"fuera":5},{"partido":2,"casa":14,"fuera":4},{"partido":3,"casa":15,"fuera":3},{"partido":4,"casa":16,"fuera":2},{"partido":5,"casa":17,"fuera":1},{"partido":6,"casa":18,"fuera":19},{"partido":1,"casa":9,"fuera":20},{"partido":2,"casa":10,"fuera":8},{"partido":3,"casa":11,"fuera":7},{"partido":4,"casa":12,"fuera":6}],"17":[{"partido":1,"casa":9,"fuera":10},{"partido":2,"casa":8,"fuera":11},{"partido":3,"casa":7,"fuera":12},{"partido":4,"casa":6,"fuera":13},{"partido":5,"casa":5,"fuera":14},{"partido":6,"casa":4,"fuera":15},{"partido":7,"casa":3,"fuera":16},{"partido":8,"casa":2,"fuera":17},{"partido":9,"casa":1,"fuera":18},{"partido":10,"casa":20,"fuera":19}],"18":[{"partido":1,"casa":20,"fuera":10},{"partido":2,"casa":11,"fuera":9},{"partido":3,"casa":12,"fuera":8},{"partido":4,"casa":13,"fuera":7},{"partido":5,"casa":14,"fuera":6},{"partido":6,"casa":15,"fuera":5},{"partido":7,"casa":16,"fuera":4},{"partido":8,"casa":17,"fuera":3},{"partido":9,"casa":18,"fuera":2},{"partido":10,"casa":19,"fuera":1}],"19":[{"partido":1,"casa":10,"fuera":11},{"partido":2,"casa":9,"fuera":12},{"partido":3,"casa":8,"fuera":13},{"partido":4,"casa":7,"fuera":14},{"partido":5,"casa":6,"fuera":15},{"partido":6,"casa":5,"fuera":16},{"partido":7,"casa":4,"fuera":17},{"partido":8,"casa":3,"fuera":18},{"partido":9,"casa":2,"fuera":19},{"partido":10,"casa":1,"fuera":20}],"20":[{"partido":1,"casa":2,"fuera":1},{"partido":2,"casa":3,"fuera":19},{"partido":3,"casa":4,"fuera":18},{"partido":4,"casa":5,"fuera":17},{"partido":5,"casa":6,"fuera":16},{"partido":6,"casa":7,"fuera":15},{"partido":7,"casa":8,"fuera":14},{"partido":8,"casa":9,"fuera":13},{"partido":9,"casa":10,"fuera":12},{"partido":10,"casa":11,"fuera":20}],"21":[{"partido":1,"casa":20,"fuera":2},{"partido":2,"casa":1,"fuera":3},{"partido":3,"casa":19,"fuera":4},{"partido":4,"casa":18,"fuera":5},{"partido":5,"casa":17,"fuera":6},{"partido":6,"casa":16,"fuera":7},{"partido":7,"casa":15,"fuera":8},{"partido":8,"casa":14,"fuera":9},{"partido":9,"casa":13,"fuera":10},{"partido":10,"casa":12,"fuera":11}],"22":[{"partido":1,"casa":3,"fuera":2},{"partido":2,"casa":4,"fuera":1},{"partido":3,"casa":5,"fuera":19},{"partido":4,"casa":6,"fuera":18},{"partido":5,"casa":7,"fuera":17},{"partido":6,"casa":8,"fuera":16},{"partido":7,"casa":9,"fuera":15},{"partido":8,"casa":10,"fuera":14},{"partido":9,"casa":11,"fuera":13},{"partido":10,"casa":12,"fuera":20}],"23":[{"partido":1,"casa":20,"fuera":3},{"partido":2,"casa":2,"fuera":4},{"partido":3,"casa":1,"fuera":5},{"partido":4,"casa":19,"fuera":6},{"partido":5,"casa":18,"fuera":7},{"partido":6,"casa":17,"fuera":8},{"partido":7,"casa":16,"fuera":9},{"partido":8,"casa":15,"fuera":10},{"partido":9,"casa":14,"fuera":11},{"partido":10,"casa":13,"fuera":12}],"24":[{"partido":1,"casa":4,"fuera":3},{"partido":2,"casa":5,"fuera":2},{"partido":3,"casa":6,"fuera":1},{"partido":4,"casa":7,"fuera":19},{"partido":5,"casa":8,"fuera":18},{"partido":6,"casa":9,"fuera":17},{"partido":7,"casa":10,"fuera":16},{"partido":8,"casa":11,"fuera":15},{"partido":9,"casa":12,"fuera":14},{"partido":10,"casa":13,"fuera":20}],"25":[{"partido":1,"casa":20,"fuera":4},{"partido":2,"casa":3,"fuera":5},{"partido":3,"casa":2,"fuera":6},{"partido":4,"casa":1,"fuera":7},{"partido":5,"casa":19,"fuera":8},{"partido":6,"casa":18,"fuera":9},{"partido":7,"casa":17,"fuera":10},{"partido":8,"casa":16,"fuera":11},{"partido":9,"casa":15,"fuera":12},{"partido":10,"casa":14,"fuera":13}],"26":[{"partido":1,"casa":5,"fuera":4},{"partido":2,"casa":6,"fuera":3},{"partido":3,"casa":7,"fuera":2},{"partido":4,"casa":8,"fuera":1},{"partido":5,"casa":9,"fuera":19},{"partido":6,"casa":10,"fuera":18},{"partido":7,"casa":11,"fuera":17},{"partido":8,"casa":12,"fuera":16},{"partido":9,"casa":13,"fuera":15},{"partido":10,"casa":14,"fuera":20}],"27":[{"partido":1,"casa":20,"fuera":5},{"partido":2,"casa":4,"fuera":6},{"partido":3,"casa":3,"fuera":7},{"partido":4,"casa":2,"fuera":8},{"partido":5,"casa":1,"fuera":9},{"partido":6,"casa":19,"fuera":10},{"partido":7,"casa":18,"fuera":11},{"partido":8,"casa":17,"fuera":12},{"partido":9,"casa":16,"fuera":13},{"partido":10,"casa":15,"fuera":14}],"28":[{"partido":1,"casa":6,"fuera":5},{"partido":2,"casa":7,"fuera":4},{"partido":3,"casa":8,"fuera":3},{"partido":4,"casa":9,"fuera":2},{"partido":5,"casa":10,"fuera":1},{"partido":6,"casa":11,"fuera":19},{"partido":7,"casa":12,"fuera":18},{"partido":8,"casa":13,"fuera":17},{"partido":9,"casa":14,"fuera":16},{"partido":10,"casa":15,"fuera":20}],"29":[{"partido":1,"casa":20,"fuera":6},{"partido":2,"casa":5,"fuera":7},{"partido":3,"casa":4,"fuera":8},{"partido":4,"casa":3,"fuera":9},{"partido":5,"casa":2,"fuera":10},{"partido":6,"casa":1,"fuera":11},{"partido":7,"casa":19,"fuera":12},{"partido":8,"casa":18,"fuera":13},{"partido":9,"casa":17,"fuera":14},{"partido":10,"casa":16,"fuera":15}],"30":[{"partido":1,"casa":7,"fuera":6},{"partido":2,"casa":8,"fuera":5},{"partido":3,"casa":9,"fuera":4},{"partido":4,"casa":10,"fuera":3},{"partido":5,"casa":11,"fuera":2},{"partido":6,"casa":12,"fuera":1},{"partido":7,"casa":13,"fuera":19},{"partido":8,"casa":14,"fuera":18},{"partido":9,"casa":15,"fuera":17},{"partido":10,"casa":16,"fuera":20}],"31":[{"partido":1,"casa":20,"fuera":7},{"partido":2,"casa":6,"fuera":8},{"partido":3,"casa":5,"fuera":9},{"partido":4,"casa":4,"fuera":10},{"partido":5,"casa":3,"fuera":11},{"partido":6,"casa":2,"fuera":12},{"partido":7,"casa":1,"fuera":13},{"partido":8,"casa":19,"fuera":14},{"partido":9,"casa":18,"fuera":15},{"partido":10,"casa":17,"fuera":16}],"32":[{"partido":1,"casa":8,"fuera":7},{"partido":2,"casa":9,"fuera":6},{"partido":3,"casa":10,"fuera":5},{"partido":4,"casa":11,"fuera":4},{"partido":5,"casa":12,"fuera":3},{"partido":6,"casa":13,"fuera":2},{"partido":7,"casa":14,"fuera":1},{"partido":8,"casa":15,"fuera":19},{"partido":9,"casa":16,"fuera":18},{"partido":10,"casa":17,"fuera":20}],"33":[{"partido":1,"casa":20,"fuera":8},{"partido":2,"casa":7,"fuera":9},{"partido":3,"casa":6,"fuera":10},{"partido":4,"casa":5,"fuera":11},{"partido":5,"casa":4,"fuera":12},{"partido":6,"casa":3,"fuera":13},{"partido":7,"casa":2,"fuera":14},{"partido":8,"casa":1,"fuera":15},{"partido":9,"casa":19,"fuera":16},{"partido":10,"casa":18,"fuera":17}],"34":[{"partido":1,"casa":9,"fuera":8},{"partido":2,"casa":10,"fuera":7},{"partido":3,"casa":11,"fuera":6},{"partido":4,"casa":12,"fuera":5},{"partido":5,"casa":13,"fuera":4},{"partido":6,"casa":14,"fuera":3},{"partido":7,"casa":15,"fuera":2},{"partido":8,"casa":16,"fuera":1},{"partido":9,"casa":17,"fuera":19},{"partido":10,"casa":18,"fuera":20}],"35":[{"partido":1,"casa":20,"fuera":9},{"partido":2,"casa":8,"fuera":10},{"partido":3,"casa":7,"fuera":11},{"partido":4,"casa":6,"fuera":12},{"partido":5,"casa":5,"fuera":13},{"partido":6,"casa":4,"fuera":14},{"partido":7,"casa":3,"fuera":15},{"partido":8,"casa":2,"fuera":16},{"partido":9,"casa":1,"fuera":17},{"partido":10,"casa":19,"fuera":18}],"36":[{"partido":1,"casa":10,"fuera":9},{"partido":2,"casa":11,"fuera":8},{"partido":3,"casa":12,"fuera":7},{"partido":4,"casa":13,"fuera":6},{"partido":5,"casa":14,"fuera":5},{"partido":6,"casa":15,"fuera":4},{"partido":7,"casa":16,"fuera":3},{"partido":8,"casa":17,"fuera":2},{"partido":9,"casa":18,"fuera":1},{"partido":10,"casa":19,"fuera":20}],"37":[{"partido":1,"casa":10,"fuera":20},{"partido":2,"casa":9,"fuera":11},{"partido":3,"casa":8,"fuera":12},{"partido":4,"casa":7,"fuera":13},{"partido":5,"casa":6,"fuera":14},{"partido":6,"casa":5,"fuera":15},{"partido":7,"casa":4,"fuera":16},{"partido":8,"casa":3,"fuera":17},{"partido":9,"casa":2,"fuera":18},{"partido":10,"casa":1,"fuera":19}],"38":[{"partido":1,"casa":11,"fuera":10},{"partido":2,"casa":12,"fuera":9},{"partido":3,"casa":13,"fuera":8},{"partido":4,"casa":14,"fuera":7},{"partido":5,"casa":15,"fuera":6},{"partido":6,"casa":16,"fuera":5},{"partido":7,"casa":17,"fuera":4},{"partido":8,"casa":18,"fuera":3},{"partido":9,"casa":19,"fuera":2},{"partido":10,"casa":20,"fuera":1}],"1":[{"partido":1,"casa":1,"fuera":2},{"partido":2,"casa":19,"fuera":3},{"partido":3,"casa":18,"fuera":4},{"partido":4,"casa":17,"fuera":5},{"partido":5,"casa":16,"fuera":6},{"partido":6,"casa":15,"fuera":7},{"partido":7,"casa":14,"fuera":8},{"partido":8,"casa":13,"fuera":9},{"partido":9,"casa":12,"fuera":10},{"partido":10,"casa":20,"fuera":11}],"2":[{"partido":1,"casa":2,"fuera":20},{"partido":2,"casa":3,"fuera":1},{"partido":3,"casa":4,"fuera":19},{"partido":4,"casa":5,"fuera":18},{"partido":5,"casa":6,"fuera":17},{"partido":6,"casa":7,"fuera":16},{"partido":7,"casa":8,"fuera":15},{"partido":8,"casa":9,"fuera":14},{"partido":9,"casa":10,"fuera":13},{"partido":10,"casa":11,"fuera":12}],"3":[{"partido":1,"casa":2,"fuera":3},{"partido":2,"casa":1,"fuera":4},{"partido":3,"casa":19,"fuera":5},{"partido":4,"casa":18,"fuera":6},{"partido":5,"casa":17,"fuera":7},{"partido":6,"casa":16,"fuera":8},{"partido":7,"casa":15,"fuera":9},{"partido":8,"casa":14,"fuera":10},{"partido":9,"casa":13,"fuera":11},{"partido":10,"casa":20,"fuera":12}],"4":[{"partido":1,"casa":3,"fuera":20},{"partido":2,"casa":4,"fuera":2},{"partido":3,"casa":5,"fuera":1},{"partido":4,"casa":6,"fuera":19},{"partido":5,"casa":7,"fuera":18},{"partido":6,"casa":8,"fuera":17},{"partido":7,"casa":9,"fuera":16},{"partido":8,"casa":10,"fuera":15},{"partido":9,"casa":11,"fuera":14},{"partido":10,"casa":12,"fuera":13}],"5":[{"partido":1,"casa":3,"fuera":4},{"partido":2,"casa":2,"fuera":5},{"partido":3,"casa":1,"fuera":6},{"partido":4,"casa":19,"fuera":7},{"partido":5,"casa":18,"fuera":8},{"partido":6,"casa":17,"fuera":9},{"partido":7,"casa":16,"fuera":10},{"partido":8,"casa":15,"fuera":11},{"partido":9,"casa":14,"fuera":12},{"partido":10,"casa":20,"fuera":13}],"6":[{"partido":1,"casa":4,"fuera":20},{"partido":2,"casa":5,"fuera":3},{"partido":3,"casa":6,"fuera":2},{"partido":4,"casa":7,"fuera":1},{"partido":5,"casa":8,"fuera":19},{"partido":6,"casa":9,"fuera":18},{"partido":7,"casa":10,"fuera":17},{"partido":8,"casa":11,"fuera":16},{"partido":9,"casa":12,"fuera":15},{"partido":10,"casa":13,"fuera":14}],"7":[{"partido":1,"casa":4,"fuera":5},{"partido":2,"casa":3,"fuera":6},{"partido":3,"casa":2,"fuera":7},{"partido":4,"casa":1,"fuera":8},{"partido":5,"casa":19,"fuera":9},{"partido":6,"casa":18,"fuera":10},{"partido":7,"casa":17,"fuera":11},{"partido":8,"casa":16,"fuera":12},{"partido":9,"casa":15,"fuera":13},{"partido":10,"casa":20,"fuera":14}],"8":[{"partido":1,"casa":5,"fuera":20},{"partido":2,"casa":6,"fuera":4},{"partido":3,"casa":7,"fuera":3},{"partido":4,"casa":8,"fuera":2},{"partido":5,"casa":9,"fuera":1},{"partido":6,"casa":10,"fuera":19},{"partido":7,"casa":11,"fuera":18},{"partido":8,"casa":12,"fuera":17},{"partido":9,"casa":13,"fuera":16},{"partido":10,"casa":14,"fuera":15}],"9":[{"partido":1,"casa":5,"fuera":6},{"partido":2,"casa":4,"fuera":7},{"partido":3,"casa":3,"fuera":8},{"partido":4,"casa":2,"fuera":9},{"partido":5,"casa":1,"fuera":10},{"partido":6,"casa":19,"fuera":11},{"partido":7,"casa":18,"fuera":12},{"partido":8,"casa":17,"fuera":13},{"partido":9,"casa":16,"fuera":14},{"partido":10,"casa":20,"fuera":15}],"10":[{"partido":1,"casa":6,"fuera":20},{"partido":2,"casa":7,"fuera":5},{"partido":3,"casa":8,"fuera":4},{"partido":4,"casa":9,"fuera":3},{"partido":5,"casa":10,"fuera":2},{"partido":6,"casa":11,"fuera":1},{"partido":7,"casa":12,"fuera":19},{"partido":8,"casa":13,"fuera":18},{"partido":9,"casa":14,"fuera":17},{"partido":10,"casa":15,"fuera":16}],"11":[{"partido":1,"casa":6,"fuera":7},{"partido":2,"casa":5,"fuera":8},{"partido":3,"casa":4,"fuera":9},{"partido":4,"casa":3,"fuera":10},{"partido":5,"casa":2,"fuera":11},{"partido":6,"casa":1,"fuera":12},{"partido":7,"casa":19,"fuera":13},{"partido":8,"casa":18,"fuera":14},{"partido":9,"casa":17,"fuera":15},{"partido":10,"casa":20,"fuera":16}],"12":[{"partido":1,"casa":7,"fuera":20},{"partido":2,"casa":8,"fuera":6},{"partido":3,"casa":9,"fuera":5},{"partido":4,"casa":10,"fuera":4},{"partido":5,"casa":11,"fuera":3},{"partido":6,"casa":12,"fuera":2},{"partido":7,"casa":13,"fuera":1},{"partido":8,"casa":14,"fuera":19},{"partido":9,"casa":15,"fuera":18},{"partido":10,"casa":16,"fuera":17}],"13":[{"partido":1,"casa":7,"fuera":8},{"partido":2,"casa":6,"fuera":9},{"partido":3,"casa":5,"fuera":10},{"partido":4,"casa":4,"fuera":11},{"partido":5,"casa":3,"fuera":12},{"partido":6,"casa":2,"fuera":13},{"partido":7,"casa":1,"fuera":14},{"partido":8,"casa":19,"fuera":15},{"partido":9,"casa":18,"fuera":16},{"partido":10,"casa":20,"fuera":17}],"14":[{"partido":1,"casa":8,"fuera":20},{"partido":2,"casa":9,"fuera":7},{"partido":3,"casa":10,"fuera":6},{"partido":4,"casa":11,"fuera":5},{"partido":5,"casa":12,"fuera":4},{"partido":6,"casa":13,"fuera":3},{"partido":7,"casa":14,"fuera":2},{"partido":8,"casa":15,"fuera":1},{"partido":9,"casa":16,"fuera":19},{"partido":10,"casa":17,"fuera":18}],"15":[{"partido":1,"casa":8,"fuera":9},{"partido":2,"casa":7,"fuera":10},{"partido":3,"casa":6,"fuera":11},{"partido":4,"casa":5,"fuera":12},{"partido":5,"casa":4,"fuera":13},{"partido":6,"casa":3,"fuera":14},{"partido":7,"casa":2,"fuera":15},{"partido":8,"casa":1,"fuera":16},{"partido":9,"casa":19,"fuera":17},{"partido":10,"casa":20,"fuera":18}]},"2324":{"1":[{"partido":1,"casa":1,"fuera":2},{"partido":2,"casa":23,"fuera":3},{"partido":3,"casa":22,"fuera":4},{"partido":4,"casa":21,"fuera":5},{"partido":5,"casa":20,"fuera":6},{"partido":6,"casa":19,"fuera":7},{"partido":7,"casa":18,"fuera":8},{"partido":8,"casa":17,"fuera":9},{"partido":9,"casa":16,"fuera":10},{"partido":10,"casa":15,"fuera":11},{"partido":11,"casa":14,"fuera":12},{"partido":12,"casa":24,"fuera":13}],"2":[{"partido":1,"casa":13,"fuera":14},{"partido":2,"casa":12,"fuera":15},{"partido":3,"casa":11,"fuera":16},{"partido":4,"casa":10,"fuera":17},{"partido":5,"casa":9,"fuera":18},{"partido":6,"casa":8,"fuera":19},{"partido":7,"casa":7,"fuera":20},{"partido":8,"casa":6,"fuera":21},{"partido":9,"casa":5,"fuera":22},{"partido":10,"casa":4,"fuera":23},{"partido":11,"casa":3,"fuera":1},{"partido":12,"casa":2,"fuera":24}],"3":[{"partido":1,"casa":2,"fuera":3},{"partido":2,"casa":1,"fuera":4},{"partido":3,"casa":23,"fuera":5},{"partido":4,"casa":22,"fuera":6},{"partido":5,"casa":21,"fuera":7},{"partido":6,"casa":20,"fuera":8},{"partido":7,"casa":19,"fuera":9},{"partido":8,"casa":18,"fuera":10},{"partido":9,"casa":17,"fuera":11},{"partido":10,"casa":16,"fuera":12},{"partido":11,"casa":15,"fuera":13},{"partido":12,"casa":24,"fuera":14}],"4":[{"partido":1,"casa":14,"fuera":15},{"partido":2,"casa":13,"fuera":16},{"partido":3,"casa":12,"fuera":17},{"partido":4,"casa":11,"fuera":18},{"partido":5,"casa":10,"fuera":19},{"partido":6,"casa":9,"fuera":20},{"partido":7,"casa":8,"fuera":21},{"partido":8,"casa":7,"fuera":22},{"partido":9,"casa":6,"fuera":23},{"partido":10,"casa":5,"fuera":1},{"partido":11,"casa":4,"fuera":2},{"partido":12,"casa":3,"fuera":24}],"5":[{"partido":1,"casa":3,"fuera":4},{"partido":2,"casa":2,"fuera":5},{"partido":3,"casa":1,"fuera":6},{"partido":4,"casa":23,"fuera":7},{"partido":5,"casa":22,"fuera":8},{"partido":6,"casa":21,"fuera":9},{"partido":7,"casa":20,"fuera":10},{"partido":8,"casa":19,"fuera":11},{"partido":9,"casa":18,"fuera":12},{"partido":10,"casa":17,"fuera":13},{"partido":11,"casa":16,"fuera":14},{"partido":12,"casa":24,"fuera":15}],"6":[{"partido":1,"casa":15,"fuera":16},{"partido":2,"casa":13,"fuera":17},{"partido":3,"casa":13,"fuera":18},{"partido":4,"casa":12,"fuera":19},{"partido":5,"casa":11,"fuera":20},{"partido":6,"casa":10,"fuera":21},{"partido":7,"casa":9,"fuera":22},{"partido":8,"casa":8,"fuera":23},{"partido":9,"casa":7,"fuera":1},{"partido":10,"casa":6,"fuera":2},{"partido":11,"casa":5,"fuera":3},{"partido":12,"casa":4,"fuera":24}],"7":[{"partido":1,"casa":4,"fuera":5},{"partido":2,"casa":3,"fuera":6},{"partido":3,"casa":2,"fuera":7},{"partido":4,"casa":1,"fuera":8},{"partido":5,"casa":23,"fuera":9},{"partido":6,"casa":22,"fuera":10},{"partido":7,"casa":21,"fuera":11},{"partido":8,"casa":20,"fuera":12},{"partido":9,"casa":19,"fuera":13},{"partido":10,"casa":18,"fuera":14},{"partido":11,"casa":17,"fuera":15},{"partido":12,"casa":24,"fuera":16}],"8":[{"partido":1,"casa":16,"fuera":17},{"partido":2,"casa":15,"fuera":18},{"partido":3,"casa":14,"fuera":19},{"partido":4,"casa":13,"fuera":20},{"partido":5,"casa":12,"fuera":21},{"partido":6,"casa":11,"fuera":22},{"partido":7,"casa":10,"fuera":23},{"partido":8,"casa":9,"fuera":1},{"partido":9,"casa":8,"fuera":2},{"partido":10,"casa":7,"fuera":3},{"partido":11,"casa":6,"fuera":4},{"partido":12,"casa":5,"fuera":24}],"9":[{"partido":1,"casa":5,"fuera":6},{"partido":2,"casa":4,"fuera":7},{"partido":3,"casa":3,"fuera":8},{"partido":4,"casa":2,"fuera":9},{"partido":5,"casa":1,"fuera":10},{"partido":6,"casa":23,"fuera":11},{"partido":7,"casa":22,"fuera":12},{"partido":8,"casa":21,"fuera":13},{"partido":9,"casa":20,"fuera":14},{"partido":10,"casa":19,"fuera":15},{"partido":11,"casa":18,"fuera":16},{"partido":12,"casa":24,"fuera":17}],"10":[{"partido":1,"casa":17,"fuera":18},{"partido":2,"casa":16,"fuera":19},{"partido":3,"casa":15,"fuera":20},{"partido":4,"casa":14,"fuera":21},{"partido":5,"casa":13,"fuera":22},{"partido":6,"casa":12,"fuera":23},{"partido":7,"casa":11,"fuera":1},{"partido":8,"casa":10,"fuera":2},{"partido":9,"casa":9,"fuera":3},{"partido":10,"casa":8,"fuera":4},{"partido":11,"casa":7,"fuera":5},{"partido":12,"casa":6,"fuera":24}],"11":[{"partido":1,"casa":6,"fuera":7},{"partido":2,"casa":5,"fuera":8},{"partido":3,"casa":4,"fuera":9},{"partido":4,"casa":3,"fuera":10},{"partido":5,"casa":2,"fuera":11},{"partido":6,"casa":1,"fuera":12},{"partido":7,"casa":23,"fuera":13},{"partido":8,"casa":22,"fuera":14},{"partido":9,"casa":21,"fuera":15},{"partido":10,"casa":20,"fuera":16},{"partido":11,"casa":19,"fuera":17},{"partido":12,"casa":24,"fuera":18}],"12":[{"partido":1,"casa":18,"fuera":19},{"partido":2,"casa":17,"fuera":20},{"partido":3,"casa":16,"fuera":21},{"partido":4,"casa":15,"fuera":22},{"partido":5,"casa":14,"fuera":23},{"partido":6,"casa":13,"fuera":1},{"partido":7,"casa":12,"fuera":2},{"partido":8,"casa":11,"fuera":3},{"partido":9,"casa":10,"fuera":4},{"partido":10,"casa":9,"fuera":5},{"partido":11,"casa":8,"fuera":6},{"partido":12,"casa":7,"fuera":24}],"13":[{"partido":1,"casa":7,"fuera":8},{"partido":2,"casa":6,"fuera":9},{"partido":3,"casa":5,"fuera":10},{"partido":4,"casa":4,"fuera":11},{"partido":5,"casa":3,"fuera":12},{"partido":6,"casa":2,"fuera":13},{"partido":7,"casa":1,"fuera":14},{"partido":8,"casa":23,"fuera":15},{"partido":9,"casa":22,"fuera":16},{"partido":10,"casa":21,"fuera":17},{"partido":11,"casa":20,"fuera":18},{"partido":12,"casa":24,"fuera":19}],"14":[{"partido":1,"casa":19,"fuera":20},{"partido":2,"casa":18,"fuera":21},{"partido":3,"casa":17,"fuera":22},{"partido":4,"casa":16,"fuera":23},{"partido":5,"casa":15,"fuera":1},{"partido":6,"casa":14,"fuera":2},{"partido":7,"casa":13,"fuera":3},{"partido":8,"casa":12,"fuera":4},{"partido":9,"casa":11,"fuera":5},{"partido":10,"casa":10,"fuera":6},{"partido":11,"casa":9,"fuera":7},{"partido":12,"casa":8,"fuera":24}],"15":[{"partido":1,"casa":8,"fuera":9},{"partido":2,"casa":7,"fuera":10},{"partido":3,"casa":6,"fuera":11},{"partido":4,"casa":5,"fuera":12},{"partido":5,"casa":4,"fuera":13},{"partido":6,"casa":3,"fuera":14},{"partido":7,"casa":2,"fuera":15},{"partido":8,"casa":1,"fuera":16},{"partido":9,"casa":24,"fuera":17},{"partido":10,"casa":22,"fuera":18},{"partido":11,"casa":21,"fuera":19},{"partido":12,"casa":24,"fuera":20}],"16":[{"partido":1,"casa":20,"fuera":21},{"partido":2,"casa":19,"fuera":22},{"partido":3,"casa":18,"fuera":23},{"partido":4,"casa":17,"fuera":1},{"partido":5,"casa":16,"fuera":2},{"partido":6,"casa":15,"fuera":3},{"partido":7,"casa":14,"fuera":4},{"partido":8,"casa":13,"fuera":5},{"partido":9,"casa":12,"fuera":6},{"partido":10,"casa":11,"fuera":7},{"partido":11,"casa":10,"fuera":8},{"partido":12,"casa":9,"fuera":24}],"17":[{"partido":1,"casa":9,"fuera":10},{"partido":2,"casa":8,"fuera":11},{"partido":3,"casa":7,"fuera":12},{"partido":4,"casa":6,"fuera":13},{"partido":5,"casa":5,"fuera":14},{"partido":6,"casa":4,"fuera":15},{"partido":7,"casa":3,"fuera":16},{"partido":8,"casa":2,"fuera":17},{"partido":9,"casa":1,"fuera":18},{"partido":10,"casa":23,"fuera":19},{"partido":11,"casa":22,"fuera":20},{"partido":12,"casa":24,"fuera":21}],"18":[{"partido":1,"casa":21,"fuera":22},{"partido":2,"casa":20,"fuera":23},{"partido":3,"casa":19,"fuera":1},{"partido":4,"casa":18,"fuera":2},{"partido":5,"casa":17,"fuera":3},{"partido":6,"casa":16,"fuera":4},{"partido":7,"casa":15,"fuera":5},{"partido":8,"casa":14,"fuera":6},{"partido":9,"casa":13,"fuera":7},{"partido":10,"casa":12,"fuera":8},{"partido":11,"casa":11,"fuera":9},{"partido":12,"casa":10,"fuera":24}],"19":[{"partido":1,"casa":10,"fuera":11},{"partido":2,"casa":9,"fuera":12},{"partido":3,"casa":8,"fuera":13},{"partido":4,"casa":7,"fuera":14},{"partido":5,"casa":6,"fuera":15},{"partido":6,"casa":5,"fuera":16},{"partido":7,"casa":4,"fuera":17},{"partido":8,"casa":3,"fuera":18},{"partido":9,"casa":2,"fuera":19},{"partido":10,"casa":1,"fuera":20},{"partido":11,"casa":23,"fuera":21},{"partido":12,"casa":24,"fuera":22}],"20":[{"partido":1,"casa":22,"fuera":23},{"partido":2,"casa":21,"fuera":1},{"partido":3,"casa":20,"fuera":2},{"partido":4,"casa":19,"fuera":3},{"partido":5,"casa":18,"fuera":4},{"partido":6,"casa":17,"fuera":5},{"partido":7,"casa":16,"fuera":6},{"partido":8,"casa":15,"fuera":7},{"partido":9,"casa":14,"fuera":8},{"partido":10,"casa":13,"fuera":9},{"partido":11,"casa":12,"fuera":10},{"partido":12,"casa":11,"fuera":24}],"21":[{"partido":1,"casa":11,"fuera":12},{"partido":2,"casa":10,"fuera":13},{"partido":3,"casa":9,"fuera":14},{"partido":4,"casa":8,"fuera":15},{"partido":5,"casa":7,"fuera":16},{"partido":6,"casa":6,"fuera":17},{"partido":7,"casa":5,"fuera":18},{"partido":8,"casa":4,"fuera":19},{"partido":9,"casa":3,"fuera":20},{"partido":10,"casa":2,"fuera":21},{"partido":11,"casa":1,"fuera":22},{"partido":12,"casa":24,"fuera":23}],"22":[{"partido":1,"casa":23,"fuera":24},{"partido":2,"casa":22,"fuera":1},{"partido":3,"casa":21,"fuera":2},{"partido":4,"casa":20,"fuera":3},{"partido":5,"casa":19,"fuera":4},{"partido":6,"casa":18,"fuera":5},{"partido":7,"casa":17,"fuera":6},{"partido":8,"casa":16,"fuera":7},{"partido":9,"casa":15,"fuera":8},{"partido":10,"casa":14,"fuera":9},{"partido":11,"casa":13,"fuera":10},{"partido":12,"casa":12,"fuera":11}],"23":[{"partido":1,"casa":12,"fuera":13},{"partido":2,"casa":11,"fuera":14},{"partido":3,"casa":10,"fuera":15},{"partido":4,"casa":9,"fuera":16},{"partido":5,"casa":8,"fuera":17},{"partido":6,"casa":7,"fuera":18},{"partido":7,"casa":6,"fuera":19},{"partido":8,"casa":5,"fuera":20},{"partido":9,"casa":4,"fuera":21},{"partido":10,"casa":3,"fuera":22},{"partido":11,"casa":2,"fuera":23},{"partido":12,"casa":1,"fuera":24}],"24":[{"partido":1,"casa":2,"fuera":1},{"partido":2,"casa":3,"fuera":23},{"partido":3,"casa":4,"fuera":22},{"partido":4,"casa":5,"fuera":21},{"partido":5,"casa":6,"fuera":20},{"partido":6,"casa":7,"fuera":19},{"partido":7,"casa":8,"fuera":18},{"partido":8,"casa":9,"fuera":17},{"partido":9,"casa":10,"fuera":16},{"partido":10,"casa":11,"fuera":15},{"partido":11,"casa":12,"fuera":14},{"partido":12,"casa":13,"fuera":24}],"25":[{"partido":1,"casa":14,"fuera":13},{"partido":2,"casa":15,"fuera":12},{"partido":3,"casa":16,"fuera":11},{"partido":4,"casa":17,"fuera":10},{"partido":5,"casa":18,"fuera":9},{"partido":6,"casa":19,"fuera":8},{"partido":7,"casa":20,"fuera":7},{"partido":8,"casa":21,"fuera":6},{"partido":9,"casa":22,"fuera":5},{"partido":10,"casa":23,"fuera":4},{"partido":11,"casa":1,"fuera":3},{"partido":12,"casa":24,"fuera":2}],"26":[{"partido":1,"casa":3,"fuera":2},{"partido":2,"casa":4,"fuera":1},{"partido":3,"casa":5,"fuera":23},{"partido":4,"casa":6,"fuera":22},{"partido":5,"casa":7,"fuera":21},{"partido":6,"casa":8,"fuera":20},{"partido":7,"casa":9,"fuera":19},{"partido":8,"casa":10,"fuera":18},{"partido":9,"casa":11,"fuera":17},{"partido":10,"casa":12,"fuera":16},{"partido":11,"casa":13,"fuera":15},{"partido":12,"casa":14,"fuera":24}],"27":[{"partido":1,"casa":15,"fuera":14},{"partido":2,"casa":16,"fuera":13},{"partido":3,"casa":17,"fuera":12},{"partido":4,"casa":18,"fuera":11},{"partido":5,"casa":19,"fuera":10},{"partido":6,"casa":20,"fuera":9},{"partido":7,"casa":21,"fuera":8},{"partido":8,"casa":22,"fuera":7},{"partido":9,"casa":23,"fuera":6},{"partido":10,"casa":1,"fuera":5},{"partido":11,"casa":2,"fuera":4},{"partido":12,"casa":24,"fuera":3}],"28":[{"partido":1,"casa":4,"fuera":3},{"partido":2,"casa":5,"fuera":2},{"partido":3,"casa":6,"fuera":1},{"partido":4,"casa":7,"fuera":23},{"partido":5,"casa":8,"fuera":22},{"partido":6,"casa":9,"fuera":21},{"partido":7,"casa":10,"fuera":20},{"partido":8,"casa":11,"fuera":19},{"partido":9,"casa":12,"fuera":18},{"partido":10,"casa":13,"fuera":17},{"partido":11,"casa":14,"fuera":16},{"partido":12,"casa":15,"fuera":24}],"29":[{"partido":1,"casa":16,"fuera":15},{"partido":2,"casa":17,"fuera":13},{"partido":3,"casa":18,"fuera":13},{"partido":4,"casa":19,"fuera":12},{"partido":5,"casa":20,"fuera":11},{"partido":6,"casa":21,"fuera":10},{"partido":7,"casa":22,"fuera":9},{"partido":8,"casa":23,"fuera":8},{"partido":9,"casa":1,"fuera":7},{"partido":10,"casa":2,"fuera":6},{"partido":11,"casa":3,"fuera":5},{"partido":12,"casa":24,"fuera":4}],"30":[{"partido":1,"casa":5,"fuera":4},{"partido":2,"casa":6,"fuera":3},{"partido":3,"casa":7,"fuera":2},{"partido":4,"casa":8,"fuera":1},{"partido":5,"casa":9,"fuera":23},{"partido":6,"casa":10,"fuera":22},{"partido":7,"casa":11,"fuera":21},{"partido":8,"casa":12,"fuera":20},{"partido":9,"casa":13,"fuera":19},{"partido":10,"casa":14,"fuera":18},{"partido":11,"casa":15,"fuera":17},{"partido":12,"casa":16,"fuera":24}],"31":[{"partido":1,"casa":17,"fuera":16},{"partido":2,"casa":18,"fuera":15},{"partido":3,"casa":19,"fuera":14},{"partido":4,"casa":20,"fuera":13},{"partido":5,"casa":21,"fuera":12},{"partido":6,"casa":22,"fuera":11},{"partido":7,"casa":23,"fuera":10},{"partido":8,"casa":1,"fuera":9},{"partido":9,"casa":2,"fuera":8},{"partido":10,"casa":3,"fuera":7},{"partido":11,"casa":4,"fuera":6},{"partido":12,"casa":24,"fuera":5}],"32":[{"partido":1,"casa":6,"fuera":5},{"partido":2,"casa":7,"fuera":4},{"partido":3,"casa":8,"fuera":3},{"partido":4,"casa":9,"fuera":2},{"partido":5,"casa":10,"fuera":1},{"partido":6,"casa":11,"fuera":23},{"partido":7,"casa":12,"fuera":22},{"partido":8,"casa":13,"fuera":21},{"partido":9,"casa":14,"fuera":20},{"partido":10,"casa":15,"fuera":19},{"partido":11,"casa":16,"fuera":18},{"partido":12,"casa":17,"fuera":24}],"33":[{"partido":1,"casa":18,"fuera":17},{"partido":2,"casa":19,"fuera":16},{"partido":3,"casa":20,"fuera":15},{"partido":4,"casa":21,"fuera":14},{"partido":5,"casa":22,"fuera":13},{"partido":6,"casa":23,"fuera":12},{"partido":7,"casa":1,"fuera":11},{"partido":8,"casa":2,"fuera":10},{"partido":9,"casa":3,"fuera":9},{"partido":10,"casa":4,"fuera":8},{"partido":11,"casa":5,"fuera":7},{"partido":12,"casa":24,"fuera":6}],"34":[{"partido":1,"casa":7,"fuera":6},{"partido":2,"casa":8,"fuera":5},{"partido":3,"casa":9,"fuera":4},{"partido":4,"casa":10,"fuera":3},{"partido":5,"casa":11,"fuera":2},{"partido":6,"casa":12,"fuera":1},{"partido":7,"casa":13,"fuera":23},{"partido":8,"casa":14,"fuera":22},{"partido":9,"casa":15,"fuera":21},{"partido":10,"casa":16,"fuera":20},{"partido":11,"casa":17,"fuera":19},{"partido":12,"casa":18,"fuera":24}],"35":[{"partido":1,"casa":19,"fuera":18},{"partido":2,"casa":20,"fuera":17},{"partido":3,"casa":21,"fuera":16},{"partido":4,"casa":22,"fuera":15},{"partido":5,"casa":23,"fuera":14},{"partido":6,"casa":1,"fuera":13},{"partido":7,"casa":2,"fuera":12},{"partido":8,"casa":3,"fuera":11},{"partido":9,"casa":4,"fuera":10},{"partido":10,"casa":5,"fuera":9},{"partido":11,"casa":6,"fuera":8},{"partido":12,"casa":24,"fuera":7}],"36":[{"partido":1,"casa":8,"fuera":7},{"partido":2,"casa":9,"fuera":6},{"partido":3,"casa":10,"fuera":5},{"partido":4,"casa":11,"fuera":4},{"partido":5,"casa":12,"fuera":3},{"partido":6,"casa":13,"fuera":2},{"partido":7,"casa":14,"fuera":1},{"partido":8,"casa":15,"fuera":23},{"partido":9,"casa":16,"fuera":22},{"partido":10,"casa":17,"fuera":21},{"partido":11,"casa":18,"fuera":20},{"partido":12,"casa":19,"fuera":24}],"37":[{"partido":1,"casa":20,"fuera":19},{"partido":2,"casa":21,"fuera":18},{"partido":3,"casa":22,"fuera":17},{"partido":4,"casa":23,"fuera":16},{"partido":5,"casa":1,"fuera":15},{"partido":6,"casa":2,"fuera":14},{"partido":7,"casa":3,"fuera":13},{"partido":8,"casa":4,"fuera":12},{"partido":9,"casa":5,"fuera":11},{"partido":10,"casa":6,"fuera":10},{"partido":11,"casa":7,"fuera":9},{"partido":12,"casa":24,"fuera":8}],"38":[{"partido":1,"casa":9,"fuera":8},{"partido":2,"casa":10,"fuera":7},{"partido":3,"casa":11,"fuera":6},{"partido":4,"casa":12,"fuera":5},{"partido":5,"casa":13,"fuera":4},{"partido":6,"casa":14,"fuera":3},{"partido":7,"casa":15,"fuera":2},{"partido":8,"casa":16,"fuera":1},{"partido":9,"casa":17,"fuera":24},{"partido":10,"casa":18,"fuera":22},{"partido":11,"casa":19,"fuera":21},{"partido":12,"casa":20,"fuera":24}],"39":[{"partido":1,"casa":21,"fuera":20},{"partido":2,"casa":22,"fuera":19},{"partido":3,"casa":23,"fuera":18},{"partido":4,"casa":1,"fuera":17},{"partido":5,"casa":2,"fuera":16},{"partido":6,"casa":3,"fuera":15},{"partido":7,"casa":4,"fuera":14},{"partido":8,"casa":5,"fuera":13},{"partido":9,"casa":6,"fuera":12},{"partido":10,"casa":7,"fuera":11},{"partido":11,"casa":8,"fuera":10},{"partido":12,"casa":24,"fuera":9}],"40":[{"partido":1,"casa":10,"fuera":9},{"partido":2,"casa":11,"fuera":8},{"partido":3,"casa":12,"fuera":7},{"partido":4,"casa":13,"fuera":6},{"partido":5,"casa":14,"fuera":5},{"partido":6,"casa":15,"fuera":4},{"partido":7,"casa":16,"fuera":3},{"partido":8,"casa":17,"fuera":2},{"partido":9,"casa":18,"fuera":1},{"partido":10,"casa":19,"fuera":23},{"partido":11,"casa":20,"fuera":22},{"partido":12,"casa":21,"fuera":24}],"41":[{"partido":1,"casa":22,"fuera":21},{"partido":2,"casa":23,"fuera":20},{"partido":3,"casa":1,"fuera":19},{"partido":4,"casa":2,"fuera":18},{"partido":5,"casa":3,"fuera":17},{"partido":6,"casa":4,"fuera":16},{"partido":7,"casa":5,"fuera":15},{"partido":8,"casa":6,"fuera":14},{"partido":9,"casa":7,"fuera":13},{"partido":10,"casa":8,"fuera":12},{"partido":11,"casa":9,"fuera":11},{"partido":12,"casa":24,"fuera":10}],"42":[{"partido":1,"casa":11,"fuera":10},{"partido":2,"casa":12,"fuera":9},{"partido":3,"casa":13,"fuera":8},{"partido":4,"casa":14,"fuera":7},{"partido":5,"casa":15,"fuera":6},{"partido":6,"casa":16,"fuera":5},{"partido":7,"casa":17,"fuera":4},{"partido":8,"casa":18,"fuera":3},{"partido":9,"casa":19,"fuera":2},{"partido":10,"casa":20,"fuera":1},{"partido":11,"casa":21,"fuera":23},{"partido":12,"casa":22,"fuera":24}],"43":[{"partido":1,"casa":23,"fuera":22},{"partido":2,"casa":1,"fuera":21},{"partido":3,"casa":2,"fuera":20},{"partido":4,"casa":3,"fuera":19},{"partido":5,"casa":4,"fuera":18},{"partido":6,"casa":5,"fuera":17},{"partido":7,"casa":6,"fuera":16},{"partido":8,"casa":7,"fuera":15},{"partido":9,"casa":8,"fuera":14},{"partido":10,"casa":9,"fuera":13},{"partido":11,"casa":10,"fuera":12},{"partido":12,"casa":24,"fuera":11}],"44":[{"partido":1,"casa":12,"fuera":11},{"partido":2,"casa":13,"fuera":10},{"partido":3,"casa":14,"fuera":9},{"partido":4,"casa":15,"fuera":8},{"partido":5,"casa":16,"fuera":7},{"partido":6,"casa":17,"fuera":6},{"partido":7,"casa":18,"fuera":5},{"partido":8,"casa":19,"fuera":4},{"partido":9,"casa":20,"fuera":3},{"partido":10,"casa":21,"fuera":2},{"partido":11,"casa":22,"fuera":1},{"partido":12,"casa":23,"fuera":24}],"45":[{"partido":1,"casa":24,"fuera":23},{"partido":2,"casa":1,"fuera":22},{"partido":3,"casa":2,"fuera":21},{"partido":4,"casa":3,"fuera":20},{"partido":5,"casa":4,"fuera":19},{"partido":6,"casa":5,"fuera":18},{"partido":7,"casa":6,"fuera":17},{"partido":8,"casa":7,"fuera":16},{"partido":9,"casa":8,"fuera":15},{"partido":10,"casa":9,"fuera":14},{"partido":11,"casa":10,"fuera":13},{"partido":12,"casa":11,"fuera":12}],"46":[{"partido":1,"casa":13,"fuera":12},{"partido":2,"casa":14,"fuera":11},{"partido":3,"casa":15,"fuera":10},{"partido":4,"casa":16,"fuera":9},{"partido":5,"casa":17,"fuera":8},{"partido":6,"casa":18,"fuera":7},{"partido":7,"casa":19,"fuera":6},{"partido":8,"casa":20,"fuera":5},{"partido":9,"casa":21,"fuera":4},{"partido":10,"casa":22,"fuera":3},{"partido":11,"casa":23,"fuera":2},{"partido":12,"casa":24,"fuera":1}]}}