{"datos":[{"valor":"C&oacute;digo: 5091"},{"valor":"Delegaci&oacute;n: CENTRAL R.F.F.M."},{"valor":"CIF: G88221999"},{"valor":"Domicilio: TRAVESIA DE PINOS ALTA,10 1º B"},{"valor":"Localidad: 0"},{"valor":"Provincia: Madrid"},{"valor":"C.P: 28029"},{"valor":"Portal Web:"},{"valor":"Camiseta: GRANATE"},{"valor":"Pantal&oacute;n: BLANCO"},{"valor":"Medias: GRANATE"},{"valor":"Titular: MAURIZIO CASTROGIOVANNI"},{"valor":"Tratamiento: Don"},{"valor":"Domicilio: TRAVESIA DE PINOS ALTA,10 1º B"},{"valor":"Localidad: 0"},{"valor":"Provincia: Madrid"},{"valor":"C.P: 28029"},{"valor":"Email:"},{"valor":"Tel&eacute;fonos: 612426980&nbsp;-&nbsp;&nbsp;616096588"},{"valor":"Fax:"}],"equipos":[{"url":"\/pnfg\/NPcd\/NFG_VisEquipos?cod_primaria=1000119&Codigo_Equipo=8963932","equipo":"GRANATE C.F.","torneo":"TERCERA DE AFICIONADOS"}]}