{"torneo":{"torneo_id":"3085","tipo_torneo":"2","nombre":"PRIMERA AUTONÓMICA - Clasificación Copa S.M. El Rey","division_id":"7","traduccion":"","sexo":"0","desarrollo":"0","categoria_id":"1","categoria_nombre":"Senior Masculino","visible":"5","categoria_torneo_id":"4","id_original":"-1","apifutbol":"827016","apiRFEFcompeticion":"778834","apiRFEFgrupo":"0","idPais":"60","nombrePais":"España","idComunidad":"16","nombreComunidad":"Navarra","jornadas":"0","jornadaActiva":"87","tipoClasificacion":"0","tipoPuntuacion":"0"},"equipos":[{"equipo_id":"155","grupo":"0","nombre":"CD Iruña","nombreCorto":"CD Iruña","estadio_id":"803","betsapi":"0","club_id":"4138","equipacion_id":"572","slug":"cdirunaoficial","federacion_id":"12752","localidad_id":"4820","provincia_id":"42","comunidad_id":"16","localidad":"Pamplona <> Iruña","provincia":"Comunidad Foral de Navarra","comunidad":"Navarra","pais_id":"60","es_seleccion":"0","pL":"1","pV":"1"},{"equipo_id":"7056","grupo":"0","nombre":"CD Zirauki","nombreCorto":"CD Zirauki","estadio_id":"1485","betsapi":"0","club_id":"5689","equipacion_id":"533","slug":"CDZirauki","federacion_id":"12881","localidad_id":"4690","provincia_id":"42","comunidad_id":"16","localidad":"Cirauqui <> Zirauki","provincia":"Comunidad Foral de Navarra","comunidad":"Navarra","pais_id":"60","es_seleccion":"0","pL":"1","pV":"1"}],"partidos":[{"id":"1163760","partidoAPI":null,"temporada_id":"3084","estado_partido":"0","jornada":"85","apuesta_partido":null,"fase":"Final - Ida","fecha":"2023-08-19","hora_prevista":"18:30:00","hora_real":"00:00:11","apuesta":null,"clasificado":"0","goles_local":"0","goles_visitante":"0","grupo_id":null,"betsapi":"-1","codigo_acta":"0","local":"CD Zirauki","localCorto":"CD Zirauki","twitterLocal":"CDZirauki","federacion_id_l":"12881","equipoLocal_id":"7056","pais_local":"60","pais_visitante":"60","federacion_id_v":"12752","visitante":"CD Iruña","visitanteCorto":"CD Iruña","twitterVisitante":"cdirunaoficial","equipoVisitante_id":"155","observaciones":null,"comentario":null,"club_local":"5689","club_visitante":"4138","estadio":null,"arbitro_id":null,"youtube_id":null,"acta":null,"apuesta_torneo":null,"tipo_torneo":"2","idPais":"60","visible":"5","goles":"0","estadio_id":"1485","estadio_nombre":"Antxekoa","estadio_localidad":"Cirauqui <> Zirauki","tv":null,"nombre_arbitro":null,"ida":null},{"id":"1163761","partidoAPI":null,"temporada_id":"3084","estado_partido":"0","jornada":"87","apuesta_partido":null,"fase":"Final - Vuelta","fecha":"2023-08-27","hora_prevista":"00:00:11","hora_real":"00:00:11","apuesta":null,"clasificado":"0","goles_local":"0","goles_visitante":"0","grupo_id":null,"betsapi":"-1","codigo_acta":"0","local":"CD Iruña","localCorto":"CD Iruña","twitterLocal":"cdirunaoficial","federacion_id_l":"12752","equipoLocal_id":"155","pais_local":"60","pais_visitante":"60","federacion_id_v":"12881","visitante":"CD Zirauki","visitanteCorto":"CD Zirauki","twitterVisitante":"CDZirauki","equipoVisitante_id":"7056","observaciones":null,"comentario":null,"club_local":"4138","club_visitante":"5689","estadio":null,"arbitro_id":null,"youtube_id":null,"acta":null,"apuesta_torneo":null,"tipo_torneo":"2","idPais":"60","visible":"5","goles":"0","estadio_id":"803","estadio_nombre":"Tajonar","estadio_localidad":"Pamplona <> Iruña","tv":null,"nombre_arbitro":null,"ida":null}],"fichajes":null,"clasificacion":[]}