{"torneo":{"torneo_id":"469","tipo_torneo":"2","nombre":"LFF TAURÈ","division_id":"8","traduccion":"","sexo":"0","desarrollo":"0","categoria_id":"1","categoria_nombre":"Senior Masculino","visible":"5","categoria_torneo_id":"9","id_original":"460","apifutbol":"0","apiRFEFcompeticion":"0","apiRFEFgrupo":"0","idPais":"115","nombrePais":"Lituania","idComunidad":"1","nombreComunidad":"SIN COMUNIDAD","jornadas":"0","jornadaActiva":"84","tipoClasificacion":"0","tipoPuntuacion":"0"},"equipos":[{"equipo_id":"7322","grupo":"0","nombre":"Baltijos FA","nombreCorto":"Baltijos FA","estadio_id":null,"betsapi":"0","club_id":"305","equipacion_id":null,"slug":"","federacion_id":"0","localidad_id":"1","provincia_id":"1","comunidad_id":"1","localidad":"Sin localidad","provincia":"sin provincia","comunidad":"SIN COMUNIDAD","pais_id":"115","es_seleccion":"0","pL":"1","pV":"0"},{"equipo_id":"2763","grupo":"0","nombre":"FA Siauliai","nombreCorto":"FA Siauliai","estadio_id":null,"betsapi":"214336","club_id":"3866","equipacion_id":null,"slug":"","federacion_id":"0","localidad_id":"1","provincia_id":"1","comunidad_id":"1","localidad":"Sin localidad","provincia":"sin provincia","comunidad":"SIN COMUNIDAD","pais_id":"115","es_seleccion":"0","pL":"1","pV":"0"},{"equipo_id":"7320","grupo":"0","nombre":"FC Dziugas Telsiai","nombreCorto":"FC Dziugas Telsiai","estadio_id":null,"betsapi":"177767","club_id":"218","equipacion_id":null,"slug":"","federacion_id":"0","localidad_id":"1","provincia_id":"1","comunidad_id":"1","localidad":"Sin localidad","provincia":"sin provincia","comunidad":"SIN COMUNIDAD","pais_id":"115","es_seleccion":"0","pL":"1","pV":"0"},{"equipo_id":"1730","grupo":"0","nombre":"FK Banga","nombreCorto":"FK Banga","estadio_id":null,"betsapi":"177766","club_id":"2756","equipacion_id":null,"slug":"","federacion_id":"0","localidad_id":"1","provincia_id":"1","comunidad_id":"1","localidad":"Sin localidad","provincia":"sin provincia","comunidad":"SIN COMUNIDAD","pais_id":"115","es_seleccion":"0","pL":"0","pV":"1"},{"equipo_id":"7309","grupo":"0","nombre":"FK Kauno Zalgiris","nombreCorto":"FK Kauno Zalgiris","estadio_id":null,"betsapi":"9401","club_id":"193","equipacion_id":null,"slug":"FKKaunoZalgiris","federacion_id":"0","localidad_id":"1","provincia_id":"1","comunidad_id":"1","localidad":"Sin localidad","provincia":"sin provincia","comunidad":"SIN COMUNIDAD","pais_id":"115","es_seleccion":"0","pL":"0","pV":"1"},{"equipo_id":"7993","grupo":"0","nombre":"FK Riteriai","nombreCorto":"FK Riteriai","estadio_id":null,"betsapi":"265333","club_id":"6843","equipacion_id":null,"slug":"FKTrakai","federacion_id":"0","localidad_id":"1","provincia_id":"1","comunidad_id":"1","localidad":"Sin localidad","provincia":"sin provincia","comunidad":"SIN COMUNIDAD","pais_id":"115","es_seleccion":"0","pL":"0","pV":"1"},{"equipo_id":"1754","grupo":"0","nombre":"FK Sūduva","nombreCorto":"FK Sūduva","estadio_id":null,"betsapi":"857","club_id":"2780","equipacion_id":null,"slug":"Suduva","federacion_id":"0","localidad_id":"1","provincia_id":"1","comunidad_id":"1","localidad":"Sin localidad","provincia":"sin provincia","comunidad":"SIN COMUNIDAD","pais_id":"115","es_seleccion":"0","pL":"0","pV":"1"},{"equipo_id":"7314","grupo":"0","nombre":"FK Transinvest","nombreCorto":"FK Transinvest","estadio_id":null,"betsapi":"0","club_id":"197","equipacion_id":null,"slug":"","federacion_id":"0","localidad_id":"1","provincia_id":"1","comunidad_id":"1","localidad":"Sin localidad","provincia":"sin provincia","comunidad":"SIN COMUNIDAD","pais_id":"115","es_seleccion":"0","pL":"1","pV":"0"}],"partidos":[{"id":"1162759","partidoAPI":null,"temporada_id":"365","estado_partido":"0","jornada":"48","apuesta_partido":null,"fase":"Cuartos de Final","fecha":"2023-08-14","hora_prevista":"18:00:00","hora_real":"00:00:11","apuesta":null,"clasificado":"0","goles_local":"0","goles_visitante":"0","grupo_id":null,"betsapi":"-1","codigo_acta":"0","local":"FA Siauliai","localCorto":"FA Siauliai","twitterLocal":"","federacion_id_l":"0","equipoLocal_id":"2763","pais_local":"115","pais_visitante":"115","federacion_id_v":"0","visitante":"FK Riteriai","visitanteCorto":"FK Riteriai","twitterVisitante":"FKTrakai","equipoVisitante_id":"7993","observaciones":null,"comentario":null,"club_local":"3866","club_visitante":"6843","estadio":null,"arbitro_id":null,"youtube_id":null,"acta":null,"apuesta_torneo":"0","tipo_torneo":"2","idPais":"115","visible":"5","goles":"0","estadio_id":null,"estadio_nombre":null,"estadio_localidad":null,"tv":null,"nombre_arbitro":null,"ida":null},{"id":"1162756","partidoAPI":null,"temporada_id":"365","estado_partido":"0","jornada":"48","apuesta_partido":null,"fase":"Cuartos de Final","fecha":"2023-08-15","hora_prevista":"17:00:00","hora_real":"00:00:11","apuesta":null,"clasificado":"0","goles_local":"0","goles_visitante":"0","grupo_id":null,"betsapi":"-1","codigo_acta":"0","local":"FC Dziugas Telsiai","localCorto":"FC Dziugas Telsiai","twitterLocal":"","federacion_id_l":"0","equipoLocal_id":"7320","pais_local":"115","pais_visitante":"115","federacion_id_v":"0","visitante":"FK Sūduva","visitanteCorto":"FK Sūduva","twitterVisitante":"Suduva","equipoVisitante_id":"1754","observaciones":null,"comentario":null,"club_local":"218","club_visitante":"2780","estadio":null,"arbitro_id":null,"youtube_id":null,"acta":null,"apuesta_torneo":"0","tipo_torneo":"2","idPais":"115","visible":"5","goles":"0","estadio_id":null,"estadio_nombre":null,"estadio_localidad":null,"tv":null,"nombre_arbitro":null,"ida":null},{"id":"1162757","partidoAPI":null,"temporada_id":"365","estado_partido":"0","jornada":"48","apuesta_partido":null,"fase":"Cuartos de Final","fecha":"2023-08-16","hora_prevista":"17:00:00","hora_real":"00:00:11","apuesta":null,"clasificado":"0","goles_local":"0","goles_visitante":"0","grupo_id":null,"betsapi":"-1","codigo_acta":"0","local":"Baltijos FA","localCorto":"Baltijos FA","twitterLocal":"","federacion_id_l":"0","equipoLocal_id":"7322","pais_local":"115","pais_visitante":"115","federacion_id_v":"0","visitante":"FK Kauno Zalgiris","visitanteCorto":"FK Kauno Zalgiris","twitterVisitante":"FKKaunoZalgiris","equipoVisitante_id":"7309","observaciones":null,"comentario":null,"club_local":"305","club_visitante":"193","estadio":null,"arbitro_id":null,"youtube_id":null,"acta":null,"apuesta_torneo":"0","tipo_torneo":"2","idPais":"115","visible":"5","goles":"0","estadio_id":null,"estadio_nombre":null,"estadio_localidad":null,"tv":null,"nombre_arbitro":null,"ida":null},{"id":"1162758","partidoAPI":null,"temporada_id":"365","estado_partido":"0","jornada":"48","apuesta_partido":null,"fase":"Cuartos de Final","fecha":"2023-08-16","hora_prevista":"17:00:00","hora_real":"00:00:11","apuesta":null,"clasificado":"0","goles_local":"0","goles_visitante":"0","grupo_id":null,"betsapi":"-1","codigo_acta":"0","local":"FK Transinvest","localCorto":"FK Transinvest","twitterLocal":"","federacion_id_l":"0","equipoLocal_id":"7314","pais_local":"115","pais_visitante":"115","federacion_id_v":"0","visitante":"FK Banga","visitanteCorto":"FK Banga","twitterVisitante":"","equipoVisitante_id":"1730","observaciones":null,"comentario":null,"club_local":"197","club_visitante":"2756","estadio":null,"arbitro_id":null,"youtube_id":null,"acta":null,"apuesta_torneo":"0","tipo_torneo":"2","idPais":"115","visible":"5","goles":"0","estadio_id":null,"estadio_nombre":null,"estadio_localidad":null,"tv":null,"nombre_arbitro":null,"ida":null}],"fichajes":null,"clasificacion":[]}