{"torneo":{"torneo_id":"355","tipo_torneo":"2","nombre":"COPA RFEF :: Illes Balears","division_id":"7","traduccion":"","sexo":"0","desarrollo":"20","categoria_id":"1","categoria_nombre":"Senior Masculino","visible":"5","categoria_torneo_id":"1","id_original":"340","apifutbol":"0","apiRFEFcompeticion":"0","apiRFEFgrupo":"0","idPais":"60","nombrePais":"España","idComunidad":"12","nombreComunidad":"Illes Balears","jornadas":"0","jornadaActiva":"84","tipoClasificacion":"0","tipoPuntuacion":"0"},"equipos":[{"equipo_id":"12169","grupo":"0","nombre":"CD Ibiza Islas Pitiusas","nombreCorto":"CD Ibiza IP","estadio_id":"2115","betsapi":"233168","club_id":"8780","equipacion_id":"155","slug":"cdibizaip","federacion_id":"738955","localidad_id":"3641","provincia_id":"36","comunidad_id":"12","localidad":"Ibiza","provincia":"Baleares","comunidad":"Illes Balears","pais_id":"60","es_seleccion":"0","pL":"0","pV":"1"},{"equipo_id":"2731","grupo":"0","nombre":"SD Formentera","nombreCorto":"SD Formentera","estadio_id":"743","betsapi":"3851","club_id":"3840","equipacion_id":"153","slug":"sdformentera","federacion_id":"1892680","localidad_id":"3639","provincia_id":"36","comunidad_id":"12","localidad":"Formentera","provincia":"Baleares","comunidad":"Illes Balears","pais_id":"60","es_seleccion":"0","pL":"1","pV":"0"}],"partidos":[{"id":"1161650","partidoAPI":null,"temporada_id":"268","estado_partido":"0","jornada":"84","apuesta_partido":null,"fase":"Final","fecha":"2023-09-13","hora_prevista":"00:00:11","hora_real":"00:00:11","apuesta":null,"clasificado":"0","goles_local":"0","goles_visitante":"0","grupo_id":null,"betsapi":"-1","codigo_acta":"0","local":"SD Formentera","localCorto":"SD Formentera","twitterLocal":"sdformentera","federacion_id_l":"1892680","equipoLocal_id":"2731","pais_local":"60","pais_visitante":"60","federacion_id_v":"738955","visitante":"CD Ibiza Islas Pitiusas","visitanteCorto":"CD Ibiza IP","twitterVisitante":"cdibizaip","equipoVisitante_id":"12169","observaciones":null,"comentario":null,"club_local":"3840","club_visitante":"8780","estadio":null,"arbitro_id":null,"youtube_id":null,"acta":null,"apuesta_torneo":"0","tipo_torneo":"2","idPais":"60","visible":"5","goles":"0","estadio_id":"743","estadio_nombre":"Sant Francesc","estadio_localidad":"Formentera","tv":null,"nombre_arbitro":null,"ida":null}],"fichajes":{"id":"22776","nombre":"Johan Snick Guzmán de los Santos","apodo":"Johan","es_fichaje":"1","es_baja":"0","posicion":"1","fecha_nacimiento":"1997-07-03","slug":"Guijuelo","equipoActual_id":"2731","equipo":"SD Formentera","club_id":"3840"},"clasificacion":[]}