{"torneo":{"torneo_id":"460","tipo_torneo":"2","nombre":"DFL-SUPERCUP","division_id":"8","traduccion":"","sexo":"0","desarrollo":"0","categoria_id":"1","categoria_nombre":"Senior Masculino","visible":"5","categoria_torneo_id":"9","id_original":"449","apifutbol":"126","apiRFEFcompeticion":"0","apiRFEFgrupo":"0","idPais":"4","nombrePais":"Alemania","idComunidad":"1","nombreComunidad":"SIN COMUNIDAD","jornadas":"0","jornadaActiva":"84","tipoClasificacion":"0","tipoPuntuacion":"0"},"equipos":[{"equipo_id":"1601","grupo":"0","nombre":"FC Bayern München","nombreCorto":"FC Bayern München","estadio_id":"57","betsapi":"9943","club_id":"2629","equipacion_id":"184","slug":"FCBayernES","federacion_id":"0","localidad_id":"8164","provincia_id":"1","comunidad_id":"1","localidad":"Múnich","provincia":"sin provincia","comunidad":"SIN COMUNIDAD","pais_id":"4","es_seleccion":"0","pL":"1","pV":"0"},{"equipo_id":"8759","grupo":"0","nombre":"RB Leipzig","nombreCorto":"RB Leipzig","estadio_id":"102","betsapi":"823","club_id":"6349","equipacion_id":"432","slug":"DieRotenBullen","federacion_id":"0","localidad_id":"8210","provincia_id":"1","comunidad_id":"1","localidad":"Leipzig","provincia":"sin provincia","comunidad":"SIN COMUNIDAD","pais_id":"4","es_seleccion":"0","pL":"0","pV":"1"}],"partidos":[{"id":"1161635","partidoAPI":null,"temporada_id":"355","estado_partido":"0","jornada":"84","apuesta_partido":null,"fase":"Final","fecha":"2023-08-12","hora_prevista":"20:45:00","hora_real":"00:00:11","apuesta":null,"clasificado":"0","goles_local":"0","goles_visitante":"0","grupo_id":null,"betsapi":"-1","codigo_acta":"0","local":"FC Bayern München","localCorto":"FC Bayern München","twitterLocal":"FCBayernES","federacion_id_l":"0","equipoLocal_id":"1601","pais_local":"4","pais_visitante":"4","federacion_id_v":"0","visitante":"RB Leipzig","visitanteCorto":"RB Leipzig","twitterVisitante":"DieRotenBullen","equipoVisitante_id":"8759","observaciones":null,"comentario":null,"club_local":"2629","club_visitante":"6349","estadio":null,"arbitro_id":null,"youtube_id":null,"acta":null,"apuesta_torneo":"0","tipo_torneo":"2","idPais":"4","visible":"5","goles":"0","estadio_id":"57","estadio_nombre":"Allianz Arena","estadio_localidad":"Múnich","tv":null,"nombre_arbitro":null,"ida":null}],"fichajes":null,"clasificacion":[]}