{"torneo":{"torneo_id":"362","tipo_torneo":"2","nombre":"COPA RFEF :: Castilla La Mancha","division_id":"7","traduccion":"","sexo":"0","desarrollo":"20","categoria_id":"1","categoria_nombre":"Senior Masculino","visible":"5","categoria_torneo_id":"1","id_original":"347","apifutbol":"0","apiRFEFcompeticion":"0","apiRFEFgrupo":"0","idPais":"60","nombrePais":"España","idComunidad":"19","nombreComunidad":"Castilla - La Mancha","jornadas":"0","jornadaActiva":"139","tipoClasificacion":"0","tipoPuntuacion":"0"},"equipos":[{"equipo_id":"14084","grupo":"0","nombre":"Calvo Sotelo Puertollano CF","nombreCorto":"Calvo Sotelo CF","estadio_id":"870","betsapi":"249071","club_id":"8404","equipacion_id":"3","slug":"cspuertollanocf","federacion_id":"494526","localidad_id":"2130","provincia_id":"51","comunidad_id":"19","localidad":"Puertollano","provincia":"Ciudad Real","comunidad":"Castilla - La Mancha","pais_id":"60","es_seleccion":"0","pL":"2","pV":"0"},{"equipo_id":"602","grupo":"0","nombre":"CD Guadalajara","nombreCorto":"CD Guadalajara","estadio_id":"521","betsapi":"963","club_id":"4661","equipacion_id":"830","slug":"deporguada","federacion_id":"30680","localidad_id":"3063","provincia_id":"49","comunidad_id":"19","localidad":"Guadalajara","provincia":"Guadalajara","comunidad":"Castilla - La Mancha","pais_id":"60","es_seleccion":"0","pL":"1","pV":"1"},{"equipo_id":"228","grupo":"0","nombre":"CD Illescas","nombreCorto":"CD Illescas","estadio_id":"921","betsapi":"54571","club_id":"4222","equipacion_id":"369","slug":"CD_Illescas","federacion_id":"30682","localidad_id":"6667","provincia_id":"50","comunidad_id":"19","localidad":"Illescas","provincia":"Toledo","comunidad":"Castilla - La Mancha","pais_id":"60","es_seleccion":"0","pL":"0","pV":"1"},{"equipo_id":"1365","grupo":"0","nombre":"CD Manchego Ciudad Real","nombreCorto":"CD Manchego","estadio_id":"867","betsapi":"191954","club_id":"2398","equipacion_id":"1","slug":"cdmanchegocreal","federacion_id":"124803","localidad_id":"2093","provincia_id":"51","comunidad_id":"19","localidad":"Ciudad Real","provincia":"Ciudad Real","comunidad":"Castilla - La Mancha","pais_id":"60","es_seleccion":"0","pL":"0","pV":"2"},{"equipo_id":"544","grupo":"0","nombre":"CD Quintanar del Rey ","nombreCorto":"CD Quintanar del Rey","estadio_id":"864","betsapi":"962","club_id":"4579","equipacion_id":"692","slug":"cdquintanardrey","federacion_id":"30686","localidad_id":"2485","provincia_id":"48","comunidad_id":"19","localidad":"Quintanar del Rey","provincia":"Cuenca","comunidad":"Castilla - La Mancha","pais_id":"60","es_seleccion":"0","pL":"2","pV":"0"},{"equipo_id":"194","grupo":"0","nombre":"CD Toledo","nombreCorto":"CD Toledo","estadio_id":"486","betsapi":"4011","club_id":"4186","equipacion_id":"571","slug":"CD_Toledo","federacion_id":"30692","localidad_id":"6755","provincia_id":"50","comunidad_id":"19","localidad":"Toledo","provincia":"Toledo","comunidad":"Castilla - La Mancha","pais_id":"60","es_seleccion":"0","pL":"1","pV":"0"},{"equipo_id":"604","grupo":"0","nombre":"CD Torrijos","nombreCorto":"CD Torrijos","estadio_id":"1240","betsapi":"293039","club_id":"4664","equipacion_id":"631","slug":"cdtorrijos_ofcl","federacion_id":"33052","localidad_id":"6760","provincia_id":"50","comunidad_id":"19","localidad":"Torrijos","provincia":"Toledo","comunidad":"Castilla - La Mancha","pais_id":"60","es_seleccion":"0","pL":"1","pV":"1"},{"equipo_id":"121","grupo":"0","nombre":"CD Villacañas ","nombreCorto":"CD Villacañas ","estadio_id":"1017","betsapi":"178351","club_id":"4099","equipacion_id":"191","slug":"cd_villacanas","federacion_id":"33066","localidad_id":"6772","provincia_id":"50","comunidad_id":"19","localidad":"Villacañas","provincia":"Toledo","comunidad":"Castilla - La Mancha","pais_id":"60","es_seleccion":"0","pL":"2","pV":"1"},{"equipo_id":"3302","grupo":"0","nombre":"CF Talavera de la Reina","nombreCorto":"CF Talavera","estadio_id":"869","betsapi":"49985","club_id":"5958","equipacion_id":"328","slug":"CFTalavera","federacion_id":"0","localidad_id":"6752","provincia_id":"50","comunidad_id":"19","localidad":"Talavera de la Reina","provincia":"Toledo","comunidad":"Castilla - La Mancha","pais_id":"60","es_seleccion":"0","pL":"0","pV":"2"},{"equipo_id":"265","grupo":"0","nombre":"UB Conquense","nombreCorto":"UB Conquense","estadio_id":"487","betsapi":"4012","club_id":"4262","equipacion_id":"371","slug":"UBConquense","federacion_id":"30677","localidad_id":"2399","provincia_id":"48","comunidad_id":"19","localidad":"Cuenca","provincia":"Cuenca","comunidad":"Castilla - La Mancha","pais_id":"60","es_seleccion":"0","pL":"0","pV":"1"},{"equipo_id":"593","grupo":"0","nombre":"UD Socuéllamos CF","nombreCorto":"UD Socuéllamos","estadio_id":"663","betsapi":"3841","club_id":"4635","equipacion_id":"1","slug":"YugoUDS","federacion_id":"30688","localidad_id":"2139","provincia_id":"51","comunidad_id":"19","localidad":"Socuéllamos","provincia":"Ciudad Real","comunidad":"Castilla - La Mancha","pais_id":"60","es_seleccion":"0","pL":"1","pV":"0"},{"equipo_id":"734","grupo":"0","nombre":"Villarrubia CF","nombreCorto":"Villarrubia CF","estadio_id":"866","betsapi":"1117","club_id":"4838","equipacion_id":"281","slug":"formacvillarrub","federacion_id":"33047","localidad_id":"2157","provincia_id":"51","comunidad_id":"19","localidad":"Villarrubia de los Ojos","provincia":"Ciudad Real","comunidad":"Castilla - La Mancha","pais_id":"60","es_seleccion":"0","pL":"0","pV":"1"}],"partidos":[{"id":"1151251","partidoAPI":null,"temporada_id":"275","estado_partido":"1","jornada":"118","apuesta_partido":null,"fase":"Primera Eliminatoria","fecha":"2023-08-05","hora_prevista":"20:00:00","hora_real":"00:00:11","apuesta":null,"clasificado":"1","goles_local":"2","goles_visitante":"1","grupo_id":null,"betsapi":"-1","codigo_acta":"0","local":"CD Quintanar del Rey ","localCorto":"CD Quintanar del Rey","twitterLocal":"cdquintanardrey","federacion_id_l":"30686","equipoLocal_id":"544","pais_local":"60","pais_visitante":"60","federacion_id_v":"30677","visitante":"UB Conquense","visitanteCorto":"UB Conquense","twitterVisitante":"UBConquense","equipoVisitante_id":"265","observaciones":"Copa RFEF \/ Trofeo JCCM","comentario":"-0","club_local":"4579","club_visitante":"4262","estadio":null,"arbitro_id":null,"youtube_id":null,"acta":null,"apuesta_torneo":"0","tipo_torneo":"2","idPais":"60","visible":"5","goles":"0","estadio_id":"864","estadio_nombre":"San Marcos","estadio_localidad":"Quintanar del Rey","tv":"134","nombre_arbitro":null,"ida":null},{"id":"1151253","partidoAPI":null,"temporada_id":"275","estado_partido":"1","jornada":"118","apuesta_partido":null,"fase":"Primera Eliminatoria","fecha":"2023-08-05","hora_prevista":"21:00:00","hora_real":"00:00:11","apuesta":null,"clasificado":"2","goles_local":"0","goles_visitante":"2","grupo_id":null,"betsapi":"7018761","codigo_acta":"0","local":"CD Toledo","localCorto":"CD Toledo","twitterLocal":"CD_Toledo","federacion_id_l":"30692","equipoLocal_id":"194","pais_local":"60","pais_visitante":"60","federacion_id_v":"33052","visitante":"CD Torrijos","visitanteCorto":"CD Torrijos","twitterVisitante":"cdtorrijos_ofcl","equipoVisitante_id":"604","observaciones":"Copa RFEF \/ Trofeo JCCM","comentario":"-0","club_local":"4186","club_visitante":"4664","estadio":null,"arbitro_id":null,"youtube_id":null,"acta":null,"apuesta_torneo":"0","tipo_torneo":"2","idPais":"60","visible":"5","goles":"0","estadio_id":"486","estadio_nombre":"Salto del Caballo","estadio_localidad":"Toledo","tv":"134","nombre_arbitro":null,"ida":null},{"id":"1151252","partidoAPI":null,"temporada_id":"275","estado_partido":"1","jornada":"118","apuesta_partido":null,"fase":"Primera Eliminatoria","fecha":"2023-08-06","hora_prevista":"20:00:00","hora_real":"00:00:11","apuesta":null,"clasificado":"1","goles_local":"2","goles_visitante":"0","grupo_id":null,"betsapi":"-1","codigo_acta":"0","local":"Calvo Sotelo Puertollano CF","localCorto":"Calvo Sotelo CF","twitterLocal":"cspuertollanocf","federacion_id_l":"494526","equipoLocal_id":"14084","pais_local":"60","pais_visitante":"60","federacion_id_v":"33047","visitante":"Villarrubia CF","visitanteCorto":"Villarrubia CF","twitterVisitante":"formacvillarrub","equipoVisitante_id":"734","observaciones":"Copa RFEF \/ Trofeo JCCM","comentario":"-0","club_local":"8404","club_visitante":"4838","estadio":null,"arbitro_id":null,"youtube_id":null,"acta":null,"apuesta_torneo":"0","tipo_torneo":"2","idPais":"60","visible":"5","goles":"0","estadio_id":"870","estadio_nombre":"Ciudad de Puertollano","estadio_localidad":"Puertollano","tv":"134","nombre_arbitro":null,"ida":null},{"id":"1151254","partidoAPI":null,"temporada_id":"275","estado_partido":"1","jornada":"118","apuesta_partido":null,"fase":"Primera Eliminatoria","fecha":"2023-08-12","hora_prevista":"20:00:00","hora_real":"00:00:11","apuesta":null,"clasificado":"2","goles_local":"0","goles_visitante":"0","grupo_id":null,"betsapi":"-1","codigo_acta":"0","local":"UD Socuéllamos CF","localCorto":"UD Socuéllamos","twitterLocal":"YugoUDS","federacion_id_l":"30688","equipoLocal_id":"593","pais_local":"60","pais_visitante":"60","federacion_id_v":"33066","visitante":"CD Villacañas ","visitanteCorto":"CD Villacañas ","twitterVisitante":"cd_villacanas","equipoVisitante_id":"121","observaciones":"Penaltis: 3 (5) - 4 (5)<br> Copa RFEF \/ Trofeo JCCM","comentario":"-13","club_local":"4635","club_visitante":"4099","estadio":null,"arbitro_id":null,"youtube_id":null,"acta":null,"apuesta_torneo":"0","tipo_torneo":"2","idPais":"60","visible":"5","goles":"0","estadio_id":"663","estadio_nombre":"Paquito Jiménez","estadio_localidad":"Socuéllamos","tv":"134","nombre_arbitro":null,"ida":null},{"id":"1161651","partidoAPI":null,"temporada_id":"275","estado_partido":"1","jornada":"139","apuesta_partido":null,"fase":"Segunda Eliminatoria","fecha":"2023-08-12","hora_prevista":"20:00:00","hora_real":"00:00:11","apuesta":null,"clasificado":"2","goles_local":"0","goles_visitante":"1","grupo_id":null,"betsapi":"-1","codigo_acta":"0","local":"CD Quintanar del Rey ","localCorto":"CD Quintanar del Rey","twitterLocal":"cdquintanardrey","federacion_id_l":"30686","equipoLocal_id":"544","pais_local":"60","pais_visitante":"60","federacion_id_v":"30680","visitante":"CD Guadalajara","visitanteCorto":"CD Guadalajara","twitterVisitante":"deporguada","equipoVisitante_id":"602","observaciones":"Copa RFEF \/ Trofeo JCCM","comentario":"-13","club_local":"4579","club_visitante":"4661","estadio":null,"arbitro_id":null,"youtube_id":null,"acta":null,"apuesta_torneo":"0","tipo_torneo":"2","idPais":"60","visible":"5","goles":"0","estadio_id":"864","estadio_nombre":"San Marcos","estadio_localidad":"Quintanar del Rey","tv":"134","nombre_arbitro":null,"ida":null},{"id":"1161653","partidoAPI":null,"temporada_id":"275","estado_partido":"1","jornada":"139","apuesta_partido":null,"fase":"Segunda Eliminatoria","fecha":"2023-08-12","hora_prevista":"20:00:00","hora_real":"00:00:11","apuesta":null,"clasificado":"2","goles_local":"1","goles_visitante":"2","grupo_id":null,"betsapi":"7046215","codigo_acta":"0","local":"CD Torrijos","localCorto":"CD Torrijos","twitterLocal":"cdtorrijos_ofcl","federacion_id_l":"33052","equipoLocal_id":"604","pais_local":"60","pais_visitante":"60","federacion_id_v":"0","visitante":"CF Talavera de la Reina","visitanteCorto":"CF Talavera","twitterVisitante":"CFTalavera","equipoVisitante_id":"3302","observaciones":"Copa RFEF \/ Trofeo JCCM","comentario":"-13","club_local":"4664","club_visitante":"5958","estadio":null,"arbitro_id":null,"youtube_id":null,"acta":null,"apuesta_torneo":"0","tipo_torneo":"2","idPais":"60","visible":"5","goles":"0","estadio_id":"1240","estadio_nombre":"San Francisco","estadio_localidad":"Torrijos","tv":"134","nombre_arbitro":null,"ida":null},{"id":"1161652","partidoAPI":null,"temporada_id":"275","estado_partido":"1","jornada":"139","apuesta_partido":null,"fase":"Segunda Eliminatoria","fecha":"2023-08-13","hora_prevista":"20:00:00","hora_real":"19:05:27","apuesta":null,"clasificado":"2","goles_local":"1","goles_visitante":"2","grupo_id":null,"betsapi":"1","codigo_acta":"0","local":"Calvo Sotelo Puertollano CF","localCorto":"Calvo Sotelo CF","twitterLocal":"cspuertollanocf","federacion_id_l":"494526","equipoLocal_id":"14084","pais_local":"60","pais_visitante":"60","federacion_id_v":"124803","visitante":"CD Manchego Ciudad Real","visitanteCorto":"CD Manchego","twitterVisitante":"cdmanchegocreal","equipoVisitante_id":"1365","observaciones":"Copa RFEF \/ Trofeo JCCM","comentario":"-13","club_local":"8404","club_visitante":"2398","estadio":null,"arbitro_id":null,"youtube_id":null,"acta":null,"apuesta_torneo":"0","tipo_torneo":"2","idPais":"60","visible":"5","goles":"0","estadio_id":"870","estadio_nombre":"Ciudad de Puertollano","estadio_localidad":"Puertollano","tv":"134","nombre_arbitro":null,"ida":null},{"id":"1163323","partidoAPI":null,"temporada_id":"275","estado_partido":"1","jornada":"139","apuesta_partido":null,"fase":"Segunda Eliminatoria","fecha":"2023-08-16","hora_prevista":"20:00:00","hora_real":"21:06:00","apuesta":null,"clasificado":"1","goles_local":"0","goles_visitante":"0","grupo_id":null,"betsapi":"1","codigo_acta":"0","local":"CD Villacañas ","localCorto":"CD Villacañas ","twitterLocal":"cd_villacanas","federacion_id_l":"33066","equipoLocal_id":"121","pais_local":"60","pais_visitante":"60","federacion_id_v":"30682","visitante":"CD Illescas","visitanteCorto":"CD Illescas","twitterVisitante":"CD_Illescas","equipoVisitante_id":"228","observaciones":"Penaltis: 4 (5) - 2 (4)<br> Copa RFEF \/ Trofeo JCCM","comentario":"-13","club_local":"4099","club_visitante":"4222","estadio":null,"arbitro_id":null,"youtube_id":null,"acta":null,"apuesta_torneo":"0","tipo_torneo":"2","idPais":"60","visible":"5","goles":"0","estadio_id":"1017","estadio_nombre":"Las Pirámides","estadio_localidad":"Villacañas","tv":"134","nombre_arbitro":null,"ida":null},{"id":"1163763","partidoAPI":null,"temporada_id":"275","estado_partido":"0","jornada":"148","apuesta_partido":null,"fase":"Semifinales","fecha":"2023-08-19","hora_prevista":"20:00:00","hora_real":"00:00:11","apuesta":null,"clasificado":"0","goles_local":"0","goles_visitante":"0","grupo_id":null,"betsapi":"-1","codigo_acta":"0","local":"CD Villacañas ","localCorto":"CD Villacañas ","twitterLocal":"cd_villacanas","federacion_id_l":"33066","equipoLocal_id":"121","pais_local":"60","pais_visitante":"60","federacion_id_v":"0","visitante":"CF Talavera de la Reina","visitanteCorto":"CF Talavera","twitterVisitante":"CFTalavera","equipoVisitante_id":"3302","observaciones":null,"comentario":null,"club_local":"4099","club_visitante":"5958","estadio":null,"arbitro_id":null,"youtube_id":null,"acta":null,"apuesta_torneo":"0","tipo_torneo":"2","idPais":"60","visible":"5","goles":"0","estadio_id":"1017","estadio_nombre":"Las Pirámides","estadio_localidad":"Villacañas","tv":null,"nombre_arbitro":null,"ida":null},{"id":"1163762","partidoAPI":null,"temporada_id":"275","estado_partido":"0","jornada":"148","apuesta_partido":null,"fase":"Semifinales","fecha":"2023-08-20","hora_prevista":"20:00:00","hora_real":"00:00:11","apuesta":null,"clasificado":"0","goles_local":"0","goles_visitante":"0","grupo_id":null,"betsapi":"-1","codigo_acta":"0","local":"CD Guadalajara","localCorto":"CD Guadalajara","twitterLocal":"deporguada","federacion_id_l":"30680","equipoLocal_id":"602","pais_local":"60","pais_visitante":"60","federacion_id_v":"124803","visitante":"CD Manchego Ciudad Real","visitanteCorto":"CD Manchego","twitterVisitante":"cdmanchegocreal","equipoVisitante_id":"1365","observaciones":null,"comentario":null,"club_local":"4661","club_visitante":"2398","estadio":null,"arbitro_id":null,"youtube_id":null,"acta":null,"apuesta_torneo":"0","tipo_torneo":"2","idPais":"60","visible":"5","goles":"0","estadio_id":"521","estadio_nombre":"Pedro Escartín","estadio_localidad":"Guadalajara","tv":null,"nombre_arbitro":null,"ida":null}],"fichajes":{"id":"8560","nombre":"Víctor López Medel","apodo":"Vitolo","es_fichaje":"1","es_baja":"0","posicion":"1","fecha_nacimiento":null,"slug":"Athletic Club d´Escaldes","equipoActual_id":"602","equipo":"CD Guadalajara","club_id":"4661"},"clasificacion":[]}