{"torneo":{"torneo_id":"451","tipo_torneo":"2","nombre":"COPPA ITALIA","division_id":"8","traduccion":"","sexo":"0","desarrollo":"0","categoria_id":"1","categoria_nombre":"Senior Masculino","visible":"5","categoria_torneo_id":"9","id_original":"440","apifutbol":"0","apiRFEFcompeticion":"0","apiRFEFgrupo":"0","idPais":"101","nombrePais":"Italia","idComunidad":"1","nombreComunidad":"SIN COMUNIDAD","jornadas":"0","jornadaActiva":"84","tipoClasificacion":"0","tipoPuntuacion":"0"},"equipos":[{"equipo_id":"1318","grupo":"0","nombre":"AC Cesena","nombreCorto":"AC Cesena","estadio_id":null,"betsapi":"0","club_id":"2357","equipacion_id":null,"slug":null,"federacion_id":"0","localidad_id":"1","provincia_id":"1","comunidad_id":"1","localidad":"Sin localidad","provincia":"sin provincia","comunidad":"SIN COMUNIDAD","pais_id":"101","es_seleccion":"0","pL":"0","pV":"1"},{"equipo_id":"8753","grupo":"0","nombre":"AC FeralpiSalò","nombreCorto":"AC FeralpiSalò","estadio_id":null,"betsapi":"6050","club_id":"1315","equipacion_id":null,"slug":"","federacion_id":"0","localidad_id":"1","provincia_id":"1","comunidad_id":"1","localidad":"Sin localidad","provincia":"sin provincia","comunidad":"SIN COMUNIDAD","pais_id":"101","es_seleccion":"0","pL":"0","pV":"1"},{"equipo_id":"767","grupo":"0","nombre":"AC Milan","nombreCorto":"AC Milan","estadio_id":null,"betsapi":"43866","club_id":"4862","equipacion_id":"1168","slug":"acmilan","federacion_id":"0","localidad_id":"1","provincia_id":"1","comunidad_id":"1","localidad":"Sin localidad","provincia":"sin provincia","comunidad":"SIN COMUNIDAD","pais_id":"101","es_seleccion":"0","pL":"0","pV":"0"},{"equipo_id":"8754","grupo":"0","nombre":"AC Monza","nombreCorto":"AC Monza","estadio_id":null,"betsapi":"52492","club_id":"6347","equipacion_id":null,"slug":"ACMonza","federacion_id":"0","localidad_id":"1","provincia_id":"1","comunidad_id":"1","localidad":"Sin localidad","provincia":"sin provincia","comunidad":"SIN COMUNIDAD","pais_id":"101","es_seleccion":"0","pL":"1","pV":"0"},{"equipo_id":"6647","grupo":"0","nombre":"AC Reggiana","nombreCorto":"AC Reggiana","estadio_id":null,"betsapi":"0","club_id":"5325","equipacion_id":null,"slug":null,"federacion_id":"0","localidad_id":"1","provincia_id":"1","comunidad_id":"1","localidad":"Sin localidad","provincia":"sin provincia","comunidad":"SIN COMUNIDAD","pais_id":"101","es_seleccion":"0","pL":"0","pV":"1"},{"equipo_id":"1727","grupo":"0","nombre":"ACF Fiorentina","nombreCorto":"ACF Fiorentina","estadio_id":null,"betsapi":"1280","club_id":"2753","equipacion_id":"828","slug":"acffiorentina","federacion_id":"0","localidad_id":"1","provincia_id":"1","comunidad_id":"1","localidad":"Sin localidad","provincia":"sin provincia","comunidad":"SIN COMUNIDAD","pais_id":"101","es_seleccion":"0","pL":"0","pV":"0"},{"equipo_id":"1357","grupo":"0","nombre":"AS Cittadella","nombreCorto":"AS Cittadella","estadio_id":null,"betsapi":"6390","club_id":"2391","equipacion_id":null,"slug":"ascittadella73","federacion_id":"0","localidad_id":"1","provincia_id":"1","comunidad_id":"1","localidad":"Sin localidad","provincia":"sin provincia","comunidad":"SIN COMUNIDAD","pais_id":"101","es_seleccion":"0","pL":"0","pV":"1"},{"equipo_id":"909","grupo":"0","nombre":"AS Roma","nombreCorto":"AS Roma","estadio_id":null,"betsapi":"1273","club_id":"1976","equipacion_id":"350","slug":"OfficialASRoma","federacion_id":"0","localidad_id":"1","provincia_id":"1","comunidad_id":"1","localidad":"Sin localidad","provincia":"sin provincia","comunidad":"SIN COMUNIDAD","pais_id":"101","es_seleccion":"0","pL":"0","pV":"0"},{"equipo_id":"913","grupo":"0","nombre":"Ascoli Calcio","nombreCorto":"Ascoli Calcio","estadio_id":null,"betsapi":"7326","club_id":"1983","equipacion_id":null,"slug":"ascolicalciofc","federacion_id":"0","localidad_id":"1","provincia_id":"1","comunidad_id":"1","localidad":"Sin localidad","provincia":"sin provincia","comunidad":"SIN COMUNIDAD","pais_id":"101","es_seleccion":"0","pL":"0","pV":"1"},{"equipo_id":"920","grupo":"0","nombre":"Atalanta BC","nombreCorto":"Atalanta BC","estadio_id":null,"betsapi":"1277","club_id":"1990","equipacion_id":"977","slug":"Atalanta_BC","federacion_id":"0","localidad_id":"1","provincia_id":"1","comunidad_id":"1","localidad":"Sin localidad","provincia":"sin provincia","comunidad":"SIN COMUNIDAD","pais_id":"101","es_seleccion":"0","pL":"0","pV":"0"},{"equipo_id":"1088","grupo":"0","nombre":"Bologna FC","nombreCorto":"Bologna FC","estadio_id":null,"betsapi":"1231","club_id":"2148","equipacion_id":"1192","slug":"BfcOfficialPage","federacion_id":"0","localidad_id":"1","provincia_id":"1","comunidad_id":"1","localidad":"Sin localidad","provincia":"sin provincia","comunidad":"SIN COMUNIDAD","pais_id":"101","es_seleccion":"0","pL":"1","pV":"0"},{"equipo_id":"1143","grupo":"0","nombre":"Cagliari Calcio","nombreCorto":"Cagliari Calcio","estadio_id":null,"betsapi":"1272","club_id":"2201","equipacion_id":"856","slug":"CagliariCalcio","federacion_id":"0","localidad_id":"1","provincia_id":"1","comunidad_id":"1","localidad":"Sin localidad","provincia":"sin provincia","comunidad":"SIN COMUNIDAD","pais_id":"101","es_seleccion":"0","pL":"1","pV":"0"},{"equipo_id":"9460","grupo":"0","nombre":"Como 1907","nombreCorto":"Como 1907","estadio_id":null,"betsapi":"691","club_id":"8130","equipacion_id":null,"slug":"","federacion_id":"0","localidad_id":"1","provincia_id":"1","comunidad_id":"1","localidad":"Sin localidad","provincia":"sin provincia","comunidad":"SIN COMUNIDAD","pais_id":"101","es_seleccion":"0","pL":"0","pV":"1"},{"equipo_id":"6662","grupo":"0","nombre":"Cosenza Calcio","nombreCorto":"Cosenza Calcio","estadio_id":null,"betsapi":"677","club_id":"5340","equipacion_id":null,"slug":"CosenzaOfficial","federacion_id":"0","localidad_id":"1","provincia_id":"1","comunidad_id":"1","localidad":"Sin localidad","provincia":"sin provincia","comunidad":"SIN COMUNIDAD","pais_id":"101","es_seleccion":"0","pL":"1","pV":"0"},{"equipo_id":"1534","grupo":"0","nombre":"Empoli FC","nombreCorto":"Empoli FC","estadio_id":null,"betsapi":"1239","club_id":"2562","equipacion_id":null,"slug":"EmpoliCalcio","federacion_id":"0","localidad_id":"1","provincia_id":"1","comunidad_id":"1","localidad":"Sin localidad","provincia":"sin provincia","comunidad":"SIN COMUNIDAD","pais_id":"101","es_seleccion":"0","pL":"1","pV":"0"},{"equipo_id":"1414","grupo":"0","nombre":"FC Crotone","nombreCorto":"FC Crotone","estadio_id":null,"betsapi":"1274","club_id":"2445","equipacion_id":"1192","slug":"FcCrotoneOff","federacion_id":"0","localidad_id":"1","provincia_id":"1","comunidad_id":"1","localidad":"Sin localidad","provincia":"sin provincia","comunidad":"SIN COMUNIDAD","pais_id":"101","es_seleccion":"0","pL":"0","pV":"1"},{"equipo_id":"1630","grupo":"0","nombre":"FC Internazionale Milano","nombreCorto":"FC Internazionale","estadio_id":null,"betsapi":"890","club_id":"2657","equipacion_id":"1053","slug":"Inter","federacion_id":"0","localidad_id":"1","provincia_id":"1","comunidad_id":"1","localidad":"Sin localidad","provincia":"sin provincia","comunidad":"SIN COMUNIDAD","pais_id":"101","es_seleccion":"0","pL":"0","pV":"0"},{"equipo_id":"6656","grupo":"0","nombre":"FC Südtirol","nombreCorto":"FC Südtirol","estadio_id":null,"betsapi":"6055","club_id":"5334","equipacion_id":null,"slug":"","federacion_id":"0","localidad_id":"1","provincia_id":"1","comunidad_id":"1","localidad":"Sin localidad","provincia":"sin provincia","comunidad":"SIN COMUNIDAD","pais_id":"101","es_seleccion":"0","pL":"0","pV":"1"},{"equipo_id":"1784","grupo":"0","nombre":"Frosinone Calcio","nombreCorto":"Frosinone Calcio","estadio_id":null,"betsapi":"6144","club_id":"2811","equipacion_id":null,"slug":"Frosinone1928","federacion_id":"0","localidad_id":"1","provincia_id":"1","comunidad_id":"1","localidad":"Sin localidad","provincia":"sin provincia","comunidad":"SIN COMUNIDAD","pais_id":"101","es_seleccion":"0","pL":"1","pV":"0"},{"equipo_id":"1818","grupo":"0","nombre":"Genoa CFC","nombreCorto":"Genoa CFC","estadio_id":null,"betsapi":"1275","club_id":"2843","equipacion_id":"856","slug":"GenoaCFC","federacion_id":"0","localidad_id":"1","provincia_id":"1","comunidad_id":"1","localidad":"Sin localidad","provincia":"sin provincia","comunidad":"SIN COMUNIDAD","pais_id":"101","es_seleccion":"0","pL":"1","pV":"0"},{"equipo_id":"3322","grupo":"0","nombre":"Hellas Verona FC","nombreCorto":"Hellas Verona FC","estadio_id":null,"betsapi":"7311","club_id":"6008","equipacion_id":"727","slug":"HellasVeronaFC","federacion_id":"0","localidad_id":"1","provincia_id":"1","comunidad_id":"1","localidad":"Sin localidad","provincia":"sin provincia","comunidad":"SIN COMUNIDAD","pais_id":"101","es_seleccion":"0","pL":"1","pV":"0"},{"equipo_id":"2003","grupo":"0","nombre":"Juventus FC","nombreCorto":"Juventus FC","estadio_id":null,"betsapi":"22228","club_id":"3018","equipacion_id":"117","slug":"juventusfces","federacion_id":"0","localidad_id":"1","provincia_id":"1","comunidad_id":"1","localidad":"Sin localidad","provincia":"sin provincia","comunidad":"SIN COMUNIDAD","pais_id":"101","es_seleccion":"0","pL":"0","pV":"0"},{"equipo_id":"2224","grupo":"0","nombre":"Modena FC","nombreCorto":"Modena FC","estadio_id":null,"betsapi":"6051","club_id":"3239","equipacion_id":null,"slug":"","federacion_id":"0","localidad_id":"1","provincia_id":"1","comunidad_id":"1","localidad":"Sin localidad","provincia":"sin provincia","comunidad":"SIN COMUNIDAD","pais_id":"101","es_seleccion":"0","pL":"0","pV":"1"},{"equipo_id":"51352","grupo":"0","nombre":"Palermo FC","nombreCorto":"Palermo FC","estadio_id":null,"betsapi":"891","club_id":"18380","equipacion_id":null,"slug":"","federacion_id":"0","localidad_id":"1","provincia_id":"1","comunidad_id":"1","localidad":"Sin localidad","provincia":"sin provincia","comunidad":"SIN COMUNIDAD","pais_id":"101","es_seleccion":"0","pL":"0","pV":"1"},{"equipo_id":"15281","grupo":"0","nombre":"Parma Calcio 1913","nombreCorto":"Parma Calcio 1913","estadio_id":null,"betsapi":"6396","club_id":"9812","equipacion_id":"1319","slug":"1913parmacalcio","federacion_id":"0","localidad_id":"1","provincia_id":"1","comunidad_id":"1","localidad":"Sin localidad","provincia":"sin provincia","comunidad":"SIN COMUNIDAD","pais_id":"101","es_seleccion":"0","pL":"0","pV":"1"},{"equipo_id":"6644","grupo":"0","nombre":"Pisa SC","nombreCorto":"Pisa SC","estadio_id":null,"betsapi":"7309","club_id":"5229","equipacion_id":null,"slug":"PisaSC","federacion_id":"0","localidad_id":"1","provincia_id":"1","comunidad_id":"1","localidad":"Sin localidad","provincia":"sin provincia","comunidad":"SIN COMUNIDAD","pais_id":"101","es_seleccion":"0","pL":"0","pV":"1"},{"equipo_id":"6906","grupo":"0","nombre":"Spezia Calcio","nombreCorto":"Spezia Calcio","estadio_id":null,"betsapi":"7315","club_id":"5605","equipacion_id":"371","slug":"acspezia","federacion_id":"0","localidad_id":"1","provincia_id":"1","comunidad_id":"1","localidad":"Sin localidad","provincia":"sin provincia","comunidad":"SIN COMUNIDAD","pais_id":"101","es_seleccion":"0","pL":"1","pV":"0"},{"equipo_id":"2831","grupo":"0","nombre":"SS Lazio","nombreCorto":"SS Lazio","estadio_id":null,"betsapi":"43865","club_id":"3935","equipacion_id":"84","slug":"OfficialSSLazio","federacion_id":"0","localidad_id":"1","provincia_id":"1","comunidad_id":"1","localidad":"Sin localidad","provincia":"sin provincia","comunidad":"SIN COMUNIDAD","pais_id":"101","es_seleccion":"0","pL":"0","pV":"0"},{"equipo_id":"1029","grupo":"0","nombre":"SSC Bari","nombreCorto":"SSC Bari","estadio_id":null,"betsapi":"6378","club_id":"2092","equipacion_id":null,"slug":"","federacion_id":"0","localidad_id":"1","provincia_id":"1","comunidad_id":"1","localidad":"Sin localidad","provincia":"sin provincia","comunidad":"SIN COMUNIDAD","pais_id":"101","es_seleccion":"0","pL":"1","pV":"0"},{"equipo_id":"2832","grupo":"0","nombre":"SSC Napoli","nombreCorto":"SSC Napoli","estadio_id":null,"betsapi":"29126","club_id":"3936","equipacion_id":"84","slug":"sscnapoliES","federacion_id":"0","localidad_id":"1","provincia_id":"1","comunidad_id":"1","localidad":"Sin localidad","provincia":"sin provincia","comunidad":"SIN COMUNIDAD","pais_id":"101","es_seleccion":"0","pL":"0","pV":"0"},{"equipo_id":"6905","grupo":"0","nombre":"Ternana Calcio","nombreCorto":"Ternana Calcio","estadio_id":null,"betsapi":"6391","club_id":"5586","equipacion_id":null,"slug":"TernanaOfficial","federacion_id":"0","localidad_id":"1","provincia_id":"1","comunidad_id":"1","localidad":"Sin localidad","provincia":"sin provincia","comunidad":"SIN COMUNIDAD","pais_id":"101","es_seleccion":"0","pL":"0","pV":"1"},{"equipo_id":"2901","grupo":"0","nombre":"Torino FC","nombreCorto":"Torino FC","estadio_id":null,"betsapi":"1230","club_id":"4002","equipacion_id":"1320","slug":"TorinoFC_1906","federacion_id":"0","localidad_id":"1","provincia_id":"1","comunidad_id":"1","localidad":"Sin localidad","provincia":"sin provincia","comunidad":"SIN COMUNIDAD","pais_id":"101","es_seleccion":"0","pL":"1","pV":"0"},{"equipo_id":"2639","grupo":"0","nombre":"UC Sampdoria","nombreCorto":"UC Sampdoria","estadio_id":null,"betsapi":"1276","club_id":"3754","equipacion_id":"1321","slug":"sampdoria","federacion_id":"0","localidad_id":"1","provincia_id":"1","comunidad_id":"1","localidad":"Sin localidad","provincia":"sin provincia","comunidad":"SIN COMUNIDAD","pais_id":"101","es_seleccion":"0","pL":"1","pV":"0"},{"equipo_id":"2977","grupo":"0","nombre":"Udinese Calcio","nombreCorto":"Udinese Calcio","estadio_id":null,"betsapi":"1238","club_id":"4061","equipacion_id":"117","slug":"Udinese_1896","federacion_id":"0","localidad_id":"1","provincia_id":"1","comunidad_id":"1","localidad":"Sin localidad","provincia":"sin provincia","comunidad":"SIN COMUNIDAD","pais_id":"101","es_seleccion":"0","pL":"1","pV":"0"},{"equipo_id":"6640","grupo":"0","nombre":"US Catanzaro 1929","nombreCorto":"US Catanzaro 1929","estadio_id":null,"betsapi":"0","club_id":"5225","equipacion_id":null,"slug":"","federacion_id":"0","localidad_id":"1","provincia_id":"1","comunidad_id":"1","localidad":"Sin localidad","provincia":"sin provincia","comunidad":"SIN COMUNIDAD","pais_id":"101","es_seleccion":"0","pL":"0","pV":"1"},{"equipo_id":"6641","grupo":"0","nombre":"US Cremonese","nombreCorto":"US Cremonese","estadio_id":null,"betsapi":"667","club_id":"5226","equipacion_id":null,"slug":"USCremonese","federacion_id":"0","localidad_id":"1","provincia_id":"1","comunidad_id":"1","localidad":"Sin localidad","provincia":"sin provincia","comunidad":"SIN COMUNIDAD","pais_id":"101","es_seleccion":"0","pL":"1","pV":"0"},{"equipo_id":"2106","grupo":"0","nombre":"US Lecce","nombreCorto":"US Lecce","estadio_id":null,"betsapi":"685","club_id":"3129","equipacion_id":null,"slug":"OfficialUSLecce","federacion_id":"0","localidad_id":"1","provincia_id":"1","comunidad_id":"1","localidad":"Sin localidad","provincia":"sin provincia","comunidad":"SIN COMUNIDAD","pais_id":"101","es_seleccion":"0","pL":"1","pV":"0"},{"equipo_id":"2633","grupo":"0","nombre":"US Salernitana","nombreCorto":"US Salernitana","estadio_id":null,"betsapi":"7310","club_id":"3748","equipacion_id":null,"slug":"OfficialUSS1919","federacion_id":"0","localidad_id":"1","provincia_id":"1","comunidad_id":"1","localidad":"Sin localidad","provincia":"sin provincia","comunidad":"SIN COMUNIDAD","pais_id":"101","es_seleccion":"0","pL":"1","pV":"0"},{"equipo_id":"2715","grupo":"0","nombre":"US Sassuolo Calcio","nombreCorto":"US Sassuolo Calcio","estadio_id":null,"betsapi":"1278","club_id":"3824","equipacion_id":"791","slug":"SassuoloUS","federacion_id":"0","localidad_id":"1","provincia_id":"1","comunidad_id":"1","localidad":"Sin localidad","provincia":"sin provincia","comunidad":"SIN COMUNIDAD","pais_id":"101","es_seleccion":"0","pL":"0","pV":"1"},{"equipo_id":"8751","grupo":"0","nombre":"Venezia FC","nombreCorto":"Venezia FC","estadio_id":null,"betsapi":"6395","club_id":"6334","equipacion_id":null,"slug":"VeneziaFC_IT","federacion_id":"0","localidad_id":"1","provincia_id":"1","comunidad_id":"1","localidad":"Sin localidad","provincia":"sin provincia","comunidad":"SIN COMUNIDAD","pais_id":"101","es_seleccion":"0","pL":"0","pV":"1"}],"partidos":[{"id":"1161585","partidoAPI":null,"temporada_id":"346","estado_partido":"0","jornada":"139","apuesta_partido":null,"fase":"Segunda Eliminatoria","fecha":"2023-08-11","hora_prevista":"17:45:00","hora_real":"00:00:11","apuesta":null,"clasificado":"0","goles_local":"0","goles_visitante":"0","grupo_id":null,"betsapi":"-1","codigo_acta":"0","local":"Frosinone Calcio","localCorto":"Frosinone Calcio","twitterLocal":"Frosinone1928","federacion_id_l":"0","equipoLocal_id":"1784","pais_local":"101","pais_visitante":"101","federacion_id_v":"0","visitante":"Pisa SC","visitanteCorto":"Pisa SC","twitterVisitante":"PisaSC","equipoVisitante_id":"6644","observaciones":null,"comentario":null,"club_local":"2811","club_visitante":"5229","estadio":null,"arbitro_id":null,"youtube_id":null,"acta":null,"apuesta_torneo":"0","tipo_torneo":"2","idPais":"101","visible":"5","goles":"0","estadio_id":null,"estadio_nombre":null,"estadio_localidad":null,"tv":null,"nombre_arbitro":null,"ida":null},{"id":"1161586","partidoAPI":null,"temporada_id":"346","estado_partido":"0","jornada":"139","apuesta_partido":null,"fase":"Segunda Eliminatoria","fecha":"2023-08-11","hora_prevista":"18:00:00","hora_real":"00:00:11","apuesta":null,"clasificado":"0","goles_local":"0","goles_visitante":"0","grupo_id":null,"betsapi":"-1","codigo_acta":"0","local":"Udinese Calcio","localCorto":"Udinese Calcio","twitterLocal":"Udinese_1896","federacion_id_l":"0","equipoLocal_id":"2977","pais_local":"101","pais_visitante":"101","federacion_id_v":"0","visitante":"US Catanzaro 1929","visitanteCorto":"US Catanzaro 1929","twitterVisitante":"","equipoVisitante_id":"6640","observaciones":null,"comentario":null,"club_local":"4061","club_visitante":"5225","estadio":null,"arbitro_id":null,"youtube_id":null,"acta":null,"apuesta_torneo":"0","tipo_torneo":"2","idPais":"101","visible":"5","goles":"0","estadio_id":null,"estadio_nombre":null,"estadio_localidad":null,"tv":null,"nombre_arbitro":null,"ida":null},{"id":"1161587","partidoAPI":null,"temporada_id":"346","estado_partido":"0","jornada":"139","apuesta_partido":null,"fase":"Segunda Eliminatoria","fecha":"2023-08-11","hora_prevista":"21:00:00","hora_real":"00:00:11","apuesta":null,"clasificado":"0","goles_local":"0","goles_visitante":"0","grupo_id":null,"betsapi":"-1","codigo_acta":"0","local":"Genoa CFC","localCorto":"Genoa CFC","twitterLocal":"GenoaCFC","federacion_id_l":"0","equipoLocal_id":"1818","pais_local":"101","pais_visitante":"101","federacion_id_v":"0","visitante":"Modena FC","visitanteCorto":"Modena FC","twitterVisitante":"","equipoVisitante_id":"2224","observaciones":null,"comentario":null,"club_local":"2843","club_visitante":"3239","estadio":null,"arbitro_id":null,"youtube_id":null,"acta":null,"apuesta_torneo":"0","tipo_torneo":"2","idPais":"101","visible":"5","goles":"0","estadio_id":null,"estadio_nombre":null,"estadio_localidad":null,"tv":null,"nombre_arbitro":null,"ida":null},{"id":"1161588","partidoAPI":null,"temporada_id":"346","estado_partido":"0","jornada":"139","apuesta_partido":null,"fase":"Segunda Eliminatoria","fecha":"2023-08-11","hora_prevista":"21:15:00","hora_real":"00:00:11","apuesta":null,"clasificado":"0","goles_local":"0","goles_visitante":"0","grupo_id":null,"betsapi":"-1","codigo_acta":"0","local":"Bologna FC","localCorto":"Bologna FC","twitterLocal":"BfcOfficialPage","federacion_id_l":"0","equipoLocal_id":"1088","pais_local":"101","pais_visitante":"101","federacion_id_v":"0","visitante":"AC Cesena","visitanteCorto":"AC Cesena","twitterVisitante":null,"equipoVisitante_id":"1318","observaciones":null,"comentario":null,"club_local":"2148","club_visitante":"2357","estadio":null,"arbitro_id":null,"youtube_id":null,"acta":null,"apuesta_torneo":"0","tipo_torneo":"2","idPais":"101","visible":"5","goles":"0","estadio_id":null,"estadio_nombre":null,"estadio_localidad":null,"tv":null,"nombre_arbitro":null,"ida":null},{"id":"1161589","partidoAPI":null,"temporada_id":"346","estado_partido":"0","jornada":"139","apuesta_partido":null,"fase":"Segunda Eliminatoria","fecha":"2023-08-12","hora_prevista":"17:45:00","hora_real":"00:00:11","apuesta":null,"clasificado":"0","goles_local":"0","goles_visitante":"0","grupo_id":null,"betsapi":"-1","codigo_acta":"0","local":"Empoli FC","localCorto":"Empoli FC","twitterLocal":"EmpoliCalcio","federacion_id_l":"0","equipoLocal_id":"1534","pais_local":"101","pais_visitante":"101","federacion_id_v":"0","visitante":"AS Cittadella","visitanteCorto":"AS Cittadella","twitterVisitante":"ascittadella73","equipoVisitante_id":"1357","observaciones":null,"comentario":null,"club_local":"2562","club_visitante":"2391","estadio":null,"arbitro_id":null,"youtube_id":null,"acta":null,"apuesta_torneo":"0","tipo_torneo":"2","idPais":"101","visible":"5","goles":"0","estadio_id":null,"estadio_nombre":null,"estadio_localidad":null,"tv":null,"nombre_arbitro":null,"ida":null},{"id":"1161590","partidoAPI":null,"temporada_id":"346","estado_partido":"0","jornada":"139","apuesta_partido":null,"fase":"Segunda Eliminatoria","fecha":"2023-08-12","hora_prevista":"18:00:00","hora_real":"00:00:11","apuesta":null,"clasificado":"0","goles_local":"0","goles_visitante":"0","grupo_id":null,"betsapi":"-1","codigo_acta":"0","local":"SSC Bari","localCorto":"SSC Bari","twitterLocal":"","federacion_id_l":"0","equipoLocal_id":"1029","pais_local":"101","pais_visitante":"101","federacion_id_v":"0","visitante":"Parma Calcio 1913","visitanteCorto":"Parma Calcio 1913","twitterVisitante":"1913parmacalcio","equipoVisitante_id":"15281","observaciones":null,"comentario":null,"club_local":"2092","club_visitante":"9812","estadio":null,"arbitro_id":null,"youtube_id":null,"acta":null,"apuesta_torneo":"0","tipo_torneo":"2","idPais":"101","visible":"5","goles":"0","estadio_id":null,"estadio_nombre":null,"estadio_localidad":null,"tv":null,"nombre_arbitro":null,"ida":null},{"id":"1161591","partidoAPI":null,"temporada_id":"346","estado_partido":"0","jornada":"139","apuesta_partido":null,"fase":"Segunda Eliminatoria","fecha":"2023-08-12","hora_prevista":"21:00:00","hora_real":"00:00:11","apuesta":null,"clasificado":"0","goles_local":"0","goles_visitante":"0","grupo_id":null,"betsapi":"-1","codigo_acta":"0","local":"Hellas Verona FC","localCorto":"Hellas Verona FC","twitterLocal":"HellasVeronaFC","federacion_id_l":"0","equipoLocal_id":"3322","pais_local":"101","pais_visitante":"101","federacion_id_v":"0","visitante":"Ascoli Calcio","visitanteCorto":"Ascoli Calcio","twitterVisitante":"ascolicalciofc","equipoVisitante_id":"913","observaciones":null,"comentario":null,"club_local":"6008","club_visitante":"1983","estadio":null,"arbitro_id":null,"youtube_id":null,"acta":null,"apuesta_torneo":"0","tipo_torneo":"2","idPais":"101","visible":"5","goles":"0","estadio_id":null,"estadio_nombre":null,"estadio_localidad":null,"tv":null,"nombre_arbitro":null,"ida":null},{"id":"1161592","partidoAPI":null,"temporada_id":"346","estado_partido":"0","jornada":"139","apuesta_partido":null,"fase":"Segunda Eliminatoria","fecha":"2023-08-12","hora_prevista":"21:15:00","hora_real":"00:00:11","apuesta":null,"clasificado":"0","goles_local":"0","goles_visitante":"0","grupo_id":null,"betsapi":"-1","codigo_acta":"0","local":"Cagliari Calcio","localCorto":"Cagliari Calcio","twitterLocal":"CagliariCalcio","federacion_id_l":"0","equipoLocal_id":"1143","pais_local":"101","pais_visitante":"101","federacion_id_v":"0","visitante":"Palermo FC","visitanteCorto":"Palermo FC","twitterVisitante":"","equipoVisitante_id":"51352","observaciones":null,"comentario":null,"club_local":"2201","club_visitante":"18380","estadio":null,"arbitro_id":null,"youtube_id":null,"acta":null,"apuesta_torneo":"0","tipo_torneo":"2","idPais":"101","visible":"5","goles":"0","estadio_id":null,"estadio_nombre":null,"estadio_localidad":null,"tv":null,"nombre_arbitro":null,"ida":null},{"id":"1161593","partidoAPI":null,"temporada_id":"346","estado_partido":"0","jornada":"139","apuesta_partido":null,"fase":"Segunda Eliminatoria","fecha":"2023-08-13","hora_prevista":"17:45:00","hora_real":"00:00:11","apuesta":null,"clasificado":"0","goles_local":"0","goles_visitante":"0","grupo_id":null,"betsapi":"-1","codigo_acta":"0","local":"US Salernitana","localCorto":"US Salernitana","twitterLocal":"OfficialUSS1919","federacion_id_l":"0","equipoLocal_id":"2633","pais_local":"101","pais_visitante":"101","federacion_id_v":"0","visitante":"Ternana Calcio","visitanteCorto":"Ternana Calcio","twitterVisitante":"TernanaOfficial","equipoVisitante_id":"6905","observaciones":null,"comentario":null,"club_local":"3748","club_visitante":"5586","estadio":null,"arbitro_id":null,"youtube_id":null,"acta":null,"apuesta_torneo":"0","tipo_torneo":"2","idPais":"101","visible":"5","goles":"0","estadio_id":null,"estadio_nombre":null,"estadio_localidad":null,"tv":null,"nombre_arbitro":null,"ida":null},{"id":"1161594","partidoAPI":null,"temporada_id":"346","estado_partido":"0","jornada":"139","apuesta_partido":null,"fase":"Segunda Eliminatoria","fecha":"2023-08-13","hora_prevista":"18:00:00","hora_real":"00:00:11","apuesta":null,"clasificado":"0","goles_local":"0","goles_visitante":"0","grupo_id":null,"betsapi":"-1","codigo_acta":"0","local":"Cosenza Calcio","localCorto":"Cosenza Calcio","twitterLocal":"CosenzaOfficial","federacion_id_l":"0","equipoLocal_id":"6662","pais_local":"101","pais_visitante":"101","federacion_id_v":"0","visitante":"US Sassuolo Calcio","visitanteCorto":"US Sassuolo Calcio","twitterVisitante":"SassuoloUS","equipoVisitante_id":"2715","observaciones":null,"comentario":null,"club_local":"5340","club_visitante":"3824","estadio":null,"arbitro_id":null,"youtube_id":null,"acta":null,"apuesta_torneo":"0","tipo_torneo":"2","idPais":"101","visible":"5","goles":"0","estadio_id":null,"estadio_nombre":null,"estadio_localidad":null,"tv":null,"nombre_arbitro":null,"ida":null},{"id":"1161595","partidoAPI":null,"temporada_id":"346","estado_partido":"0","jornada":"139","apuesta_partido":null,"fase":"Segunda Eliminatoria","fecha":"2023-08-13","hora_prevista":"21:00:00","hora_real":"00:00:11","apuesta":null,"clasificado":"0","goles_local":"0","goles_visitante":"0","grupo_id":null,"betsapi":"-1","codigo_acta":"0","local":"US Lecce","localCorto":"US Lecce","twitterLocal":"OfficialUSLecce","federacion_id_l":"0","equipoLocal_id":"2106","pais_local":"101","pais_visitante":"101","federacion_id_v":"0","visitante":"Como 1907","visitanteCorto":"Como 1907","twitterVisitante":"","equipoVisitante_id":"9460","observaciones":null,"comentario":null,"club_local":"3129","club_visitante":"8130","estadio":null,"arbitro_id":null,"youtube_id":null,"acta":null,"apuesta_torneo":"0","tipo_torneo":"2","idPais":"101","visible":"5","goles":"0","estadio_id":null,"estadio_nombre":null,"estadio_localidad":null,"tv":null,"nombre_arbitro":null,"ida":null},{"id":"1161596","partidoAPI":null,"temporada_id":"346","estado_partido":"0","jornada":"139","apuesta_partido":null,"fase":"Segunda Eliminatoria","fecha":"2023-08-13","hora_prevista":"21:15:00","hora_real":"00:00:11","apuesta":null,"clasificado":"0","goles_local":"0","goles_visitante":"0","grupo_id":null,"betsapi":"-1","codigo_acta":"0","local":"AC Monza","localCorto":"AC Monza","twitterLocal":"ACMonza","federacion_id_l":"0","equipoLocal_id":"8754","pais_local":"101","pais_visitante":"101","federacion_id_v":"0","visitante":"AC Reggiana","visitanteCorto":"AC Reggiana","twitterVisitante":null,"equipoVisitante_id":"6647","observaciones":null,"comentario":null,"club_local":"6347","club_visitante":"5325","estadio":null,"arbitro_id":null,"youtube_id":null,"acta":null,"apuesta_torneo":"0","tipo_torneo":"2","idPais":"101","visible":"5","goles":"0","estadio_id":null,"estadio_nombre":null,"estadio_localidad":null,"tv":null,"nombre_arbitro":null,"ida":null},{"id":"1161597","partidoAPI":null,"temporada_id":"346","estado_partido":"0","jornada":"139","apuesta_partido":null,"fase":"Segunda Eliminatoria","fecha":"2023-08-14","hora_prevista":"17:45:00","hora_real":"00:00:11","apuesta":null,"clasificado":"0","goles_local":"0","goles_visitante":"0","grupo_id":null,"betsapi":"-1","codigo_acta":"0","local":"US Cremonese","localCorto":"US Cremonese","twitterLocal":"USCremonese","federacion_id_l":"0","equipoLocal_id":"6641","pais_local":"101","pais_visitante":"101","federacion_id_v":"0","visitante":"FC Crotone","visitanteCorto":"FC Crotone","twitterVisitante":"FcCrotoneOff","equipoVisitante_id":"1414","observaciones":null,"comentario":null,"club_local":"5226","club_visitante":"2445","estadio":null,"arbitro_id":null,"youtube_id":null,"acta":null,"apuesta_torneo":"0","tipo_torneo":"2","idPais":"101","visible":"5","goles":"0","estadio_id":null,"estadio_nombre":null,"estadio_localidad":null,"tv":null,"nombre_arbitro":null,"ida":null},{"id":"1161598","partidoAPI":null,"temporada_id":"346","estado_partido":"0","jornada":"139","apuesta_partido":null,"fase":"Segunda Eliminatoria","fecha":"2023-08-14","hora_prevista":"18:00:00","hora_real":"00:00:11","apuesta":null,"clasificado":"0","goles_local":"0","goles_visitante":"0","grupo_id":null,"betsapi":"-1","codigo_acta":"0","local":"UC Sampdoria","localCorto":"UC Sampdoria","twitterLocal":"sampdoria","federacion_id_l":"0","equipoLocal_id":"2639","pais_local":"101","pais_visitante":"101","federacion_id_v":"0","visitante":"FC Südtirol","visitanteCorto":"FC Südtirol","twitterVisitante":"","equipoVisitante_id":"6656","observaciones":null,"comentario":null,"club_local":"3754","club_visitante":"5334","estadio":null,"arbitro_id":null,"youtube_id":null,"acta":null,"apuesta_torneo":"0","tipo_torneo":"2","idPais":"101","visible":"5","goles":"0","estadio_id":null,"estadio_nombre":null,"estadio_localidad":null,"tv":null,"nombre_arbitro":null,"ida":null},{"id":"1161599","partidoAPI":null,"temporada_id":"346","estado_partido":"0","jornada":"139","apuesta_partido":null,"fase":"Segunda Eliminatoria","fecha":"2023-08-14","hora_prevista":"21:00:00","hora_real":"00:00:11","apuesta":null,"clasificado":"0","goles_local":"0","goles_visitante":"0","grupo_id":null,"betsapi":"-1","codigo_acta":"0","local":"Spezia Calcio","localCorto":"Spezia Calcio","twitterLocal":"acspezia","federacion_id_l":"0","equipoLocal_id":"6906","pais_local":"101","pais_visitante":"101","federacion_id_v":"0","visitante":"Venezia FC","visitanteCorto":"Venezia FC","twitterVisitante":"VeneziaFC_IT","equipoVisitante_id":"8751","observaciones":null,"comentario":null,"club_local":"5605","club_visitante":"6334","estadio":null,"arbitro_id":null,"youtube_id":null,"acta":null,"apuesta_torneo":"0","tipo_torneo":"2","idPais":"101","visible":"5","goles":"0","estadio_id":null,"estadio_nombre":null,"estadio_localidad":null,"tv":null,"nombre_arbitro":null,"ida":null},{"id":"1161600","partidoAPI":null,"temporada_id":"346","estado_partido":"0","jornada":"139","apuesta_partido":null,"fase":"Segunda Eliminatoria","fecha":"2023-08-14","hora_prevista":"21:15:00","hora_real":"00:00:11","apuesta":null,"clasificado":"0","goles_local":"0","goles_visitante":"0","grupo_id":null,"betsapi":"-1","codigo_acta":"0","local":"Torino FC","localCorto":"Torino FC","twitterLocal":"TorinoFC_1906","federacion_id_l":"0","equipoLocal_id":"2901","pais_local":"101","pais_visitante":"101","federacion_id_v":"0","visitante":"AC FeralpiSalò","visitanteCorto":"AC FeralpiSalò","twitterVisitante":"","equipoVisitante_id":"8753","observaciones":null,"comentario":null,"club_local":"4002","club_visitante":"1315","estadio":null,"arbitro_id":null,"youtube_id":null,"acta":null,"apuesta_torneo":"0","tipo_torneo":"2","idPais":"101","visible":"5","goles":"0","estadio_id":null,"estadio_nombre":null,"estadio_localidad":null,"tv":null,"nombre_arbitro":null,"ida":null}],"fichajes":null,"clasificacion":[]}