{"torneo":{"torneo_id":"358","tipo_torneo":"2","nombre":"COPA RFEF :: Extremadura","division_id":"7","traduccion":"","sexo":"0","desarrollo":"0","categoria_id":"1","categoria_nombre":"Senior Masculino","visible":"5","categoria_torneo_id":"1","id_original":"343","apifutbol":"0","apiRFEFcompeticion":"4376654","apiRFEFgrupo":"0","idPais":"60","nombrePais":"España","idComunidad":"15","nombreComunidad":"Extremadura","jornadas":"0","jornadaActiva":"118","tipoClasificacion":"0","tipoPuntuacion":"0"},"equipos":[{"equipo_id":"224","grupo":"0","nombre":"Arroyo CP","nombreCorto":"Arroyo CP","estadio_id":"528","betsapi":"47302","club_id":"4218","equipacion_id":"786","slug":"arroyo_cp","federacion_id":"2626","localidad_id":"1576","provincia_id":"40","comunidad_id":"15","localidad":"Arroyo de la Luz","provincia":"Cáceres","comunidad":"Extremadura","pais_id":"60","es_seleccion":"0","pL":"1","pV":"0"},{"equipo_id":"327","grupo":"0","nombre":"Atlético Club Pueblonuevo","nombreCorto":"AC Pueblonuevo","estadio_id":"790","betsapi":"7257","club_id":"4337","equipacion_id":"906","slug":"AtcoPueblonuevo","federacion_id":"2000006","localidad_id":"817","provincia_id":"41","comunidad_id":"15","localidad":"Pueblonuevo del Guadiana","provincia":"Badajoz","comunidad":"Extremadura","pais_id":"60","es_seleccion":"0","pL":"1","pV":"0"},{"equipo_id":"1186","grupo":"0","nombre":"CD Castuera","nombreCorto":"CD Castuera","estadio_id":"381","betsapi":"179321","club_id":"2249","equipacion_id":"369","slug":"CastueraCd","federacion_id":"2117609","localidad_id":"744","provincia_id":"41","comunidad_id":"15","localidad":"Castuera","provincia":"Badajoz","comunidad":"Extremadura","pais_id":"60","es_seleccion":"0","pL":"1","pV":"0"},{"equipo_id":"545","grupo":"0","nombre":"CD Coria","nombreCorto":"CD Coria","estadio_id":"792","betsapi":"1078","club_id":"4581","equipacion_id":"1377","slug":"CDCORIA","federacion_id":"2617","localidad_id":"1622","provincia_id":"40","comunidad_id":"15","localidad":"Coria","provincia":"Cáceres","comunidad":"Extremadura","pais_id":"60","es_seleccion":"0","pL":"1","pV":"1"},{"equipo_id":"3355","grupo":"0","nombre":"CD Don Álvaro","nombreCorto":"CD Don Álvaro","estadio_id":"1212","betsapi":"537998","club_id":"5968","equipacion_id":"281","slug":"CD_DonAlvaro","federacion_id":"2185","localidad_id":"751","provincia_id":"41","comunidad_id":"15","localidad":"Don Álvaro","provincia":"Badajoz","comunidad":"Extremadura","pais_id":"60","es_seleccion":"0","pL":"1","pV":"0"},{"equipo_id":"45","grupo":"0","nombre":"CD Don Benito","nombreCorto":"CD Don Benito","estadio_id":"360","betsapi":"44109","club_id":"57","equipacion_id":"631","slug":"CDDonBenito_","federacion_id":"0","localidad_id":"752","provincia_id":"41","comunidad_id":"15","localidad":"Don Benito","provincia":"Badajoz","comunidad":"Extremadura","pais_id":"60","es_seleccion":"0","pL":"0","pV":"2"},{"equipo_id":"7504","grupo":"0","nombre":"CF Jaraíz","nombreCorto":"CF Jaraíz","estadio_id":"1472","betsapi":"621217","club_id":"378","equipacion_id":"148","slug":"cfjaraiz","federacion_id":"2622","localidad_id":"1657","provincia_id":"40","comunidad_id":"15","localidad":"Jaraíz de la Vera","provincia":"Cáceres","comunidad":"Extremadura","pais_id":"60","es_seleccion":"0","pL":"2","pV":"0"},{"equipo_id":"2935","grupo":"0","nombre":"CF Trujillo","nombreCorto":"CF Trujillo","estadio_id":"1205","betsapi":"179320","club_id":"4031","equipacion_id":"84","slug":"Trujillo_CF","federacion_id":"2676","localidad_id":"1751","provincia_id":"40","comunidad_id":"15","localidad":"Trujillo","provincia":"Cáceres","comunidad":"Extremadura","pais_id":"60","es_seleccion":"0","pL":"0","pV":"1"},{"equipo_id":"2240","grupo":"0","nombre":"CP Montehermoso","nombreCorto":"CP Montehermoso","estadio_id":"1471","betsapi":"353390","club_id":"3255","equipacion_id":"150","slug":"CPMontehermoso_","federacion_id":"2641","localidad_id":"1680","provincia_id":"40","comunidad_id":"15","localidad":"Montehermoso","provincia":"Cáceres","comunidad":"Extremadura","pais_id":"60","es_seleccion":"0","pL":"1","pV":"0"},{"equipo_id":"537","grupo":"0","nombre":"Moralo CP","nombreCorto":"Moralo CP","estadio_id":"797","betsapi":"54570","club_id":"4568","equipacion_id":"565","slug":"MORALO_CP","federacion_id":"2604","localidad_id":"1684","provincia_id":"40","comunidad_id":"15","localidad":"Navalmoral de la Mata","provincia":"Cáceres","comunidad":"Extremadura","pais_id":"60","es_seleccion":"0","pL":"0","pV":"1"},{"equipo_id":"7294","grupo":"0","nombre":"Olivenza FC","nombreCorto":"Olivenza FC","estadio_id":"362","betsapi":"47411","club_id":"188","equipacion_id":"369","slug":"OlivenzaF_C","federacion_id":"2117608","localidad_id":"803","provincia_id":"41","comunidad_id":"15","localidad":"Olivenza","provincia":"Badajoz","comunidad":"Extremadura","pais_id":"60","es_seleccion":"0","pL":"0","pV":"1"},{"equipo_id":"76","grupo":"0","nombre":"SP Villafranca ","nombreCorto":"SP Villafranca ","estadio_id":"361","betsapi":"296378","club_id":"99","equipacion_id":"521","slug":"SPV_OFICIAL","federacion_id":"2000007","localidad_id":"859","provincia_id":"41","comunidad_id":"15","localidad":"Villafranca de los Barros","provincia":"Badajoz","comunidad":"Extremadura","pais_id":"60","es_seleccion":"0","pL":"1","pV":"1"},{"equipo_id":"2243","grupo":"0","nombre":"UD Montijo","nombreCorto":"UD Montijo","estadio_id":"397","betsapi":"44108","club_id":"3258","equipacion_id":"153","slug":"UDMONTIJO","federacion_id":"2045","localidad_id":"796","provincia_id":"41","comunidad_id":"15","localidad":"Montijo","provincia":"Badajoz","comunidad":"Extremadura","pais_id":"60","es_seleccion":"0","pL":"0","pV":"2"}],"partidos":[{"id":"1162762","partidoAPI":null,"temporada_id":"271","estado_partido":"0","jornada":"48","apuesta_partido":null,"fase":"Cuartos de Final","fecha":"2023-08-20","hora_prevista":"00:00:11","hora_real":"00:00:11","apuesta":null,"clasificado":"0","goles_local":"0","goles_visitante":"0","grupo_id":null,"betsapi":"-1","codigo_acta":"0","local":"CD Coria","localCorto":"CD Coria","twitterLocal":"CDCORIA","federacion_id_l":"2617","equipoLocal_id":"545","pais_local":"60","pais_visitante":"60","federacion_id_v":"2117608","visitante":"Olivenza FC","visitanteCorto":"Olivenza FC","twitterVisitante":"OlivenzaF_C","equipoVisitante_id":"7294","observaciones":null,"comentario":null,"club_local":"4581","club_visitante":"188","estadio":null,"arbitro_id":null,"youtube_id":null,"acta":null,"apuesta_torneo":"0","tipo_torneo":"2","idPais":"60","visible":"5","goles":"0","estadio_id":"792","estadio_nombre":"La Isla","estadio_localidad":"Coria","tv":null,"nombre_arbitro":null,"ida":null},{"id":"1162763","partidoAPI":null,"temporada_id":"271","estado_partido":"0","jornada":"48","apuesta_partido":null,"fase":"Cuartos de Final","fecha":"2023-08-20","hora_prevista":"00:00:11","hora_real":"00:00:11","apuesta":null,"clasificado":"0","goles_local":"0","goles_visitante":"0","grupo_id":null,"betsapi":"-1","codigo_acta":"0","local":"Arroyo CP","localCorto":"Arroyo CP","twitterLocal":"arroyo_cp","federacion_id_l":"2626","equipoLocal_id":"224","pais_local":"60","pais_visitante":"60","federacion_id_v":"2676","visitante":"CF Trujillo","visitanteCorto":"CF Trujillo","twitterVisitante":"Trujillo_CF","equipoVisitante_id":"2935","observaciones":null,"comentario":null,"club_local":"4218","club_visitante":"4031","estadio":null,"arbitro_id":null,"youtube_id":null,"acta":null,"apuesta_torneo":"0","tipo_torneo":"2","idPais":"60","visible":"5","goles":"0","estadio_id":"528","estadio_nombre":"Municipal de Arroyo de la Luz","estadio_localidad":"Arroyo de la Luz","tv":null,"nombre_arbitro":null,"ida":null},{"id":"1162764","partidoAPI":null,"temporada_id":"271","estado_partido":"0","jornada":"48","apuesta_partido":null,"fase":"Cuartos de Final","fecha":"2023-08-20","hora_prevista":"00:00:11","hora_real":"00:00:11","apuesta":null,"clasificado":"0","goles_local":"0","goles_visitante":"0","grupo_id":null,"betsapi":"-1","codigo_acta":"0","local":"CF Jaraíz","localCorto":"CF Jaraíz","twitterLocal":"cfjaraiz","federacion_id_l":"2622","equipoLocal_id":"7504","pais_local":"60","pais_visitante":"60","federacion_id_v":"2045","visitante":"UD Montijo","visitanteCorto":"UD Montijo","twitterVisitante":"UDMONTIJO","equipoVisitante_id":"2243","observaciones":null,"comentario":null,"club_local":"378","club_visitante":"3258","estadio":null,"arbitro_id":null,"youtube_id":null,"acta":null,"apuesta_torneo":"0","tipo_torneo":"2","idPais":"60","visible":"5","goles":"0","estadio_id":"1472","estadio_nombre":"Municipal de Jaraíz de la Vera","estadio_localidad":"Jaraíz de la Vera","tv":null,"nombre_arbitro":null,"ida":null},{"id":"1162765","partidoAPI":null,"temporada_id":"271","estado_partido":"0","jornada":"48","apuesta_partido":null,"fase":"Cuartos de Final","fecha":"2023-08-20","hora_prevista":"00:00:11","hora_real":"00:00:11","apuesta":null,"clasificado":"0","goles_local":"0","goles_visitante":"0","grupo_id":null,"betsapi":"-1","codigo_acta":"0","local":"SP Villafranca ","localCorto":"SP Villafranca ","twitterLocal":"SPV_OFICIAL","federacion_id_l":"2000007","equipoLocal_id":"76","pais_local":"60","pais_visitante":"60","federacion_id_v":"0","visitante":"CD Don Benito","visitanteCorto":"CD Don Benito","twitterVisitante":"CDDonBenito_","equipoVisitante_id":"45","observaciones":null,"comentario":null,"club_local":"99","club_visitante":"57","estadio":null,"arbitro_id":null,"youtube_id":null,"acta":null,"apuesta_torneo":"0","tipo_torneo":"2","idPais":"60","visible":"5","goles":"0","estadio_id":"361","estadio_nombre":"Municipal de Villafranca de los Barros","estadio_localidad":"Villafranca de los Barros","tv":null,"nombre_arbitro":null,"ida":null},{"id":"1128485","partidoAPI":null,"temporada_id":"271","estado_partido":"1","jornada":"118","apuesta_partido":null,"fase":"Primera Eliminatoria","fecha":"2023-08-11","hora_prevista":"19:45:00","hora_real":"20:51:00","apuesta":null,"clasificado":"1","goles_local":"2","goles_visitante":"0","grupo_id":null,"betsapi":"-1","codigo_acta":"0","local":"CF Jaraíz","localCorto":"CF Jaraíz","twitterLocal":"cfjaraiz","federacion_id_l":"2622","equipoLocal_id":"7504","pais_local":"60","pais_visitante":"60","federacion_id_v":"2604","visitante":"Moralo CP","visitanteCorto":"Moralo CP","twitterVisitante":"MORALO_CP","equipoVisitante_id":"537","observaciones":null,"comentario":"-13","club_local":"378","club_visitante":"4568","estadio":null,"arbitro_id":null,"youtube_id":null,"acta":null,"apuesta_torneo":"0","tipo_torneo":"2","idPais":"60","visible":"5","goles":"0","estadio_id":"1472","estadio_nombre":"Municipal de Jaraíz de la Vera","estadio_localidad":"Jaraíz de la Vera","tv":null,"nombre_arbitro":null,"ida":null},{"id":"1128483","partidoAPI":null,"temporada_id":"271","estado_partido":"1","jornada":"118","apuesta_partido":null,"fase":"Primera Eliminatoria","fecha":"2023-08-12","hora_prevista":"20:00:00","hora_real":"00:00:11","apuesta":null,"clasificado":"2","goles_local":"0","goles_visitante":"2","grupo_id":null,"betsapi":"-1","codigo_acta":"0","local":"CP Montehermoso","localCorto":"CP Montehermoso","twitterLocal":"CPMontehermoso_","federacion_id_l":"2641","equipoLocal_id":"2240","pais_local":"60","pais_visitante":"60","federacion_id_v":"2617","visitante":"CD Coria","visitanteCorto":"CD Coria","twitterVisitante":"CDCORIA","equipoVisitante_id":"545","observaciones":null,"comentario":"-13","club_local":"3255","club_visitante":"4581","estadio":null,"arbitro_id":null,"youtube_id":null,"acta":null,"apuesta_torneo":"0","tipo_torneo":"2","idPais":"60","visible":"5","goles":"0","estadio_id":"1471","estadio_nombre":"Municipal de Montehermoso","estadio_localidad":"Montehermoso","tv":null,"nombre_arbitro":null,"ida":null},{"id":"1128481","partidoAPI":null,"temporada_id":"271","estado_partido":"1","jornada":"118","apuesta_partido":null,"fase":"Primera Eliminatoria","fecha":"2023-08-12","hora_prevista":"20:30:00","hora_real":"00:00:11","apuesta":null,"clasificado":"2","goles_local":"0","goles_visitante":"3","grupo_id":null,"betsapi":"-1","codigo_acta":"0","local":"Atlético Club Pueblonuevo","localCorto":"AC Pueblonuevo","twitterLocal":"AtcoPueblonuevo","federacion_id_l":"2000006","equipoLocal_id":"327","pais_local":"60","pais_visitante":"60","federacion_id_v":"2045","visitante":"UD Montijo","visitanteCorto":"UD Montijo","twitterVisitante":"UDMONTIJO","equipoVisitante_id":"2243","observaciones":null,"comentario":"-13","club_local":"4337","club_visitante":"3258","estadio":null,"arbitro_id":null,"youtube_id":null,"acta":null,"apuesta_torneo":"0","tipo_torneo":"2","idPais":"60","visible":"5","goles":"0","estadio_id":"790","estadio_nombre":"Antonio Amaya","estadio_localidad":"Pueblonuevo del Guadiana","tv":null,"nombre_arbitro":null,"ida":null},{"id":"1128484","partidoAPI":null,"temporada_id":"271","estado_partido":"1","jornada":"118","apuesta_partido":null,"fase":"Primera Eliminatoria","fecha":"2023-08-12","hora_prevista":"20:30:00","hora_real":"00:00:11","apuesta":null,"clasificado":"2","goles_local":"3","goles_visitante":"3","grupo_id":null,"betsapi":"-1","codigo_acta":"0","local":"CD Don Álvaro","localCorto":"CD Don Álvaro","twitterLocal":"CD_DonAlvaro","federacion_id_l":"2185","equipoLocal_id":"3355","pais_local":"60","pais_visitante":"60","federacion_id_v":"2000007","visitante":"SP Villafranca ","visitanteCorto":"SP Villafranca ","twitterVisitante":"SPV_OFICIAL","equipoVisitante_id":"76","observaciones":"Penaltis: 2 (4) - 4 (5)","comentario":"-13","club_local":"5968","club_visitante":"99","estadio":null,"arbitro_id":null,"youtube_id":null,"acta":null,"apuesta_torneo":"0","tipo_torneo":"2","idPais":"60","visible":"5","goles":"0","estadio_id":"1212","estadio_nombre":"Pedro Manuel Barrero Macías","estadio_localidad":"Don Álvaro","tv":null,"nombre_arbitro":null,"ida":null},{"id":"1128482","partidoAPI":null,"temporada_id":"271","estado_partido":"1","jornada":"118","apuesta_partido":null,"fase":"Primera Eliminatoria","fecha":"2023-08-12","hora_prevista":"21:30:00","hora_real":"00:00:11","apuesta":null,"clasificado":"2","goles_local":"0","goles_visitante":"1","grupo_id":null,"betsapi":"-1","codigo_acta":"0","local":"CD Castuera","localCorto":"CD Castuera","twitterLocal":"CastueraCd","federacion_id_l":"2117609","equipoLocal_id":"1186","pais_local":"60","pais_visitante":"60","federacion_id_v":"0","visitante":"CD Don Benito","visitanteCorto":"CD Don Benito","twitterVisitante":"CDDonBenito_","equipoVisitante_id":"45","observaciones":null,"comentario":"-13","club_local":"2249","club_visitante":"57","estadio":null,"arbitro_id":null,"youtube_id":null,"acta":null,"apuesta_torneo":"0","tipo_torneo":"2","idPais":"60","visible":"5","goles":"0","estadio_id":"381","estadio_nombre":"Manuel Ruiz","estadio_localidad":"Castuera","tv":null,"nombre_arbitro":null,"ida":null}],"fichajes":{"id":"10581","nombre":"Daniel Atanes Rekelhof","apodo":"Dani Atanes","es_fichaje":"1","es_baja":"0","posicion":"1","fecha_nacimiento":"2001-09-25","slug":"Noordwijk","equipoActual_id":"2243","equipo":"UD Montijo","club_id":"3258"},"clasificacion":[]}