[{"jornada":"95","fecha":"2022-06-05","hora_prevista":"17:00:00","grupo_id":"30","nomCasa":"Dinamo de San Juan CF","nomFuera":"CD Elgoibar ","clasificado":"0","goles_local":"1","goles_visitante":"0","nomEli":"Liguilla ","nomGrupo":"Grupo Único"},{"jornada":"95","fecha":"2022-06-05","hora_prevista":"18:00:00","grupo_id":"30","nomCasa":"CD Elgoibar ","nomFuera":"AD San Viator","clasificado":"0","goles_local":"0","goles_visitante":"0","nomEli":"Liguilla ","nomGrupo":"Grupo Único"},{"jornada":"95","fecha":"2022-06-05","hora_prevista":"19:00:00","grupo_id":"30","nomCasa":"AD San Viator","nomFuera":"Dinamo de San Juan CF","clasificado":"0","goles_local":"1","goles_visitante":"1","nomEli":"Liguilla ","nomGrupo":"Grupo Único"}]