[{"jornada":"87","fecha":"2022-06-12","hora_prevista":"20:00:00","grupo_id":null,"nomCasa":"CD Cazalegas","nomFuera":"CD Noblejas","clasificado":"1","goles_local":"2","goles_visitante":"1","nomEli":"Final - Vuelta","nomGrupo":null},{"jornada":"85","fecha":"2022-06-04","hora_prevista":"19:45:00","grupo_id":null,"nomCasa":"CD Noblejas","nomFuera":"CD Cazalegas","clasificado":"0","goles_local":"0","goles_visitante":"0","nomEli":"Final - Ida","nomGrupo":null},{"jornada":"154","fecha":"2022-05-29","hora_prevista":"19:00:00","grupo_id":null,"nomCasa":"Manzanares CF","nomFuera":"CD Noblejas","clasificado":"2","goles_local":"0","goles_visitante":"2","nomEli":"Semifinales - Vuelta","nomGrupo":null},{"jornada":"151","fecha":"2022-05-21","hora_prevista":"19:15:00","grupo_id":null,"nomCasa":"CD Noblejas","nomFuera":"Manzanares CF","clasificado":"0","goles_local":"2","goles_visitante":"0","nomEli":"Semifinales - Ida","nomGrupo":null}]