[{"jornada":"84","fecha":"2022-05-28","hora_prevista":"21:35:00","grupo_id":null,"nomCasa":"Liverpool FC","nomFuera":"Real Madrid CF","clasificado":"2","goles_local":"0","goles_visitante":"1","nomEli":"Final","nomGrupo":null},{"jornada":"154","fecha":"2022-05-04","hora_prevista":"21:00:00","grupo_id":null,"nomCasa":"Real Madrid CF","nomFuera":"Manchester City FC","clasificado":"1","goles_local":"3","goles_visitante":"1","nomEli":"Semifinales - Vuelta","nomGrupo":null},{"jornada":"154","fecha":"2022-05-03","hora_prevista":"21:00:00","grupo_id":null,"nomCasa":"Villarreal CF","nomFuera":"Liverpool FC","clasificado":"2","goles_local":"2","goles_visitante":"3","nomEli":"Semifinales - Vuelta","nomGrupo":null},{"jornada":"151","fecha":"2022-04-27","hora_prevista":"21:00:00","grupo_id":null,"nomCasa":"Liverpool FC","nomFuera":"Villarreal CF","clasificado":"0","goles_local":"2","goles_visitante":"0","nomEli":"Semifinales - Ida","nomGrupo":null},{"jornada":"151","fecha":"2022-04-26","hora_prevista":"21:00:00","grupo_id":null,"nomCasa":"Manchester City FC","nomFuera":"Real Madrid CF","clasificado":"0","goles_local":"4","goles_visitante":"3","nomEli":"Semifinales - Ida","nomGrupo":null},{"jornada":"55","fecha":"2022-04-13","hora_prevista":"21:00:00","grupo_id":null,"nomCasa":"Club Atlético de Madrid","nomFuera":"Manchester City FC","clasificado":"2","goles_local":"0","goles_visitante":"0","nomEli":"Cuartos de Final - Vuelta","nomGrupo":null},{"jornada":"55","fecha":"2022-04-13","hora_prevista":"21:00:00","grupo_id":null,"nomCasa":"Liverpool FC","nomFuera":"SL Benfica","clasificado":"1","goles_local":"3","goles_visitante":"3","nomEli":"Cuartos de Final - Vuelta","nomGrupo":null},{"jornada":"55","fecha":"2022-04-12","hora_prevista":"21:00:00","grupo_id":null,"nomCasa":"Real Madrid CF","nomFuera":"Chelsea FC","clasificado":"1","goles_local":"2","goles_visitante":"3","nomEli":"Cuartos de Final - Vuelta","nomGrupo":null},{"jornada":"55","fecha":"2022-04-12","hora_prevista":"21:00:00","grupo_id":null,"nomCasa":"FC Bayern München","nomFuera":"Villarreal CF","clasificado":"2","goles_local":"1","goles_visitante":"1","nomEli":"Cuartos de Final - Vuelta","nomGrupo":null},{"jornada":"3","fecha":"2022-04-06","hora_prevista":"21:00:00","grupo_id":null,"nomCasa":"Chelsea FC","nomFuera":"Real Madrid CF","clasificado":"0","goles_local":"1","goles_visitante":"3","nomEli":" Cuartos de Final - Ida","nomGrupo":null},{"jornada":"3","fecha":"2022-04-06","hora_prevista":"21:00:00","grupo_id":null,"nomCasa":"Villarreal CF","nomFuera":"FC Bayern München","clasificado":"0","goles_local":"1","goles_visitante":"0","nomEli":" Cuartos de Final - Ida","nomGrupo":null},{"jornada":"3","fecha":"2022-04-05","hora_prevista":"21:00:00","grupo_id":null,"nomCasa":"SL Benfica","nomFuera":"Liverpool FC","clasificado":"0","goles_local":"1","goles_visitante":"3","nomEli":" Cuartos de Final - Ida","nomGrupo":null},{"jornada":"3","fecha":"2022-04-05","hora_prevista":"21:00:00","grupo_id":null,"nomCasa":"Manchester City FC","nomFuera":"Club Atlético de Madrid","clasificado":"0","goles_local":"1","goles_visitante":"0","nomEli":" Cuartos de Final - Ida","nomGrupo":null},{"jornada":"110","fecha":"2022-03-16","hora_prevista":"21:00:00","grupo_id":null,"nomCasa":"LOSC Lille","nomFuera":"Chelsea FC","clasificado":"2","goles_local":"1","goles_visitante":"2","nomEli":"Octavos de Final - Vuelta","nomGrupo":null},{"jornada":"110","fecha":"2022-03-16","hora_prevista":"21:00:00","grupo_id":null,"nomCasa":"Juventus FC","nomFuera":"Villarreal CF","clasificado":"2","goles_local":"0","goles_visitante":"3","nomEli":"Octavos de Final - Vuelta","nomGrupo":null},{"jornada":"110","fecha":"2022-03-15","hora_prevista":"21:00:00","grupo_id":null,"nomCasa":"Manchester United FC","nomFuera":"Club Atlético de Madrid","clasificado":"2","goles_local":"0","goles_visitante":"1","nomEli":"Octavos de Final - Vuelta","nomGrupo":null},{"jornada":"110","fecha":"2022-03-15","hora_prevista":"21:00:00","grupo_id":null,"nomCasa":"AFC Ajax","nomFuera":"SL Benfica","clasificado":"2","goles_local":"0","goles_visitante":"1","nomEli":"Octavos de Final - Vuelta","nomGrupo":null},{"jornada":"110","fecha":"2022-03-09","hora_prevista":"21:00:00","grupo_id":null,"nomCasa":"Real Madrid CF","nomFuera":"Paris Saint-Germain FC","clasificado":"1","goles_local":"3","goles_visitante":"1","nomEli":"Octavos de Final - Vuelta","nomGrupo":null},{"jornada":"110","fecha":"2022-03-09","hora_prevista":"21:00:00","grupo_id":null,"nomCasa":"Manchester City FC","nomFuera":"Sporting Clube de Portugal","clasificado":"1","goles_local":"0","goles_visitante":"0","nomEli":"Octavos de Final - Vuelta","nomGrupo":null},{"jornada":"110","fecha":"2022-03-08","hora_prevista":"21:00:00","grupo_id":null,"nomCasa":"Liverpool FC","nomFuera":"FC Internazionale Milano","clasificado":"1","goles_local":"0","goles_visitante":"1","nomEli":"Octavos de Final - Vuelta","nomGrupo":null},{"jornada":"110","fecha":"2022-03-08","hora_prevista":"21:00:00","grupo_id":null,"nomCasa":"FC Bayern München","nomFuera":"FC Salzburg","clasificado":"1","goles_local":"7","goles_visitante":"1","nomEli":"Octavos de Final - Vuelta","nomGrupo":null},{"jornada":"109","fecha":"2022-02-23","hora_prevista":"21:00:00","grupo_id":null,"nomCasa":"Club Atlético de Madrid","nomFuera":"Manchester United FC","clasificado":"0","goles_local":"1","goles_visitante":"1","nomEli":"Octavos de Final - Ida","nomGrupo":null},{"jornada":"109","fecha":"2022-02-23","hora_prevista":"21:00:00","grupo_id":null,"nomCasa":"SL Benfica","nomFuera":"AFC Ajax","clasificado":"0","goles_local":"2","goles_visitante":"2","nomEli":"Octavos de Final - Ida","nomGrupo":null},{"jornada":"109","fecha":"2022-02-22","hora_prevista":"21:00:00","grupo_id":null,"nomCasa":"Chelsea FC","nomFuera":"LOSC Lille","clasificado":"0","goles_local":"2","goles_visitante":"0","nomEli":"Octavos de Final - Ida","nomGrupo":null},{"jornada":"109","fecha":"2022-02-22","hora_prevista":"21:00:00","grupo_id":null,"nomCasa":"Villarreal CF","nomFuera":"Juventus FC","clasificado":"0","goles_local":"1","goles_visitante":"1","nomEli":"Octavos de Final - Ida","nomGrupo":null},{"jornada":"109","fecha":"2022-02-16","hora_prevista":"21:00:00","grupo_id":null,"nomCasa":"FC Salzburg","nomFuera":"FC Bayern München","clasificado":"0","goles_local":"1","goles_visitante":"1","nomEli":"Octavos de Final - Ida","nomGrupo":null},{"jornada":"109","fecha":"2022-02-16","hora_prevista":"21:00:00","grupo_id":null,"nomCasa":"FC Internazionale Milano","nomFuera":"Liverpool FC","clasificado":"0","goles_local":"0","goles_visitante":"2","nomEli":"Octavos de Final - Ida","nomGrupo":null},{"jornada":"109","fecha":"2022-02-15","hora_prevista":"21:00:00","grupo_id":null,"nomCasa":"Sporting Clube de Portugal","nomFuera":"Manchester City FC","clasificado":"0","goles_local":"0","goles_visitante":"5","nomEli":"Octavos de Final - Ida","nomGrupo":null},{"jornada":"109","fecha":"2022-02-15","hora_prevista":"21:00:00","grupo_id":null,"nomCasa":"Paris Saint-Germain FC","nomFuera":"Real Madrid CF","clasificado":"0","goles_local":"1","goles_visitante":"0","nomEli":"Octavos de Final - Ida","nomGrupo":null},{"jornada":"4","fecha":"2021-12-09","hora_prevista":"19:00:00","grupo_id":"21","nomCasa":"Atalanta BC","nomFuera":"Villarreal CF","clasificado":"0","goles_local":"2","goles_visitante":"3","nomEli":" Dieciseisavos de Final","nomGrupo":"Grupo F"},{"jornada":"4","fecha":"2021-12-08","hora_prevista":"21:00:00","grupo_id":"19","nomCasa":"SL Benfica","nomFuera":"FC Dynamo Kyiv","clasificado":"0","goles_local":"2","goles_visitante":"0","nomEli":" Dieciseisavos de Final","nomGrupo":"Grupo E"},{"jornada":"4","fecha":"2021-12-08","hora_prevista":"21:00:00","grupo_id":"19","nomCasa":"FC Bayern München","nomFuera":"FC Barcelona","clasificado":"0","goles_local":"3","goles_visitante":"0","nomEli":" Dieciseisavos de Final","nomGrupo":"Grupo E"},{"jornada":"4","fecha":"2021-12-08","hora_prevista":"21:00:00","grupo_id":"23","nomCasa":"VfL Wolfsburg","nomFuera":"LOSC Lille","clasificado":"0","goles_local":"1","goles_visitante":"3","nomEli":" Dieciseisavos de Final","nomGrupo":"Grupo G"},{"jornada":"4","fecha":"2021-12-08","hora_prevista":"18:45:00","grupo_id":"25","nomCasa":"Juventus FC","nomFuera":"Malmö FF","clasificado":"0","goles_local":"1","goles_visitante":"0","nomEli":" Dieciseisavos de Final","nomGrupo":"Grupo H"},{"jornada":"4","fecha":"2021-12-08","hora_prevista":"18:45:00","grupo_id":"25","nomCasa":"FC Zenit","nomFuera":"Chelsea FC","clasificado":"0","goles_local":"3","goles_visitante":"3","nomEli":" Dieciseisavos de Final","nomGrupo":"Grupo H"},{"jornada":"4","fecha":"2021-12-08","hora_prevista":"21:00:00","grupo_id":"23","nomCasa":"FC Salzburg","nomFuera":"Sevilla FC","clasificado":"0","goles_local":"1","goles_visitante":"0","nomEli":" Dieciseisavos de Final","nomGrupo":"Grupo G"},{"jornada":"4","fecha":"2021-12-08","hora_prevista":"21:00:00","grupo_id":"21","nomCasa":"Manchester United FC","nomFuera":"BSC Young Boys","clasificado":"0","goles_local":"1","goles_visitante":"1","nomEli":" Dieciseisavos de Final","nomGrupo":"Grupo F"},{"jornada":"4","fecha":"2021-12-07","hora_prevista":"21:00:00","grupo_id":"18","nomCasa":"FC Shakhtar Donetsk","nomFuera":"FC Sheriff Tiraspol","clasificado":"0","goles_local":"1","goles_visitante":"1","nomEli":" Dieciseisavos de Final","nomGrupo":"Grupo D"},{"jornada":"4","fecha":"2021-12-07","hora_prevista":"18:45:00","grupo_id":"15","nomCasa":"RB Leipzig","nomFuera":"Manchester City FC","clasificado":"0","goles_local":"2","goles_visitante":"1","nomEli":" Dieciseisavos de Final","nomGrupo":"Grupo A"},{"jornada":"4","fecha":"2021-12-07","hora_prevista":"18:45:00","grupo_id":"15","nomCasa":"Paris Saint-Germain FC","nomFuera":"Club Brugge KV","clasificado":"0","goles_local":"4","goles_visitante":"1","nomEli":" Dieciseisavos de Final","nomGrupo":"Grupo A"},{"jornada":"4","fecha":"2021-12-07","hora_prevista":"21:00:00","grupo_id":"16","nomCasa":"AC Milan","nomFuera":"Liverpool FC","clasificado":"0","goles_local":"1","goles_visitante":"2","nomEli":" Dieciseisavos de Final","nomGrupo":"Grupo B"},{"jornada":"4","fecha":"2021-12-07","hora_prevista":"21:00:00","grupo_id":"17","nomCasa":"BV Borussia 09 Dortmund","nomFuera":"Besiktas JK","clasificado":"0","goles_local":"5","goles_visitante":"0","nomEli":" Dieciseisavos de Final","nomGrupo":"Grupo C"},{"jornada":"4","fecha":"2021-12-07","hora_prevista":"21:00:00","grupo_id":"17","nomCasa":"AFC Ajax","nomFuera":"Sporting Clube de Portugal","clasificado":"0","goles_local":"4","goles_visitante":"2","nomEli":" Dieciseisavos de Final","nomGrupo":"Grupo C"},{"jornada":"4","fecha":"2021-12-07","hora_prevista":"21:00:00","grupo_id":"18","nomCasa":"Real Madrid CF","nomFuera":"FC Internazionale Milano","clasificado":"0","goles_local":"2","goles_visitante":"0","nomEli":" Dieciseisavos de Final","nomGrupo":"Grupo D"},{"jornada":"4","fecha":"2021-12-07","hora_prevista":"21:00:00","grupo_id":"16","nomCasa":"FC Porto","nomFuera":"Club Atlético de Madrid","clasificado":"0","goles_local":"1","goles_visitante":"3","nomEli":" Dieciseisavos de Final","nomGrupo":"Grupo B"},{"jornada":"4","fecha":"2021-11-24","hora_prevista":"21:00:00","grupo_id":"15","nomCasa":"Club Brugge KV","nomFuera":"RB Leipzig","clasificado":"0","goles_local":"0","goles_visitante":"5","nomEli":" Dieciseisavos de Final","nomGrupo":"Grupo A"},{"jornada":"4","fecha":"2021-11-24","hora_prevista":"21:00:00","grupo_id":"18","nomCasa":"FC Sheriff Tiraspol","nomFuera":"Real Madrid CF","clasificado":"0","goles_local":"0","goles_visitante":"3","nomEli":" Dieciseisavos de Final","nomGrupo":"Grupo D"},{"jornada":"4","fecha":"2021-11-24","hora_prevista":"18:45:00","grupo_id":"18","nomCasa":"FC Internazionale Milano","nomFuera":"FC Shakhtar Donetsk","clasificado":"0","goles_local":"2","goles_visitante":"0","nomEli":" Dieciseisavos de Final","nomGrupo":"Grupo D"},{"jornada":"4","fecha":"2021-11-24","hora_prevista":"21:00:00","grupo_id":"17","nomCasa":"Sporting Clube de Portugal","nomFuera":"BV Borussia 09 Dortmund","clasificado":"0","goles_local":"3","goles_visitante":"1","nomEli":" Dieciseisavos de Final","nomGrupo":"Grupo C"},{"jornada":"4","fecha":"2021-11-24","hora_prevista":"21:00:00","grupo_id":"16","nomCasa":"Liverpool FC","nomFuera":"FC Porto","clasificado":"0","goles_local":"2","goles_visitante":"0","nomEli":" Dieciseisavos de Final","nomGrupo":"Grupo B"},{"jornada":"4","fecha":"2021-11-24","hora_prevista":"21:00:00","grupo_id":"15","nomCasa":"Manchester City FC","nomFuera":"Paris Saint-Germain FC","clasificado":"0","goles_local":"2","goles_visitante":"1","nomEli":" Dieciseisavos de Final","nomGrupo":"Grupo A"},{"jornada":"4","fecha":"2021-11-24","hora_prevista":"18:45:00","grupo_id":"17","nomCasa":"Besiktas JK","nomFuera":"AFC Ajax","clasificado":"0","goles_local":"1","goles_visitante":"2","nomEli":" Dieciseisavos de Final","nomGrupo":"Grupo C"},{"jornada":"4","fecha":"2021-11-24","hora_prevista":"21:00:00","grupo_id":"16","nomCasa":"Club Atlético de Madrid","nomFuera":"AC Milan","clasificado":"0","goles_local":"0","goles_visitante":"1","nomEli":" Dieciseisavos de Final","nomGrupo":"Grupo B"},{"jornada":"4","fecha":"2021-11-23","hora_prevista":"21:00:00","grupo_id":"23","nomCasa":"Sevilla FC","nomFuera":"VfL Wolfsburg","clasificado":"0","goles_local":"2","goles_visitante":"0","nomEli":" Dieciseisavos de Final","nomGrupo":"Grupo G"},{"jornada":"4","fecha":"2021-11-23","hora_prevista":"21:00:00","grupo_id":"25","nomCasa":"Malmö FF","nomFuera":"FC Zenit","clasificado":"0","goles_local":"1","goles_visitante":"1","nomEli":" Dieciseisavos de Final","nomGrupo":"Grupo H"},{"jornada":"4","fecha":"2021-11-23","hora_prevista":"21:00:00","grupo_id":"25","nomCasa":"Chelsea FC","nomFuera":"Juventus FC","clasificado":"0","goles_local":"4","goles_visitante":"0","nomEli":" Dieciseisavos de Final","nomGrupo":"Grupo H"},{"jornada":"4","fecha":"2021-11-23","hora_prevista":"21:00:00","grupo_id":"23","nomCasa":"LOSC Lille","nomFuera":"FC Salzburg","clasificado":"0","goles_local":"1","goles_visitante":"0","nomEli":" Dieciseisavos de Final","nomGrupo":"Grupo G"},{"jornada":"4","fecha":"2021-11-23","hora_prevista":"18:45:00","grupo_id":"21","nomCasa":"Villarreal CF","nomFuera":"Manchester United FC","clasificado":"0","goles_local":"0","goles_visitante":"2","nomEli":" Dieciseisavos de Final","nomGrupo":"Grupo F"},{"jornada":"4","fecha":"2021-11-23","hora_prevista":"18:45:00","grupo_id":"19","nomCasa":"FC Dynamo Kyiv","nomFuera":"FC Bayern München","clasificado":"0","goles_local":"1","goles_visitante":"2","nomEli":" Dieciseisavos de Final","nomGrupo":"Grupo E"},{"jornada":"4","fecha":"2021-11-23","hora_prevista":"21:00:00","grupo_id":"19","nomCasa":"FC Barcelona","nomFuera":"SL Benfica","clasificado":"0","goles_local":"0","goles_visitante":"0","nomEli":" Dieciseisavos de Final","nomGrupo":"Grupo E"},{"jornada":"4","fecha":"2021-11-23","hora_prevista":"21:00:00","grupo_id":"21","nomCasa":"BSC Young Boys","nomFuera":"Atalanta BC","clasificado":"0","goles_local":"3","goles_visitante":"3","nomEli":" Dieciseisavos de Final","nomGrupo":"Grupo F"},{"jornada":"4","fecha":"2021-11-03","hora_prevista":"21:00:00","grupo_id":"17","nomCasa":"Sporting Clube de Portugal","nomFuera":"Besiktas JK","clasificado":"0","goles_local":"4","goles_visitante":"0","nomEli":" Dieciseisavos de Final","nomGrupo":"Grupo C"},{"jornada":"4","fecha":"2021-11-03","hora_prevista":"21:00:00","grupo_id":"17","nomCasa":"BV Borussia 09 Dortmund","nomFuera":"AFC Ajax","clasificado":"0","goles_local":"1","goles_visitante":"3","nomEli":" Dieciseisavos de Final","nomGrupo":"Grupo C"},{"jornada":"4","fecha":"2021-11-03","hora_prevista":"21:00:00","grupo_id":"18","nomCasa":"FC Sheriff Tiraspol","nomFuera":"FC Internazionale Milano","clasificado":"0","goles_local":"1","goles_visitante":"3","nomEli":" Dieciseisavos de Final","nomGrupo":"Grupo D"},{"jornada":"4","fecha":"2021-11-03","hora_prevista":"18:45:00","grupo_id":"16","nomCasa":"AC Milan","nomFuera":"FC Porto","clasificado":"0","goles_local":"1","goles_visitante":"1","nomEli":" Dieciseisavos de Final","nomGrupo":"Grupo B"},{"jornada":"4","fecha":"2021-11-03","hora_prevista":"18:45:00","grupo_id":"18","nomCasa":"Real Madrid CF","nomFuera":"FC Shakhtar Donetsk","clasificado":"0","goles_local":"2","goles_visitante":"1","nomEli":" Dieciseisavos de Final","nomGrupo":"Grupo D"},{"jornada":"4","fecha":"2021-11-03","hora_prevista":"21:00:00","grupo_id":"15","nomCasa":"RB Leipzig","nomFuera":"Paris Saint-Germain FC","clasificado":"0","goles_local":"2","goles_visitante":"2","nomEli":" Dieciseisavos de Final","nomGrupo":"Grupo A"},{"jornada":"4","fecha":"2021-11-03","hora_prevista":"21:00:00","grupo_id":"15","nomCasa":"Manchester City FC","nomFuera":"Club Brugge KV","clasificado":"0","goles_local":"4","goles_visitante":"1","nomEli":" Dieciseisavos de Final","nomGrupo":"Grupo A"},{"jornada":"4","fecha":"2021-11-03","hora_prevista":"21:00:00","grupo_id":"16","nomCasa":"Liverpool FC","nomFuera":"Club Atlético de Madrid","clasificado":"0","goles_local":"2","goles_visitante":"0","nomEli":" Dieciseisavos de Final","nomGrupo":"Grupo B"},{"jornada":"4","fecha":"2021-11-02","hora_prevista":"21:00:00","grupo_id":"21","nomCasa":"Villarreal CF","nomFuera":"BSC Young Boys","clasificado":"0","goles_local":"2","goles_visitante":"0","nomEli":" Dieciseisavos de Final","nomGrupo":"Grupo F"},{"jornada":"4","fecha":"2021-11-02","hora_prevista":"21:00:00","grupo_id":"19","nomCasa":"FC Bayern München","nomFuera":"SL Benfica","clasificado":"0","goles_local":"5","goles_visitante":"2","nomEli":" Dieciseisavos de Final","nomGrupo":"Grupo E"},{"jornada":"4","fecha":"2021-11-02","hora_prevista":"21:00:00","grupo_id":"23","nomCasa":"Sevilla FC","nomFuera":"LOSC Lille","clasificado":"0","goles_local":"1","goles_visitante":"2","nomEli":" Dieciseisavos de Final","nomGrupo":"Grupo G"},{"jornada":"4","fecha":"2021-11-02","hora_prevista":"18:45:00","grupo_id":"23","nomCasa":"VfL Wolfsburg","nomFuera":"FC Salzburg","clasificado":"0","goles_local":"2","goles_visitante":"1","nomEli":" Dieciseisavos de Final","nomGrupo":"Grupo G"},{"jornada":"4","fecha":"2021-11-02","hora_prevista":"18:45:00","grupo_id":"25","nomCasa":"Malmö FF","nomFuera":"Chelsea FC","clasificado":"0","goles_local":"0","goles_visitante":"1","nomEli":" Dieciseisavos de Final","nomGrupo":"Grupo H"},{"jornada":"4","fecha":"2021-11-02","hora_prevista":"21:00:00","grupo_id":"25","nomCasa":"Juventus FC","nomFuera":"FC Zenit","clasificado":"0","goles_local":"4","goles_visitante":"2","nomEli":" Dieciseisavos de Final","nomGrupo":"Grupo H"},{"jornada":"4","fecha":"2021-11-02","hora_prevista":"21:00:00","grupo_id":"21","nomCasa":"Atalanta BC","nomFuera":"Manchester United FC","clasificado":"0","goles_local":"2","goles_visitante":"2","nomEli":" Dieciseisavos de Final","nomGrupo":"Grupo F"},{"jornada":"4","fecha":"2021-11-02","hora_prevista":"21:00:00","grupo_id":"19","nomCasa":"FC Dynamo Kyiv","nomFuera":"FC Barcelona","clasificado":"0","goles_local":"0","goles_visitante":"1","nomEli":" Dieciseisavos de Final","nomGrupo":"Grupo E"},{"jornada":"4","fecha":"2021-10-20","hora_prevista":"21:00:00","grupo_id":"25","nomCasa":"Chelsea FC","nomFuera":"Malmö FF","clasificado":"0","goles_local":"4","goles_visitante":"0","nomEli":" Dieciseisavos de Final","nomGrupo":"Grupo H"},{"jornada":"4","fecha":"2021-10-20","hora_prevista":"21:00:00","grupo_id":"25","nomCasa":"FC Zenit","nomFuera":"Juventus FC","clasificado":"0","goles_local":"0","goles_visitante":"1","nomEli":" Dieciseisavos de Final","nomGrupo":"Grupo H"},{"jornada":"4","fecha":"2021-10-20","hora_prevista":"21:00:00","grupo_id":"21","nomCasa":"Manchester United FC","nomFuera":"Atalanta BC","clasificado":"0","goles_local":"3","goles_visitante":"2","nomEli":" Dieciseisavos de Final","nomGrupo":"Grupo F"},{"jornada":"4","fecha":"2021-10-20","hora_prevista":"21:00:00","grupo_id":"19","nomCasa":"SL Benfica","nomFuera":"FC Bayern München","clasificado":"0","goles_local":"0","goles_visitante":"4","nomEli":" Dieciseisavos de Final","nomGrupo":"Grupo E"},{"jornada":"4","fecha":"2021-10-20","hora_prevista":"18:45:00","grupo_id":"19","nomCasa":"FC Barcelona","nomFuera":"FC Dynamo Kyiv","clasificado":"0","goles_local":"1","goles_visitante":"0","nomEli":" Dieciseisavos de Final","nomGrupo":"Grupo E"},{"jornada":"4","fecha":"2021-10-20","hora_prevista":"18:45:00","grupo_id":"23","nomCasa":"FC Salzburg","nomFuera":"VfL Wolfsburg","clasificado":"0","goles_local":"3","goles_visitante":"1","nomEli":" Dieciseisavos de Final","nomGrupo":"Grupo G"},{"jornada":"4","fecha":"2021-10-20","hora_prevista":"21:00:00","grupo_id":"23","nomCasa":"LOSC Lille","nomFuera":"Sevilla FC","clasificado":"0","goles_local":"0","goles_visitante":"0","nomEli":" Dieciseisavos de Final","nomGrupo":"Grupo G"},{"jornada":"4","fecha":"2021-10-20","hora_prevista":"21:00:00","grupo_id":"21","nomCasa":"BSC Young Boys","nomFuera":"Villarreal CF","clasificado":"0","goles_local":"1","goles_visitante":"4","nomEli":" Dieciseisavos de Final","nomGrupo":"Grupo F"},{"jornada":"4","fecha":"2021-10-19","hora_prevista":"21:00:00","grupo_id":"15","nomCasa":"Paris Saint-Germain FC","nomFuera":"RB Leipzig","clasificado":"0","goles_local":"3","goles_visitante":"2","nomEli":" Dieciseisavos de Final","nomGrupo":"Grupo A"},{"jornada":"4","fecha":"2021-10-19","hora_prevista":"21:00:00","grupo_id":"18","nomCasa":"FC Internazionale Milano","nomFuera":"FC Sheriff Tiraspol","clasificado":"0","goles_local":"3","goles_visitante":"1","nomEli":" Dieciseisavos de Final","nomGrupo":"Grupo D"},{"jornada":"4","fecha":"2021-10-19","hora_prevista":"21:00:00","grupo_id":"18","nomCasa":"FC Shakhtar Donetsk","nomFuera":"Real Madrid CF","clasificado":"0","goles_local":"0","goles_visitante":"5","nomEli":" Dieciseisavos de Final","nomGrupo":"Grupo D"},{"jornada":"4","fecha":"2021-10-19","hora_prevista":"21:00:00","grupo_id":"17","nomCasa":"AFC Ajax","nomFuera":"BV Borussia 09 Dortmund","clasificado":"0","goles_local":"4","goles_visitante":"0","nomEli":" Dieciseisavos de Final","nomGrupo":"Grupo C"},{"jornada":"4","fecha":"2021-10-19","hora_prevista":"18:45:00","grupo_id":"17","nomCasa":"Besiktas JK","nomFuera":"Sporting Clube de Portugal","clasificado":"0","goles_local":"1","goles_visitante":"4","nomEli":" Dieciseisavos de Final","nomGrupo":"Grupo C"},{"jornada":"4","fecha":"2021-10-19","hora_prevista":"21:00:00","grupo_id":"16","nomCasa":"Club Atlético de Madrid","nomFuera":"Liverpool FC","clasificado":"0","goles_local":"2","goles_visitante":"3","nomEli":" Dieciseisavos de Final","nomGrupo":"Grupo B"},{"jornada":"4","fecha":"2021-10-19","hora_prevista":"21:00:00","grupo_id":"16","nomCasa":"FC Porto","nomFuera":"AC Milan","clasificado":"0","goles_local":"1","goles_visitante":"0","nomEli":" Dieciseisavos de Final","nomGrupo":"Grupo B"},{"jornada":"4","fecha":"2021-10-19","hora_prevista":"18:45:00","grupo_id":"15","nomCasa":"Club Brugge KV","nomFuera":"Manchester City FC","clasificado":"0","goles_local":"1","goles_visitante":"5","nomEli":" Dieciseisavos de Final","nomGrupo":"Grupo A"},{"jornada":"4","fecha":"2021-09-29","hora_prevista":"21:00:00","grupo_id":"23","nomCasa":"VfL Wolfsburg","nomFuera":"Sevilla FC","clasificado":"0","goles_local":"1","goles_visitante":"1","nomEli":" Dieciseisavos de Final","nomGrupo":"Grupo G"},{"jornada":"4","fecha":"2021-09-29","hora_prevista":"21:00:00","grupo_id":"23","nomCasa":"FC Salzburg","nomFuera":"LOSC Lille","clasificado":"0","goles_local":"2","goles_visitante":"1","nomEli":" Dieciseisavos de Final","nomGrupo":"Grupo G"},{"jornada":"4","fecha":"2021-09-29","hora_prevista":"18:45:00","grupo_id":"25","nomCasa":"FC Zenit","nomFuera":"Malmö FF","clasificado":"0","goles_local":"4","goles_visitante":"0","nomEli":" Dieciseisavos de Final","nomGrupo":"Grupo H"},{"jornada":"4","fecha":"2021-09-29","hora_prevista":"21:00:00","grupo_id":"25","nomCasa":"Juventus FC","nomFuera":"Chelsea FC","clasificado":"0","goles_local":"1","goles_visitante":"0","nomEli":" Dieciseisavos de Final","nomGrupo":"Grupo H"},{"jornada":"4","fecha":"2021-09-29","hora_prevista":"18:45:00","grupo_id":"21","nomCasa":"Atalanta BC","nomFuera":"BSC Young Boys","clasificado":"0","goles_local":"1","goles_visitante":"0","nomEli":" Dieciseisavos de Final","nomGrupo":"Grupo F"},{"jornada":"4","fecha":"2021-09-29","hora_prevista":"21:00:00","grupo_id":"21","nomCasa":"Manchester United FC","nomFuera":"Villarreal CF","clasificado":"0","goles_local":"2","goles_visitante":"1","nomEli":" Dieciseisavos de Final","nomGrupo":"Grupo F"},{"jornada":"4","fecha":"2021-09-29","hora_prevista":"21:00:00","grupo_id":"19","nomCasa":"FC Bayern München","nomFuera":"FC Dynamo Kyiv","clasificado":"0","goles_local":"5","goles_visitante":"0","nomEli":" Dieciseisavos de Final","nomGrupo":"Grupo E"},{"jornada":"4","fecha":"2021-09-29","hora_prevista":"21:00:00","grupo_id":"19","nomCasa":"SL Benfica","nomFuera":"FC Barcelona","clasificado":"0","goles_local":"3","goles_visitante":"0","nomEli":" Dieciseisavos de Final","nomGrupo":"Grupo E"},{"jornada":"4","fecha":"2021-09-28","hora_prevista":"21:00:00","grupo_id":"15","nomCasa":"RB Leipzig","nomFuera":"Club Brugge KV","clasificado":"0","goles_local":"1","goles_visitante":"2","nomEli":" Dieciseisavos de Final","nomGrupo":"Grupo A"},{"jornada":"4","fecha":"2021-09-28","hora_prevista":"21:00:00","grupo_id":"15","nomCasa":"Paris Saint-Germain FC","nomFuera":"Manchester City FC","clasificado":"0","goles_local":"2","goles_visitante":"0","nomEli":" Dieciseisavos de Final","nomGrupo":"Grupo A"},{"jornada":"4","fecha":"2021-09-28","hora_prevista":"21:00:00","grupo_id":"16","nomCasa":"AC Milan","nomFuera":"Club Atlético de Madrid","clasificado":"0","goles_local":"1","goles_visitante":"2","nomEli":" Dieciseisavos de Final","nomGrupo":"Grupo B"},{"jornada":"4","fecha":"2021-09-28","hora_prevista":"21:00:00","grupo_id":"17","nomCasa":"BV Borussia 09 Dortmund","nomFuera":"Sporting Clube de Portugal","clasificado":"0","goles_local":"1","goles_visitante":"0","nomEli":" Dieciseisavos de Final","nomGrupo":"Grupo C"},{"jornada":"4","fecha":"2021-09-28","hora_prevista":"18:45:00","grupo_id":"18","nomCasa":"FC Shakhtar Donetsk","nomFuera":"FC Internazionale Milano","clasificado":"0","goles_local":"0","goles_visitante":"0","nomEli":" Dieciseisavos de Final","nomGrupo":"Grupo D"},{"jornada":"4","fecha":"2021-09-28","hora_prevista":"21:00:00","grupo_id":"18","nomCasa":"Real Madrid CF","nomFuera":"FC Sheriff Tiraspol","clasificado":"0","goles_local":"1","goles_visitante":"2","nomEli":" Dieciseisavos de Final","nomGrupo":"Grupo D"},{"jornada":"4","fecha":"2021-09-28","hora_prevista":"18:45:00","grupo_id":"17","nomCasa":"AFC Ajax","nomFuera":"Besiktas JK","clasificado":"0","goles_local":"2","goles_visitante":"0","nomEli":" Dieciseisavos de Final","nomGrupo":"Grupo C"},{"jornada":"4","fecha":"2021-09-28","hora_prevista":"21:00:00","grupo_id":"16","nomCasa":"FC Porto","nomFuera":"Liverpool FC","clasificado":"0","goles_local":"1","goles_visitante":"5","nomEli":" Dieciseisavos de Final","nomGrupo":"Grupo B"},{"jornada":"4","fecha":"2021-09-15","hora_prevista":"18:45:00","grupo_id":"17","nomCasa":"Besiktas JK","nomFuera":"BV Borussia 09 Dortmund","clasificado":"0","goles_local":"1","goles_visitante":"2","nomEli":" Dieciseisavos de Final","nomGrupo":"Grupo C"},{"jornada":"4","fecha":"2021-09-15","hora_prevista":"21:00:00","grupo_id":"17","nomCasa":"Sporting Clube de Portugal","nomFuera":"AFC Ajax","clasificado":"0","goles_local":"1","goles_visitante":"5","nomEli":" Dieciseisavos de Final","nomGrupo":"Grupo C"},{"jornada":"4","fecha":"2021-09-15","hora_prevista":"21:00:00","grupo_id":"16","nomCasa":"Liverpool FC","nomFuera":"AC Milan","clasificado":"0","goles_local":"3","goles_visitante":"2","nomEli":" Dieciseisavos de Final","nomGrupo":"Grupo B"},{"jornada":"4","fecha":"2021-09-15","hora_prevista":"21:00:00","grupo_id":"15","nomCasa":"Manchester City FC","nomFuera":"RB Leipzig","clasificado":"0","goles_local":"6","goles_visitante":"3","nomEli":" Dieciseisavos de Final","nomGrupo":"Grupo A"},{"jornada":"4","fecha":"2021-09-15","hora_prevista":"21:00:00","grupo_id":"16","nomCasa":"Club Atlético de Madrid","nomFuera":"FC Porto","clasificado":"0","goles_local":"0","goles_visitante":"0","nomEli":" Dieciseisavos de Final","nomGrupo":"Grupo B"},{"jornada":"4","fecha":"2021-09-15","hora_prevista":"21:00:00","grupo_id":"18","nomCasa":"FC Internazionale Milano","nomFuera":"Real Madrid CF","clasificado":"0","goles_local":"0","goles_visitante":"1","nomEli":" Dieciseisavos de Final","nomGrupo":"Grupo D"},{"jornada":"4","fecha":"2021-09-15","hora_prevista":"18:45:00","grupo_id":"18","nomCasa":"FC Sheriff Tiraspol","nomFuera":"FC Shakhtar Donetsk","clasificado":"0","goles_local":"2","goles_visitante":"0","nomEli":" Dieciseisavos de Final","nomGrupo":"Grupo D"},{"jornada":"4","fecha":"2021-09-15","hora_prevista":"21:00:00","grupo_id":"15","nomCasa":"Club Brugge KV","nomFuera":"Paris Saint-Germain FC","clasificado":"0","goles_local":"1","goles_visitante":"1","nomEli":" Dieciseisavos de Final","nomGrupo":"Grupo A"},{"jornada":"4","fecha":"2021-09-14","hora_prevista":"18:45:00","grupo_id":"21","nomCasa":"BSC Young Boys","nomFuera":"Manchester United FC","clasificado":"0","goles_local":"2","goles_visitante":"1","nomEli":" Dieciseisavos de Final","nomGrupo":"Grupo F"},{"jornada":"4","fecha":"2021-09-14","hora_prevista":"21:00:00","grupo_id":"23","nomCasa":"LOSC Lille","nomFuera":"VfL Wolfsburg","clasificado":"0","goles_local":"0","goles_visitante":"0","nomEli":" Dieciseisavos de Final","nomGrupo":"Grupo G"},{"jornada":"4","fecha":"2021-09-14","hora_prevista":"18:45:00","grupo_id":"23","nomCasa":"Sevilla FC","nomFuera":"FC Salzburg","clasificado":"0","goles_local":"1","goles_visitante":"1","nomEli":" Dieciseisavos de Final","nomGrupo":"Grupo G"},{"jornada":"4","fecha":"2021-09-14","hora_prevista":"21:00:00","grupo_id":"21","nomCasa":"Villarreal CF","nomFuera":"Atalanta BC","clasificado":"0","goles_local":"2","goles_visitante":"2","nomEli":" Dieciseisavos de Final","nomGrupo":"Grupo F"},{"jornada":"4","fecha":"2021-09-14","hora_prevista":"21:00:00","grupo_id":"19","nomCasa":"FC Barcelona","nomFuera":"FC Bayern München","clasificado":"0","goles_local":"0","goles_visitante":"3","nomEli":" Dieciseisavos de Final","nomGrupo":"Grupo E"},{"jornada":"4","fecha":"2021-09-14","hora_prevista":"21:00:00","grupo_id":"19","nomCasa":"FC Dynamo Kyiv","nomFuera":"SL Benfica","clasificado":"0","goles_local":"0","goles_visitante":"0","nomEli":" Dieciseisavos de Final","nomGrupo":"Grupo E"},{"jornada":"4","fecha":"2021-09-14","hora_prevista":"21:00:00","grupo_id":"25","nomCasa":"Chelsea FC","nomFuera":"FC Zenit","clasificado":"0","goles_local":"1","goles_visitante":"0","nomEli":" Dieciseisavos de Final","nomGrupo":"Grupo H"},{"jornada":"4","fecha":"2021-09-14","hora_prevista":"21:00:00","grupo_id":"25","nomCasa":"Malmö FF","nomFuera":"Juventus FC","clasificado":"0","goles_local":"0","goles_visitante":"3","nomEli":" Dieciseisavos de Final","nomGrupo":"Grupo H"},{"jornada":"64","fecha":"2021-08-25","hora_prevista":"21:00:00","grupo_id":null,"nomCasa":"GNK Dinamo Zagreb","nomFuera":"FC Sheriff Tiraspol","clasificado":"2","goles_local":"0","goles_visitante":"0","nomEli":"Eliminatoria Final - Vuelta","nomGrupo":null},{"jornada":"64","fecha":"2021-08-25","hora_prevista":"21:00:00","grupo_id":null,"nomCasa":"FC Shakhtar Donetsk","nomFuera":"AS Monaco FC","clasificado":"1","goles_local":"2","goles_visitante":"2","nomEli":"Eliminatoria Final - Vuelta","nomGrupo":null},{"jornada":"64","fecha":"2021-08-25","hora_prevista":"21:00:00","grupo_id":null,"nomCasa":"Brondby IF","nomFuera":"FC Salzburg","clasificado":"2","goles_local":"1","goles_visitante":"2","nomEli":"Eliminatoria Final - Vuelta","nomGrupo":null},{"jornada":"64","fecha":"2021-08-24","hora_prevista":"21:00:00","grupo_id":null,"nomCasa":"PFC Ludogorets 1945","nomFuera":"Malmö FF","clasificado":"2","goles_local":"2","goles_visitante":"1","nomEli":"Eliminatoria Final - Vuelta","nomGrupo":null},{"jornada":"64","fecha":"2021-08-24","hora_prevista":"21:00:00","grupo_id":null,"nomCasa":"Ferencvárosi TC","nomFuera":"BSC Young Boys","clasificado":"2","goles_local":"2","goles_visitante":"3","nomEli":"Eliminatoria Final - Vuelta","nomGrupo":null},{"jornada":"64","fecha":"2021-08-24","hora_prevista":"21:00:00","grupo_id":null,"nomCasa":"PSV Eindhoven","nomFuera":"SL Benfica","clasificado":"2","goles_local":"0","goles_visitante":"0","nomEli":"Eliminatoria Final - Vuelta","nomGrupo":null},{"jornada":"63","fecha":"2021-08-18","hora_prevista":"21:00:00","grupo_id":null,"nomCasa":"Malmö FF","nomFuera":"PFC Ludogorets 1945","clasificado":"0","goles_local":"2","goles_visitante":"0","nomEli":"Eliminatoria Final - Ida","nomGrupo":null},{"jornada":"63","fecha":"2021-08-18","hora_prevista":"21:00:00","grupo_id":null,"nomCasa":"BSC Young Boys","nomFuera":"Ferencvárosi TC","clasificado":"0","goles_local":"3","goles_visitante":"2","nomEli":"Eliminatoria Final - Ida","nomGrupo":null},{"jornada":"63","fecha":"2021-08-18","hora_prevista":"21:00:00","grupo_id":null,"nomCasa":"SL Benfica","nomFuera":"PSV Eindhoven","clasificado":"0","goles_local":"2","goles_visitante":"1","nomEli":"Eliminatoria Final - Ida","nomGrupo":null},{"jornada":"63","fecha":"2021-08-17","hora_prevista":"21:00:00","grupo_id":null,"nomCasa":"AS Monaco FC","nomFuera":"FC Shakhtar Donetsk","clasificado":"0","goles_local":"0","goles_visitante":"1","nomEli":"Eliminatoria Final - Ida","nomGrupo":null},{"jornada":"63","fecha":"2021-08-17","hora_prevista":"21:00:00","grupo_id":null,"nomCasa":"FC Sheriff Tiraspol","nomFuera":"GNK Dinamo Zagreb","clasificado":"0","goles_local":"3","goles_visitante":"0","nomEli":"Eliminatoria Final - Ida","nomGrupo":null},{"jornada":"63","fecha":"2021-08-17","hora_prevista":"21:00:00","grupo_id":null,"nomCasa":"FC Salzburg","nomFuera":"Brondby IF","clasificado":"0","goles_local":"2","goles_visitante":"1","nomEli":"Eliminatoria Final - Ida","nomGrupo":null},{"jornada":"166","fecha":"2021-08-10","hora_prevista":"20:00:00","grupo_id":null,"nomCasa":"AS Monaco FC","nomFuera":"AC Sparta Praha","clasificado":"1","goles_local":"3","goles_visitante":"1","nomEli":"Tercera Eliminatoria - Vuelta","nomGrupo":null},{"jornada":"166","fecha":"2021-08-10","hora_prevista":"19:30:00","grupo_id":null,"nomCasa":"FC Shakhtar Donetsk","nomFuera":"KRC Genk","clasificado":"1","goles_local":"2","goles_visitante":"1","nomEli":"Tercera Eliminatoria - Vuelta","nomGrupo":null},{"jornada":"166","fecha":"2021-08-10","hora_prevista":"21:00:00","grupo_id":null,"nomCasa":"SL Benfica","nomFuera":"FC Spartak Moskva","clasificado":"1","goles_local":"2","goles_visitante":"0","nomEli":"Tercera Eliminatoria - Vuelta","nomGrupo":null},{"jornada":"166","fecha":"2021-08-10","hora_prevista":"19:00:00","grupo_id":null,"nomCasa":"SK Slavia Praha","nomFuera":"Ferencvárosi TC","clasificado":"2","goles_local":"1","goles_visitante":"0","nomEli":"Tercera Eliminatoria - Vuelta","nomGrupo":null},{"jornada":"166","fecha":"2021-08-10","hora_prevista":"21:00:00","grupo_id":null,"nomCasa":"Rangers FC","nomFuera":"Malmö FF","clasificado":"2","goles_local":"1","goles_visitante":"2","nomEli":"Tercera Eliminatoria - Vuelta","nomGrupo":null},{"jornada":"166","fecha":"2021-08-10","hora_prevista":"19:00:00","grupo_id":null,"nomCasa":"FC Sheriff Tiraspol","nomFuera":"FK Crvena Zvezda","clasificado":"1","goles_local":"1","goles_visitante":"0","nomEli":"Tercera Eliminatoria - Vuelta","nomGrupo":null},{"jornada":"166","fecha":"2021-08-10","hora_prevista":"20:00:00","grupo_id":null,"nomCasa":"PFC Ludogorets 1945","nomFuera":"Olympiacos FC","clasificado":"1","goles_local":"2","goles_visitante":"2","nomEli":"Tercera Eliminatoria - Vuelta","nomGrupo":null},{"jornada":"166","fecha":"2021-08-10","hora_prevista":"20:30:00","grupo_id":null,"nomCasa":"BSC Young Boys","nomFuera":"CFR 1907 Cluj","clasificado":"1","goles_local":"3","goles_visitante":"1","nomEli":"Tercera Eliminatoria - Vuelta","nomGrupo":null},{"jornada":"166","fecha":"2021-08-10","hora_prevista":"21:00:00","grupo_id":null,"nomCasa":"Legia Warszawa","nomFuera":"GNK Dinamo Zagreb","clasificado":"2","goles_local":"0","goles_visitante":"1","nomEli":"Tercera Eliminatoria - Vuelta","nomGrupo":null},{"jornada":"166","fecha":"2021-08-10","hora_prevista":"20:00:00","grupo_id":null,"nomCasa":"FC Midtjylland","nomFuera":"PSV Eindhoven","clasificado":"2","goles_local":"0","goles_visitante":"1","nomEli":"Tercera Eliminatoria - Vuelta","nomGrupo":null},{"jornada":"165","fecha":"2021-08-04","hora_prevista":"19:00:00","grupo_id":null,"nomCasa":"FC Spartak Moskva","nomFuera":"SL Benfica","clasificado":"0","goles_local":"0","goles_visitante":"2","nomEli":"Tercera Eliminatoria - Ida","nomGrupo":null},{"jornada":"165","fecha":"2021-08-04","hora_prevista":"20:00:00","grupo_id":null,"nomCasa":"GNK Dinamo Zagreb","nomFuera":"Legia Warszawa","clasificado":"0","goles_local":"1","goles_visitante":"1","nomEli":"Tercera Eliminatoria - Ida","nomGrupo":null},{"jornada":"165","fecha":"2021-08-04","hora_prevista":"20:00:00","grupo_id":null,"nomCasa":"Ferencvárosi TC","nomFuera":"SK Slavia Praha","clasificado":"0","goles_local":"2","goles_visitante":"0","nomEli":"Tercera Eliminatoria - Ida","nomGrupo":null},{"jornada":"165","fecha":"2021-08-03","hora_prevista":"20:00:00","grupo_id":null,"nomCasa":"KRC Genk","nomFuera":"FC Shakhtar Donetsk","clasificado":"0","goles_local":"1","goles_visitante":"2","nomEli":"Tercera Eliminatoria - Ida","nomGrupo":null},{"jornada":"165","fecha":"2021-08-03","hora_prevista":"19:00:00","grupo_id":null,"nomCasa":"AC Sparta Praha","nomFuera":"AS Monaco FC","clasificado":"0","goles_local":"0","goles_visitante":"2","nomEli":"Tercera Eliminatoria - Ida","nomGrupo":null},{"jornada":"165","fecha":"2021-08-03","hora_prevista":"20:00:00","grupo_id":null,"nomCasa":"CFR 1907 Cluj","nomFuera":"BSC Young Boys","clasificado":"0","goles_local":"1","goles_visitante":"1","nomEli":"Tercera Eliminatoria - Ida","nomGrupo":null},{"jornada":"165","fecha":"2021-08-03","hora_prevista":"21:00:00","grupo_id":null,"nomCasa":"Olympiacos FC","nomFuera":"PFC Ludogorets 1945","clasificado":"0","goles_local":"1","goles_visitante":"1","nomEli":"Tercera Eliminatoria - Ida","nomGrupo":null},{"jornada":"165","fecha":"2021-08-03","hora_prevista":"21:00:00","grupo_id":null,"nomCasa":"FK Crvena Zvezda","nomFuera":"FC Sheriff Tiraspol","clasificado":"0","goles_local":"1","goles_visitante":"1","nomEli":"Tercera Eliminatoria - Ida","nomGrupo":null},{"jornada":"165","fecha":"2021-08-03","hora_prevista":"19:00:00","grupo_id":null,"nomCasa":"Malmö FF","nomFuera":"Rangers FC","clasificado":"0","goles_local":"2","goles_visitante":"1","nomEli":"Tercera Eliminatoria - Ida","nomGrupo":null},{"jornada":"165","fecha":"2021-08-03","hora_prevista":"20:00:00","grupo_id":null,"nomCasa":"PSV Eindhoven","nomFuera":"FC Midtjylland","clasificado":"0","goles_local":"3","goles_visitante":"0","nomEli":"Tercera Eliminatoria - Ida","nomGrupo":null},{"jornada":"143","fecha":"2021-07-28","hora_prevista":"20:00:00","grupo_id":null,"nomCasa":"PFC Ludogorets 1945","nomFuera":"NS Mura","clasificado":"1","goles_local":"3","goles_visitante":"1","nomEli":"Segunda Eliminatoria - Vuelta","nomGrupo":null},{"jornada":"143","fecha":"2021-07-28","hora_prevista":"19:30:00","grupo_id":null,"nomCasa":"CFR 1907 Cluj","nomFuera":"Lincoln FC","clasificado":"1","goles_local":"2","goles_visitante":"0","nomEli":"Segunda Eliminatoria - Vuelta","nomGrupo":null},{"jornada":"143","fecha":"2021-07-28","hora_prevista":"19:00:00","grupo_id":null,"nomCasa":"Neftçi PFK","nomFuera":"Olympiacos FC","clasificado":"2","goles_local":"0","goles_visitante":"1","nomEli":"Segunda Eliminatoria - Vuelta","nomGrupo":null},{"jornada":"143","fecha":"2021-07-28","hora_prevista":"20:00:00","grupo_id":null,"nomCasa":"Galatasaray AS","nomFuera":"PSV Eindhoven","clasificado":"2","goles_local":"1","goles_visitante":"2","nomEli":"Segunda Eliminatoria - Vuelta","nomGrupo":null},{"jornada":"143","fecha":"2021-07-28","hora_prevista":"20:30:00","grupo_id":null,"nomCasa":"FK Crvena Zvezda","nomFuera":"FC Kairat Almaty","clasificado":"1","goles_local":"5","goles_visitante":"0","nomEli":"Segunda Eliminatoria - Vuelta","nomGrupo":null},{"jornada":"143","fecha":"2021-07-28","hora_prevista":"19:00:00","grupo_id":null,"nomCasa":"FC Sheriff Tiraspol","nomFuera":"Alashkert FC","clasificado":"1","goles_local":"3","goles_visitante":"1","nomEli":"Segunda Eliminatoria - Vuelta","nomGrupo":null},{"jornada":"143","fecha":"2021-07-28","hora_prevista":"20:15:00","grupo_id":null,"nomCasa":"BSC Young Boys","nomFuera":"SK Slovan Bratislava","clasificado":"1","goles_local":"3","goles_visitante":"2","nomEli":"Segunda Eliminatoria - Vuelta","nomGrupo":null},{"jornada":"143","fecha":"2021-07-28","hora_prevista":"20:30:00","grupo_id":null,"nomCasa":"AC Sparta Praha","nomFuera":"SK Rapid Wien","clasificado":"1","goles_local":"2","goles_visitante":"0","nomEli":"Segunda Eliminatoria - Vuelta","nomGrupo":null},{"jornada":"143","fecha":"2021-07-28","hora_prevista":"19:45:00","grupo_id":null,"nomCasa":"FC Midtjylland","nomFuera":"Celtic FC","clasificado":"1","goles_local":"2","goles_visitante":"1","nomEli":"Segunda Eliminatoria - Vuelta","nomGrupo":null},{"jornada":"143","fecha":"2021-07-27","hora_prevista":"19:00:00","grupo_id":null,"nomCasa":"FK Zalgiris Vilnius","nomFuera":"Ferencvárosi TC","clasificado":"2","goles_local":"1","goles_visitante":"3","nomEli":"Segunda Eliminatoria - Vuelta","nomGrupo":null},{"jornada":"143","fecha":"2021-07-27","hora_prevista":"18:00:00","grupo_id":null,"nomCasa":"AC Omonia","nomFuera":"GNK Dinamo Zagreb","clasificado":"2","goles_local":"0","goles_visitante":"1","nomEli":"Segunda Eliminatoria - Vuelta","nomGrupo":null},{"jornada":"143","fecha":"2021-07-27","hora_prevista":"18:00:00","grupo_id":null,"nomCasa":"FC Flora Tallinn","nomFuera":"Legia Warszawa","clasificado":"2","goles_local":"0","goles_visitante":"1","nomEli":"Segunda Eliminatoria - Vuelta","nomGrupo":null},{"jornada":"143","fecha":"2021-07-27","hora_prevista":"18:00:00","grupo_id":null,"nomCasa":"HJK Helsinki","nomFuera":"Malmö FF","clasificado":"2","goles_local":"2","goles_visitante":"2","nomEli":"Segunda Eliminatoria - Vuelta","nomGrupo":null},{"jornada":"142","fecha":"2021-07-21","hora_prevista":"20:30:00","grupo_id":null,"nomCasa":"SK Slovan Bratislava","nomFuera":"BSC Young Boys","clasificado":"0","goles_local":"0","goles_visitante":"0","nomEli":"Segunda Eliminatoria - Ida","nomGrupo":null},{"jornada":"142","fecha":"2021-07-21","hora_prevista":"21:00:00","grupo_id":null,"nomCasa":"Legia Warszawa","nomFuera":"FC Flora Tallinn","clasificado":"0","goles_local":"2","goles_visitante":"1","nomEli":"Segunda Eliminatoria - Ida","nomGrupo":null},{"jornada":"142","fecha":"2021-07-21","hora_prevista":"16:00:00","grupo_id":null,"nomCasa":"FC Kairat Almaty","nomFuera":"FK Crvena Zvezda","clasificado":"0","goles_local":"2","goles_visitante":"1","nomEli":"Segunda Eliminatoria - Ida","nomGrupo":null},{"jornada":"142","fecha":"2021-07-21","hora_prevista":"21:00:00","grupo_id":null,"nomCasa":"PSV Eindhoven","nomFuera":"Galatasaray AS","clasificado":"0","goles_local":"5","goles_visitante":"1","nomEli":"Segunda Eliminatoria - Ida","nomGrupo":null},{"jornada":"142","fecha":"2021-07-21","hora_prevista":"20:00:00","grupo_id":null,"nomCasa":"NS Mura","nomFuera":"PFC Ludogorets 1945","clasificado":"0","goles_local":"0","goles_visitante":"0","nomEli":"Segunda Eliminatoria - Ida","nomGrupo":null},{"jornada":"142","fecha":"2021-07-21","hora_prevista":"19:00:00","grupo_id":null,"nomCasa":"Malmö FF","nomFuera":"HJK Helsinki","clasificado":"0","goles_local":"2","goles_visitante":"1","nomEli":"Segunda Eliminatoria - Ida","nomGrupo":null},{"jornada":"142","fecha":"2021-07-21","hora_prevista":"21:00:00","grupo_id":null,"nomCasa":"Olympiacos FC","nomFuera":"Neftçi PFK","clasificado":"0","goles_local":"1","goles_visitante":"0","nomEli":"Segunda Eliminatoria - Ida","nomGrupo":null},{"jornada":"142","fecha":"2021-07-20","hora_prevista":"20:30:00","grupo_id":null,"nomCasa":"SK Rapid Wien","nomFuera":"AC Sparta Praha","clasificado":"0","goles_local":"2","goles_visitante":"1","nomEli":"Segunda Eliminatoria - Ida","nomGrupo":null},{"jornada":"142","fecha":"2021-07-20","hora_prevista":"20:45:00","grupo_id":null,"nomCasa":"Celtic FC","nomFuera":"FC Midtjylland","clasificado":"0","goles_local":"1","goles_visitante":"1","nomEli":"Segunda Eliminatoria - Ida","nomGrupo":null},{"jornada":"142","fecha":"2021-07-20","hora_prevista":"20:00:00","grupo_id":null,"nomCasa":"Ferencvárosi TC","nomFuera":"FK Zalgiris Vilnius","clasificado":"0","goles_local":"2","goles_visitante":"0","nomEli":"Segunda Eliminatoria - Ida","nomGrupo":null},{"jornada":"142","fecha":"2021-07-20","hora_prevista":"20:00:00","grupo_id":null,"nomCasa":"GNK Dinamo Zagreb","nomFuera":"AC Omonia","clasificado":"0","goles_local":"2","goles_visitante":"0","nomEli":"Segunda Eliminatoria - Ida","nomGrupo":null},{"jornada":"142","fecha":"2021-07-20","hora_prevista":"18:00:00","grupo_id":null,"nomCasa":"Lincoln FC","nomFuera":"CFR 1907 Cluj","clasificado":"0","goles_local":"1","goles_visitante":"2","nomEli":"Segunda Eliminatoria - Ida","nomGrupo":null},{"jornada":"142","fecha":"2021-07-20","hora_prevista":"17:00:00","grupo_id":null,"nomCasa":"Alashkert FC","nomFuera":"FC Sheriff Tiraspol","clasificado":"0","goles_local":"0","goles_visitante":"1","nomEli":"Segunda Eliminatoria - Ida","nomGrupo":null},{"jornada":"121","fecha":"2021-07-14","hora_prevista":"20:00:00","grupo_id":null,"nomCasa":"Legia Warszawa","nomFuera":"FK Bodo\/Glimt","clasificado":"1","goles_local":"2","goles_visitante":"0","nomEli":"Primera Eliminatoria - Vuelta","nomGrupo":null},{"jornada":"121","fecha":"2021-07-14","hora_prevista":"16:00:00","grupo_id":null,"nomCasa":"FC Kairat Almaty","nomFuera":"Maccabi Haifa FC","clasificado":"1","goles_local":"2","goles_visitante":"0","nomEli":"Primera Eliminatoria - Vuelta","nomGrupo":null},{"jornada":"121","fecha":"2021-07-14","hora_prevista":"19:00:00","grupo_id":null,"nomCasa":"Neftçi PFK","nomFuera":"FC Dinamo Tbilisi","clasificado":"1","goles_local":"2","goles_visitante":"1","nomEli":"Primera Eliminatoria - Vuelta","nomGrupo":null},{"jornada":"121","fecha":"2021-07-14","hora_prevista":"17:00:00","grupo_id":null,"nomCasa":"Alashkert FC","nomFuera":"Connah's Quay Nomads FC","clasificado":"1","goles_local":"1","goles_visitante":"0","nomEli":"Primera Eliminatoria - Vuelta","nomGrupo":null},{"jornada":"121","fecha":"2021-07-13","hora_prevista":"18:00:00","grupo_id":null,"nomCasa":"Riga FC","nomFuera":"Malmö FF","clasificado":"2","goles_local":"1","goles_visitante":"1","nomEli":"Primera Eliminatoria - Vuelta","nomGrupo":null},{"jornada":"121","fecha":"2021-07-13","hora_prevista":"21:00:00","grupo_id":null,"nomCasa":"Shamrock Rovers FC","nomFuera":"SK Slovan Bratislava","clasificado":"2","goles_local":"2","goles_visitante":"1","nomEli":"Primera Eliminatoria - Vuelta","nomGrupo":null},{"jornada":"121","fecha":"2021-07-13","hora_prevista":"18:00:00","grupo_id":null,"nomCasa":"Lincoln FC","nomFuera":"CS Fola Esch","clasificado":"1","goles_local":"5","goles_visitante":"0","nomEli":"Primera Eliminatoria - Vuelta","nomGrupo":null},{"jornada":"121","fecha":"2021-07-13","hora_prevista":"20:30:00","grupo_id":null,"nomCasa":"FK Buducnost Podgorica","nomFuera":"HJK Helsinki","clasificado":"2","goles_local":"0","goles_visitante":"4","nomEli":"Primera Eliminatoria - Vuelta","nomGrupo":null},{"jornada":"121","fecha":"2021-07-13","hora_prevista":"20:00:00","grupo_id":null,"nomCasa":"FK Borac Banja Luka","nomFuera":"CFR 1907 Cluj","clasificado":"2","goles_local":"2","goles_visitante":"1","nomEli":"Primera Eliminatoria - Vuelta","nomGrupo":null},{"jornada":"121","fecha":"2021-07-13","hora_prevista":"19:00:00","grupo_id":null,"nomCasa":"FC Sheriff Tiraspol","nomFuera":"KF Teuta","clasificado":"1","goles_local":"1","goles_visitante":"0","nomEli":"Primera Eliminatoria - Vuelta","nomGrupo":null},{"jornada":"121","fecha":"2021-07-13","hora_prevista":"20:00:00","grupo_id":null,"nomCasa":"NS Mura","nomFuera":"KF Shkëndija","clasificado":"1","goles_local":"5","goles_visitante":"0","nomEli":"Primera Eliminatoria - Vuelta","nomGrupo":null},{"jornada":"121","fecha":"2021-07-13","hora_prevista":"22:00:00","grupo_id":null,"nomCasa":"Valur Reykjavík","nomFuera":"GNK Dinamo Zagreb","clasificado":"2","goles_local":"0","goles_visitante":"2","nomEli":"Primera Eliminatoria - Vuelta","nomGrupo":null},{"jornada":"121","fecha":"2021-07-13","hora_prevista":"21:30:00","grupo_id":null,"nomCasa":"FC Shakhtyor Soligorsk","nomFuera":"PFC Ludogorets 1945","clasificado":"2","goles_local":"0","goles_visitante":"1","nomEli":"Primera Eliminatoria - Vuelta","nomGrupo":null},{"jornada":"121","fecha":"2021-07-13","hora_prevista":"20:00:00","grupo_id":null,"nomCasa":"FC Prishtina","nomFuera":"Ferencvárosi TC","clasificado":"2","goles_local":"1","goles_visitante":"3","nomEli":"Primera Eliminatoria - Vuelta","nomGrupo":null},{"jornada":"121","fecha":"2021-07-13","hora_prevista":"20:45:00","grupo_id":null,"nomCasa":"Linfield FC","nomFuera":"FK Zalgiris Vilnius","clasificado":"2","goles_local":"1","goles_visitante":"2","nomEli":"Primera Eliminatoria - Vuelta","nomGrupo":null},{"jornada":"121","fecha":"2021-07-13","hora_prevista":"18:00:00","grupo_id":null,"nomCasa":"Hibernians FC","nomFuera":"FC Flora Tallinn","clasificado":"2","goles_local":"0","goles_visitante":"3","nomEli":"Primera Eliminatoria - Vuelta","nomGrupo":null},{"jornada":"120","fecha":"2021-07-07","hora_prevista":"19:00:00","grupo_id":null,"nomCasa":"PFC Ludogorets 1945","nomFuera":"FC Shakhtyor Soligorsk","clasificado":"0","goles_local":"1","goles_visitante":"0","nomEli":"Primera Eliminatoria - Ida","nomGrupo":null},{"jornada":"120","fecha":"2021-07-07","hora_prevista":"20:00:00","grupo_id":null,"nomCasa":"Connah's Quay Nomads FC","nomFuera":"Alashkert FC","clasificado":"0","goles_local":"2","goles_visitante":"2","nomEli":"Primera Eliminatoria - Ida","nomGrupo":null},{"jornada":"120","fecha":"2021-07-07","hora_prevista":"18:00:00","grupo_id":null,"nomCasa":"FK Bodo\/Glimt","nomFuera":"Legia Warszawa","clasificado":"0","goles_local":"2","goles_visitante":"3","nomEli":"Primera Eliminatoria - Ida","nomGrupo":null},{"jornada":"120","fecha":"2021-07-07","hora_prevista":"19:00:00","grupo_id":null,"nomCasa":"Malmö FF","nomFuera":"Riga FC","clasificado":"0","goles_local":"1","goles_visitante":"0","nomEli":"Primera Eliminatoria - Ida","nomGrupo":null},{"jornada":"120","fecha":"2021-07-07","hora_prevista":"18:30:00","grupo_id":null,"nomCasa":"SK Slovan Bratislava","nomFuera":"Shamrock Rovers FC","clasificado":"0","goles_local":"2","goles_visitante":"0","nomEli":"Primera Eliminatoria - Ida","nomGrupo":null},{"jornada":"120","fecha":"2021-07-07","hora_prevista":"19:00:00","grupo_id":null,"nomCasa":"KF Teuta","nomFuera":"FC Sheriff Tiraspol","clasificado":"0","goles_local":"0","goles_visitante":"4","nomEli":"Primera Eliminatoria - Ida","nomGrupo":null},{"jornada":"120","fecha":"2021-07-07","hora_prevista":"18:00:00","grupo_id":null,"nomCasa":"FC Dinamo Tbilisi","nomFuera":"Neftçi PFK","clasificado":"0","goles_local":"1","goles_visitante":"2","nomEli":"Primera Eliminatoria - Ida","nomGrupo":null},{"jornada":"120","fecha":"2021-07-07","hora_prevista":"19:00:00","grupo_id":null,"nomCasa":"Maccabi Haifa FC","nomFuera":"FC Kairat Almaty","clasificado":"0","goles_local":"1","goles_visitante":"1","nomEli":"Primera Eliminatoria - Ida","nomGrupo":null},{"jornada":"120","fecha":"2021-07-07","hora_prevista":"19:00:00","grupo_id":null,"nomCasa":"GNK Dinamo Zagreb","nomFuera":"Valur Reykjavík","clasificado":"0","goles_local":"3","goles_visitante":"2","nomEli":"Primera Eliminatoria - Ida","nomGrupo":null},{"jornada":"120","fecha":"2021-07-06","hora_prevista":"19:30:00","grupo_id":null,"nomCasa":"CS Fola Esch","nomFuera":"Lincoln FC","clasificado":"0","goles_local":"2","goles_visitante":"2","nomEli":"Primera Eliminatoria - Ida","nomGrupo":null},{"jornada":"120","fecha":"2021-07-06","hora_prevista":"18:00:00","grupo_id":null,"nomCasa":"FC Flora Tallinn","nomFuera":"Hibernians FC","clasificado":"0","goles_local":"2","goles_visitante":"0","nomEli":"Primera Eliminatoria - Ida","nomGrupo":null},{"jornada":"120","fecha":"2021-07-06","hora_prevista":"19:00:00","grupo_id":null,"nomCasa":"FK Zalgiris Vilnius","nomFuera":"Linfield FC","clasificado":"0","goles_local":"3","goles_visitante":"1","nomEli":"Primera Eliminatoria - Ida","nomGrupo":null},{"jornada":"120","fecha":"2021-07-06","hora_prevista":"18:00:00","grupo_id":null,"nomCasa":"Ferencvárosi TC","nomFuera":"FC Prishtina","clasificado":"0","goles_local":"3","goles_visitante":"0","nomEli":"Primera Eliminatoria - Ida","nomGrupo":null},{"jornada":"120","fecha":"2021-07-06","hora_prevista":"18:00:00","grupo_id":null,"nomCasa":"HJK Helsinki","nomFuera":"FK Buducnost Podgorica","clasificado":"0","goles_local":"3","goles_visitante":"1","nomEli":"Primera Eliminatoria - Ida","nomGrupo":null},{"jornada":"120","fecha":"2021-07-06","hora_prevista":"20:00:00","grupo_id":null,"nomCasa":"KF Shkëndija","nomFuera":"NS Mura","clasificado":"0","goles_local":"0","goles_visitante":"1","nomEli":"Primera Eliminatoria - Ida","nomGrupo":null},{"jornada":"120","fecha":"2021-07-06","hora_prevista":"19:00:00","grupo_id":null,"nomCasa":"CFR 1907 Cluj","nomFuera":"FK Borac Banja Luka","clasificado":"0","goles_local":"3","goles_visitante":"1","nomEli":"Primera Eliminatoria - Ida","nomGrupo":null},{"jornada":"211","fecha":"2021-06-25","hora_prevista":"20:00:00","grupo_id":null,"nomCasa":"FC Prishtina","nomFuera":"Inter Club d´Escaldes","clasificado":"1","goles_local":"2","goles_visitante":"0","nomEli":"Eliminatoria Previa - Final","nomGrupo":null},{"jornada":"212","fecha":"2021-06-22","hora_prevista":"20:00:00","grupo_id":null,"nomCasa":"HB Tórshavn","nomFuera":"Inter Club d´Escaldes","clasificado":"2","goles_local":"0","goles_visitante":"1","nomEli":"Eliminatoria Previa - Semifinales","nomGrupo":null},{"jornada":"212","fecha":"2021-06-22","hora_prevista":"20:00:00","grupo_id":null,"nomCasa":"SS Folgore","nomFuera":"FC Prishtina","clasificado":"2","goles_local":"0","goles_visitante":"2","nomEli":"Eliminatoria Previa - Semifinales","nomGrupo":null}]