[{"jornada":"84","fecha":"2022-05-18","hora_prevista":"21:00:00","grupo_id":null,"nomCasa":"Eintracht Frankfurt FAG","nomFuera":"Rangers FC","clasificado":"1","goles_local":"1","goles_visitante":"1","nomEli":"Final","nomGrupo":null},{"jornada":"154","fecha":"2022-05-05","hora_prevista":"21:00:00","grupo_id":null,"nomCasa":"Eintracht Frankfurt FAG","nomFuera":"West Ham United FC","clasificado":"1","goles_local":"1","goles_visitante":"0","nomEli":"Semifinales - Vuelta","nomGrupo":null},{"jornada":"154","fecha":"2022-05-05","hora_prevista":"21:00:00","grupo_id":null,"nomCasa":"Rangers FC","nomFuera":"RB Leipzig","clasificado":"1","goles_local":"3","goles_visitante":"1","nomEli":"Semifinales - Vuelta","nomGrupo":null},{"jornada":"151","fecha":"2022-04-28","hora_prevista":"21:00:00","grupo_id":null,"nomCasa":"RB Leipzig","nomFuera":"Rangers FC","clasificado":"0","goles_local":"1","goles_visitante":"0","nomEli":"Semifinales - Ida","nomGrupo":null},{"jornada":"151","fecha":"2022-04-28","hora_prevista":"21:00:00","grupo_id":null,"nomCasa":"West Ham United FC","nomFuera":"Eintracht Frankfurt FAG","clasificado":"0","goles_local":"1","goles_visitante":"2","nomEli":"Semifinales - Ida","nomGrupo":null},{"jornada":"55","fecha":"2022-04-14","hora_prevista":"18:45:00","grupo_id":null,"nomCasa":"Atalanta BC","nomFuera":"RB Leipzig","clasificado":"2","goles_local":"0","goles_visitante":"2","nomEli":"Cuartos de Final - Vuelta","nomGrupo":null},{"jornada":"55","fecha":"2022-04-14","hora_prevista":"21:00:00","grupo_id":null,"nomCasa":"FC Barcelona","nomFuera":"Eintracht Frankfurt FAG","clasificado":"2","goles_local":"2","goles_visitante":"3","nomEli":"Cuartos de Final - Vuelta","nomGrupo":null},{"jornada":"55","fecha":"2022-04-14","hora_prevista":"21:00:00","grupo_id":null,"nomCasa":"Olympique Lyonnais","nomFuera":"West Ham United FC","clasificado":"2","goles_local":"0","goles_visitante":"3","nomEli":"Cuartos de Final - Vuelta","nomGrupo":null},{"jornada":"55","fecha":"2022-04-14","hora_prevista":"21:00:00","grupo_id":null,"nomCasa":"Rangers FC","nomFuera":"SC Braga","clasificado":"1","goles_local":"3","goles_visitante":"1","nomEli":"Cuartos de Final - Vuelta","nomGrupo":null},{"jornada":"3","fecha":"2022-04-07","hora_prevista":"18:45:00","grupo_id":null,"nomCasa":"RB Leipzig","nomFuera":"Atalanta BC","clasificado":"0","goles_local":"1","goles_visitante":"1","nomEli":" Cuartos de Final - Ida","nomGrupo":null},{"jornada":"3","fecha":"2022-04-07","hora_prevista":"21:00:00","grupo_id":null,"nomCasa":"SC Braga","nomFuera":"Rangers FC","clasificado":"0","goles_local":"1","goles_visitante":"0","nomEli":" Cuartos de Final - Ida","nomGrupo":null},{"jornada":"3","fecha":"2022-04-07","hora_prevista":"21:00:00","grupo_id":null,"nomCasa":"West Ham United FC","nomFuera":"Olympique Lyonnais","clasificado":"0","goles_local":"1","goles_visitante":"1","nomEli":" Cuartos de Final - Ida","nomGrupo":null},{"jornada":"3","fecha":"2022-04-07","hora_prevista":"21:00:00","grupo_id":null,"nomCasa":"Eintracht Frankfurt FAG","nomFuera":"FC Barcelona","clasificado":"0","goles_local":"1","goles_visitante":"1","nomEli":" Cuartos de Final - Ida","nomGrupo":null},{"jornada":"110","fecha":"2022-03-17","hora_prevista":"18:45:00","grupo_id":null,"nomCasa":"FK Crvena Zvezda","nomFuera":"Rangers FC","clasificado":"2","goles_local":"2","goles_visitante":"1","nomEli":"Octavos de Final - Vuelta","nomGrupo":null},{"jornada":"110","fecha":"2022-03-17","hora_prevista":"18:45:00","grupo_id":null,"nomCasa":"AS Monaco FC","nomFuera":"SC Braga","clasificado":"2","goles_local":"1","goles_visitante":"1","nomEli":"Octavos de Final - Vuelta","nomGrupo":null},{"jornada":"110","fecha":"2022-03-17","hora_prevista":"18:45:00","grupo_id":null,"nomCasa":"TSV Bayer 04 Leverkusen","nomFuera":"Atalanta BC","clasificado":"2","goles_local":"0","goles_visitante":"1","nomEli":"Octavos de Final - Vuelta","nomGrupo":null},{"jornada":"110","fecha":"2022-03-17","hora_prevista":"18:45:00","grupo_id":null,"nomCasa":"Galatasaray AS","nomFuera":"FC Barcelona","clasificado":"2","goles_local":"1","goles_visitante":"2","nomEli":"Octavos de Final - Vuelta","nomGrupo":null},{"jornada":"110","fecha":"2022-03-17","hora_prevista":"21:00:00","grupo_id":null,"nomCasa":"Olympique Lyonnais","nomFuera":"FC Porto","clasificado":"1","goles_local":"1","goles_visitante":"1","nomEli":"Octavos de Final - Vuelta","nomGrupo":null},{"jornada":"110","fecha":"2022-03-17","hora_prevista":"21:00:00","grupo_id":null,"nomCasa":"Eintracht Frankfurt FAG","nomFuera":"Real Betis Balompié","clasificado":"1","goles_local":"1","goles_visitante":"1","nomEli":"Octavos de Final - Vuelta","nomGrupo":null},{"jornada":"110","fecha":"2022-03-17","hora_prevista":"21:00:00","grupo_id":null,"nomCasa":"West Ham United FC","nomFuera":"Sevilla FC","clasificado":"1","goles_local":"2","goles_visitante":"0","nomEli":"Octavos de Final - Vuelta","nomGrupo":null},{"jornada":"109","fecha":"2022-03-10","hora_prevista":"21:00:00","grupo_id":null,"nomCasa":"Rangers FC","nomFuera":"FK Crvena Zvezda","clasificado":"0","goles_local":"3","goles_visitante":"0","nomEli":"Octavos de Final - Ida","nomGrupo":null},{"jornada":"109","fecha":"2022-03-10","hora_prevista":"21:00:00","grupo_id":null,"nomCasa":"FC Barcelona","nomFuera":"Galatasaray AS","clasificado":"0","goles_local":"0","goles_visitante":"0","nomEli":"Octavos de Final - Ida","nomGrupo":null},{"jornada":"109","fecha":"2022-03-10","hora_prevista":"21:00:00","grupo_id":null,"nomCasa":"SC Braga","nomFuera":"AS Monaco FC","clasificado":"0","goles_local":"2","goles_visitante":"0","nomEli":"Octavos de Final - Ida","nomGrupo":null},{"jornada":"109","fecha":"2022-03-10","hora_prevista":"21:00:00","grupo_id":null,"nomCasa":"Atalanta BC","nomFuera":"TSV Bayer 04 Leverkusen","clasificado":"0","goles_local":"3","goles_visitante":"2","nomEli":"Octavos de Final - Ida","nomGrupo":null},{"jornada":"109","fecha":"2022-03-10","hora_prevista":"18:45:00","grupo_id":null,"nomCasa":"Sevilla FC","nomFuera":"West Ham United FC","clasificado":"0","goles_local":"1","goles_visitante":"0","nomEli":"Octavos de Final - Ida","nomGrupo":null},{"jornada":"109","fecha":"2022-03-09","hora_prevista":"18:45:00","grupo_id":null,"nomCasa":"FC Porto","nomFuera":"Olympique Lyonnais","clasificado":"0","goles_local":"0","goles_visitante":"1","nomEli":"Octavos de Final - Ida","nomGrupo":null},{"jornada":"109","fecha":"2022-03-09","hora_prevista":"18:45:00","grupo_id":null,"nomCasa":"Real Betis Balompié","nomFuera":"Eintracht Frankfurt FAG","clasificado":"0","goles_local":"1","goles_visitante":"2","nomEli":"Octavos de Final - Ida","nomGrupo":null},{"jornada":"219","fecha":"2022-02-24","hora_prevista":"18:45:00","grupo_id":null,"nomCasa":"Olympiacos FC","nomFuera":"Atalanta BC","clasificado":"2","goles_local":"0","goles_visitante":"3","nomEli":"Repesca - Vuelta","nomGrupo":null},{"jornada":"219","fecha":"2022-02-24","hora_prevista":"21:00:00","grupo_id":null,"nomCasa":"SSC Napoli","nomFuera":"FC Barcelona","clasificado":"2","goles_local":"2","goles_visitante":"4","nomEli":"Repesca - Vuelta","nomGrupo":null},{"jornada":"219","fecha":"2022-02-24","hora_prevista":"21:00:00","grupo_id":null,"nomCasa":"Real Betis Balompié","nomFuera":"FC Zenit","clasificado":"1","goles_local":"0","goles_visitante":"0","nomEli":"Repesca - Vuelta","nomGrupo":null},{"jornada":"219","fecha":"2022-02-24","hora_prevista":"21:00:00","grupo_id":null,"nomCasa":"Rangers FC","nomFuera":"BV Borussia 09 Dortmund","clasificado":"1","goles_local":"2","goles_visitante":"2","nomEli":"Repesca - Vuelta","nomGrupo":null},{"jornada":"219","fecha":"2022-02-24","hora_prevista":"21:00:00","grupo_id":null,"nomCasa":"SC Braga","nomFuera":"FC Sheriff Tiraspol","clasificado":"1","goles_local":"2","goles_visitante":"0","nomEli":"Repesca - Vuelta","nomGrupo":null},{"jornada":"219","fecha":"2022-02-24","hora_prevista":"18:45:00","grupo_id":null,"nomCasa":"GNK Dinamo Zagreb","nomFuera":"Sevilla FC","clasificado":"2","goles_local":"1","goles_visitante":"0","nomEli":"Repesca - Vuelta","nomGrupo":null},{"jornada":"219","fecha":"2022-02-24","hora_prevista":"18:45:00","grupo_id":null,"nomCasa":"Real Sociedad de Fútbol","nomFuera":"RB Leipzig","clasificado":"2","goles_local":"1","goles_visitante":"3","nomEli":"Repesca - Vuelta","nomGrupo":null},{"jornada":"219","fecha":"2022-02-24","hora_prevista":"18:45:00","grupo_id":null,"nomCasa":"SS Lazio","nomFuera":"FC Porto","clasificado":"2","goles_local":"2","goles_visitante":"2","nomEli":"Repesca - Vuelta","nomGrupo":null},{"jornada":"128","fecha":"2022-02-17","hora_prevista":"18:45:00","grupo_id":null,"nomCasa":"FC Barcelona","nomFuera":"SSC Napoli","clasificado":"0","goles_local":"1","goles_visitante":"1","nomEli":"Repesca - Ida","nomGrupo":null},{"jornada":"128","fecha":"2022-02-17","hora_prevista":"18:45:00","grupo_id":null,"nomCasa":"FC Sheriff Tiraspol","nomFuera":"SC Braga","clasificado":"0","goles_local":"2","goles_visitante":"0","nomEli":"Repesca - Ida","nomGrupo":null},{"jornada":"128","fecha":"2022-02-17","hora_prevista":"18:45:00","grupo_id":null,"nomCasa":"FC Zenit","nomFuera":"Real Betis Balompié","clasificado":"0","goles_local":"2","goles_visitante":"3","nomEli":"Repesca - Ida","nomGrupo":null},{"jornada":"128","fecha":"2022-02-17","hora_prevista":"21:00:00","grupo_id":null,"nomCasa":"FC Porto","nomFuera":"SS Lazio","clasificado":"0","goles_local":"2","goles_visitante":"1","nomEli":"Repesca - Ida","nomGrupo":null},{"jornada":"128","fecha":"2022-02-17","hora_prevista":"21:00:00","grupo_id":null,"nomCasa":"RB Leipzig","nomFuera":"Real Sociedad de Fútbol","clasificado":"0","goles_local":"2","goles_visitante":"2","nomEli":"Repesca - Ida","nomGrupo":null},{"jornada":"128","fecha":"2022-02-17","hora_prevista":"21:00:00","grupo_id":null,"nomCasa":"Atalanta BC","nomFuera":"Olympiacos FC","clasificado":"0","goles_local":"2","goles_visitante":"1","nomEli":"Repesca - Ida","nomGrupo":null},{"jornada":"128","fecha":"2022-02-17","hora_prevista":"21:00:00","grupo_id":null,"nomCasa":"Sevilla FC","nomFuera":"GNK Dinamo Zagreb","clasificado":"0","goles_local":"3","goles_visitante":"1","nomEli":"Repesca - Ida","nomGrupo":null},{"jornada":"128","fecha":"2022-02-17","hora_prevista":"18:45:00","grupo_id":null,"nomCasa":"BV Borussia 09 Dortmund","nomFuera":"Rangers FC","clasificado":"0","goles_local":"2","goles_visitante":"4","nomEli":"Repesca - Ida","nomGrupo":null},{"jornada":"170","fecha":"2021-12-09","hora_prevista":"21:00:00","grupo_id":"19","nomCasa":"Olympique de Marseille","nomFuera":"FC Lokomotiv Moskva","clasificado":"0","goles_local":"1","goles_visitante":"0","nomEli":"Treintaidosavos de Final","nomGrupo":"Grupo E"},{"jornada":"170","fecha":"2021-12-09","hora_prevista":"21:00:00","grupo_id":"23","nomCasa":"Celtic FC","nomFuera":"Real Betis Balompié","clasificado":"0","goles_local":"3","goles_visitante":"2","nomEli":"Treintaidosavos de Final","nomGrupo":"Grupo G"},{"jornada":"170","fecha":"2021-12-09","hora_prevista":"21:00:00","grupo_id":"23","nomCasa":"Ferencvárosi TC","nomFuera":"TSV Bayer 04 Leverkusen","clasificado":"0","goles_local":"1","goles_visitante":"0","nomEli":"Treintaidosavos de Final","nomGrupo":"Grupo G"},{"jornada":"170","fecha":"2021-12-09","hora_prevista":"21:00:00","grupo_id":"25","nomCasa":"KRC Genk","nomFuera":"SK Rapid Wien","clasificado":"0","goles_local":"0","goles_visitante":"1","nomEli":"Treintaidosavos de Final","nomGrupo":"Grupo H"},{"jornada":"170","fecha":"2021-12-09","hora_prevista":"21:00:00","grupo_id":"25","nomCasa":"West Ham United FC","nomFuera":"GNK Dinamo Zagreb","clasificado":"0","goles_local":"0","goles_visitante":"1","nomEli":"Treintaidosavos de Final","nomGrupo":"Grupo H"},{"jornada":"170","fecha":"2021-12-09","hora_prevista":"18:45:00","grupo_id":"17","nomCasa":"SSC Napoli","nomFuera":"Leicester City FC","clasificado":"0","goles_local":"3","goles_visitante":"2","nomEli":"Treintaidosavos de Final","nomGrupo":"Grupo C"},{"jornada":"170","fecha":"2021-12-09","hora_prevista":"18:45:00","grupo_id":"18","nomCasa":"Royal Antwerp FC","nomFuera":"Olympiacos FC","clasificado":"0","goles_local":"1","goles_visitante":"0","nomEli":"Treintaidosavos de Final","nomGrupo":"Grupo D"},{"jornada":"170","fecha":"2021-12-09","hora_prevista":"18:45:00","grupo_id":"18","nomCasa":"Fenerbahçe SK","nomFuera":"Eintracht Frankfurt FAG","clasificado":"0","goles_local":"1","goles_visitante":"1","nomEli":"Treintaidosavos de Final","nomGrupo":"Grupo D"},{"jornada":"170","fecha":"2021-12-09","hora_prevista":"21:00:00","grupo_id":"21","nomCasa":"PFC Ludogorets 1945","nomFuera":"FC Midtjylland","clasificado":"0","goles_local":"0","goles_visitante":"0","nomEli":"Treintaidosavos de Final","nomGrupo":"Grupo F"},{"jornada":"170","fecha":"2021-12-09","hora_prevista":"21:00:00","grupo_id":"19","nomCasa":"SS Lazio","nomFuera":"Galatasaray AS","clasificado":"0","goles_local":"0","goles_visitante":"0","nomEli":"Treintaidosavos de Final","nomGrupo":"Grupo E"},{"jornada":"170","fecha":"2021-12-09","hora_prevista":"21:00:00","grupo_id":"21","nomCasa":"SC Braga","nomFuera":"FK Crvena Zvezda","clasificado":"0","goles_local":"1","goles_visitante":"1","nomEli":"Treintaidosavos de Final","nomGrupo":"Grupo F"},{"jornada":"170","fecha":"2021-12-09","hora_prevista":"18:45:00","grupo_id":"17","nomCasa":"Legia Warszawa","nomFuera":"FC Spartak Moskva","clasificado":"0","goles_local":"0","goles_visitante":"1","nomEli":"Treintaidosavos de Final","nomGrupo":"Grupo C"},{"jornada":"170","fecha":"2021-12-09","hora_prevista":"18:45:00","grupo_id":"16","nomCasa":"Real Sociedad de Fútbol","nomFuera":"PSV Eindhoven","clasificado":"0","goles_local":"3","goles_visitante":"0","nomEli":"Treintaidosavos de Final","nomGrupo":"Grupo B"},{"jornada":"170","fecha":"2021-12-09","hora_prevista":"18:45:00","grupo_id":"16","nomCasa":"SK Sturm Graz","nomFuera":"AS Monaco FC","clasificado":"0","goles_local":"1","goles_visitante":"1","nomEli":"Treintaidosavos de Final","nomGrupo":"Grupo B"},{"jornada":"170","fecha":"2021-12-09","hora_prevista":"18:45:00","grupo_id":"15","nomCasa":"Olympique Lyonnais","nomFuera":"Rangers FC","clasificado":"0","goles_local":"1","goles_visitante":"1","nomEli":"Treintaidosavos de Final","nomGrupo":"Grupo A"},{"jornada":"170","fecha":"2021-12-09","hora_prevista":"18:45:00","grupo_id":"15","nomCasa":"AC Sparta Praha","nomFuera":"Brondby IF","clasificado":"0","goles_local":"2","goles_visitante":"0","nomEli":"Treintaidosavos de Final","nomGrupo":"Grupo A"},{"jornada":"170","fecha":"2021-11-25","hora_prevista":"21:00:00","grupo_id":"17","nomCasa":"Leicester City FC","nomFuera":"Legia Warszawa","clasificado":"0","goles_local":"3","goles_visitante":"1","nomEli":"Treintaidosavos de Final","nomGrupo":"Grupo C"},{"jornada":"170","fecha":"2021-11-25","hora_prevista":"21:00:00","grupo_id":"15","nomCasa":"Rangers FC","nomFuera":"AC Sparta Praha","clasificado":"0","goles_local":"2","goles_visitante":"0","nomEli":"Treintaidosavos de Final","nomGrupo":"Grupo A"},{"jornada":"170","fecha":"2021-11-25","hora_prevista":"21:00:00","grupo_id":"18","nomCasa":"Olympiacos FC","nomFuera":"Fenerbahçe SK","clasificado":"0","goles_local":"1","goles_visitante":"0","nomEli":"Treintaidosavos de Final","nomGrupo":"Grupo D"},{"jornada":"170","fecha":"2021-11-25","hora_prevista":"21:00:00","grupo_id":"18","nomCasa":"Eintracht Frankfurt FAG","nomFuera":"Royal Antwerp FC","clasificado":"0","goles_local":"2","goles_visitante":"2","nomEli":"Treintaidosavos de Final","nomGrupo":"Grupo D"},{"jornada":"170","fecha":"2021-11-25","hora_prevista":"18:45:00","grupo_id":"21","nomCasa":"FC Midtjylland","nomFuera":"SC Braga","clasificado":"0","goles_local":"3","goles_visitante":"2","nomEli":"Treintaidosavos de Final","nomGrupo":"Grupo F"},{"jornada":"170","fecha":"2021-11-25","hora_prevista":"18:45:00","grupo_id":"25","nomCasa":"GNK Dinamo Zagreb","nomFuera":"KRC Genk","clasificado":"0","goles_local":"1","goles_visitante":"1","nomEli":"Treintaidosavos de Final","nomGrupo":"Grupo H"},{"jornada":"170","fecha":"2021-11-25","hora_prevista":"18:45:00","grupo_id":"25","nomCasa":"SK Rapid Wien","nomFuera":"West Ham United FC","clasificado":"0","goles_local":"0","goles_visitante":"2","nomEli":"Treintaidosavos de Final","nomGrupo":"Grupo H"},{"jornada":"170","fecha":"2021-11-25","hora_prevista":"18:45:00","grupo_id":"21","nomCasa":"FK Crvena Zvezda","nomFuera":"PFC Ludogorets 1945","clasificado":"0","goles_local":"1","goles_visitante":"0","nomEli":"Treintaidosavos de Final","nomGrupo":"Grupo F"},{"jornada":"170","fecha":"2021-11-25","hora_prevista":"21:00:00","grupo_id":"15","nomCasa":"Brondby IF","nomFuera":"Olympique Lyonnais","clasificado":"0","goles_local":"1","goles_visitante":"3","nomEli":"Treintaidosavos de Final","nomGrupo":"Grupo A"},{"jornada":"170","fecha":"2021-11-25","hora_prevista":"18:45:00","grupo_id":"19","nomCasa":"Galatasaray AS","nomFuera":"Olympique de Marseille","clasificado":"0","goles_local":"4","goles_visitante":"2","nomEli":"Treintaidosavos de Final","nomGrupo":"Grupo E"},{"jornada":"170","fecha":"2021-11-25","hora_prevista":"18:45:00","grupo_id":"23","nomCasa":"Real Betis Balompié","nomFuera":"Ferencvárosi TC","clasificado":"0","goles_local":"2","goles_visitante":"0","nomEli":"Treintaidosavos de Final","nomGrupo":"Grupo G"},{"jornada":"170","fecha":"2021-11-25","hora_prevista":"18:45:00","grupo_id":"23","nomCasa":"TSV Bayer 04 Leverkusen","nomFuera":"Celtic FC","clasificado":"0","goles_local":"3","goles_visitante":"2","nomEli":"Treintaidosavos de Final","nomGrupo":"Grupo G"},{"jornada":"170","fecha":"2021-11-25","hora_prevista":"18:45:00","grupo_id":"19","nomCasa":"FC Lokomotiv Moskva","nomFuera":"SS Lazio","clasificado":"0","goles_local":"0","goles_visitante":"3","nomEli":"Treintaidosavos de Final","nomGrupo":"Grupo E"},{"jornada":"170","fecha":"2021-11-25","hora_prevista":"21:00:00","grupo_id":"16","nomCasa":"AS Monaco FC","nomFuera":"Real Sociedad de Fútbol","clasificado":"0","goles_local":"2","goles_visitante":"1","nomEli":"Treintaidosavos de Final","nomGrupo":"Grupo B"},{"jornada":"170","fecha":"2021-11-25","hora_prevista":"21:00:00","grupo_id":"16","nomCasa":"PSV Eindhoven","nomFuera":"SK Sturm Graz","clasificado":"0","goles_local":"2","goles_visitante":"0","nomEli":"Treintaidosavos de Final","nomGrupo":"Grupo B"},{"jornada":"170","fecha":"2021-11-24","hora_prevista":"16:30:00","grupo_id":"17","nomCasa":"FC Spartak Moskva","nomFuera":"SSC Napoli","clasificado":"0","goles_local":"2","goles_visitante":"1","nomEli":"Treintaidosavos de Final","nomGrupo":"Grupo C"},{"jornada":"170","fecha":"2021-11-04","hora_prevista":"21:00:00","grupo_id":"19","nomCasa":"Olympique de Marseille","nomFuera":"SS Lazio","clasificado":"0","goles_local":"2","goles_visitante":"2","nomEli":"Treintaidosavos de Final","nomGrupo":"Grupo E"},{"jornada":"170","fecha":"2021-11-04","hora_prevista":"18:45:00","grupo_id":"15","nomCasa":"Olympique Lyonnais","nomFuera":"AC Sparta Praha","clasificado":"0","goles_local":"3","goles_visitante":"0","nomEli":"Treintaidosavos de Final","nomGrupo":"Grupo A"},{"jornada":"170","fecha":"2021-11-04","hora_prevista":"21:00:00","grupo_id":"21","nomCasa":"FK Crvena Zvezda","nomFuera":"FC Midtjylland","clasificado":"0","goles_local":"0","goles_visitante":"1","nomEli":"Treintaidosavos de Final","nomGrupo":"Grupo F"},{"jornada":"170","fecha":"2021-11-04","hora_prevista":"18:45:00","grupo_id":"15","nomCasa":"Brondby IF","nomFuera":"Rangers FC","clasificado":"0","goles_local":"1","goles_visitante":"1","nomEli":"Treintaidosavos de Final","nomGrupo":"Grupo A"},{"jornada":"170","fecha":"2021-11-04","hora_prevista":"21:00:00","grupo_id":"21","nomCasa":"SC Braga","nomFuera":"PFC Ludogorets 1945","clasificado":"0","goles_local":"4","goles_visitante":"2","nomEli":"Treintaidosavos de Final","nomGrupo":"Grupo F"},{"jornada":"170","fecha":"2021-11-04","hora_prevista":"18:45:00","grupo_id":"19","nomCasa":"Galatasaray AS","nomFuera":"FC Lokomotiv Moskva","clasificado":"0","goles_local":"1","goles_visitante":"1","nomEli":"Treintaidosavos de Final","nomGrupo":"Grupo E"},{"jornada":"170","fecha":"2021-11-04","hora_prevista":"21:00:00","grupo_id":"17","nomCasa":"Leicester City FC","nomFuera":"FC Spartak Moskva","clasificado":"0","goles_local":"1","goles_visitante":"1","nomEli":"Treintaidosavos de Final","nomGrupo":"Grupo C"},{"jornada":"170","fecha":"2021-11-04","hora_prevista":"18:45:00","grupo_id":"16","nomCasa":"AS Monaco FC","nomFuera":"PSV Eindhoven","clasificado":"0","goles_local":"0","goles_visitante":"0","nomEli":"Treintaidosavos de Final","nomGrupo":"Grupo B"},{"jornada":"170","fecha":"2021-11-04","hora_prevista":"18:45:00","grupo_id":"17","nomCasa":"Legia Warszawa","nomFuera":"SSC Napoli","clasificado":"0","goles_local":"1","goles_visitante":"4","nomEli":"Treintaidosavos de Final","nomGrupo":"Grupo C"},{"jornada":"170","fecha":"2021-11-04","hora_prevista":"21:00:00","grupo_id":"23","nomCasa":"TSV Bayer 04 Leverkusen","nomFuera":"Real Betis Balompié","clasificado":"0","goles_local":"4","goles_visitante":"0","nomEli":"Treintaidosavos de Final","nomGrupo":"Grupo G"},{"jornada":"170","fecha":"2021-11-04","hora_prevista":"18:45:00","grupo_id":"18","nomCasa":"Olympiacos FC","nomFuera":"Eintracht Frankfurt FAG","clasificado":"0","goles_local":"1","goles_visitante":"2","nomEli":"Treintaidosavos de Final","nomGrupo":"Grupo D"},{"jornada":"170","fecha":"2021-11-04","hora_prevista":"21:00:00","grupo_id":"18","nomCasa":"Royal Antwerp FC","nomFuera":"Fenerbahçe SK","clasificado":"0","goles_local":"0","goles_visitante":"3","nomEli":"Treintaidosavos de Final","nomGrupo":"Grupo D"},{"jornada":"170","fecha":"2021-11-04","hora_prevista":"18:45:00","grupo_id":"25","nomCasa":"KRC Genk","nomFuera":"West Ham United FC","clasificado":"0","goles_local":"2","goles_visitante":"2","nomEli":"Treintaidosavos de Final","nomGrupo":"Grupo H"},{"jornada":"170","fecha":"2021-11-04","hora_prevista":"21:00:00","grupo_id":"25","nomCasa":"GNK Dinamo Zagreb","nomFuera":"SK Rapid Wien","clasificado":"0","goles_local":"3","goles_visitante":"1","nomEli":"Treintaidosavos de Final","nomGrupo":"Grupo H"},{"jornada":"170","fecha":"2021-11-04","hora_prevista":"21:00:00","grupo_id":"23","nomCasa":"Ferencvárosi TC","nomFuera":"Celtic FC","clasificado":"0","goles_local":"2","goles_visitante":"3","nomEli":"Treintaidosavos de Final","nomGrupo":"Grupo G"},{"jornada":"170","fecha":"2021-11-04","hora_prevista":"18:45:00","grupo_id":"16","nomCasa":"Real Sociedad de Fútbol","nomFuera":"SK Sturm Graz","clasificado":"0","goles_local":"1","goles_visitante":"1","nomEli":"Treintaidosavos de Final","nomGrupo":"Grupo B"},{"jornada":"170","fecha":"2021-10-21","hora_prevista":"18:45:00","grupo_id":"23","nomCasa":"Real Betis Balompié","nomFuera":"TSV Bayer 04 Leverkusen","clasificado":"0","goles_local":"1","goles_visitante":"1","nomEli":"Treintaidosavos de Final","nomGrupo":"Grupo G"},{"jornada":"170","fecha":"2021-10-21","hora_prevista":"18:45:00","grupo_id":"25","nomCasa":"SK Rapid Wien","nomFuera":"GNK Dinamo Zagreb","clasificado":"0","goles_local":"2","goles_visitante":"1","nomEli":"Treintaidosavos de Final","nomGrupo":"Grupo H"},{"jornada":"170","fecha":"2021-10-21","hora_prevista":"18:45:00","grupo_id":"21","nomCasa":"FC Midtjylland","nomFuera":"FK Crvena Zvezda","clasificado":"0","goles_local":"1","goles_visitante":"1","nomEli":"Treintaidosavos de Final","nomGrupo":"Grupo F"},{"jornada":"170","fecha":"2021-10-21","hora_prevista":"21:00:00","grupo_id":"25","nomCasa":"West Ham United FC","nomFuera":"KRC Genk","clasificado":"0","goles_local":"3","goles_visitante":"0","nomEli":"Treintaidosavos de Final","nomGrupo":"Grupo H"},{"jornada":"170","fecha":"2021-10-21","hora_prevista":"18:45:00","grupo_id":"21","nomCasa":"PFC Ludogorets 1945","nomFuera":"SC Braga","clasificado":"0","goles_local":"0","goles_visitante":"1","nomEli":"Treintaidosavos de Final","nomGrupo":"Grupo F"},{"jornada":"170","fecha":"2021-10-21","hora_prevista":"21:00:00","grupo_id":"19","nomCasa":"FC Lokomotiv Moskva","nomFuera":"Galatasaray AS","clasificado":"0","goles_local":"0","goles_visitante":"1","nomEli":"Treintaidosavos de Final","nomGrupo":"Grupo E"},{"jornada":"170","fecha":"2021-10-21","hora_prevista":"21:00:00","grupo_id":"17","nomCasa":"SSC Napoli","nomFuera":"Legia Warszawa","clasificado":"0","goles_local":"3","goles_visitante":"0","nomEli":"Treintaidosavos de Final","nomGrupo":"Grupo C"},{"jornada":"170","fecha":"2021-10-21","hora_prevista":"21:00:00","grupo_id":"15","nomCasa":"Rangers FC","nomFuera":"Brondby IF","clasificado":"0","goles_local":"2","goles_visitante":"0","nomEli":"Treintaidosavos de Final","nomGrupo":"Grupo A"},{"jornada":"170","fecha":"2021-10-21","hora_prevista":"21:00:00","grupo_id":"18","nomCasa":"Eintracht Frankfurt FAG","nomFuera":"Olympiacos FC","clasificado":"0","goles_local":"3","goles_visitante":"1","nomEli":"Treintaidosavos de Final","nomGrupo":"Grupo D"},{"jornada":"170","fecha":"2021-10-21","hora_prevista":"21:00:00","grupo_id":"16","nomCasa":"SK Sturm Graz","nomFuera":"Real Sociedad de Fútbol","clasificado":"0","goles_local":"0","goles_visitante":"1","nomEli":"Treintaidosavos de Final","nomGrupo":"Grupo B"},{"jornada":"170","fecha":"2021-10-21","hora_prevista":"21:00:00","grupo_id":"16","nomCasa":"PSV Eindhoven","nomFuera":"AS Monaco FC","clasificado":"0","goles_local":"1","goles_visitante":"2","nomEli":"Treintaidosavos de Final","nomGrupo":"Grupo B"},{"jornada":"170","fecha":"2021-10-21","hora_prevista":"21:00:00","grupo_id":"15","nomCasa":"AC Sparta Praha","nomFuera":"Olympique Lyonnais","clasificado":"0","goles_local":"3","goles_visitante":"4","nomEli":"Treintaidosavos de Final","nomGrupo":"Grupo A"},{"jornada":"170","fecha":"2021-10-21","hora_prevista":"18:45:00","grupo_id":"19","nomCasa":"SS Lazio","nomFuera":"Olympique de Marseille","clasificado":"0","goles_local":"0","goles_visitante":"0","nomEli":"Treintaidosavos de Final","nomGrupo":"Grupo E"},{"jornada":"170","fecha":"2021-10-21","hora_prevista":"18:45:00","grupo_id":"18","nomCasa":"Fenerbahçe SK","nomFuera":"Royal Antwerp FC","clasificado":"0","goles_local":"2","goles_visitante":"2","nomEli":"Treintaidosavos de Final","nomGrupo":"Grupo D"},{"jornada":"170","fecha":"2021-10-20","hora_prevista":"16:30:00","grupo_id":"17","nomCasa":"FC Spartak Moskva","nomFuera":"Leicester City FC","clasificado":"0","goles_local":"3","goles_visitante":"4","nomEli":"Treintaidosavos de Final","nomGrupo":"Grupo C"},{"jornada":"170","fecha":"2021-10-19","hora_prevista":"16:30:00","grupo_id":"23","nomCasa":"Celtic FC","nomFuera":"Ferencvárosi TC","clasificado":"0","goles_local":"2","goles_visitante":"0","nomEli":"Treintaidosavos de Final","nomGrupo":"Grupo G"},{"jornada":"170","fecha":"2021-09-30","hora_prevista":"21:00:00","grupo_id":"23","nomCasa":"Ferencvárosi TC","nomFuera":"Real Betis Balompié","clasificado":"0","goles_local":"1","goles_visitante":"3","nomEli":"Treintaidosavos de Final","nomGrupo":"Grupo G"},{"jornada":"170","fecha":"2021-09-30","hora_prevista":"18:45:00","grupo_id":"17","nomCasa":"SSC Napoli","nomFuera":"FC Spartak Moskva","clasificado":"0","goles_local":"2","goles_visitante":"3","nomEli":"Treintaidosavos de Final","nomGrupo":"Grupo C"},{"jornada":"170","fecha":"2021-09-30","hora_prevista":"18:45:00","grupo_id":"17","nomCasa":"Legia Warszawa","nomFuera":"Leicester City FC","clasificado":"0","goles_local":"1","goles_visitante":"0","nomEli":"Treintaidosavos de Final","nomGrupo":"Grupo C"},{"jornada":"170","fecha":"2021-09-30","hora_prevista":"18:45:00","grupo_id":"16","nomCasa":"Real Sociedad de Fútbol","nomFuera":"AS Monaco FC","clasificado":"0","goles_local":"1","goles_visitante":"1","nomEli":"Treintaidosavos de Final","nomGrupo":"Grupo B"},{"jornada":"170","fecha":"2021-09-30","hora_prevista":"18:45:00","grupo_id":"16","nomCasa":"SK Sturm Graz","nomFuera":"PSV Eindhoven","clasificado":"0","goles_local":"1","goles_visitante":"4","nomEli":"Treintaidosavos de Final","nomGrupo":"Grupo B"},{"jornada":"170","fecha":"2021-09-30","hora_prevista":"18:45:00","grupo_id":"15","nomCasa":"AC Sparta Praha","nomFuera":"Rangers FC","clasificado":"0","goles_local":"1","goles_visitante":"0","nomEli":"Treintaidosavos de Final","nomGrupo":"Grupo A"},{"jornada":"170","fecha":"2021-09-30","hora_prevista":"21:00:00","grupo_id":"23","nomCasa":"Celtic FC","nomFuera":"TSV Bayer 04 Leverkusen","clasificado":"0","goles_local":"0","goles_visitante":"4","nomEli":"Treintaidosavos de Final","nomGrupo":"Grupo G"},{"jornada":"170","fecha":"2021-09-30","hora_prevista":"18:45:00","grupo_id":"15","nomCasa":"Olympique Lyonnais","nomFuera":"Brondby IF","clasificado":"0","goles_local":"3","goles_visitante":"0","nomEli":"Treintaidosavos de Final","nomGrupo":"Grupo A"},{"jornada":"170","fecha":"2021-09-30","hora_prevista":"18:45:00","grupo_id":"18","nomCasa":"Fenerbahçe SK","nomFuera":"Olympiacos FC","clasificado":"0","goles_local":"0","goles_visitante":"3","nomEli":"Treintaidosavos de Final","nomGrupo":"Grupo D"},{"jornada":"170","fecha":"2021-09-30","hora_prevista":"18:45:00","grupo_id":"18","nomCasa":"Royal Antwerp FC","nomFuera":"Eintracht Frankfurt FAG","clasificado":"0","goles_local":"0","goles_visitante":"1","nomEli":"Treintaidosavos de Final","nomGrupo":"Grupo D"},{"jornada":"170","fecha":"2021-09-30","hora_prevista":"21:00:00","grupo_id":"21","nomCasa":"PFC Ludogorets 1945","nomFuera":"FK Crvena Zvezda","clasificado":"0","goles_local":"0","goles_visitante":"1","nomEli":"Treintaidosavos de Final","nomGrupo":"Grupo F"},{"jornada":"170","fecha":"2021-09-30","hora_prevista":"21:00:00","grupo_id":"21","nomCasa":"SC Braga","nomFuera":"FC Midtjylland","clasificado":"0","goles_local":"3","goles_visitante":"1","nomEli":"Treintaidosavos de Final","nomGrupo":"Grupo F"},{"jornada":"170","fecha":"2021-09-30","hora_prevista":"21:00:00","grupo_id":"19","nomCasa":"SS Lazio","nomFuera":"FC Lokomotiv Moskva","clasificado":"0","goles_local":"2","goles_visitante":"0","nomEli":"Treintaidosavos de Final","nomGrupo":"Grupo E"},{"jornada":"170","fecha":"2021-09-30","hora_prevista":"21:00:00","grupo_id":"19","nomCasa":"Olympique de Marseille","nomFuera":"Galatasaray AS","clasificado":"0","goles_local":"0","goles_visitante":"0","nomEli":"Treintaidosavos de Final","nomGrupo":"Grupo E"},{"jornada":"170","fecha":"2021-09-30","hora_prevista":"21:00:00","grupo_id":"25","nomCasa":"West Ham United FC","nomFuera":"SK Rapid Wien","clasificado":"0","goles_local":"2","goles_visitante":"0","nomEli":"Treintaidosavos de Final","nomGrupo":"Grupo H"},{"jornada":"170","fecha":"2021-09-30","hora_prevista":"21:00:00","grupo_id":"25","nomCasa":"KRC Genk","nomFuera":"GNK Dinamo Zagreb","clasificado":"0","goles_local":"0","goles_visitante":"3","nomEli":"Treintaidosavos de Final","nomGrupo":"Grupo H"},{"jornada":"170","fecha":"2021-09-16","hora_prevista":"18:45:00","grupo_id":"21","nomCasa":"FC Midtjylland","nomFuera":"PFC Ludogorets 1945","clasificado":"0","goles_local":"1","goles_visitante":"1","nomEli":"Treintaidosavos de Final","nomGrupo":"Grupo F"},{"jornada":"170","fecha":"2021-09-16","hora_prevista":"18:45:00","grupo_id":"19","nomCasa":"Galatasaray AS","nomFuera":"SS Lazio","clasificado":"0","goles_local":"1","goles_visitante":"0","nomEli":"Treintaidosavos de Final","nomGrupo":"Grupo E"},{"jornada":"170","fecha":"2021-09-16","hora_prevista":"18:45:00","grupo_id":"19","nomCasa":"FC Lokomotiv Moskva","nomFuera":"Olympique de Marseille","clasificado":"0","goles_local":"1","goles_visitante":"1","nomEli":"Treintaidosavos de Final","nomGrupo":"Grupo E"},{"jornada":"170","fecha":"2021-09-16","hora_prevista":"21:00:00","grupo_id":"15","nomCasa":"Rangers FC","nomFuera":"Olympique Lyonnais","clasificado":"0","goles_local":"0","goles_visitante":"2","nomEli":"Treintaidosavos de Final","nomGrupo":"Grupo A"},{"jornada":"170","fecha":"2021-09-16","hora_prevista":"21:00:00","grupo_id":"15","nomCasa":"Brondby IF","nomFuera":"AC Sparta Praha","clasificado":"0","goles_local":"0","goles_visitante":"0","nomEli":"Treintaidosavos de Final","nomGrupo":"Grupo A"},{"jornada":"170","fecha":"2021-09-16","hora_prevista":"18:45:00","grupo_id":"21","nomCasa":"FK Crvena Zvezda","nomFuera":"SC Braga","clasificado":"0","goles_local":"2","goles_visitante":"1","nomEli":"Treintaidosavos de Final","nomGrupo":"Grupo F"},{"jornada":"170","fecha":"2021-09-16","hora_prevista":"18:45:00","grupo_id":"23","nomCasa":"TSV Bayer 04 Leverkusen","nomFuera":"Ferencvárosi TC","clasificado":"0","goles_local":"2","goles_visitante":"1","nomEli":"Treintaidosavos de Final","nomGrupo":"Grupo G"},{"jornada":"170","fecha":"2021-09-16","hora_prevista":"18:45:00","grupo_id":"23","nomCasa":"Real Betis Balompié","nomFuera":"Celtic FC","clasificado":"0","goles_local":"4","goles_visitante":"3","nomEli":"Treintaidosavos de Final","nomGrupo":"Grupo G"},{"jornada":"170","fecha":"2021-09-16","hora_prevista":"18:45:00","grupo_id":"25","nomCasa":"SK Rapid Wien","nomFuera":"KRC Genk","clasificado":"0","goles_local":"0","goles_visitante":"1","nomEli":"Treintaidosavos de Final","nomGrupo":"Grupo H"},{"jornada":"170","fecha":"2021-09-16","hora_prevista":"18:45:00","grupo_id":"25","nomCasa":"GNK Dinamo Zagreb","nomFuera":"West Ham United FC","clasificado":"0","goles_local":"0","goles_visitante":"2","nomEli":"Treintaidosavos de Final","nomGrupo":"Grupo H"},{"jornada":"170","fecha":"2021-09-16","hora_prevista":"21:00:00","grupo_id":"18","nomCasa":"Olympiacos FC","nomFuera":"Royal Antwerp FC","clasificado":"0","goles_local":"2","goles_visitante":"1","nomEli":"Treintaidosavos de Final","nomGrupo":"Grupo D"},{"jornada":"170","fecha":"2021-09-16","hora_prevista":"21:00:00","grupo_id":"16","nomCasa":"AS Monaco FC","nomFuera":"SK Sturm Graz","clasificado":"0","goles_local":"1","goles_visitante":"0","nomEli":"Treintaidosavos de Final","nomGrupo":"Grupo B"},{"jornada":"170","fecha":"2021-09-16","hora_prevista":"21:00:00","grupo_id":"16","nomCasa":"PSV Eindhoven","nomFuera":"Real Sociedad de Fútbol","clasificado":"0","goles_local":"2","goles_visitante":"2","nomEli":"Treintaidosavos de Final","nomGrupo":"Grupo B"},{"jornada":"170","fecha":"2021-09-16","hora_prevista":"21:00:00","grupo_id":"17","nomCasa":"Leicester City FC","nomFuera":"SSC Napoli","clasificado":"0","goles_local":"2","goles_visitante":"2","nomEli":"Treintaidosavos de Final","nomGrupo":"Grupo C"},{"jornada":"170","fecha":"2021-09-16","hora_prevista":"21:00:00","grupo_id":"18","nomCasa":"Eintracht Frankfurt FAG","nomFuera":"Fenerbahçe SK","clasificado":"0","goles_local":"1","goles_visitante":"1","nomEli":"Treintaidosavos de Final","nomGrupo":"Grupo D"},{"jornada":"170","fecha":"2021-09-15","hora_prevista":"16:30:00","grupo_id":"17","nomCasa":"FC Spartak Moskva","nomFuera":"Legia Warszawa","clasificado":"0","goles_local":"0","goles_visitante":"1","nomEli":"Treintaidosavos de Final","nomGrupo":"Grupo C"},{"jornada":"64","fecha":"2021-08-26","hora_prevista":"20:00:00","grupo_id":null,"nomCasa":"Galatasaray AS","nomFuera":"Randers FC","clasificado":"1","goles_local":"2","goles_visitante":"1","nomEli":"Eliminatoria Final - Vuelta","nomGrupo":null},{"jornada":"64","fecha":"2021-08-26","hora_prevista":"18:30:00","grupo_id":null,"nomCasa":"FC Zorya Luhansk","nomFuera":"SK Rapid Wien","clasificado":"2","goles_local":"2","goles_visitante":"3","nomEli":"Eliminatoria Final - Vuelta","nomGrupo":null},{"jornada":"64","fecha":"2021-08-26","hora_prevista":"20:15:00","grupo_id":null,"nomCasa":"AZ Alkmaar","nomFuera":"Celtic FC","clasificado":"2","goles_local":"2","goles_visitante":"1","nomEli":"Eliminatoria Final - Vuelta","nomGrupo":null},{"jornada":"64","fecha":"2021-08-26","hora_prevista":"18:00:00","grupo_id":null,"nomCasa":"HJK Helsinki","nomFuera":"Fenerbahçe SK","clasificado":"2","goles_local":"2","goles_visitante":"5","nomEli":"Eliminatoria Final - Vuelta","nomGrupo":null},{"jornada":"64","fecha":"2021-08-26","hora_prevista":"21:00:00","grupo_id":null,"nomCasa":"SK Sturm Graz","nomFuera":"NS Mura","clasificado":"1","goles_local":"2","goles_visitante":"0","nomEli":"Eliminatoria Final - Vuelta","nomGrupo":null},{"jornada":"64","fecha":"2021-08-26","hora_prevista":"21:00:00","grupo_id":null,"nomCasa":"Royal Antwerp FC","nomFuera":"AC Omonia","clasificado":"1","goles_local":"2","goles_visitante":"0","nomEli":"Eliminatoria Final - Vuelta","nomGrupo":null},{"jornada":"64","fecha":"2021-08-26","hora_prevista":"20:45:00","grupo_id":null,"nomCasa":"SK Slovan Bratislava","nomFuera":"Olympiacos FC","clasificado":"2","goles_local":"2","goles_visitante":"2","nomEli":"Eliminatoria Final - Vuelta","nomGrupo":null},{"jornada":"64","fecha":"2021-08-26","hora_prevista":"17:00:00","grupo_id":null,"nomCasa":"Alashkert FC","nomFuera":"Rangers FC","clasificado":"2","goles_local":"0","goles_visitante":"0","nomEli":"Eliminatoria Final - Vuelta","nomGrupo":null},{"jornada":"64","fecha":"2021-08-26","hora_prevista":"21:00:00","grupo_id":null,"nomCasa":"Legia Warszawa","nomFuera":"SK Slavia Praha","clasificado":"1","goles_local":"2","goles_visitante":"1","nomEli":"Eliminatoria Final - Vuelta","nomGrupo":null},{"jornada":"64","fecha":"2021-08-26","hora_prevista":"20:30:00","grupo_id":null,"nomCasa":"CFR 1907 Cluj","nomFuera":"FK Crvena Zvezda","clasificado":"2","goles_local":"1","goles_visitante":"2","nomEli":"Eliminatoria Final - Vuelta","nomGrupo":null},{"jornada":"63","fecha":"2021-08-19","hora_prevista":"19:00:00","grupo_id":null,"nomCasa":"Randers FC","nomFuera":"Galatasaray AS","clasificado":"0","goles_local":"1","goles_visitante":"1","nomEli":"Eliminatoria Final - Ida","nomGrupo":null},{"jornada":"63","fecha":"2021-08-19","hora_prevista":"21:00:00","grupo_id":null,"nomCasa":"SK Rapid Wien","nomFuera":"FC Zorya Luhansk","clasificado":"0","goles_local":"3","goles_visitante":"0","nomEli":"Eliminatoria Final - Ida","nomGrupo":null},{"jornada":"63","fecha":"2021-08-19","hora_prevista":"20:45:00","grupo_id":null,"nomCasa":"Fenerbahçe SK","nomFuera":"HJK Helsinki","clasificado":"0","goles_local":"1","goles_visitante":"0","nomEli":"Eliminatoria Final - Ida","nomGrupo":null},{"jornada":"63","fecha":"2021-08-19","hora_prevista":"19:00:00","grupo_id":null,"nomCasa":"AC Omonia","nomFuera":"Royal Antwerp FC","clasificado":"0","goles_local":"4","goles_visitante":"2","nomEli":"Eliminatoria Final - Ida","nomGrupo":null},{"jornada":"63","fecha":"2021-08-19","hora_prevista":"20:00:00","grupo_id":null,"nomCasa":"NS Mura","nomFuera":"SK Sturm Graz","clasificado":"0","goles_local":"1","goles_visitante":"3","nomEli":"Eliminatoria Final - Ida","nomGrupo":null},{"jornada":"63","fecha":"2021-08-19","hora_prevista":"21:00:00","grupo_id":null,"nomCasa":"Olympiacos FC","nomFuera":"SK Slovan Bratislava","clasificado":"0","goles_local":"3","goles_visitante":"0","nomEli":"Eliminatoria Final - Ida","nomGrupo":null},{"jornada":"63","fecha":"2021-08-19","hora_prevista":"21:00:00","grupo_id":null,"nomCasa":"Rangers FC","nomFuera":"Alashkert FC","clasificado":"0","goles_local":"1","goles_visitante":"0","nomEli":"Eliminatoria Final - Ida","nomGrupo":null},{"jornada":"63","fecha":"2021-08-19","hora_prevista":"19:00:00","grupo_id":null,"nomCasa":"SK Slavia Praha","nomFuera":"Legia Warszawa","clasificado":"0","goles_local":"2","goles_visitante":"2","nomEli":"Eliminatoria Final - Ida","nomGrupo":null},{"jornada":"63","fecha":"2021-08-18","hora_prevista":"20:45:00","grupo_id":null,"nomCasa":"Celtic FC","nomFuera":"AZ Alkmaar","clasificado":"0","goles_local":"2","goles_visitante":"0","nomEli":"Eliminatoria Final - Ida","nomGrupo":null},{"jornada":"63","fecha":"2021-08-17","hora_prevista":"21:00:00","grupo_id":null,"nomCasa":"FK Crvena Zvezda","nomFuera":"CFR 1907 Cluj","clasificado":"0","goles_local":"4","goles_visitante":"0","nomEli":"Eliminatoria Final - Ida","nomGrupo":null},{"jornada":"166","fecha":"2021-08-12","hora_prevista":"19:00:00","grupo_id":null,"nomCasa":"FK Zalgiris Vilnius","nomFuera":"NS Mura","clasificado":"2","goles_local":"0","goles_visitante":"1","nomEli":"Tercera Eliminatoria - Vuelta","nomGrupo":null},{"jornada":"166","fecha":"2021-08-12","hora_prevista":"17:00:00","grupo_id":null,"nomCasa":"Alashkert FC","nomFuera":"FC Kairat Almaty","clasificado":"1","goles_local":"3","goles_visitante":"2","nomEli":"Tercera Eliminatoria - Vuelta","nomGrupo":null},{"jornada":"166","fecha":"2021-08-12","hora_prevista":"18:00:00","grupo_id":null,"nomCasa":"HJK Helsinki","nomFuera":"Neftçi PFK","clasificado":"1","goles_local":"3","goles_visitante":"0","nomEli":"Tercera Eliminatoria - Vuelta","nomGrupo":null},{"jornada":"166","fecha":"2021-08-12","hora_prevista":"20:45:00","grupo_id":null,"nomCasa":"Celtic FC","nomFuera":"FK Jablonec","clasificado":"1","goles_local":"3","goles_visitante":"0","nomEli":"Tercera Eliminatoria - Vuelta","nomGrupo":null},{"jornada":"166","fecha":"2021-08-12","hora_prevista":"19:00:00","grupo_id":null,"nomCasa":"Anorthosis Famagusta FC","nomFuera":"SK Rapid Wien","clasificado":"2","goles_local":"2","goles_visitante":"1","nomEli":"Tercera Eliminatoria - Vuelta","nomGrupo":null},{"jornada":"166","fecha":"2021-08-12","hora_prevista":"20:00:00","grupo_id":null,"nomCasa":"Saint Johnstone FC","nomFuera":"Galatasaray AS","clasificado":"2","goles_local":"2","goles_visitante":"4","nomEli":"Tercera Eliminatoria - Vuelta","nomGrupo":null},{"jornada":"166","fecha":"2021-08-10","hora_prevista":"20:30:00","grupo_id":null,"nomCasa":"SK Slovan Bratislava","nomFuera":"Lincoln FC","clasificado":"1","goles_local":"1","goles_visitante":"1","nomEli":"Tercera Eliminatoria - Vuelta","nomGrupo":null},{"jornada":"166","fecha":"2021-08-10","hora_prevista":"18:00:00","grupo_id":null,"nomCasa":"FC Flora Tallinn","nomFuera":"AC Omonia","clasificado":"2","goles_local":"2","goles_visitante":"1","nomEli":"Tercera Eliminatoria - Vuelta","nomGrupo":null},{"jornada":"165","fecha":"2021-08-05","hora_prevista":"20:00:00","grupo_id":null,"nomCasa":"NS Mura","nomFuera":"FK Zalgiris Vilnius","clasificado":"0","goles_local":"0","goles_visitante":"0","nomEli":"Tercera Eliminatoria - Ida","nomGrupo":null},{"jornada":"165","fecha":"2021-08-05","hora_prevista":"16:00:00","grupo_id":null,"nomCasa":"FC Kairat Almaty","nomFuera":"Alashkert FC","clasificado":"0","goles_local":"0","goles_visitante":"0","nomEli":"Tercera Eliminatoria - Ida","nomGrupo":null},{"jornada":"165","fecha":"2021-08-05","hora_prevista":"18:00:00","grupo_id":null,"nomCasa":"Lincoln FC","nomFuera":"SK Slovan Bratislava","clasificado":"0","goles_local":"1","goles_visitante":"3","nomEli":"Tercera Eliminatoria - Ida","nomGrupo":null},{"jornada":"165","fecha":"2021-08-05","hora_prevista":"17:45:00","grupo_id":null,"nomCasa":"FK Jablonec","nomFuera":"Celtic FC","clasificado":"0","goles_local":"2","goles_visitante":"4","nomEli":"Tercera Eliminatoria - Ida","nomGrupo":null},{"jornada":"165","fecha":"2021-08-05","hora_prevista":"20:30:00","grupo_id":null,"nomCasa":"SK Rapid Wien","nomFuera":"Anorthosis Famagusta FC","clasificado":"0","goles_local":"3","goles_visitante":"0","nomEli":"Tercera Eliminatoria - Ida","nomGrupo":null},{"jornada":"165","fecha":"2021-08-05","hora_prevista":"20:00:00","grupo_id":null,"nomCasa":"Galatasaray AS","nomFuera":"Saint Johnstone FC","clasificado":"0","goles_local":"1","goles_visitante":"1","nomEli":"Tercera Eliminatoria - Ida","nomGrupo":null},{"jornada":"165","fecha":"2021-08-05","hora_prevista":"18:00:00","grupo_id":null,"nomCasa":"AC Omonia","nomFuera":"FC Flora Tallinn","clasificado":"0","goles_local":"1","goles_visitante":"0","nomEli":"Tercera Eliminatoria - Ida","nomGrupo":null},{"jornada":"165","fecha":"2021-08-03","hora_prevista":"19:00:00","grupo_id":null,"nomCasa":"Neftçi PFK","nomFuera":"HJK Helsinki","clasificado":"0","goles_local":"2","goles_visitante":"2","nomEli":"Tercera Eliminatoria - Ida","nomGrupo":null}]