[{"jornada":"84","fecha":"2022-01-16","hora_prevista":"19:30:00","grupo_id":null,"nomCasa":"Real Madrid CF","nomFuera":"Athletic Club","clasificado":"1","goles_local":"2","goles_visitante":"0","nomEli":"Final","nomGrupo":null},{"jornada":"148","fecha":"2022-01-13","hora_prevista":"20:00:00","grupo_id":null,"nomCasa":"Club Atlético de Madrid","nomFuera":"Athletic Club","clasificado":"2","goles_local":"1","goles_visitante":"2","nomEli":"Semifinales","nomGrupo":null},{"jornada":"148","fecha":"2022-01-12","hora_prevista":"20:00:00","grupo_id":null,"nomCasa":"FC Barcelona","nomFuera":"Real Madrid CF","clasificado":"2","goles_local":"2","goles_visitante":"3","nomEli":"Semifinales","nomGrupo":null}]