[{"jornada":"84","fecha":"2022-04-23","hora_prevista":"22:00:00","grupo_id":null,"nomCasa":"Real Betis Balompié","nomFuera":"Valencia CF","clasificado":"1","goles_local":"1","goles_visitante":"1","nomEli":"Final","nomGrupo":null},{"jornada":"154","fecha":"2022-03-03","hora_prevista":"21:00:00","grupo_id":null,"nomCasa":"Real Betis Balompié","nomFuera":"Rayo Vallecano de Madrid","clasificado":"1","goles_local":"1","goles_visitante":"1","nomEli":"Semifinales - Vuelta","nomGrupo":null},{"jornada":"154","fecha":"2022-03-02","hora_prevista":"21:30:00","grupo_id":null,"nomCasa":"Valencia CF","nomFuera":"Athletic Club","clasificado":"1","goles_local":"1","goles_visitante":"0","nomEli":"Semifinales - Vuelta","nomGrupo":null},{"jornada":"151","fecha":"2022-02-10","hora_prevista":"21:30:00","grupo_id":null,"nomCasa":"Athletic Club","nomFuera":"Valencia CF","clasificado":"0","goles_local":"1","goles_visitante":"1","nomEli":"Semifinales - Ida","nomGrupo":null},{"jornada":"151","fecha":"2022-02-09","hora_prevista":"21:00:00","grupo_id":null,"nomCasa":"Rayo Vallecano de Madrid","nomFuera":"Real Betis Balompié","clasificado":"0","goles_local":"1","goles_visitante":"2","nomEli":"Semifinales - Ida","nomGrupo":null},{"jornada":"48","fecha":"2022-02-03","hora_prevista":"20:00:00","grupo_id":null,"nomCasa":"Real Sociedad de Fútbol","nomFuera":"Real Betis Balompié","clasificado":"2","goles_local":"0","goles_visitante":"4","nomEli":"Cuartos de Final","nomGrupo":null},{"jornada":"48","fecha":"2022-02-03","hora_prevista":"21:30:00","grupo_id":null,"nomCasa":"Athletic Club","nomFuera":"Real Madrid CF","clasificado":"1","goles_local":"1","goles_visitante":"0","nomEli":"Cuartos de Final","nomGrupo":null},{"jornada":"48","fecha":"2022-02-02","hora_prevista":"21:00:00","grupo_id":null,"nomCasa":"Valencia CF","nomFuera":"Cádiz CF","clasificado":"1","goles_local":"2","goles_visitante":"1","nomEli":"Cuartos de Final","nomGrupo":null},{"jornada":"48","fecha":"2022-02-02","hora_prevista":"20:00:00","grupo_id":null,"nomCasa":"Rayo Vallecano de Madrid","nomFuera":"RCD Mallorca","clasificado":"1","goles_local":"1","goles_visitante":"0","nomEli":"Cuartos de Final","nomGrupo":null},{"jornada":"105","fecha":"2022-01-20","hora_prevista":"21:30:00","grupo_id":null,"nomCasa":"Athletic Club","nomFuera":"FC Barcelona","clasificado":"1","goles_local":"3","goles_visitante":"2","nomEli":"Octavos de Final","nomGrupo":null},{"jornada":"105","fecha":"2022-01-20","hora_prevista":"19:00:00","grupo_id":null,"nomCasa":"Elche CF","nomFuera":"Real Madrid CF","clasificado":"2","goles_local":"1","goles_visitante":"2","nomEli":"Octavos de Final","nomGrupo":null},{"jornada":"105","fecha":"2022-01-19","hora_prevista":"21:00:00","grupo_id":null,"nomCasa":"Real Sociedad de Fútbol","nomFuera":"Club Atlético de Madrid","clasificado":"1","goles_local":"2","goles_visitante":"0","nomEli":"Octavos de Final","nomGrupo":null},{"jornada":"105","fecha":"2022-01-16","hora_prevista":"16:00:00","grupo_id":null,"nomCasa":"Real Betis Balompié","nomFuera":"Sevilla FC","clasificado":"1","goles_local":"2","goles_visitante":"1","nomEli":"Octavos de Final","nomGrupo":null},{"jornada":"105","fecha":"2022-01-16","hora_prevista":"12:00:00","grupo_id":null,"nomCasa":"CD Atlético Baleares","nomFuera":"Valencia CF","clasificado":"2","goles_local":"0","goles_visitante":"1","nomEli":"Octavos de Final","nomGrupo":null},{"jornada":"105","fecha":"2022-01-15","hora_prevista":"18:30:00","grupo_id":null,"nomCasa":"Girona FC","nomFuera":"Rayo Vallecano de Madrid","clasificado":"2","goles_local":"1","goles_visitante":"2","nomEli":"Octavos de Final","nomGrupo":null},{"jornada":"105","fecha":"2022-01-15","hora_prevista":"18:30:00","grupo_id":null,"nomCasa":"Real Sporting de Gijón","nomFuera":"Cádiz CF","clasificado":"2","goles_local":"0","goles_visitante":"0","nomEli":"Octavos de Final","nomGrupo":null},{"jornada":"105","fecha":"2022-01-15","hora_prevista":"16:00:00","grupo_id":null,"nomCasa":"RCD Mallorca","nomFuera":"RCD Espanyol de Barcelona","clasificado":"1","goles_local":"2","goles_visitante":"1","nomEli":"Octavos de Final","nomGrupo":null},{"jornada":"59","fecha":"2022-01-06","hora_prevista":"16:00:00","grupo_id":null,"nomCasa":"CF Fuenlabrada","nomFuera":"Cádiz CF","clasificado":"2","goles_local":"0","goles_visitante":"1","nomEli":"Dieciseisavos de Final","nomGrupo":null},{"jornada":"59","fecha":"2022-01-06","hora_prevista":"16:00:00","grupo_id":null,"nomCasa":"Girona FC","nomFuera":"Club Atlético Osasuna","clasificado":"1","goles_local":"1","goles_visitante":"0","nomEli":"Dieciseisavos de Final","nomGrupo":null},{"jornada":"59","fecha":"2022-01-06","hora_prevista":"18:00:00","grupo_id":null,"nomCasa":"Real Sporting de Gijón","nomFuera":"Villarreal CF","clasificado":"1","goles_local":"2","goles_visitante":"1","nomEli":"Dieciseisavos de Final","nomGrupo":null},{"jornada":"59","fecha":"2022-01-06","hora_prevista":"18:00:00","grupo_id":null,"nomCasa":"Real Zaragoza","nomFuera":"Sevilla FC","clasificado":"2","goles_local":"0","goles_visitante":"2","nomEli":"Dieciseisavos de Final","nomGrupo":null},{"jornada":"59","fecha":"2022-01-06","hora_prevista":"20:00:00","grupo_id":null,"nomCasa":"Atlético Mancha Real","nomFuera":"Athletic Club","clasificado":"2","goles_local":"0","goles_visitante":"2","nomEli":"Dieciseisavos de Final","nomGrupo":null},{"jornada":"59","fecha":"2022-01-06","hora_prevista":"20:00:00","grupo_id":null,"nomCasa":"UD Almería","nomFuera":"Elche CF","clasificado":"2","goles_local":"1","goles_visitante":"2","nomEli":"Dieciseisavos de Final","nomGrupo":null},{"jornada":"59","fecha":"2022-01-06","hora_prevista":"21:30:00","grupo_id":null,"nomCasa":"CF Rayo Majadahonda","nomFuera":"Club Atlético de Madrid","clasificado":"2","goles_local":"0","goles_visitante":"5","nomEli":"Dieciseisavos de Final","nomGrupo":null},{"jornada":"59","fecha":"2022-01-05","hora_prevista":"16:00:00","grupo_id":null,"nomCasa":"FC Cartagena","nomFuera":"Valencia CF","clasificado":"2","goles_local":"1","goles_visitante":"2","nomEli":"Dieciseisavos de Final","nomGrupo":null},{"jornada":"59","fecha":"2022-01-05","hora_prevista":"19:30:00","grupo_id":null,"nomCasa":"Linares Deportivo","nomFuera":"FC Barcelona","clasificado":"2","goles_local":"1","goles_visitante":"2","nomEli":"Dieciseisavos de Final","nomGrupo":null},{"jornada":"59","fecha":"2022-01-05","hora_prevista":"20:00:00","grupo_id":null,"nomCasa":"CD Atlético Baleares","nomFuera":"RC Celta de Vigo","clasificado":"1","goles_local":"2","goles_visitante":"1","nomEli":"Dieciseisavos de Final","nomGrupo":null},{"jornada":"59","fecha":"2022-01-05","hora_prevista":"20:00:00","grupo_id":null,"nomCasa":"CD Mirandés","nomFuera":"Rayo Vallecano de Madrid","clasificado":"2","goles_local":"0","goles_visitante":"1","nomEli":"Dieciseisavos de Final","nomGrupo":null},{"jornada":"59","fecha":"2022-01-05","hora_prevista":"20:00:00","grupo_id":null,"nomCasa":"Real Valladolid CF","nomFuera":"Real Betis Balompié","clasificado":"2","goles_local":"0","goles_visitante":"3","nomEli":"Dieciseisavos de Final","nomGrupo":null},{"jornada":"59","fecha":"2022-01-05","hora_prevista":"21:30:00","grupo_id":null,"nomCasa":"CD Alcoyano","nomFuera":"Real Madrid CF","clasificado":"2","goles_local":"1","goles_visitante":"3","nomEli":"Dieciseisavos de Final","nomGrupo":null},{"jornada":"59","fecha":"2022-01-05","hora_prevista":"16:00:00","grupo_id":null,"nomCasa":"SD Eibar","nomFuera":"RCD Mallorca","clasificado":"2","goles_local":"1","goles_visitante":"2","nomEli":"Dieciseisavos de Final","nomGrupo":null},{"jornada":"59","fecha":"2022-01-05","hora_prevista":"16:00:00","grupo_id":null,"nomCasa":"CD Leganés","nomFuera":"Real Sociedad de Fútbol","clasificado":"2","goles_local":"2","goles_visitante":"3","nomEli":"Dieciseisavos de Final","nomGrupo":null},{"jornada":"59","fecha":"2022-01-04","hora_prevista":"21:00:00","grupo_id":null,"nomCasa":"SD Ponferradina","nomFuera":"RCD Espanyol de Barcelona","clasificado":"2","goles_local":"1","goles_visitante":"1","nomEli":"Dieciseisavos de Final","nomGrupo":null},{"jornada":"139","fecha":"2021-12-16","hora_prevista":"21:00:00","grupo_id":null,"nomCasa":"CD Atlético Baleares","nomFuera":"Getafe CF","clasificado":"1","goles_local":"5","goles_visitante":"0","nomEli":"Segunda Eliminatoria","nomGrupo":null},{"jornada":"139","fecha":"2021-12-16","hora_prevista":"19:00:00","grupo_id":null,"nomCasa":"CF Talavera de la Reina","nomFuera":"Real Betis Balompié","clasificado":"2","goles_local":"2","goles_visitante":"4","nomEli":"Segunda Eliminatoria","nomGrupo":null},{"jornada":"139","fecha":"2021-12-16","hora_prevista":"19:00:00","grupo_id":null,"nomCasa":"UD Llanera","nomFuera":"RCD Mallorca","clasificado":"2","goles_local":"0","goles_visitante":"6","nomEli":"Segunda Eliminatoria","nomGrupo":null},{"jornada":"139","fecha":"2021-12-16","hora_prevista":"19:00:00","grupo_id":null,"nomCasa":"CD Arenteiro","nomFuera":"Valencia CF","clasificado":"2","goles_local":"1","goles_visitante":"3","nomEli":"Segunda Eliminatoria","nomGrupo":null},{"jornada":"139","fecha":"2021-12-16","hora_prevista":"19:00:00","grupo_id":null,"nomCasa":"SD Amorebieta","nomFuera":"UD Almería","clasificado":"2","goles_local":"1","goles_visitante":"2","nomEli":"Segunda Eliminatoria","nomGrupo":null},{"jornada":"139","fecha":"2021-12-16","hora_prevista":"20:00:00","grupo_id":null,"nomCasa":"CD Lugo","nomFuera":"CD Mirandés","clasificado":"2","goles_local":"1","goles_visitante":"2","nomEli":"Segunda Eliminatoria","nomGrupo":null},{"jornada":"139","fecha":"2021-12-16","hora_prevista":"21:00:00","grupo_id":null,"nomCasa":"RC Deportivo de La Coruña","nomFuera":"Club Atlético Osasuna","clasificado":"2","goles_local":"1","goles_visitante":"2","nomEli":"Segunda Eliminatoria","nomGrupo":null},{"jornada":"139","fecha":"2021-12-16","hora_prevista":"21:00:00","grupo_id":null,"nomCasa":"Atlético Mancha Real","nomFuera":"Granada CF","clasificado":"1","goles_local":"1","goles_visitante":"0","nomEli":"Segunda Eliminatoria","nomGrupo":null},{"jornada":"139","fecha":"2021-12-16","hora_prevista":"21:00:00","grupo_id":null,"nomCasa":"Albacete Balompié","nomFuera":"Cádiz CF","clasificado":"2","goles_local":"0","goles_visitante":"1","nomEli":"Segunda Eliminatoria","nomGrupo":null},{"jornada":"139","fecha":"2021-12-15","hora_prevista":"19:00:00","grupo_id":null,"nomCasa":"Bergantiños CF","nomFuera":"Rayo Vallecano de Madrid","clasificado":"2","goles_local":"1","goles_visitante":"3","nomEli":"Segunda Eliminatoria","nomGrupo":null},{"jornada":"139","fecha":"2021-12-15","hora_prevista":"19:00:00","grupo_id":null,"nomCasa":"CE Andratx","nomFuera":"Sevilla FC","clasificado":"2","goles_local":"1","goles_visitante":"1","nomEli":"Segunda Eliminatoria","nomGrupo":null},{"jornada":"139","fecha":"2021-12-15","hora_prevista":"19:00:00","grupo_id":null,"nomCasa":"Zamora CF","nomFuera":"Real Sociedad de Fútbol","clasificado":"2","goles_local":"0","goles_visitante":"3","nomEli":"Segunda Eliminatoria","nomGrupo":null},{"jornada":"139","fecha":"2021-12-15","hora_prevista":"19:30:00","grupo_id":null,"nomCasa":"CyD Leonesa","nomFuera":"CD Leganés","clasificado":"2","goles_local":"2","goles_visitante":"3","nomEli":"Segunda Eliminatoria","nomGrupo":null},{"jornada":"139","fecha":"2021-12-15","hora_prevista":"20:00:00","grupo_id":null,"nomCasa":"Real Sporting de Gijón","nomFuera":"AD Alcorcón","clasificado":"1","goles_local":"2","goles_visitante":"1","nomEli":"Segunda Eliminatoria","nomGrupo":null},{"jornada":"139","fecha":"2021-12-15","hora_prevista":"20:00:00","grupo_id":null,"nomCasa":"SD Ponferradina","nomFuera":"UD Ibiza","clasificado":"1","goles_local":"2","goles_visitante":"1","nomEli":"Segunda Eliminatoria","nomGrupo":null},{"jornada":"139","fecha":"2021-12-15","hora_prevista":"20:00:00","grupo_id":null,"nomCasa":"Real Valladolid CF","nomFuera":"UD Las Palmas","clasificado":"1","goles_local":"3","goles_visitante":"1","nomEli":"Segunda Eliminatoria","nomGrupo":null},{"jornada":"139","fecha":"2021-12-15","hora_prevista":"20:00:00","grupo_id":null,"nomCasa":"CD Castellón","nomFuera":"FC Cartagena","clasificado":"2","goles_local":"1","goles_visitante":"2","nomEli":"Segunda Eliminatoria","nomGrupo":null},{"jornada":"139","fecha":"2021-12-15","hora_prevista":"21:00:00","grupo_id":null,"nomCasa":"Unionistas de Salamanca CF","nomFuera":"Elche CF","clasificado":"2","goles_local":"0","goles_visitante":"1","nomEli":"Segunda Eliminatoria","nomGrupo":null},{"jornada":"139","fecha":"2021-12-15","hora_prevista":"21:00:00","grupo_id":null,"nomCasa":"CD Tenerife","nomFuera":"SD Eibar","clasificado":"2","goles_local":"1","goles_visitante":"2","nomEli":"Segunda Eliminatoria","nomGrupo":null},{"jornada":"139","fecha":"2021-12-15","hora_prevista":"21:00:00","grupo_id":null,"nomCasa":"Atlético Sanluqueño CF","nomFuera":"Villarreal CF","clasificado":"2","goles_local":"1","goles_visitante":"7","nomEli":"Segunda Eliminatoria","nomGrupo":null},{"jornada":"139","fecha":"2021-12-14","hora_prevista":"19:00:00","grupo_id":null,"nomCasa":"FC Andorra","nomFuera":"RC Celta de Vigo","clasificado":"2","goles_local":"1","goles_visitante":"2","nomEli":"Segunda Eliminatoria","nomGrupo":null},{"jornada":"139","fecha":"2021-12-14","hora_prevista":"19:00:00","grupo_id":null,"nomCasa":"UD San Sebastián Reyes ","nomFuera":"CF Fuenlabrada","clasificado":"2","goles_local":"0","goles_visitante":"0","nomEli":"Segunda Eliminatoria","nomGrupo":null},{"jornada":"139","fecha":"2021-12-14","hora_prevista":"20:00:00","grupo_id":null,"nomCasa":"SD Huesca","nomFuera":"Girona FC","clasificado":"2","goles_local":"0","goles_visitante":"1","nomEli":"Segunda Eliminatoria","nomGrupo":null},{"jornada":"139","fecha":"2021-12-14","hora_prevista":"20:00:00","grupo_id":null,"nomCasa":"Real Zaragoza","nomFuera":"Burgos CF","clasificado":"1","goles_local":"2","goles_visitante":"0","nomEli":"Segunda Eliminatoria","nomGrupo":null},{"jornada":"139","fecha":"2021-12-14","hora_prevista":"20:00:00","grupo_id":null,"nomCasa":"CF Rayo Majadahonda","nomFuera":"Málaga CF","clasificado":"1","goles_local":"1","goles_visitante":"0","nomEli":"Segunda Eliminatoria","nomGrupo":null},{"jornada":"139","fecha":"2021-12-14","hora_prevista":"21:00:00","grupo_id":null,"nomCasa":"CD Palencia Cristo Atlético","nomFuera":"RCD Espanyol de Barcelona","clasificado":"2","goles_local":"1","goles_visitante":"2","nomEli":"Segunda Eliminatoria","nomGrupo":null},{"jornada":"139","fecha":"2021-12-14","hora_prevista":"21:00:00","grupo_id":null,"nomCasa":"CD Alcoyano","nomFuera":"Levante UD","clasificado":"1","goles_local":"3","goles_visitante":"3","nomEli":"Segunda Eliminatoria","nomGrupo":null},{"jornada":"139","fecha":"2021-12-14","hora_prevista":"21:00:00","grupo_id":null,"nomCasa":"Linares Deportivo","nomFuera":"Deportivo Alavés","clasificado":"1","goles_local":"2","goles_visitante":"1","nomEli":"Segunda Eliminatoria","nomGrupo":null},{"jornada":"118","fecha":"2021-12-02","hora_prevista":"19:00:00","grupo_id":null,"nomCasa":"CD Huracán Melilla","nomFuera":"Levante UD","clasificado":"2","goles_local":"0","goles_visitante":"8","nomEli":"Primera Eliminatoria","nomGrupo":null},{"jornada":"118","fecha":"2021-12-02","hora_prevista":"20:00:00","grupo_id":null,"nomCasa":"SD Leioa","nomFuera":"Elche CF","clasificado":"2","goles_local":"0","goles_visitante":"2","nomEli":"Primera Eliminatoria","nomGrupo":null},{"jornada":"118","fecha":"2021-12-02","hora_prevista":"21:00:00","grupo_id":null,"nomCasa":"CD Villa de Fortuna","nomFuera":"Cádiz CF","clasificado":"2","goles_local":"0","goles_visitante":"7","nomEli":"Primera Eliminatoria","nomGrupo":null},{"jornada":"118","fecha":"2021-12-02","hora_prevista":"21:00:00","grupo_id":null,"nomCasa":"CD Ibiza Islas Pitiusas","nomFuera":"CD Tenerife","clasificado":"2","goles_local":"1","goles_visitante":"2","nomEli":"Primera Eliminatoria","nomGrupo":null},{"jornada":"118","fecha":"2021-12-02","hora_prevista":"19:00:00","grupo_id":null,"nomCasa":"CF San Agustín del Guadalix","nomFuera":"Club Atlético Osasuna","clasificado":"2","goles_local":"0","goles_visitante":"4","nomEli":"Primera Eliminatoria","nomGrupo":null},{"jornada":"118","fecha":"2021-12-02","hora_prevista":"19:00:00","grupo_id":null,"nomCasa":"CD Guijuelo","nomFuera":"Rayo Vallecano de Madrid","clasificado":"2","goles_local":"1","goles_visitante":"1","nomEli":"Primera Eliminatoria","nomGrupo":null},{"jornada":"118","fecha":"2021-12-02","hora_prevista":"19:00:00","grupo_id":null,"nomCasa":"SD Gernika Club","nomFuera":"SD Eibar","clasificado":"2","goles_local":"1","goles_visitante":"2","nomEli":"Primera Eliminatoria","nomGrupo":null},{"jornada":"118","fecha":"2021-12-02","hora_prevista":"19:30:00","grupo_id":null,"nomCasa":"CD Utrillas","nomFuera":"Valencia CF","clasificado":"2","goles_local":"0","goles_visitante":"3","nomEli":"Primera Eliminatoria","nomGrupo":null},{"jornada":"118","fecha":"2021-12-02","hora_prevista":"19:30:00","grupo_id":null,"nomCasa":"Peña Sport FC","nomFuera":"Málaga CF","clasificado":"2","goles_local":"0","goles_visitante":"3","nomEli":"Primera Eliminatoria","nomGrupo":null},{"jornada":"118","fecha":"2021-12-02","hora_prevista":"20:00:00","grupo_id":null,"nomCasa":"UD Llanera","nomFuera":"UD Logroñés","clasificado":"1","goles_local":"2","goles_visitante":"1","nomEli":"Primera Eliminatoria","nomGrupo":null},{"jornada":"118","fecha":"2021-12-02","hora_prevista":"20:00:00","grupo_id":null,"nomCasa":"CD Palencia Cristo Atlético","nomFuera":"Real Unión Club","clasificado":"1","goles_local":"2","goles_visitante":"0","nomEli":"Primera Eliminatoria","nomGrupo":null},{"jornada":"118","fecha":"2021-12-02","hora_prevista":"20:00:00","grupo_id":null,"nomCasa":"Calvo Sotelo Puertollano CF","nomFuera":"Girona FC","clasificado":"2","goles_local":"1","goles_visitante":"5","nomEli":"Primera Eliminatoria","nomGrupo":null},{"jornada":"118","fecha":"2021-12-02","hora_prevista":"16:00:00","grupo_id":null,"nomCasa":"Vélez CF","nomFuera":"UD Las Palmas","clasificado":"2","goles_local":"2","goles_visitante":"3","nomEli":"Primera Eliminatoria","nomGrupo":null},{"jornada":"118","fecha":"2021-12-02","hora_prevista":"20:45:00","grupo_id":null,"nomCasa":"Xerez Deportivo FC","nomFuera":"CD Leganés","clasificado":"2","goles_local":"1","goles_visitante":"2","nomEli":"Primera Eliminatoria","nomGrupo":null},{"jornada":"118","fecha":"2021-12-02","hora_prevista":"20:30:00","grupo_id":null,"nomCasa":"CD Eldense","nomFuera":"CF Rayo Majadahonda","clasificado":"2","goles_local":"0","goles_visitante":"1","nomEli":"Primera Eliminatoria","nomGrupo":null},{"jornada":"118","fecha":"2021-12-02","hora_prevista":"20:15:00","grupo_id":null,"nomCasa":"AD Unión Adarve ","nomFuera":"CD Lugo","clasificado":"2","goles_local":"2","goles_visitante":"2","nomEli":"Primera Eliminatoria","nomGrupo":null},{"jornada":"118","fecha":"2021-12-02","hora_prevista":"20:00:00","grupo_id":null,"nomCasa":"Club Atlético Pulpileño","nomFuera":"CD Castellón","clasificado":"2","goles_local":"0","goles_visitante":"1","nomEli":"Primera Eliminatoria","nomGrupo":null},{"jornada":"118","fecha":"2021-12-01","hora_prevista":"20:00:00","grupo_id":null,"nomCasa":"UD Alzira","nomFuera":"CF Fuenlabrada","clasificado":"2","goles_local":"0","goles_visitante":"1","nomEli":"Primera Eliminatoria","nomGrupo":null},{"jornada":"118","fecha":"2021-12-01","hora_prevista":"20:00:00","grupo_id":null,"nomCasa":"AD San Juan","nomFuera":"UD San Sebastián Reyes ","clasificado":"2","goles_local":"1","goles_visitante":"2","nomEli":"Primera Eliminatoria","nomGrupo":null},{"jornada":"118","fecha":"2021-12-01","hora_prevista":"20:00:00","grupo_id":null,"nomCasa":"Atlético Mancha Real","nomFuera":"DUX Internacional de Madrid SL","clasificado":"1","goles_local":"2","goles_visitante":"1","nomEli":"Primera Eliminatoria","nomGrupo":null},{"jornada":"118","fecha":"2021-12-01","hora_prevista":"19:00:00","grupo_id":null,"nomCasa":"Algeciras CF","nomFuera":"Unionistas de Salamanca CF","clasificado":"2","goles_local":"1","goles_visitante":"2","nomEli":"Primera Eliminatoria","nomGrupo":null},{"jornada":"118","fecha":"2021-12-01","hora_prevista":"19:00:00","grupo_id":null,"nomCasa":"CD Brea","nomFuera":"UD Ibiza","clasificado":"2","goles_local":"0","goles_visitante":"2","nomEli":"Primera Eliminatoria","nomGrupo":null},{"jornada":"118","fecha":"2021-12-01","hora_prevista":"19:00:00","grupo_id":null,"nomCasa":"SD Solares-Medio Cudeyo","nomFuera":"RCD Espanyol de Barcelona","clasificado":"2","goles_local":"2","goles_visitante":"3","nomEli":"Primera Eliminatoria","nomGrupo":null},{"jornada":"118","fecha":"2021-12-01","hora_prevista":"19:00:00","grupo_id":null,"nomCasa":"Córdoba CF","nomFuera":"Sevilla FC","clasificado":"2","goles_local":"0","goles_visitante":"1","nomEli":"Primera Eliminatoria","nomGrupo":null},{"jornada":"118","fecha":"2021-12-01","hora_prevista":"18:30:00","grupo_id":null,"nomCasa":"Bergantiños CF","nomFuera":"CD Tudelano","clasificado":"1","goles_local":"2","goles_visitante":"0","nomEli":"Primera Eliminatoria","nomGrupo":null},{"jornada":"118","fecha":"2021-12-01","hora_prevista":"19:00:00","grupo_id":null,"nomCasa":"Gimnástica Segoviana CF","nomFuera":"RCD Mallorca","clasificado":"2","goles_local":"0","goles_visitante":"2","nomEli":"Primera Eliminatoria","nomGrupo":null},{"jornada":"118","fecha":"2021-12-01","hora_prevista":"16:30:00","grupo_id":null,"nomCasa":"CD Mensajero","nomFuera":"Real Zaragoza","clasificado":"2","goles_local":"0","goles_visitante":"1","nomEli":"Primera Eliminatoria","nomGrupo":null},{"jornada":"118","fecha":"2021-12-01","hora_prevista":"20:00:00","grupo_id":null,"nomCasa":"UCAM Murcia CF","nomFuera":"RC Deportivo de La Coruña","clasificado":"2","goles_local":"3","goles_visitante":"4","nomEli":"Primera Eliminatoria","nomGrupo":null},{"jornada":"118","fecha":"2021-12-01","hora_prevista":"21:00:00","grupo_id":null,"nomCasa":"CF Panadería Pulido","nomFuera":"Real Sociedad de Fútbol","clasificado":"2","goles_local":"0","goles_visitante":"4","nomEli":"Primera Eliminatoria","nomGrupo":null},{"jornada":"118","fecha":"2021-12-01","hora_prevista":"20:15:00","grupo_id":null,"nomCasa":"CF Talavera de la Reina","nomFuera":"UE Cornellà","clasificado":"1","goles_local":"2","goles_visitante":"0","nomEli":"Primera Eliminatoria","nomGrupo":null},{"jornada":"118","fecha":"2021-12-01","hora_prevista":"20:30:00","grupo_id":null,"nomCasa":"CP Cacereño","nomFuera":"SD Ponferradina","clasificado":"2","goles_local":"1","goles_visitante":"2","nomEli":"Primera Eliminatoria","nomGrupo":null},{"jornada":"118","fecha":"2021-12-01","hora_prevista":"20:00:00","grupo_id":null,"nomCasa":"CE Andratx","nomFuera":"Real Oviedo","clasificado":"1","goles_local":"2","goles_visitante":"1","nomEli":"Primera Eliminatoria","nomGrupo":null},{"jornada":"118","fecha":"2021-12-01","hora_prevista":"21:00:00","grupo_id":null,"nomCasa":"CD San Roque de Lepe","nomFuera":"CD Mirandés","clasificado":"2","goles_local":"0","goles_visitante":"3","nomEli":"Primera Eliminatoria","nomGrupo":null},{"jornada":"118","fecha":"2021-12-01","hora_prevista":"21:00:00","grupo_id":null,"nomCasa":"CF Independiente Alicante","nomFuera":"Real Betis Balompié","clasificado":"2","goles_local":"0","goles_visitante":"4","nomEli":"Primera Eliminatoria","nomGrupo":null},{"jornada":"118","fecha":"2021-12-01","hora_prevista":"20:30:00","grupo_id":null,"nomCasa":"Linares Deportivo","nomFuera":"Gimnàstic de Tarragona","clasificado":"1","goles_local":"0","goles_visitante":"0","nomEli":"Primera Eliminatoria","nomGrupo":null},{"jornada":"118","fecha":"2021-12-01","hora_prevista":"20:30:00","grupo_id":null,"nomCasa":"CD Calahorra","nomFuera":"CD Atlético Baleares","clasificado":"2","goles_local":"1","goles_visitante":"1","nomEli":"Primera Eliminatoria","nomGrupo":null},{"jornada":"118","fecha":"2021-12-01","hora_prevista":"20:30:00","grupo_id":null,"nomCasa":"San Fernando CDI","nomFuera":"CyD Leonesa","clasificado":"2","goles_local":"2","goles_visitante":"3","nomEli":"Primera Eliminatoria","nomGrupo":null},{"jornada":"118","fecha":"2021-12-01","hora_prevista":"20:30:00","grupo_id":null,"nomCasa":"Extremadura UD","nomFuera":"Zamora CF","clasificado":"2","goles_local":"1","goles_visitante":"4","nomEli":"Primera Eliminatoria","nomGrupo":null},{"jornada":"118","fecha":"2021-12-01","hora_prevista":"20:30:00","grupo_id":null,"nomCasa":"CE Europa","nomFuera":"SD Amorebieta","clasificado":"2","goles_local":"0","goles_visitante":"1","nomEli":"Primera Eliminatoria","nomGrupo":null},{"jornada":"118","fecha":"2021-12-01","hora_prevista":"20:30:00","grupo_id":null,"nomCasa":"CD Arenteiro","nomFuera":"SD Logroñés","clasificado":"1","goles_local":"2","goles_visitante":"1","nomEli":"Primera Eliminatoria","nomGrupo":null},{"jornada":"118","fecha":"2021-11-30","hora_prevista":"19:00:00","grupo_id":null,"nomCasa":"Unami CP","nomFuera":"Deportivo Alavés","clasificado":"2","goles_local":"0","goles_visitante":"3","nomEli":"Primera Eliminatoria","nomGrupo":null},{"jornada":"118","fecha":"2021-11-30","hora_prevista":"20:00:00","grupo_id":null,"nomCasa":"CD Teruel","nomFuera":"AD Alcorcón","clasificado":"2","goles_local":"0","goles_visitante":"1","nomEli":"Primera Eliminatoria","nomGrupo":null},{"jornada":"118","fecha":"2021-11-30","hora_prevista":"16:00:00","grupo_id":null,"nomCasa":"CD Marchamalo","nomFuera":"Real Valladolid CF","clasificado":"2","goles_local":"0","goles_visitante":"1","nomEli":"Primera Eliminatoria","nomGrupo":null},{"jornada":"118","fecha":"2021-11-30","hora_prevista":"19:00:00","grupo_id":null,"nomCasa":"CD Laguna","nomFuera":"Granada CF","clasificado":"2","goles_local":"0","goles_visitante":"7","nomEli":"Primera Eliminatoria","nomGrupo":null},{"jornada":"118","fecha":"2021-11-30","hora_prevista":"19:00:00","grupo_id":null,"nomCasa":"Victoria CF","nomFuera":"Villarreal CF","clasificado":"2","goles_local":"0","goles_visitante":"8","nomEli":"Primera Eliminatoria","nomGrupo":null},{"jornada":"118","fecha":"2021-11-30","hora_prevista":"18:30:00","grupo_id":null,"nomCasa":"Náxara CD","nomFuera":"FC Andorra","clasificado":"2","goles_local":"0","goles_visitante":"1","nomEli":"Primera Eliminatoria","nomGrupo":null},{"jornada":"118","fecha":"2021-11-30","hora_prevista":"16:00:00","grupo_id":null,"nomCasa":"CD Cayón","nomFuera":"SD Huesca","clasificado":"2","goles_local":"0","goles_visitante":"2","nomEli":"Primera Eliminatoria","nomGrupo":null},{"jornada":"118","fecha":"2021-11-30","hora_prevista":"20:00:00","grupo_id":null,"nomCasa":"Racing Rioja CF","nomFuera":"FC Cartagena","clasificado":"2","goles_local":"0","goles_visitante":"2","nomEli":"Primera Eliminatoria","nomGrupo":null},{"jornada":"118","fecha":"2021-11-30","hora_prevista":"20:00:00","grupo_id":null,"nomCasa":"UC Ceares","nomFuera":"Real Sporting de Gijón","clasificado":"2","goles_local":"0","goles_visitante":"1","nomEli":"Primera Eliminatoria","nomGrupo":null},{"jornada":"118","fecha":"2021-11-30","hora_prevista":"21:00:00","grupo_id":null,"nomCasa":"CD Badajoz","nomFuera":"CD Alcoyano","clasificado":"2","goles_local":"0","goles_visitante":"3","nomEli":"Primera Eliminatoria","nomGrupo":null},{"jornada":"118","fecha":"2021-11-30","hora_prevista":"21:00:00","grupo_id":null,"nomCasa":"Albacete Balompié","nomFuera":"Racing Club Ferrol","clasificado":"1","goles_local":"2","goles_visitante":"1","nomEli":"Primera Eliminatoria","nomGrupo":null},{"jornada":"118","fecha":"2021-11-30","hora_prevista":"21:00:00","grupo_id":null,"nomCasa":"UD Montijo","nomFuera":"Burgos CF","clasificado":"2","goles_local":"0","goles_visitante":"1","nomEli":"Primera Eliminatoria","nomGrupo":null},{"jornada":"118","fecha":"2021-11-30","hora_prevista":"21:00:00","grupo_id":null,"nomCasa":"Águilas FC","nomFuera":"UD Almería","clasificado":"2","goles_local":"1","goles_visitante":"1","nomEli":"Primera Eliminatoria","nomGrupo":null},{"jornada":"118","fecha":"2021-11-30","hora_prevista":"21:00:00","grupo_id":null,"nomCasa":"CFJ Mollerussa","nomFuera":"Getafe CF","clasificado":"2","goles_local":"1","goles_visitante":"5","nomEli":"Primera Eliminatoria","nomGrupo":null},{"jornada":"118","fecha":"2021-11-30","hora_prevista":"21:00:00","grupo_id":null,"nomCasa":"CD Ebro","nomFuera":"RC Celta de Vigo","clasificado":"2","goles_local":"0","goles_visitante":"5","nomEli":"Primera Eliminatoria","nomGrupo":null},{"jornada":"118","fecha":"2021-11-30","hora_prevista":"20:30:00","grupo_id":null,"nomCasa":"Atlético Sanluqueño CF","nomFuera":"CE Sabadell FC","clasificado":"1","goles_local":"2","goles_visitante":"0","nomEli":"Primera Eliminatoria","nomGrupo":null},{"jornada":"65","fecha":"2021-11-17","hora_prevista":"19:00:00","grupo_id":null,"nomCasa":"CD Utrillas","nomFuera":"CD Injerto","clasificado":"1","goles_local":"2","goles_visitante":"0","nomEli":"Eliminatoria Previa","nomGrupo":null},{"jornada":"65","fecha":"2021-11-17","hora_prevista":"19:30:00","grupo_id":null,"nomCasa":"CD Aldeano","nomFuera":"Unami CP","clasificado":"2","goles_local":"1","goles_visitante":"3","nomEli":"Eliminatoria Previa","nomGrupo":null},{"jornada":"65","fecha":"2021-11-17","hora_prevista":"19:30:00","grupo_id":null,"nomCasa":"Victoria CF","nomFuera":"CD Hernani","clasificado":"1","goles_local":"1","goles_visitante":"0","nomEli":"Eliminatoria Previa","nomGrupo":null},{"jornada":"65","fecha":"2021-11-17","hora_prevista":"20:00:00","grupo_id":null,"nomCasa":"CF San Agustín del Guadalix","nomFuera":"Mora CF","clasificado":"1","goles_local":"6","goles_visitante":"2","nomEli":"Eliminatoria Previa","nomGrupo":null},{"jornada":"65","fecha":"2021-11-17","hora_prevista":"20:30:00","grupo_id":null,"nomCasa":"CF Independiente Alicante","nomFuera":"Ceuta 6 de Junio","clasificado":"1","goles_local":"7","goles_visitante":"1","nomEli":"Eliminatoria Previa","nomGrupo":null},{"jornada":"65","fecha":"2021-11-17","hora_prevista":"20:30:00","grupo_id":null,"nomCasa":"CD Villa de Fortuna","nomFuera":"Atlético Espeleño","clasificado":"1","goles_local":"1","goles_visitante":"0","nomEli":"Eliminatoria Previa","nomGrupo":null},{"jornada":"65","fecha":"2021-11-17","hora_prevista":"15:00:00","grupo_id":null,"nomCasa":"Nalón CF","nomFuera":"SD Solares-Medio Cudeyo","clasificado":"2","goles_local":"1","goles_visitante":"1","nomEli":"Eliminatoria Previa","nomGrupo":null},{"jornada":"65","fecha":"2021-11-17","hora_prevista":"20:30:00","grupo_id":null,"nomCasa":"CFJ Mollerussa","nomFuera":"SE Penya Independent","clasificado":"1","goles_local":"1","goles_visitante":"0","nomEli":"Eliminatoria Previa","nomGrupo":null},{"jornada":"65","fecha":"2021-11-17","hora_prevista":"21:00:00","grupo_id":null,"nomCasa":"CD Huracán Melilla","nomFuera":"Atarfe Industrial CF","clasificado":"1","goles_local":"2","goles_visitante":"1","nomEli":"Eliminatoria Previa","nomGrupo":null},{"jornada":"65","fecha":"2021-11-17","hora_prevista":"21:30:00","grupo_id":null,"nomCasa":"CD Laguna","nomFuera":"CF Jaraíz","clasificado":"1","goles_local":"4","goles_visitante":"1","nomEli":"Eliminatoria Previa","nomGrupo":null}]