[{"jornada":"84","fecha":"2021-11-23","hora_prevista":"18:30:00","grupo_id":null,"nomCasa":"Córdoba CF","nomFuera":"CD Guijuelo","clasificado":"1","goles_local":"1","goles_visitante":"0","nomEli":"Final","nomGrupo":null},{"jornada":"148","fecha":"2021-11-10","hora_prevista":"20:30:00","grupo_id":null,"nomCasa":"Córdoba CF","nomFuera":"CD Ebro","clasificado":"1","goles_local":"1","goles_visitante":"0","nomEli":"Semifinales","nomGrupo":null},{"jornada":"148","fecha":"2021-11-10","hora_prevista":"19:30:00","grupo_id":null,"nomCasa":"SD Leioa","nomFuera":"CD Guijuelo","clasificado":"2","goles_local":"1","goles_visitante":"2","nomEli":"Semifinales","nomGrupo":null},{"jornada":"48","fecha":"2021-10-27","hora_prevista":"19:00:00","grupo_id":null,"nomCasa":"Real Racing Club","nomFuera":"SD Leioa","clasificado":"2","goles_local":"1","goles_visitante":"2","nomEli":"Cuartos de Final","nomGrupo":null},{"jornada":"48","fecha":"2021-10-27","hora_prevista":"19:00:00","grupo_id":null,"nomCasa":"CD Guijuelo","nomFuera":"Moralo CP","clasificado":"1","goles_local":"1","goles_visitante":"0","nomEli":"Cuartos de Final","nomGrupo":null},{"jornada":"48","fecha":"2021-10-27","hora_prevista":"16:30:00","grupo_id":null,"nomCasa":"CD Ebro","nomFuera":"Club Lleida Esportiu","clasificado":"1","goles_local":"0","goles_visitante":"0","nomEli":"Cuartos de Final","nomGrupo":null},{"jornada":"48","fecha":"2021-10-27","hora_prevista":"20:30:00","grupo_id":null,"nomCasa":"Xerez CD","nomFuera":"Córdoba CF","clasificado":"2","goles_local":"0","goles_visitante":"1","nomEli":"Cuartos de Final","nomGrupo":null},{"jornada":"105","fecha":"2021-10-13","hora_prevista":"20:00:00","grupo_id":null,"nomCasa":"RS Gimnástica","nomFuera":"SD Leioa","clasificado":"2","goles_local":"0","goles_visitante":"4","nomEli":"Octavos de Final","nomGrupo":null},{"jornada":"105","fecha":"2021-10-13","hora_prevista":"19:00:00","grupo_id":null,"nomCasa":"CD Guijuelo","nomFuera":"CDA Navalcarnero","clasificado":"1","goles_local":"2","goles_visitante":"1","nomEli":"Octavos de Final","nomGrupo":null},{"jornada":"105","fecha":"2021-10-13","hora_prevista":"20:30:00","grupo_id":null,"nomCasa":"AD Mérida","nomFuera":"Moralo CP","clasificado":"2","goles_local":"0","goles_visitante":"2","nomEli":"Octavos de Final","nomGrupo":null},{"jornada":"105","fecha":"2021-10-13","hora_prevista":"17:00:00","grupo_id":null,"nomCasa":"CD Ebro","nomFuera":"CD Izarra","clasificado":"1","goles_local":"1","goles_visitante":"0","nomEli":"Octavos de Final","nomGrupo":null},{"jornada":"105","fecha":"2021-10-13","hora_prevista":"17:00:00","grupo_id":null,"nomCasa":"SCR Peña Deportiva","nomFuera":"Club Lleida Esportiu","clasificado":"2","goles_local":"0","goles_visitante":"1","nomEli":"Octavos de Final","nomGrupo":null},{"jornada":"105","fecha":"2021-10-13","hora_prevista":"20:15:00","grupo_id":null,"nomCasa":"Yeclano Deportivo","nomFuera":"Xerez CD","clasificado":"2","goles_local":"0","goles_visitante":"2","nomEli":"Octavos de Final","nomGrupo":null},{"jornada":"105","fecha":"2021-10-13","hora_prevista":"20:00:00","grupo_id":null,"nomCasa":"Juventud Torremolinos CF","nomFuera":"Córdoba CF","clasificado":"2","goles_local":"1","goles_visitante":"2","nomEli":"Octavos de Final","nomGrupo":null},{"jornada":"105","fecha":"2021-10-13","hora_prevista":"20:00:00","grupo_id":null,"nomCasa":"Real Avilés CF","nomFuera":"Real Racing Club","clasificado":"2","goles_local":"0","goles_visitante":"3","nomEli":"Octavos de Final","nomGrupo":null},{"jornada":"59","fecha":"2021-10-06","hora_prevista":"20:30:00","grupo_id":null,"nomCasa":"Moralo CP","nomFuera":"SD Tenisca","clasificado":"1","goles_local":"2","goles_visitante":"1","nomEli":"Dieciseisavos de Final","nomGrupo":null},{"jornada":"59","fecha":"2021-10-06","hora_prevista":"17:00:00","grupo_id":null,"nomCasa":"RB Linense","nomFuera":"Córdoba CF","clasificado":"2","goles_local":"1","goles_visitante":"3","nomEli":"Dieciseisavos de Final","nomGrupo":null},{"jornada":"59","fecha":"2021-10-06","hora_prevista":"19:00:00","grupo_id":null,"nomCasa":"Real Racing Club","nomFuera":"Arenas Club","clasificado":"1","goles_local":"2","goles_visitante":"1","nomEli":"Dieciseisavos de Final","nomGrupo":null},{"jornada":"59","fecha":"2021-10-06","hora_prevista":"19:45:00","grupo_id":null,"nomCasa":"RS Gimnástica","nomFuera":"CD Alfaro","clasificado":"1","goles_local":"1","goles_visitante":"0","nomEli":"Dieciseisavos de Final","nomGrupo":null},{"jornada":"59","fecha":"2021-10-06","hora_prevista":"19:30:00","grupo_id":null,"nomCasa":"SD Leioa","nomFuera":"Alondras CF","clasificado":"1","goles_local":"1","goles_visitante":"0","nomEli":"Dieciseisavos de Final","nomGrupo":null},{"jornada":"59","fecha":"2021-10-06","hora_prevista":"19:00:00","grupo_id":null,"nomCasa":"CD Guijuelo","nomFuera":"CD Toledo","clasificado":"1","goles_local":"2","goles_visitante":"1","nomEli":"Dieciseisavos de Final","nomGrupo":null},{"jornada":"59","fecha":"2021-10-06","hora_prevista":"19:00:00","grupo_id":null,"nomCasa":"CDA Navalcarnero","nomFuera":"CF Villanovense","clasificado":"1","goles_local":"2","goles_visitante":"1","nomEli":"Dieciseisavos de Final","nomGrupo":null},{"jornada":"59","fecha":"2021-10-06","hora_prevista":"19:30:00","grupo_id":null,"nomCasa":"CD Numancia de Soria","nomFuera":"AD Mérida","clasificado":"2","goles_local":"0","goles_visitante":"1","nomEli":"Dieciseisavos de Final","nomGrupo":null},{"jornada":"59","fecha":"2021-10-06","hora_prevista":"17:00:00","grupo_id":null,"nomCasa":"CD Ebro","nomFuera":"Hércules de Alicante CF","clasificado":"1","goles_local":"1","goles_visitante":"0","nomEli":"Dieciseisavos de Final","nomGrupo":null},{"jornada":"59","fecha":"2021-10-06","hora_prevista":"20:00:00","grupo_id":null,"nomCasa":"CF Badalona Futur","nomFuera":"CD Izarra","clasificado":"2","goles_local":"2","goles_visitante":"2","nomEli":"Dieciseisavos de Final","nomGrupo":null},{"jornada":"59","fecha":"2021-10-06","hora_prevista":"17:00:00","grupo_id":null,"nomCasa":"Atzeneta UE","nomFuera":"SCR Peña Deportiva","clasificado":"2","goles_local":"0","goles_visitante":"2","nomEli":"Dieciseisavos de Final","nomGrupo":null},{"jornada":"59","fecha":"2021-10-06","hora_prevista":"20:00:00","grupo_id":null,"nomCasa":"Club Lleida Esportiu","nomFuera":"SD Ejea","clasificado":"1","goles_local":"3","goles_visitante":"0","nomEli":"Dieciseisavos de Final","nomGrupo":null},{"jornada":"59","fecha":"2021-10-06","hora_prevista":"20:15:00","grupo_id":null,"nomCasa":"Yeclano Deportivo","nomFuera":"UD Melilla","clasificado":"1","goles_local":"3","goles_visitante":"2","nomEli":"Dieciseisavos de Final","nomGrupo":null},{"jornada":"59","fecha":"2021-10-06","hora_prevista":"20:30:00","grupo_id":null,"nomCasa":"Real Murcia CF","nomFuera":"Xerez CD","clasificado":"2","goles_local":"0","goles_visitante":"1","nomEli":"Dieciseisavos de Final","nomGrupo":null},{"jornada":"59","fecha":"2021-10-06","hora_prevista":"18:15:00","grupo_id":null,"nomCasa":"CD Betis de Hadú","nomFuera":"Juventud Torremolinos CF","clasificado":"2","goles_local":"0","goles_visitante":"5","nomEli":"Dieciseisavos de Final","nomGrupo":null},{"jornada":"59","fecha":"2021-10-06","hora_prevista":"19:30:00","grupo_id":null,"nomCasa":"UP Langreo","nomFuera":"Real Avilés CF","clasificado":"2","goles_local":"0","goles_visitante":"1","nomEli":"Dieciseisavos de Final","nomGrupo":null}]