[{"jornada":"84","fecha":"2022-06-01","hora_prevista":"18:00:00","grupo_id":null,"nomCasa":"Francia","nomFuera":"Países Bajos","clasificado":"1","goles_local":"2","goles_visitante":"1","nomEli":"Final","nomGrupo":null},{"jornada":"148","fecha":"2022-05-29","hora_prevista":"20:00:00","grupo_id":null,"nomCasa":"Países Bajos","nomFuera":"Serbia","clasificado":"1","goles_local":"2","goles_visitante":"2","nomEli":"Semifinales","nomGrupo":null},{"jornada":"148","fecha":"2022-05-29","hora_prevista":"16:30:00","grupo_id":null,"nomCasa":"Francia","nomFuera":"Portugal","clasificado":"1","goles_local":"2","goles_visitante":"2","nomEli":"Semifinales","nomGrupo":null},{"jornada":"48","fecha":"2022-05-26","hora_prevista":"19:00:00","grupo_id":null,"nomCasa":"España","nomFuera":"Portugal","clasificado":"2","goles_local":"1","goles_visitante":"2","nomEli":"Cuartos de Final","nomGrupo":null},{"jornada":"48","fecha":"2022-05-26","hora_prevista":"16:30:00","grupo_id":null,"nomCasa":"Dinamarca","nomFuera":"Serbia","clasificado":"2","goles_local":"1","goles_visitante":"2","nomEli":"Cuartos de Final","nomGrupo":null},{"jornada":"48","fecha":"2022-05-25","hora_prevista":"19:00:00","grupo_id":null,"nomCasa":"Países Bajos","nomFuera":"Italia","clasificado":"1","goles_local":"2","goles_visitante":"1","nomEli":"Cuartos de Final","nomGrupo":null},{"jornada":"48","fecha":"2022-05-25","hora_prevista":"16:30:00","grupo_id":null,"nomCasa":"Alemania","nomFuera":"Francia","clasificado":"2","goles_local":"1","goles_visitante":"1","nomEli":"Cuartos de Final","nomGrupo":null},{"jornada":"106","fecha":"2022-05-23","hora_prevista":"16:30:00","grupo_id":"17","nomCasa":"Bélgica","nomFuera":"Turquía","clasificado":"0","goles_local":"3","goles_visitante":"1","nomEli":"Octavos de Final","nomGrupo":"Grupo C"},{"jornada":"106","fecha":"2022-05-23","hora_prevista":"16:30:00","grupo_id":"17","nomCasa":"España","nomFuera":"Serbia","clasificado":"0","goles_local":"1","goles_visitante":"1","nomEli":"Octavos de Final","nomGrupo":"Grupo C"},{"jornada":"106","fecha":"2022-05-23","hora_prevista":"19:00:00","grupo_id":"18","nomCasa":"Portugal","nomFuera":"Dinamarca","clasificado":"0","goles_local":"1","goles_visitante":"3","nomEli":"Octavos de Final","nomGrupo":"Grupo D"},{"jornada":"106","fecha":"2022-05-23","hora_prevista":"19:00:00","grupo_id":"18","nomCasa":"Suecia","nomFuera":"Escocia","clasificado":"0","goles_local":"1","goles_visitante":"0","nomEli":"Octavos de Final","nomGrupo":"Grupo D"},{"jornada":"106","fecha":"2022-05-22","hora_prevista":"16:30:00","grupo_id":"16","nomCasa":"Polonia","nomFuera":"Bulgaria","clasificado":"0","goles_local":"1","goles_visitante":"1","nomEli":"Octavos de Final","nomGrupo":"Grupo B"},{"jornada":"106","fecha":"2022-05-22","hora_prevista":"16:30:00","grupo_id":"16","nomCasa":"Países Bajos","nomFuera":"Francia","clasificado":"0","goles_local":"3","goles_visitante":"1","nomEli":"Octavos de Final","nomGrupo":"Grupo B"},{"jornada":"106","fecha":"2022-05-22","hora_prevista":"19:00:00","grupo_id":"15","nomCasa":"Luxemburgo","nomFuera":"Italia","clasificado":"0","goles_local":"0","goles_visitante":"1","nomEli":"Octavos de Final","nomGrupo":"Grupo A"},{"jornada":"106","fecha":"2022-05-22","hora_prevista":"19:00:00","grupo_id":"15","nomCasa":"Alemania","nomFuera":"Israel","clasificado":"0","goles_local":"3","goles_visitante":"0","nomEli":"Octavos de Final","nomGrupo":"Grupo A"},{"jornada":"106","fecha":"2022-05-20","hora_prevista":"13:30:00","grupo_id":"17","nomCasa":"Serbia","nomFuera":"Turquía","clasificado":"0","goles_local":"2","goles_visitante":"1","nomEli":"Octavos de Final","nomGrupo":"Grupo C"},{"jornada":"106","fecha":"2022-05-20","hora_prevista":"15:30:00","grupo_id":"17","nomCasa":"España","nomFuera":"Bélgica","clasificado":"0","goles_local":"2","goles_visitante":"0","nomEli":"Octavos de Final","nomGrupo":"Grupo C"},{"jornada":"106","fecha":"2022-05-20","hora_prevista":"13:30:00","grupo_id":"18","nomCasa":"Dinamarca","nomFuera":"Escocia","clasificado":"0","goles_local":"3","goles_visitante":"1","nomEli":"Octavos de Final","nomGrupo":"Grupo D"},{"jornada":"106","fecha":"2022-05-20","hora_prevista":"15:30:00","grupo_id":"18","nomCasa":"Portugal","nomFuera":"Suecia","clasificado":"0","goles_local":"4","goles_visitante":"2","nomEli":"Octavos de Final","nomGrupo":"Grupo D"},{"jornada":"106","fecha":"2022-05-19","hora_prevista":"16:30:00","grupo_id":"15","nomCasa":"Alemania","nomFuera":"Luxemburgo","clasificado":"0","goles_local":"3","goles_visitante":"0","nomEli":"Octavos de Final","nomGrupo":"Grupo A"},{"jornada":"106","fecha":"2022-05-19","hora_prevista":"19:00:00","grupo_id":"15","nomCasa":"Israel","nomFuera":"Italia","clasificado":"0","goles_local":"0","goles_visitante":"1","nomEli":"Octavos de Final","nomGrupo":"Grupo A"},{"jornada":"106","fecha":"2022-05-19","hora_prevista":"16:30:00","grupo_id":"16","nomCasa":"Países Bajos","nomFuera":"Polonia","clasificado":"0","goles_local":"2","goles_visitante":"1","nomEli":"Octavos de Final","nomGrupo":"Grupo B"},{"jornada":"106","fecha":"2022-05-19","hora_prevista":"19:00:00","grupo_id":"16","nomCasa":"Francia","nomFuera":"Bulgaria","clasificado":"0","goles_local":"4","goles_visitante":"0","nomEli":"Octavos de Final","nomGrupo":"Grupo B"},{"jornada":"106","fecha":"2022-05-17","hora_prevista":"19:00:00","grupo_id":"18","nomCasa":"Escocia","nomFuera":"Portugal","clasificado":"0","goles_local":"1","goles_visitante":"5","nomEli":"Octavos de Final","nomGrupo":"Grupo D"},{"jornada":"106","fecha":"2022-05-17","hora_prevista":"16:30:00","grupo_id":"18","nomCasa":"Dinamarca","nomFuera":"Suecia","clasificado":"0","goles_local":"1","goles_visitante":"2","nomEli":"Octavos de Final","nomGrupo":"Grupo D"},{"jornada":"106","fecha":"2022-05-17","hora_prevista":"19:00:00","grupo_id":"17","nomCasa":"Turquía","nomFuera":"España","clasificado":"0","goles_local":"0","goles_visitante":"2","nomEli":"Octavos de Final","nomGrupo":"Grupo C"},{"jornada":"106","fecha":"2022-05-17","hora_prevista":"16:30:00","grupo_id":"17","nomCasa":"Serbia","nomFuera":"Bélgica","clasificado":"0","goles_local":"1","goles_visitante":"1","nomEli":"Octavos de Final","nomGrupo":"Grupo C"},{"jornada":"106","fecha":"2022-05-16","hora_prevista":"16:30:00","grupo_id":"15","nomCasa":"Italia","nomFuera":"Alemania","clasificado":"0","goles_local":"2","goles_visitante":"3","nomEli":"Octavos de Final","nomGrupo":"Grupo A"},{"jornada":"106","fecha":"2022-05-16","hora_prevista":"19:00:00","grupo_id":"15","nomCasa":"Israel","nomFuera":"Luxemburgo","clasificado":"0","goles_local":"3","goles_visitante":"0","nomEli":"Octavos de Final","nomGrupo":"Grupo A"},{"jornada":"106","fecha":"2022-05-16","hora_prevista":"16:30:00","grupo_id":"16","nomCasa":"Francia","nomFuera":"Polonia","clasificado":"0","goles_local":"6","goles_visitante":"1","nomEli":"Octavos de Final","nomGrupo":"Grupo B"},{"jornada":"106","fecha":"2022-05-16","hora_prevista":"19:00:00","grupo_id":"16","nomCasa":"Bulgaria","nomFuera":"Países Bajos","clasificado":"0","goles_local":"1","goles_visitante":"3","nomEli":"Octavos de Final","nomGrupo":"Grupo B"},{"jornada":"10","fecha":"2022-04-26","hora_prevista":"15:00:00","grupo_id":"11","nomCasa":"Polonia","nomFuera":"Kosovo","clasificado":"0","goles_local":"2","goles_visitante":"1","nomEli":"Ronda Élite","nomGrupo":"Grupo 6"},{"jornada":"10","fecha":"2022-04-26","hora_prevista":"15:00:00","grupo_id":"11","nomCasa":"Ucrania","nomFuera":"Italia","clasificado":"0","goles_local":"1","goles_visitante":"3","nomEli":"Ronda Élite","nomGrupo":"Grupo 6"},{"jornada":"10","fecha":"2022-04-23","hora_prevista":"15:00:00","grupo_id":"11","nomCasa":"Italia","nomFuera":"Kosovo","clasificado":"0","goles_local":"1","goles_visitante":"0","nomEli":"Ronda Élite","nomGrupo":"Grupo 6"},{"jornada":"10","fecha":"2022-04-23","hora_prevista":"12:00:00","grupo_id":"11","nomCasa":"Ucrania","nomFuera":"Polonia","clasificado":"0","goles_local":"2","goles_visitante":"3","nomEli":"Ronda Élite","nomGrupo":"Grupo 6"},{"jornada":"10","fecha":"2022-04-20","hora_prevista":"15:00:00","grupo_id":"11","nomCasa":"Italia","nomFuera":"Polonia","clasificado":"0","goles_local":"1","goles_visitante":"0","nomEli":"Ronda Élite","nomGrupo":"Grupo 6"},{"jornada":"10","fecha":"2022-04-20","hora_prevista":"12:00:00","grupo_id":"11","nomCasa":"Kosovo","nomFuera":"Ucrania","clasificado":"0","goles_local":"0","goles_visitante":"2","nomEli":"Ronda Élite","nomGrupo":"Grupo 6"},{"jornada":"10","fecha":"2022-03-30","hora_prevista":"16:00:00","grupo_id":"2","nomCasa":"Grecia","nomFuera":"Países Bajos","clasificado":"0","goles_local":"0","goles_visitante":"0","nomEli":"Ronda Élite","nomGrupo":"Grupo 1"},{"jornada":"10","fecha":"2022-03-30","hora_prevista":"16:00:00","grupo_id":"2","nomCasa":"Hungría","nomFuera":"Eslovaquia","clasificado":"0","goles_local":"3","goles_visitante":"1","nomEli":"Ronda Élite","nomGrupo":"Grupo 1"},{"jornada":"10","fecha":"2022-03-29","hora_prevista":"14:00:00","grupo_id":"7","nomCasa":"Dinamarca","nomFuera":"Suiza","clasificado":"0","goles_local":"5","goles_visitante":"0","nomEli":"Ronda Élite","nomGrupo":"Grupo 2"},{"jornada":"10","fecha":"2022-03-29","hora_prevista":"14:00:00","grupo_id":"7","nomCasa":"Letonia","nomFuera":"Suecia","clasificado":"0","goles_local":"0","goles_visitante":"0","nomEli":"Ronda Élite","nomGrupo":"Grupo 2"},{"jornada":"10","fecha":"2022-03-29","hora_prevista":"15:00:00","grupo_id":"9","nomCasa":"Estonia","nomFuera":"España","clasificado":"0","goles_local":"0","goles_visitante":"4","nomEli":"Ronda Élite","nomGrupo":"Grupo 4"},{"jornada":"10","fecha":"2022-03-29","hora_prevista":"15:00:00","grupo_id":"9","nomCasa":"Bosnia y Herzegovina","nomFuera":"Bélgica","clasificado":"0","goles_local":"0","goles_visitante":"6","nomEli":"Ronda Élite","nomGrupo":"Grupo 4"},{"jornada":"10","fecha":"2022-03-29","hora_prevista":"16:00:00","grupo_id":"12","nomCasa":"Turquía","nomFuera":"Eslovenia","clasificado":"0","goles_local":"4","goles_visitante":"3","nomEli":"Ronda Élite","nomGrupo":"Grupo 7"},{"jornada":"10","fecha":"2022-03-29","hora_prevista":"16:00:00","grupo_id":"12","nomCasa":"Gales","nomFuera":"Serbia","clasificado":"0","goles_local":"2","goles_visitante":"4","nomEli":"Ronda Élite","nomGrupo":"Grupo 7"},{"jornada":"10","fecha":"2022-03-29","hora_prevista":"16:00:00","grupo_id":"13","nomCasa":"Irlanda","nomFuera":"Bulgaria","clasificado":"0","goles_local":"2","goles_visitante":"2","nomEli":"Ronda Élite","nomGrupo":"Grupo 8"},{"jornada":"10","fecha":"2022-03-29","hora_prevista":"16:00:00","grupo_id":"13","nomCasa":"Finlandia","nomFuera":"Portugal","clasificado":"0","goles_local":"1","goles_visitante":"9","nomEli":"Ronda Élite","nomGrupo":"Grupo 8"},{"jornada":"10","fecha":"2022-03-29","hora_prevista":"18:00:00","grupo_id":"10","nomCasa":"Inglaterra","nomFuera":"Luxemburgo","clasificado":"0","goles_local":"0","goles_visitante":"2","nomEli":"Ronda Élite","nomGrupo":"Grupo 5"},{"jornada":"10","fecha":"2022-03-29","hora_prevista":"18:30:00","grupo_id":"8","nomCasa":"Chequia","nomFuera":"Alemania","clasificado":"0","goles_local":"2","goles_visitante":"5","nomEli":"Ronda Élite","nomGrupo":"Grupo 3"},{"jornada":"10","fecha":"2022-03-29","hora_prevista":"18:30:00","grupo_id":"8","nomCasa":"Georgia","nomFuera":"Escocia","clasificado":"0","goles_local":"1","goles_visitante":"6","nomEli":"Ronda Élite","nomGrupo":"Grupo 3"},{"jornada":"10","fecha":"2022-03-27","hora_prevista":"12:00:00","grupo_id":"2","nomCasa":"Grecia","nomFuera":"Hungría","clasificado":"0","goles_local":"1","goles_visitante":"1","nomEli":"Ronda Élite","nomGrupo":"Grupo 1"},{"jornada":"10","fecha":"2022-03-27","hora_prevista":"16:00:00","grupo_id":"2","nomCasa":"Países Bajos","nomFuera":"Eslovaquia","clasificado":"0","goles_local":"1","goles_visitante":"1","nomEli":"Ronda Élite","nomGrupo":"Grupo 1"},{"jornada":"10","fecha":"2022-03-26","hora_prevista":"12:00:00","grupo_id":"12","nomCasa":"Eslovenia","nomFuera":"Serbia","clasificado":"0","goles_local":"2","goles_visitante":"2","nomEli":"Ronda Élite","nomGrupo":"Grupo 7"},{"jornada":"10","fecha":"2022-03-26","hora_prevista":"12:00:00","grupo_id":"13","nomCasa":"Irlanda","nomFuera":"Finlandia","clasificado":"0","goles_local":"2","goles_visitante":"3","nomEli":"Ronda Élite","nomGrupo":"Grupo 8"},{"jornada":"10","fecha":"2022-03-26","hora_prevista":"13:00:00","grupo_id":"7","nomCasa":"Suiza","nomFuera":"Suecia","clasificado":"0","goles_local":"0","goles_visitante":"2","nomEli":"Ronda Élite","nomGrupo":"Grupo 2"},{"jornada":"10","fecha":"2022-03-26","hora_prevista":"13:00:00","grupo_id":"8","nomCasa":"Alemania","nomFuera":"Escocia","clasificado":"0","goles_local":"4","goles_visitante":"0","nomEli":"Ronda Élite","nomGrupo":"Grupo 3"},{"jornada":"10","fecha":"2022-03-26","hora_prevista":"15:00:00","grupo_id":"9","nomCasa":"España","nomFuera":"Bélgica","clasificado":"0","goles_local":"1","goles_visitante":"0","nomEli":"Ronda Élite","nomGrupo":"Grupo 4"},{"jornada":"10","fecha":"2022-03-26","hora_prevista":"15:00:00","grupo_id":"9","nomCasa":"Estonia","nomFuera":"Bosnia y Herzegovina","clasificado":"0","goles_local":"1","goles_visitante":"2","nomEli":"Ronda Élite","nomGrupo":"Grupo 4"},{"jornada":"10","fecha":"2022-03-26","hora_prevista":"16:00:00","grupo_id":"10","nomCasa":"Francia","nomFuera":"Inglaterra","clasificado":"0","goles_local":"3","goles_visitante":"1","nomEli":"Ronda Élite","nomGrupo":"Grupo 5"},{"jornada":"10","fecha":"2022-03-26","hora_prevista":"16:00:00","grupo_id":"12","nomCasa":"Turquía","nomFuera":"Gales","clasificado":"0","goles_local":"5","goles_visitante":"2","nomEli":"Ronda Élite","nomGrupo":"Grupo 7"},{"jornada":"10","fecha":"2022-03-26","hora_prevista":"17:00:00","grupo_id":"13","nomCasa":"Bulgaria","nomFuera":"Portugal","clasificado":"0","goles_local":"1","goles_visitante":"2","nomEli":"Ronda Élite","nomGrupo":"Grupo 8"},{"jornada":"10","fecha":"2022-03-26","hora_prevista":"19:00:00","grupo_id":"7","nomCasa":"Dinamarca","nomFuera":"Letonia","clasificado":"0","goles_local":"3","goles_visitante":"2","nomEli":"Ronda Élite","nomGrupo":"Grupo 2"},{"jornada":"10","fecha":"2022-03-26","hora_prevista":"19:00:00","grupo_id":"8","nomCasa":"Chequia","nomFuera":"Georgia","clasificado":"0","goles_local":"1","goles_visitante":"2","nomEli":"Ronda Élite","nomGrupo":"Grupo 3"},{"jornada":"10","fecha":"2022-03-24","hora_prevista":"16:00:00","grupo_id":"2","nomCasa":"Países Bajos","nomFuera":"Hungría","clasificado":"0","goles_local":"2","goles_visitante":"0","nomEli":"Ronda Élite","nomGrupo":"Grupo 1"},{"jornada":"10","fecha":"2022-03-24","hora_prevista":"19:00:00","grupo_id":"2","nomCasa":"Eslovaquia","nomFuera":"Grecia","clasificado":"0","goles_local":"1","goles_visitante":"1","nomEli":"Ronda Élite","nomGrupo":"Grupo 1"},{"jornada":"10","fecha":"2022-03-23","hora_prevista":"13:00:00","grupo_id":"7","nomCasa":"Suiza","nomFuera":"Letonia","clasificado":"0","goles_local":"1","goles_visitante":"0","nomEli":"Ronda Élite","nomGrupo":"Grupo 2"},{"jornada":"10","fecha":"2022-03-23","hora_prevista":"13:00:00","grupo_id":"8","nomCasa":"Escocia","nomFuera":"Chequia","clasificado":"0","goles_local":"2","goles_visitante":"2","nomEli":"Ronda Élite","nomGrupo":"Grupo 3"},{"jornada":"10","fecha":"2022-03-23","hora_prevista":"15:00:00","grupo_id":"9","nomCasa":"España","nomFuera":"Bosnia y Herzegovina","clasificado":"0","goles_local":"4","goles_visitante":"1","nomEli":"Ronda Élite","nomGrupo":"Grupo 4"},{"jornada":"10","fecha":"2022-03-23","hora_prevista":"15:00:00","grupo_id":"9","nomCasa":"Bélgica","nomFuera":"Estonia","clasificado":"0","goles_local":"8","goles_visitante":"1","nomEli":"Ronda Élite","nomGrupo":"Grupo 4"},{"jornada":"10","fecha":"2022-03-23","hora_prevista":"16:00:00","grupo_id":"12","nomCasa":"Serbia","nomFuera":"Turquía","clasificado":"0","goles_local":"3","goles_visitante":"2","nomEli":"Ronda Élite","nomGrupo":"Grupo 7"},{"jornada":"10","fecha":"2022-03-23","hora_prevista":"16:00:00","grupo_id":"13","nomCasa":"Portugal","nomFuera":"Irlanda","clasificado":"0","goles_local":"4","goles_visitante":"1","nomEli":"Ronda Élite","nomGrupo":"Grupo 8"},{"jornada":"10","fecha":"2022-03-23","hora_prevista":"18:00:00","grupo_id":"10","nomCasa":"Luxemburgo","nomFuera":"Francia","clasificado":"0","goles_local":"0","goles_visitante":"2","nomEli":"Ronda Élite","nomGrupo":"Grupo 5"},{"jornada":"10","fecha":"2022-03-23","hora_prevista":"19:00:00","grupo_id":"7","nomCasa":"Suecia","nomFuera":"Dinamarca","clasificado":"0","goles_local":"2","goles_visitante":"2","nomEli":"Ronda Élite","nomGrupo":"Grupo 2"},{"jornada":"10","fecha":"2022-03-23","hora_prevista":"19:00:00","grupo_id":"8","nomCasa":"Alemania","nomFuera":"Georgia","clasificado":"0","goles_local":"3","goles_visitante":"0","nomEli":"Ronda Élite","nomGrupo":"Grupo 3"},{"jornada":"10","fecha":"2022-03-23","hora_prevista":"12:00:00","grupo_id":"13","nomCasa":"Bulgaria","nomFuera":"Finlandia","clasificado":"0","goles_local":"1","goles_visitante":"0","nomEli":"Ronda Élite","nomGrupo":"Grupo 8"},{"jornada":"10","fecha":"2022-03-23","hora_prevista":"12:00:00","grupo_id":"12","nomCasa":"Eslovenia","nomFuera":"Gales","clasificado":"0","goles_local":"5","goles_visitante":"0","nomEli":"Ronda Élite","nomGrupo":"Grupo 7"},{"jornada":"6","fecha":"2021-11-23","hora_prevista":"18:00:00","grupo_id":"7","nomCasa":"Suecia","nomFuera":"Letonia","clasificado":"0","goles_local":"2","goles_visitante":"2","nomEli":" Ronda de Clasificación","nomGrupo":"Grupo 2"},{"jornada":"6","fecha":"2021-11-16","hora_prevista":"16:00:00","grupo_id":"4","nomCasa":"Ucrania","nomFuera":"Portugal","clasificado":"0","goles_local":"3","goles_visitante":"2","nomEli":" Ronda de Clasificación","nomGrupo":"Grupo 11"},{"jornada":"6","fecha":"2021-11-16","hora_prevista":"16:00:00","grupo_id":"4","nomCasa":"Kazajistán","nomFuera":"Gales","clasificado":"0","goles_local":"1","goles_visitante":"1","nomEli":" Ronda de Clasificación","nomGrupo":"Grupo 11"},{"jornada":"6","fecha":"2021-11-13","hora_prevista":"18:00:00","grupo_id":"4","nomCasa":"Portugal","nomFuera":"Gales","clasificado":"0","goles_local":"2","goles_visitante":"0","nomEli":" Ronda de Clasificación","nomGrupo":"Grupo 11"},{"jornada":"6","fecha":"2021-11-13","hora_prevista":"18:00:00","grupo_id":"4","nomCasa":"Ucrania","nomFuera":"Kazajistán","clasificado":"0","goles_local":"3","goles_visitante":"0","nomEli":" Ronda de Clasificación","nomGrupo":"Grupo 11"},{"jornada":"6","fecha":"2021-11-10","hora_prevista":"18:00:00","grupo_id":"4","nomCasa":"Portugal","nomFuera":"Kazajistán","clasificado":"0","goles_local":"5","goles_visitante":"0","nomEli":" Ronda de Clasificación","nomGrupo":"Grupo 11"},{"jornada":"6","fecha":"2021-11-10","hora_prevista":"18:00:00","grupo_id":"4","nomCasa":"Gales","nomFuera":"Ucrania","clasificado":"0","goles_local":"3","goles_visitante":"1","nomEli":" Ronda de Clasificación","nomGrupo":"Grupo 11"},{"jornada":"6","fecha":"2021-11-02","hora_prevista":"16:00:00","grupo_id":"5","nomCasa":"Albania","nomFuera":"Irlanda del Norte","clasificado":"0","goles_local":"2","goles_visitante":"2","nomEli":" Ronda de Clasificación","nomGrupo":"Grupo 12"},{"jornada":"6","fecha":"2021-11-02","hora_prevista":"16:00:00","grupo_id":"5","nomCasa":"Escocia","nomFuera":"Italia","clasificado":"0","goles_local":"0","goles_visitante":"3","nomEli":" Ronda de Clasificación","nomGrupo":"Grupo 12"},{"jornada":"6","fecha":"2021-11-01","hora_prevista":"14:00:00","grupo_id":"13","nomCasa":"Grecia","nomFuera":"Francia","clasificado":"0","goles_local":"1","goles_visitante":"0","nomEli":" Ronda de Clasificación","nomGrupo":"Grupo 8"},{"jornada":"6","fecha":"2021-11-01","hora_prevista":"14:00:00","grupo_id":"13","nomCasa":"Moldavia","nomFuera":"Chipre","clasificado":"0","goles_local":"0","goles_visitante":"1","nomEli":" Ronda de Clasificación","nomGrupo":"Grupo 8"},{"jornada":"6","fecha":"2021-10-31","hora_prevista":"12:00:00","grupo_id":"7","nomCasa":"Lituania","nomFuera":"Letonia","clasificado":"0","goles_local":"1","goles_visitante":"4","nomEli":" Ronda de Clasificación","nomGrupo":"Grupo 2"},{"jornada":"6","fecha":"2021-10-30","hora_prevista":"16:00:00","grupo_id":"5","nomCasa":"Italia","nomFuera":"Irlanda del Norte","clasificado":"0","goles_local":"2","goles_visitante":"0","nomEli":" Ronda de Clasificación","nomGrupo":"Grupo 12"},{"jornada":"6","fecha":"2021-10-30","hora_prevista":"20:00:00","grupo_id":"5","nomCasa":"Escocia","nomFuera":"Albania","clasificado":"0","goles_local":"3","goles_visitante":"2","nomEli":" Ronda de Clasificación","nomGrupo":"Grupo 12"},{"jornada":"6","fecha":"2021-10-29","hora_prevista":"14:00:00","grupo_id":"13","nomCasa":"Grecia","nomFuera":"Moldavia","clasificado":"0","goles_local":"0","goles_visitante":"0","nomEli":" Ronda de Clasificación","nomGrupo":"Grupo 8"},{"jornada":"6","fecha":"2021-10-29","hora_prevista":"13:00:00","grupo_id":"13","nomCasa":"Francia","nomFuera":"Chipre","clasificado":"0","goles_local":"1","goles_visitante":"1","nomEli":" Ronda de Clasificación","nomGrupo":"Grupo 8"},{"jornada":"6","fecha":"2021-10-28","hora_prevista":"17:00:00","grupo_id":"9","nomCasa":"Estonia","nomFuera":"Georgia","clasificado":"0","goles_local":"1","goles_visitante":"0","nomEli":" Ronda de Clasificación","nomGrupo":"Grupo 4"},{"jornada":"6","fecha":"2021-10-28","hora_prevista":"17:00:00","grupo_id":"9","nomCasa":"Islandia","nomFuera":"Hungría","clasificado":"0","goles_local":"0","goles_visitante":"0","nomEli":" Ronda de Clasificación","nomGrupo":"Grupo 4"},{"jornada":"6","fecha":"2021-10-27","hora_prevista":"14:00:00","grupo_id":"3","nomCasa":"Liechtenstein","nomFuera":"Bulgaria","clasificado":"0","goles_local":"0","goles_visitante":"5","nomEli":" Ronda de Clasificación","nomGrupo":"Grupo 10"},{"jornada":"6","fecha":"2021-10-27","hora_prevista":"16:00:00","grupo_id":"5","nomCasa":"Irlanda del Norte","nomFuera":"Escocia","clasificado":"0","goles_local":"2","goles_visitante":"3","nomEli":" Ronda de Clasificación","nomGrupo":"Grupo 12"},{"jornada":"6","fecha":"2021-10-27","hora_prevista":"20:00:00","grupo_id":"5","nomCasa":"Italia","nomFuera":"Albania","clasificado":"0","goles_local":"5","goles_visitante":"0","nomEli":" Ronda de Clasificación","nomGrupo":"Grupo 12"},{"jornada":"6","fecha":"2021-10-27","hora_prevista":"14:00:00","grupo_id":"3","nomCasa":"Croacia","nomFuera":"Serbia","clasificado":"0","goles_local":"0","goles_visitante":"1","nomEli":" Ronda de Clasificación","nomGrupo":"Grupo 10"},{"jornada":"6","fecha":"2021-10-26","hora_prevista":"17:00:00","grupo_id":"11","nomCasa":"Rusia","nomFuera":"Alemania","clasificado":"0","goles_local":"1","goles_visitante":"2","nomEli":" Ronda de Clasificación","nomGrupo":"Grupo 6"},{"jornada":"6","fecha":"2021-10-26","hora_prevista":"17:00:00","grupo_id":"11","nomCasa":"San Marino","nomFuera":"Rumanía","clasificado":"0","goles_local":"0","goles_visitante":"5","nomEli":" Ronda de Clasificación","nomGrupo":"Grupo 6"},{"jornada":"6","fecha":"2021-10-26","hora_prevista":"14:00:00","grupo_id":"13","nomCasa":"Chipre","nomFuera":"Grecia","clasificado":"0","goles_local":"0","goles_visitante":"3","nomEli":" Ronda de Clasificación","nomGrupo":"Grupo 8"},{"jornada":"6","fecha":"2021-10-26","hora_prevista":"13:00:00","grupo_id":"13","nomCasa":"Francia","nomFuera":"Moldavia","clasificado":"0","goles_local":"3","goles_visitante":"0","nomEli":" Ronda de Clasificación","nomGrupo":"Grupo 8"},{"jornada":"6","fecha":"2021-10-25","hora_prevista":"17:00:00","grupo_id":"9","nomCasa":"Islandia","nomFuera":"Estonia","clasificado":"0","goles_local":"1","goles_visitante":"2","nomEli":" Ronda de Clasificación","nomGrupo":"Grupo 4"},{"jornada":"6","fecha":"2021-10-25","hora_prevista":"17:00:00","grupo_id":"9","nomCasa":"Hungría","nomFuera":"Georgia","clasificado":"0","goles_local":"0","goles_visitante":"1","nomEli":" Ronda de Clasificación","nomGrupo":"Grupo 4"},{"jornada":"6","fecha":"2021-10-24","hora_prevista":"12:00:00","grupo_id":"3","nomCasa":"Croacia","nomFuera":"Liechtenstein","clasificado":"0","goles_local":"3","goles_visitante":"0","nomEli":" Ronda de Clasificación","nomGrupo":"Grupo 10"},{"jornada":"6","fecha":"2021-10-24","hora_prevista":"18:00:00","grupo_id":"3","nomCasa":"Serbia","nomFuera":"Bulgaria","clasificado":"0","goles_local":"0","goles_visitante":"2","nomEli":" Ronda de Clasificación","nomGrupo":"Grupo 10"},{"jornada":"6","fecha":"2021-10-23","hora_prevista":"14:00:00","grupo_id":"11","nomCasa":"Rusia","nomFuera":"San Marino","clasificado":"0","goles_local":"6","goles_visitante":"1","nomEli":" Ronda de Clasificación","nomGrupo":"Grupo 6"},{"jornada":"6","fecha":"2021-10-23","hora_prevista":"18:00:00","grupo_id":"11","nomCasa":"Alemania","nomFuera":"Rumanía","clasificado":"0","goles_local":"5","goles_visitante":"0","nomEli":" Ronda de Clasificación","nomGrupo":"Grupo 6"},{"jornada":"6","fecha":"2021-10-22","hora_prevista":"16:00:00","grupo_id":"6","nomCasa":"Eslovaquia","nomFuera":"Inglaterra","clasificado":"0","goles_local":"2","goles_visitante":"2","nomEli":" Ronda de Clasificación","nomGrupo":"Grupo 13"},{"jornada":"6","fecha":"2021-10-22","hora_prevista":"17:00:00","grupo_id":"9","nomCasa":"Hungría","nomFuera":"Estonia","clasificado":"0","goles_local":"3","goles_visitante":"0","nomEli":" Ronda de Clasificación","nomGrupo":"Grupo 4"},{"jornada":"6","fecha":"2021-10-22","hora_prevista":"16:00:00","grupo_id":"6","nomCasa":"Armenia","nomFuera":"Bielorrusia","clasificado":"0","goles_local":"0","goles_visitante":"2","nomEli":" Ronda de Clasificación","nomGrupo":"Grupo 13"},{"jornada":"6","fecha":"2021-10-22","hora_prevista":"17:00:00","grupo_id":"9","nomCasa":"Georgia","nomFuera":"Islandia","clasificado":"0","goles_local":"1","goles_visitante":"1","nomEli":" Ronda de Clasificación","nomGrupo":"Grupo 4"},{"jornada":"6","fecha":"2021-10-21","hora_prevista":"18:00:00","grupo_id":"3","nomCasa":"Serbia","nomFuera":"Liechtenstein","clasificado":"0","goles_local":"11","goles_visitante":"0","nomEli":" Ronda de Clasificación","nomGrupo":"Grupo 10"},{"jornada":"6","fecha":"2021-10-21","hora_prevista":"12:00:00","grupo_id":"3","nomCasa":"Bulgaria","nomFuera":"Croacia","clasificado":"0","goles_local":"1","goles_visitante":"0","nomEli":" Ronda de Clasificación","nomGrupo":"Grupo 10"},{"jornada":"6","fecha":"2021-10-20","hora_prevista":"18:00:00","grupo_id":"11","nomCasa":"Rumanía","nomFuera":"Rusia","clasificado":"0","goles_local":"0","goles_visitante":"2","nomEli":" Ronda de Clasificación","nomGrupo":"Grupo 6"},{"jornada":"6","fecha":"2021-10-20","hora_prevista":"14:00:00","grupo_id":"11","nomCasa":"Alemania","nomFuera":"San Marino","clasificado":"0","goles_local":"11","goles_visitante":"0","nomEli":" Ronda de Clasificación","nomGrupo":"Grupo 6"},{"jornada":"6","fecha":"2021-10-19","hora_prevista":"17:00:00","grupo_id":"6","nomCasa":"Inglaterra","nomFuera":"Bielorrusia","clasificado":"0","goles_local":"1","goles_visitante":"0","nomEli":" Ronda de Clasificación","nomGrupo":"Grupo 13"},{"jornada":"6","fecha":"2021-10-19","hora_prevista":"14:00:00","grupo_id":"6","nomCasa":"Eslovaquia","nomFuera":"Armenia","clasificado":"0","goles_local":"5","goles_visitante":"0","nomEli":" Ronda de Clasificación","nomGrupo":"Grupo 13"},{"jornada":"6","fecha":"2021-10-16","hora_prevista":"16:00:00","grupo_id":"6","nomCasa":"Bielorrusia","nomFuera":"Eslovaquia","clasificado":"0","goles_local":"0","goles_visitante":"0","nomEli":" Ronda de Clasificación","nomGrupo":"Grupo 13"},{"jornada":"6","fecha":"2021-10-16","hora_prevista":"14:00:00","grupo_id":"6","nomCasa":"Inglaterra","nomFuera":"Armenia","clasificado":"0","goles_local":"7","goles_visitante":"0","nomEli":" Ronda de Clasificación","nomGrupo":"Grupo 13"},{"jornada":"6","fecha":"2021-10-13","hora_prevista":"13:00:00","grupo_id":"12","nomCasa":"Gibraltar","nomFuera":"Finlandia","clasificado":"0","goles_local":"0","goles_visitante":"4","nomEli":" Ronda de Clasificación","nomGrupo":"Grupo 7"},{"jornada":"6","fecha":"2021-10-13","hora_prevista":"13:00:00","grupo_id":"12","nomCasa":"Suiza","nomFuera":"Bosnia y Herzegovina","clasificado":"0","goles_local":"1","goles_visitante":"0","nomEli":" Ronda de Clasificación","nomGrupo":"Grupo 7"},{"jornada":"6","fecha":"2021-10-13","hora_prevista":"14:00:00","grupo_id":"10","nomCasa":"Andorra","nomFuera":"Macedonia del Norte","clasificado":"0","goles_local":"0","goles_visitante":"6","nomEli":" Ronda de Clasificación","nomGrupo":"Grupo 5"},{"jornada":"6","fecha":"2021-10-13","hora_prevista":"14:00:00","grupo_id":"10","nomCasa":"Polonia","nomFuera":"Irlanda","clasificado":"0","goles_local":"2","goles_visitante":"2","nomEli":" Ronda de Clasificación","nomGrupo":"Grupo 5"},{"jornada":"6","fecha":"2021-10-12","hora_prevista":"11:00:00","grupo_id":"2","nomCasa":"Dinamarca","nomFuera":"Turquía","clasificado":"0","goles_local":"3","goles_visitante":"3","nomEli":" Ronda de Clasificación","nomGrupo":"Grupo 1"},{"jornada":"6","fecha":"2021-10-12","hora_prevista":"16:00:00","grupo_id":"2","nomCasa":"Malta","nomFuera":"Montenegro","clasificado":"0","goles_local":"0","goles_visitante":"3","nomEli":" Ronda de Clasificación","nomGrupo":"Grupo 1"},{"jornada":"6","fecha":"2021-10-12","hora_prevista":"16:00:00","grupo_id":"8","nomCasa":"Noruega","nomFuera":"Bélgica","clasificado":"0","goles_local":"0","goles_visitante":"2","nomEli":" Ronda de Clasificación","nomGrupo":"Grupo 3"},{"jornada":"6","fecha":"2021-10-12","hora_prevista":"15:30:00","grupo_id":"14","nomCasa":"Eslovenia","nomFuera":"Austria","clasificado":"0","goles_local":"4","goles_visitante":"0","nomEli":" Ronda de Clasificación","nomGrupo":"Grupo 9"},{"jornada":"6","fecha":"2021-10-12","hora_prevista":"15:30:00","grupo_id":"14","nomCasa":"Kosovo","nomFuera":"Feroe","clasificado":"0","goles_local":"1","goles_visitante":"0","nomEli":" Ronda de Clasificación","nomGrupo":"Grupo 9"},{"jornada":"6","fecha":"2021-10-10","hora_prevista":"12:00:00","grupo_id":"12","nomCasa":"Suiza","nomFuera":"Gibraltar","clasificado":"0","goles_local":"7","goles_visitante":"0","nomEli":" Ronda de Clasificación","nomGrupo":"Grupo 7"},{"jornada":"6","fecha":"2021-10-10","hora_prevista":"20:00:00","grupo_id":"10","nomCasa":"Irlanda","nomFuera":"Macedonia del Norte","clasificado":"0","goles_local":"2","goles_visitante":"0","nomEli":" Ronda de Clasificación","nomGrupo":"Grupo 5"},{"jornada":"6","fecha":"2021-10-10","hora_prevista":"15:00:00","grupo_id":"10","nomCasa":"Polonia","nomFuera":"Andorra","clasificado":"0","goles_local":"1","goles_visitante":"0","nomEli":" Ronda de Clasificación","nomGrupo":"Grupo 5"},{"jornada":"6","fecha":"2021-10-10","hora_prevista":"18:00:00","grupo_id":"12","nomCasa":"Bosnia y Herzegovina","nomFuera":"Finlandia","clasificado":"0","goles_local":"1","goles_visitante":"1","nomEli":" Ronda de Clasificación","nomGrupo":"Grupo 7"},{"jornada":"6","fecha":"2021-10-09","hora_prevista":"11:00:00","grupo_id":"2","nomCasa":"Turquía","nomFuera":"Montenegro","clasificado":"0","goles_local":"1","goles_visitante":"0","nomEli":" Ronda de Clasificación","nomGrupo":"Grupo 1"},{"jornada":"6","fecha":"2021-10-09","hora_prevista":"11:00:00","grupo_id":"8","nomCasa":"Noruega","nomFuera":"Luxemburgo","clasificado":"0","goles_local":"2","goles_visitante":"2","nomEli":" Ronda de Clasificación","nomGrupo":"Grupo 3"},{"jornada":"6","fecha":"2021-10-09","hora_prevista":"16:00:00","grupo_id":"2","nomCasa":"Dinamarca","nomFuera":"Malta","clasificado":"0","goles_local":"5","goles_visitante":"1","nomEli":" Ronda de Clasificación","nomGrupo":"Grupo 1"},{"jornada":"6","fecha":"2021-10-09","hora_prevista":"11:00:00","grupo_id":"14","nomCasa":"Eslovenia","nomFuera":"Kosovo","clasificado":"0","goles_local":"1","goles_visitante":"0","nomEli":" Ronda de Clasificación","nomGrupo":"Grupo 9"},{"jornada":"6","fecha":"2021-10-09","hora_prevista":"18:30:00","grupo_id":"14","nomCasa":"Austria","nomFuera":"Feroe","clasificado":"0","goles_local":"2","goles_visitante":"0","nomEli":" Ronda de Clasificación","nomGrupo":"Grupo 9"},{"jornada":"6","fecha":"2021-10-07","hora_prevista":"20:00:00","grupo_id":"10","nomCasa":"Irlanda","nomFuera":"Andorra","clasificado":"0","goles_local":"5","goles_visitante":"0","nomEli":" Ronda de Clasificación","nomGrupo":"Grupo 5"},{"jornada":"6","fecha":"2021-10-07","hora_prevista":"15:00:00","grupo_id":"10","nomCasa":"Macedonia del Norte","nomFuera":"Polonia","clasificado":"0","goles_local":"0","goles_visitante":"0","nomEli":" Ronda de Clasificación","nomGrupo":"Grupo 5"},{"jornada":"6","fecha":"2021-10-07","hora_prevista":"12:00:00","grupo_id":"12","nomCasa":"Bosnia y Herzegovina","nomFuera":"Gibraltar","clasificado":"0","goles_local":"6","goles_visitante":"1","nomEli":" Ronda de Clasificación","nomGrupo":"Grupo 7"},{"jornada":"6","fecha":"2021-10-07","hora_prevista":"18:00:00","grupo_id":"12","nomCasa":"Finlandia","nomFuera":"Suiza","clasificado":"0","goles_local":"1","goles_visitante":"1","nomEli":" Ronda de Clasificación","nomGrupo":"Grupo 7"},{"jornada":"6","fecha":"2021-10-06","hora_prevista":"16:00:00","grupo_id":"2","nomCasa":"Montenegro","nomFuera":"Dinamarca","clasificado":"0","goles_local":"0","goles_visitante":"2","nomEli":" Ronda de Clasificación","nomGrupo":"Grupo 1"},{"jornada":"6","fecha":"2021-10-06","hora_prevista":"11:00:00","grupo_id":"2","nomCasa":"Turquía","nomFuera":"Malta","clasificado":"0","goles_local":"6","goles_visitante":"1","nomEli":" Ronda de Clasificación","nomGrupo":"Grupo 1"},{"jornada":"6","fecha":"2021-10-06","hora_prevista":"18:00:00","grupo_id":"8","nomCasa":"Bélgica","nomFuera":"Luxemburgo","clasificado":"0","goles_local":"0","goles_visitante":"1","nomEli":" Ronda de Clasificación","nomGrupo":"Grupo 3"},{"jornada":"6","fecha":"2021-10-06","hora_prevista":"11:00:00","grupo_id":"14","nomCasa":"Feroe","nomFuera":"Eslovenia","clasificado":"0","goles_local":"0","goles_visitante":"8","nomEli":" Ronda de Clasificación","nomGrupo":"Grupo 9"},{"jornada":"6","fecha":"2021-10-06","hora_prevista":"18:30:00","grupo_id":"14","nomCasa":"Austria","nomFuera":"Kosovo","clasificado":"0","goles_local":"0","goles_visitante":"1","nomEli":" Ronda de Clasificación","nomGrupo":"Grupo 9"},{"jornada":"6","fecha":"2021-09-29","hora_prevista":"15:00:00","grupo_id":"7","nomCasa":"Chequia","nomFuera":"Suecia","clasificado":"0","goles_local":"2","goles_visitante":"2","nomEli":" Ronda de Clasificación","nomGrupo":"Grupo 2"},{"jornada":"6","fecha":"2021-09-26","hora_prevista":"12:00:00","grupo_id":"7","nomCasa":"Chequia","nomFuera":"Lituania","clasificado":"0","goles_local":"4","goles_visitante":"0","nomEli":" Ronda de Clasificación","nomGrupo":"Grupo 2"},{"jornada":"6","fecha":"2021-09-23","hora_prevista":"15:00:00","grupo_id":"7","nomCasa":"Letonia","nomFuera":"Chequia","clasificado":"0","goles_local":"0","goles_visitante":"1","nomEli":" Ronda de Clasificación","nomGrupo":"Grupo 2"},{"jornada":"6","fecha":"2021-09-23","hora_prevista":"12:00:00","grupo_id":"7","nomCasa":"Suecia","nomFuera":"Lituania","clasificado":"0","goles_local":"8","goles_visitante":"0","nomEli":" Ronda de Clasificación","nomGrupo":"Grupo 2"}]