[{"jornada":"84","fecha":"2022-05-21","hora_prevista":"19:00:00","grupo_id":null,"nomCasa":"FC Barcelona","nomFuera":"Olympique Lyonnais","clasificado":"2","goles_local":"1","goles_visitante":"3","nomEli":"Final","nomGrupo":null},{"jornada":"154","fecha":"2022-04-30","hora_prevista":"18:00:00","grupo_id":null,"nomCasa":"VfL Wolfsburg","nomFuera":"FC Barcelona","clasificado":"2","goles_local":"2","goles_visitante":"0","nomEli":"Semifinales - Vuelta","nomGrupo":null},{"jornada":"154","fecha":"2022-04-30","hora_prevista":"21:00:00","grupo_id":null,"nomCasa":"Paris Saint-Germain FC","nomFuera":"Olympique Lyonnais","clasificado":"2","goles_local":"1","goles_visitante":"2","nomEli":"Semifinales - Vuelta","nomGrupo":null},{"jornada":"151","fecha":"2022-04-24","hora_prevista":"17:00:00","grupo_id":null,"nomCasa":"Olympique Lyonnais","nomFuera":"Paris Saint-Germain FC","clasificado":"0","goles_local":"3","goles_visitante":"2","nomEli":"Semifinales - Ida","nomGrupo":null},{"jornada":"151","fecha":"2022-04-22","hora_prevista":"18:45:00","grupo_id":null,"nomCasa":"FC Barcelona","nomFuera":"VfL Wolfsburg","clasificado":"0","goles_local":"5","goles_visitante":"1","nomEli":"Semifinales - Ida","nomGrupo":null},{"jornada":"55","fecha":"2022-03-31","hora_prevista":"21:00:00","grupo_id":null,"nomCasa":"Olympique Lyonnais","nomFuera":"Juventus FC","clasificado":"1","goles_local":"3","goles_visitante":"1","nomEli":"Cuartos de Final - Vuelta","nomGrupo":null},{"jornada":"55","fecha":"2022-03-31","hora_prevista":"18:45:00","grupo_id":null,"nomCasa":"VfL Wolfsburg","nomFuera":"Arsenal WFC","clasificado":"1","goles_local":"2","goles_visitante":"0","nomEli":"Cuartos de Final - Vuelta","nomGrupo":null},{"jornada":"55","fecha":"2022-03-30","hora_prevista":"18:45:00","grupo_id":null,"nomCasa":"FC Barcelona","nomFuera":"Real Madrid CF","clasificado":"1","goles_local":"5","goles_visitante":"2","nomEli":"Cuartos de Final - Vuelta","nomGrupo":null},{"jornada":"55","fecha":"2022-03-30","hora_prevista":"21:00:00","grupo_id":null,"nomCasa":"Paris Saint-Germain FC","nomFuera":"FC Bayern München","clasificado":"1","goles_local":"2","goles_visitante":"2","nomEli":"Cuartos de Final - Vuelta","nomGrupo":null},{"jornada":"3","fecha":"2022-03-23","hora_prevista":"21:00:00","grupo_id":null,"nomCasa":"Arsenal WFC","nomFuera":"VfL Wolfsburg","clasificado":"0","goles_local":"1","goles_visitante":"1","nomEli":" Cuartos de Final - Ida","nomGrupo":null},{"jornada":"3","fecha":"2022-03-23","hora_prevista":"18:45:00","grupo_id":null,"nomCasa":"Juventus FC","nomFuera":"Olympique Lyonnais","clasificado":"0","goles_local":"2","goles_visitante":"1","nomEli":" Cuartos de Final - Ida","nomGrupo":null},{"jornada":"3","fecha":"2022-03-22","hora_prevista":"21:00:00","grupo_id":null,"nomCasa":"Real Madrid CF","nomFuera":"FC Barcelona","clasificado":"0","goles_local":"1","goles_visitante":"3","nomEli":" Cuartos de Final - Ida","nomGrupo":null},{"jornada":"3","fecha":"2022-03-22","hora_prevista":"18:45:00","grupo_id":null,"nomCasa":"FC Bayern München","nomFuera":"Paris Saint-Germain FC","clasificado":"0","goles_local":"1","goles_visitante":"2","nomEli":" Cuartos de Final - Ida","nomGrupo":null},{"jornada":"106","fecha":"2021-12-16","hora_prevista":"18:45:00","grupo_id":"16","nomCasa":"Real Madrid CF","nomFuera":"WFC Kharkiv","clasificado":"0","goles_local":"3","goles_visitante":"0","nomEli":"Octavos de Final","nomGrupo":"Grupo B"},{"jornada":"106","fecha":"2021-12-16","hora_prevista":"21:00:00","grupo_id":"15","nomCasa":"VfL Wolfsburg","nomFuera":"Chelsea FC","clasificado":"0","goles_local":"4","goles_visitante":"0","nomEli":"Octavos de Final","nomGrupo":"Grupo A"},{"jornada":"106","fecha":"2021-12-16","hora_prevista":"21:00:00","grupo_id":"15","nomCasa":"Juventus FC","nomFuera":"Servette FCCF","clasificado":"0","goles_local":"4","goles_visitante":"0","nomEli":"Octavos de Final","nomGrupo":"Grupo A"},{"jornada":"106","fecha":"2021-12-16","hora_prevista":"18:45:00","grupo_id":"16","nomCasa":"Paris Saint-Germain FC","nomFuera":"Breidablik UBK","clasificado":"0","goles_local":"5","goles_visitante":"0","nomEli":"Octavos de Final","nomGrupo":"Grupo B"},{"jornada":"106","fecha":"2021-12-15","hora_prevista":"21:00:00","grupo_id":"17","nomCasa":"FC Barcelona","nomFuera":"HB Koge","clasificado":"0","goles_local":"5","goles_visitante":"0","nomEli":"Octavos de Final","nomGrupo":"Grupo C"},{"jornada":"106","fecha":"2021-12-15","hora_prevista":"21:00:00","grupo_id":"17","nomCasa":"TSG 1899 Hoffenheim","nomFuera":"Arsenal WFC","clasificado":"0","goles_local":"4","goles_visitante":"1","nomEli":"Octavos de Final","nomGrupo":"Grupo C"},{"jornada":"106","fecha":"2021-12-15","hora_prevista":"18:45:00","grupo_id":"18","nomCasa":"FC Bayern München","nomFuera":"SL Benfica","clasificado":"0","goles_local":"4","goles_visitante":"0","nomEli":"Octavos de Final","nomGrupo":"Grupo D"},{"jornada":"106","fecha":"2021-12-15","hora_prevista":"18:45:00","grupo_id":"18","nomCasa":"Olympique Lyonnais","nomFuera":"BK Häcken","clasificado":"0","goles_local":"4","goles_visitante":"0","nomEli":"Octavos de Final","nomGrupo":"Grupo D"},{"jornada":"106","fecha":"2021-12-09","hora_prevista":"18:45:00","grupo_id":"17","nomCasa":"HB Koge","nomFuera":"TSG 1899 Hoffenheim","clasificado":"0","goles_local":"1","goles_visitante":"2","nomEli":"Octavos de Final","nomGrupo":"Grupo C"},{"jornada":"106","fecha":"2021-12-09","hora_prevista":"20:00:00","grupo_id":"17","nomCasa":"Arsenal WFC","nomFuera":"FC Barcelona","clasificado":"0","goles_local":"0","goles_visitante":"4","nomEli":"Octavos de Final","nomGrupo":"Grupo C"},{"jornada":"106","fecha":"2021-12-09","hora_prevista":"21:00:00","grupo_id":"18","nomCasa":"SL Benfica","nomFuera":"Olympique Lyonnais","clasificado":"0","goles_local":"0","goles_visitante":"5","nomEli":"Octavos de Final","nomGrupo":"Grupo D"},{"jornada":"106","fecha":"2021-12-09","hora_prevista":"18:45:00","grupo_id":"18","nomCasa":"BK Häcken","nomFuera":"FC Bayern München","clasificado":"0","goles_local":"1","goles_visitante":"5","nomEli":"Octavos de Final","nomGrupo":"Grupo D"},{"jornada":"106","fecha":"2021-12-08","hora_prevista":"18:45:00","grupo_id":"16","nomCasa":"WFC Kharkiv","nomFuera":"Paris Saint-Germain FC","clasificado":"0","goles_local":"0","goles_visitante":"6","nomEli":"Octavos de Final","nomGrupo":"Grupo B"},{"jornada":"106","fecha":"2021-12-08","hora_prevista":"21:00:00","grupo_id":"16","nomCasa":"Breidablik UBK","nomFuera":"Real Madrid CF","clasificado":"0","goles_local":"0","goles_visitante":"3","nomEli":"Octavos de Final","nomGrupo":"Grupo B"},{"jornada":"106","fecha":"2021-12-08","hora_prevista":"21:00:00","grupo_id":"15","nomCasa":"Chelsea FC","nomFuera":"Juventus FC","clasificado":"0","goles_local":"0","goles_visitante":"0","nomEli":"Octavos de Final","nomGrupo":"Grupo A"},{"jornada":"106","fecha":"2021-12-08","hora_prevista":"18:45:00","grupo_id":"15","nomCasa":"Servette FCCF","nomFuera":"VfL Wolfsburg","clasificado":"0","goles_local":"0","goles_visitante":"3","nomEli":"Octavos de Final","nomGrupo":"Grupo A"},{"jornada":"106","fecha":"2021-11-18","hora_prevista":"21:00:00","grupo_id":"15","nomCasa":"Chelsea FC","nomFuera":"Servette FCCF","clasificado":"0","goles_local":"1","goles_visitante":"0","nomEli":"Octavos de Final","nomGrupo":"Grupo A"},{"jornada":"106","fecha":"2021-11-18","hora_prevista":"18:45:00","grupo_id":"15","nomCasa":"VfL Wolfsburg","nomFuera":"Juventus FC","clasificado":"0","goles_local":"0","goles_visitante":"2","nomEli":"Octavos de Final","nomGrupo":"Grupo A"},{"jornada":"106","fecha":"2021-11-18","hora_prevista":"18:45:00","grupo_id":"16","nomCasa":"Breidablik UBK","nomFuera":"WFC Kharkiv","clasificado":"0","goles_local":"0","goles_visitante":"2","nomEli":"Octavos de Final","nomGrupo":"Grupo B"},{"jornada":"106","fecha":"2021-11-18","hora_prevista":"21:00:00","grupo_id":"16","nomCasa":"Real Madrid CF","nomFuera":"Paris Saint-Germain FC","clasificado":"0","goles_local":"0","goles_visitante":"2","nomEli":"Octavos de Final","nomGrupo":"Grupo B"},{"jornada":"106","fecha":"2021-11-17","hora_prevista":"18:45:00","grupo_id":"17","nomCasa":"TSG 1899 Hoffenheim","nomFuera":"FC Barcelona","clasificado":"0","goles_local":"0","goles_visitante":"5","nomEli":"Octavos de Final","nomGrupo":"Grupo C"},{"jornada":"106","fecha":"2021-11-17","hora_prevista":"21:00:00","grupo_id":"17","nomCasa":"Arsenal WFC","nomFuera":"HB Koge","clasificado":"0","goles_local":"3","goles_visitante":"0","nomEli":"Octavos de Final","nomGrupo":"Grupo C"},{"jornada":"106","fecha":"2021-11-17","hora_prevista":"21:00:00","grupo_id":"18","nomCasa":"FC Bayern München","nomFuera":"Olympique Lyonnais","clasificado":"0","goles_local":"1","goles_visitante":"0","nomEli":"Octavos de Final","nomGrupo":"Grupo D"},{"jornada":"106","fecha":"2021-11-17","hora_prevista":"18:45:00","grupo_id":"18","nomCasa":"BK Häcken","nomFuera":"SL Benfica","clasificado":"0","goles_local":"1","goles_visitante":"2","nomEli":"Octavos de Final","nomGrupo":"Grupo D"},{"jornada":"106","fecha":"2021-11-10","hora_prevista":"21:00:00","grupo_id":"18","nomCasa":"SL Benfica","nomFuera":"BK Häcken","clasificado":"0","goles_local":"0","goles_visitante":"1","nomEli":"Octavos de Final","nomGrupo":"Grupo D"},{"jornada":"106","fecha":"2021-11-10","hora_prevista":"21:00:00","grupo_id":"18","nomCasa":"Olympique Lyonnais","nomFuera":"FC Bayern München","clasificado":"0","goles_local":"2","goles_visitante":"1","nomEli":"Octavos de Final","nomGrupo":"Grupo D"},{"jornada":"106","fecha":"2021-11-10","hora_prevista":"18:45:00","grupo_id":"17","nomCasa":"FC Barcelona","nomFuera":"TSG 1899 Hoffenheim","clasificado":"0","goles_local":"4","goles_visitante":"0","nomEli":"Octavos de Final","nomGrupo":"Grupo C"},{"jornada":"106","fecha":"2021-11-10","hora_prevista":"18:45:00","grupo_id":"17","nomCasa":"HB Koge","nomFuera":"Arsenal WFC","clasificado":"0","goles_local":"1","goles_visitante":"5","nomEli":"Octavos de Final","nomGrupo":"Grupo C"},{"jornada":"106","fecha":"2021-11-09","hora_prevista":"21:00:00","grupo_id":"16","nomCasa":"Paris Saint-Germain FC","nomFuera":"Real Madrid CF","clasificado":"0","goles_local":"4","goles_visitante":"0","nomEli":"Octavos de Final","nomGrupo":"Grupo B"},{"jornada":"106","fecha":"2021-11-09","hora_prevista":"18:45:00","grupo_id":"16","nomCasa":"WFC Kharkiv","nomFuera":"Breidablik UBK","clasificado":"0","goles_local":"0","goles_visitante":"0","nomEli":"Octavos de Final","nomGrupo":"Grupo B"},{"jornada":"106","fecha":"2021-11-09","hora_prevista":"18:45:00","grupo_id":"15","nomCasa":"Servette FCCF","nomFuera":"Chelsea FC","clasificado":"0","goles_local":"0","goles_visitante":"7","nomEli":"Octavos de Final","nomGrupo":"Grupo A"},{"jornada":"106","fecha":"2021-11-09","hora_prevista":"21:00:00","grupo_id":"15","nomCasa":"Juventus FC","nomFuera":"VfL Wolfsburg","clasificado":"0","goles_local":"2","goles_visitante":"2","nomEli":"Octavos de Final","nomGrupo":"Grupo A"},{"jornada":"106","fecha":"2021-10-14","hora_prevista":"18:45:00","grupo_id":"17","nomCasa":"HB Koge","nomFuera":"FC Barcelona","clasificado":"0","goles_local":"0","goles_visitante":"2","nomEli":"Octavos de Final","nomGrupo":"Grupo C"},{"jornada":"106","fecha":"2021-10-14","hora_prevista":"21:00:00","grupo_id":"17","nomCasa":"Arsenal WFC","nomFuera":"TSG 1899 Hoffenheim","clasificado":"0","goles_local":"4","goles_visitante":"0","nomEli":"Octavos de Final","nomGrupo":"Grupo C"},{"jornada":"106","fecha":"2021-10-14","hora_prevista":"21:00:00","grupo_id":"18","nomCasa":"Olympique Lyonnais","nomFuera":"SL Benfica","clasificado":"0","goles_local":"5","goles_visitante":"0","nomEli":"Octavos de Final","nomGrupo":"Grupo D"},{"jornada":"106","fecha":"2021-10-14","hora_prevista":"18:45:00","grupo_id":"18","nomCasa":"FC Bayern München","nomFuera":"BK Häcken","clasificado":"0","goles_local":"4","goles_visitante":"0","nomEli":"Octavos de Final","nomGrupo":"Grupo D"},{"jornada":"106","fecha":"2021-10-13","hora_prevista":"18:45:00","grupo_id":"15","nomCasa":"VfL Wolfsburg","nomFuera":"Servette FCCF","clasificado":"0","goles_local":"5","goles_visitante":"0","nomEli":"Octavos de Final","nomGrupo":"Grupo A"},{"jornada":"106","fecha":"2021-10-13","hora_prevista":"21:00:00","grupo_id":"15","nomCasa":"Juventus FC","nomFuera":"Chelsea FC","clasificado":"0","goles_local":"1","goles_visitante":"2","nomEli":"Octavos de Final","nomGrupo":"Grupo A"},{"jornada":"106","fecha":"2021-10-13","hora_prevista":"18:45:00","grupo_id":"16","nomCasa":"Paris Saint-Germain FC","nomFuera":"WFC Kharkiv","clasificado":"0","goles_local":"5","goles_visitante":"0","nomEli":"Octavos de Final","nomGrupo":"Grupo B"},{"jornada":"106","fecha":"2021-10-13","hora_prevista":"21:00:00","grupo_id":"16","nomCasa":"Real Madrid CF","nomFuera":"Breidablik UBK","clasificado":"0","goles_local":"5","goles_visitante":"0","nomEli":"Octavos de Final","nomGrupo":"Grupo B"},{"jornada":"106","fecha":"2021-10-06","hora_prevista":"18:45:00","grupo_id":"15","nomCasa":"Servette FCCF","nomFuera":"Juventus FC","clasificado":"0","goles_local":"0","goles_visitante":"3","nomEli":"Octavos de Final","nomGrupo":"Grupo A"},{"jornada":"106","fecha":"2021-10-06","hora_prevista":"21:00:00","grupo_id":"15","nomCasa":"Chelsea FC","nomFuera":"VfL Wolfsburg","clasificado":"0","goles_local":"3","goles_visitante":"3","nomEli":"Octavos de Final","nomGrupo":"Grupo A"},{"jornada":"106","fecha":"2021-10-06","hora_prevista":"18:45:00","grupo_id":"16","nomCasa":"WFC Kharkiv","nomFuera":"Real Madrid CF","clasificado":"0","goles_local":"0","goles_visitante":"1","nomEli":"Octavos de Final","nomGrupo":"Grupo B"},{"jornada":"106","fecha":"2021-10-06","hora_prevista":"21:00:00","grupo_id":"16","nomCasa":"Breidablik UBK","nomFuera":"Paris Saint-Germain FC","clasificado":"0","goles_local":"0","goles_visitante":"2","nomEli":"Octavos de Final","nomGrupo":"Grupo B"},{"jornada":"106","fecha":"2021-10-05","hora_prevista":"18:45:00","grupo_id":"17","nomCasa":"TSG 1899 Hoffenheim","nomFuera":"HB Koge","clasificado":"0","goles_local":"5","goles_visitante":"0","nomEli":"Octavos de Final","nomGrupo":"Grupo C"},{"jornada":"106","fecha":"2021-10-05","hora_prevista":"21:00:00","grupo_id":"17","nomCasa":"FC Barcelona","nomFuera":"Arsenal WFC","clasificado":"0","goles_local":"4","goles_visitante":"1","nomEli":"Octavos de Final","nomGrupo":"Grupo C"},{"jornada":"106","fecha":"2021-10-05","hora_prevista":"21:00:00","grupo_id":"18","nomCasa":"SL Benfica","nomFuera":"FC Bayern München","clasificado":"0","goles_local":"0","goles_visitante":"0","nomEli":"Octavos de Final","nomGrupo":"Grupo D"},{"jornada":"106","fecha":"2021-10-05","hora_prevista":"18:45:00","grupo_id":"18","nomCasa":"BK Häcken","nomFuera":"Olympique Lyonnais","clasificado":"0","goles_local":"0","goles_visitante":"3","nomEli":"Octavos de Final","nomGrupo":"Grupo D"},{"jornada":"143","fecha":"2021-09-09","hora_prevista":"17:00:00","grupo_id":null,"nomCasa":"WFC Kharkiv","nomFuera":"Apollon Ladies FC","clasificado":"1","goles_local":"3","goles_visitante":"1","nomEli":"Segunda Eliminatoria - Vuelta","nomGrupo":null},{"jornada":"143","fecha":"2021-09-09","hora_prevista":"18:30:00","grupo_id":null,"nomCasa":"SK Slavia Praha","nomFuera":"Arsenal WFC","clasificado":"2","goles_local":"0","goles_visitante":"4","nomEli":"Segunda Eliminatoria - Vuelta","nomGrupo":null},{"jornada":"143","fecha":"2021-09-09","hora_prevista":"19:00:00","grupo_id":null,"nomCasa":"Breidablik UBK","nomFuera":"ZNK Osijek","clasificado":"1","goles_local":"3","goles_visitante":"0","nomEli":"Segunda Eliminatoria - Vuelta","nomGrupo":null},{"jornada":"143","fecha":"2021-09-09","hora_prevista":"20:00:00","grupo_id":null,"nomCasa":"SL Benfica","nomFuera":"FC Twente","clasificado":"1","goles_local":"4","goles_visitante":"0","nomEli":"Segunda Eliminatoria - Vuelta","nomGrupo":null},{"jornada":"143","fecha":"2021-09-09","hora_prevista":"20:00:00","grupo_id":null,"nomCasa":"Juventus FC","nomFuera":"KS Vllaznia","clasificado":"1","goles_local":"1","goles_visitante":"0","nomEli":"Segunda Eliminatoria - Vuelta","nomGrupo":null},{"jornada":"143","fecha":"2021-09-08","hora_prevista":"20:00:00","grupo_id":null,"nomCasa":"Manchester City FC","nomFuera":"Real Madrid CF","clasificado":"2","goles_local":"0","goles_visitante":"1","nomEli":"Segunda Eliminatoria - Vuelta","nomGrupo":null},{"jornada":"143","fecha":"2021-09-08","hora_prevista":"19:00:00","grupo_id":null,"nomCasa":"BK Häcken","nomFuera":"Valerenga Fotball","clasificado":"1","goles_local":"3","goles_visitante":"2","nomEli":"Segunda Eliminatoria - Vuelta","nomGrupo":null},{"jornada":"143","fecha":"2021-09-08","hora_prevista":"19:00:00","grupo_id":null,"nomCasa":"FC Girondins de Bordeaux","nomFuera":"VfL Wolfsburg","clasificado":"2","goles_local":"3","goles_visitante":"2","nomEli":"Segunda Eliminatoria - Vuelta","nomGrupo":null},{"jornada":"143","fecha":"2021-09-08","hora_prevista":"19:00:00","grupo_id":null,"nomCasa":"TSG 1899 Hoffenheim","nomFuera":"FC Rosengard","clasificado":"1","goles_local":"3","goles_visitante":"3","nomEli":"Segunda Eliminatoria - Vuelta","nomGrupo":null},{"jornada":"143","fecha":"2021-09-08","hora_prevista":"18:00:00","grupo_id":null,"nomCasa":"HB Koge","nomFuera":"AC Sparta Praha","clasificado":"1","goles_local":"2","goles_visitante":"0","nomEli":"Segunda Eliminatoria - Vuelta","nomGrupo":null},{"jornada":"143","fecha":"2021-09-08","hora_prevista":"18:00:00","grupo_id":null,"nomCasa":"Olympique Lyonnais","nomFuera":"Levante UD","clasificado":"1","goles_local":"2","goles_visitante":"1","nomEli":"Segunda Eliminatoria - Vuelta","nomGrupo":null},{"jornada":"143","fecha":"2021-09-08","hora_prevista":"16:10:00","grupo_id":null,"nomCasa":"Glasgow City FC","nomFuera":"Servette FCCF","clasificado":"2","goles_local":"1","goles_visitante":"2","nomEli":"Segunda Eliminatoria - Vuelta","nomGrupo":null},{"jornada":"142","fecha":"2021-09-01","hora_prevista":"18:00:00","grupo_id":null,"nomCasa":"VfL Wolfsburg","nomFuera":"FC Girondins de Bordeaux","clasificado":"0","goles_local":"3","goles_visitante":"2","nomEli":"Segunda Eliminatoria - Ida","nomGrupo":null},{"jornada":"142","fecha":"2021-09-01","hora_prevista":"18:00:00","grupo_id":null,"nomCasa":"ZNK Osijek","nomFuera":"Breidablik UBK","clasificado":"0","goles_local":"1","goles_visitante":"1","nomEli":"Segunda Eliminatoria - Ida","nomGrupo":null},{"jornada":"142","fecha":"2021-09-01","hora_prevista":"18:00:00","grupo_id":null,"nomCasa":"AC Sparta Praha","nomFuera":"HB Koge","clasificado":"0","goles_local":"0","goles_visitante":"1","nomEli":"Segunda Eliminatoria - Ida","nomGrupo":null},{"jornada":"142","fecha":"2021-09-01","hora_prevista":"19:00:00","grupo_id":null,"nomCasa":"Valerenga Fotball","nomFuera":"BK Häcken","clasificado":"0","goles_local":"1","goles_visitante":"3","nomEli":"Segunda Eliminatoria - Ida","nomGrupo":null},{"jornada":"142","fecha":"2021-09-01","hora_prevista":"19:00:00","grupo_id":null,"nomCasa":"KS Vllaznia","nomFuera":"Juventus FC","clasificado":"0","goles_local":"0","goles_visitante":"2","nomEli":"Segunda Eliminatoria - Ida","nomGrupo":null},{"jornada":"142","fecha":"2021-09-01","hora_prevista":"19:15:00","grupo_id":null,"nomCasa":"Servette FCCF","nomFuera":"Glasgow City FC","clasificado":"0","goles_local":"1","goles_visitante":"1","nomEli":"Segunda Eliminatoria - Ida","nomGrupo":null},{"jornada":"142","fecha":"2021-09-01","hora_prevista":"21:00:00","grupo_id":null,"nomCasa":"Levante UD","nomFuera":"Olympique Lyonnais","clasificado":"0","goles_local":"1","goles_visitante":"2","nomEli":"Segunda Eliminatoria - Ida","nomGrupo":null},{"jornada":"142","fecha":"2021-08-31","hora_prevista":"17:00:00","grupo_id":null,"nomCasa":"Apollon Ladies FC","nomFuera":"WFC Kharkiv","clasificado":"0","goles_local":"1","goles_visitante":"2","nomEli":"Segunda Eliminatoria - Ida","nomGrupo":null},{"jornada":"142","fecha":"2021-08-31","hora_prevista":"19:00:00","grupo_id":null,"nomCasa":"FC Rosengard","nomFuera":"TSG 1899 Hoffenheim","clasificado":"0","goles_local":"0","goles_visitante":"3","nomEli":"Segunda Eliminatoria - Ida","nomGrupo":null},{"jornada":"142","fecha":"2021-08-31","hora_prevista":"19:30:00","grupo_id":null,"nomCasa":"FC Twente","nomFuera":"SL Benfica","clasificado":"0","goles_local":"1","goles_visitante":"1","nomEli":"Segunda Eliminatoria - Ida","nomGrupo":null},{"jornada":"142","fecha":"2021-08-31","hora_prevista":"20:30:00","grupo_id":null,"nomCasa":"Arsenal WFC","nomFuera":"SK Slavia Praha","clasificado":"0","goles_local":"3","goles_visitante":"0","nomEli":"Segunda Eliminatoria - Ida","nomGrupo":null},{"jornada":"142","fecha":"2021-08-31","hora_prevista":"21:00:00","grupo_id":null,"nomCasa":"Real Madrid CF","nomFuera":"Manchester City FC","clasificado":"0","goles_local":"1","goles_visitante":"1","nomEli":"Segunda Eliminatoria - Ida","nomGrupo":null},{"jornada":"221","fecha":"2021-08-21","hora_prevista":"16:45:00","grupo_id":null,"nomCasa":"FC Dinamo-BGU Minsk","nomFuera":"Swansea City AFCL","clasificado":"1","goles_local":"2","goles_visitante":"0","nomEli":"Primera Eliminatoria - Tercer puesto","nomGrupo":null},{"jornada":"221","fecha":"2021-08-21","hora_prevista":"16:00:00","grupo_id":null,"nomCasa":"SK Slovan Bratislava","nomFuera":"Birkirkara FC","clasificado":"1","goles_local":"1","goles_visitante":"0","nomEli":"Primera Eliminatoria - Tercer puesto","nomGrupo":null},{"jornada":"221","fecha":"2021-08-21","hora_prevista":"15:00:00","grupo_id":null,"nomCasa":"Besiktas JK","nomFuera":"ZFK Kamenica Sasa","clasificado":"1","goles_local":"4","goles_visitante":"0","nomEli":"Primera Eliminatoria - Tercer puesto","nomGrupo":null},{"jornada":"221","fecha":"2021-08-21","hora_prevista":"15:00:00","grupo_id":null,"nomCasa":"FK Breznica Pljevlja","nomFuera":"FC Hayasa","clasificado":"1","goles_local":"3","goles_visitante":"2","nomEli":"Primera Eliminatoria - Tercer puesto","nomGrupo":null},{"jornada":"221","fecha":"2021-08-21","hora_prevista":"14:00:00","grupo_id":null,"nomCasa":"Brondby IF","nomFuera":"1. FC Slovácko","clasificado":"1","goles_local":"2","goles_visitante":"1","nomEli":"Primera Eliminatoria - Tercer puesto","nomGrupo":null},{"jornada":"221","fecha":"2021-08-21","hora_prevista":"13:00:00","grupo_id":null,"nomCasa":"FCU Olimpia Cluj","nomFuera":"Glentoran FC","clasificado":"2","goles_local":"0","goles_visitante":"2","nomEli":"Primera Eliminatoria - Tercer puesto","nomGrupo":null},{"jornada":"221","fecha":"2021-08-21","hora_prevista":"12:00:00","grupo_id":null,"nomCasa":"FC Okzhetpes","nomFuera":"FC Lokomotiv Moskva","clasificado":"2","goles_local":"0","goles_visitante":"4","nomEli":"Primera Eliminatoria - Tercer puesto","nomGrupo":null},{"jornada":"221","fecha":"2021-08-21","hora_prevista":"12:00:00","grupo_id":null,"nomCasa":"ZFK Minsk","nomFuera":"Celtic FC","clasificado":"1","goles_local":"3","goles_visitante":"2","nomEli":"Primera Eliminatoria - Tercer puesto","nomGrupo":null},{"jornada":"221","fecha":"2021-08-21","hora_prevista":"11:00:00","grupo_id":null,"nomCasa":"FC NSA Sofia","nomFuera":"Rīgas FS","clasificado":"1","goles_local":"2","goles_visitante":"1","nomEli":"Primera Eliminatoria - Tercer puesto","nomGrupo":null},{"jornada":"221","fecha":"2021-08-21","hora_prevista":"11:00:00","grupo_id":null,"nomCasa":"KÍ Klaksvík","nomFuera":"FC Flora Tallinn","clasificado":"2","goles_local":"0","goles_visitante":"1","nomEli":"Primera Eliminatoria - Tercer puesto","nomGrupo":null},{"jornada":"221","fecha":"2021-08-21","hora_prevista":"11:00:00","grupo_id":null,"nomCasa":"SFK 2000 Sarajevo","nomFuera":"FC Qiryat Gat","clasificado":"1","goles_local":"1","goles_visitante":"1","nomEli":"Primera Eliminatoria - Tercer puesto","nomGrupo":null},{"jornada":"221","fecha":"2021-08-21","hora_prevista":"16:30:00","grupo_id":null,"nomCasa":"KFF Mitrovica","nomFuera":"SS Anenii Noi","clasificado":"1","goles_local":"3","goles_visitante":"0","nomEli":"Primera Eliminatoria - Tercer puesto","nomGrupo":null},{"jornada":"222","fecha":"2021-08-21","hora_prevista":"16:00:00","grupo_id":null,"nomCasa":"Valerenga Fotball","nomFuera":"PAOK FC","clasificado":"1","goles_local":"2","goles_visitante":"0","nomEli":"Primera Eliminatoria - Final","nomGrupo":null},{"jornada":"222","fecha":"2021-08-21","hora_prevista":"17:00:00","grupo_id":null,"nomCasa":"FK Gintra Universitetas","nomFuera":"Breidablik UBK","clasificado":"2","goles_local":"1","goles_visitante":"8","nomEli":"Primera Eliminatoria - Final","nomGrupo":null},{"jornada":"222","fecha":"2021-08-21","hora_prevista":"21:00:00","grupo_id":null,"nomCasa":"SKN Sankt Pölten Frauen","nomFuera":"Juventus FC","clasificado":"2","goles_local":"1","goles_visitante":"4","nomEli":"Primera Eliminatoria - Final","nomGrupo":null},{"jornada":"222","fecha":"2021-08-21","hora_prevista":"21:00:00","grupo_id":null,"nomCasa":"WFC BIIK-Kazygurt","nomFuera":"Glasgow City FC","clasificado":"2","goles_local":"0","goles_visitante":"1","nomEli":"Primera Eliminatoria - Final","nomGrupo":null},{"jornada":"222","fecha":"2021-08-21","hora_prevista":"21:15:00","grupo_id":null,"nomCasa":"Apollon Ladies FC","nomFuera":"PFC CSKA Moskva","clasificado":"1","goles_local":"2","goles_visitante":"1","nomEli":"Primera Eliminatoria - Final","nomGrupo":null},{"jornada":"222","fecha":"2021-08-21","hora_prevista":"21:00:00","grupo_id":null,"nomCasa":"RSC Anderlecht","nomFuera":"ZNK Osijek","clasificado":"2","goles_local":"0","goles_visitante":"1","nomEli":"Primera Eliminatoria - Final","nomGrupo":null},{"jornada":"222","fecha":"2021-08-21","hora_prevista":"20:00:00","grupo_id":null,"nomCasa":"FC Girondins de Bordeaux","nomFuera":"Kristianstads DFF","clasificado":"1","goles_local":"3","goles_visitante":"1","nomEli":"Primera Eliminatoria - Final","nomGrupo":null},{"jornada":"222","fecha":"2021-08-21","hora_prevista":"19:00:00","grupo_id":null,"nomCasa":"FC Twente","nomFuera":"ZFK Spartak Subotica","clasificado":"1","goles_local":"5","goles_visitante":"3","nomEli":"Primera Eliminatoria - Final","nomGrupo":null},{"jornada":"222","fecha":"2021-08-21","hora_prevista":"19:00:00","grupo_id":null,"nomCasa":"Servette FCCF","nomFuera":"Aland United","clasificado":"1","goles_local":"1","goles_visitante":"0","nomEli":"Primera Eliminatoria - Final","nomGrupo":null},{"jornada":"222","fecha":"2021-08-21","hora_prevista":"18:00:00","grupo_id":null,"nomCasa":"Arsenal WFC","nomFuera":"PSV Eindhoven","clasificado":"1","goles_local":"3","goles_visitante":"1","nomEli":"Primera Eliminatoria - Final","nomGrupo":null},{"jornada":"222","fecha":"2021-08-21","hora_prevista":"18:00:00","grupo_id":null,"nomCasa":"Rosenborg BK","nomFuera":"Levante UD","clasificado":"2","goles_local":"3","goles_visitante":"4","nomEli":"Primera Eliminatoria - Final","nomGrupo":null},{"jornada":"222","fecha":"2021-08-21","hora_prevista":"17:00:00","grupo_id":null,"nomCasa":"SL Benfica","nomFuera":"Racing FC Union","clasificado":"1","goles_local":"7","goles_visitante":"0","nomEli":"Primera Eliminatoria - Final","nomGrupo":null},{"jornada":"222","fecha":"2021-08-21","hora_prevista":"17:00:00","grupo_id":null,"nomCasa":"WFC Kharkiv","nomFuera":"ZNK Pomurje","clasificado":"1","goles_local":"4","goles_visitante":"1","nomEli":"Primera Eliminatoria - Final","nomGrupo":null},{"jornada":"221","fecha":"2021-08-20","hora_prevista":"14:00:00","grupo_id":null,"nomCasa":"FC Zürich Frauen","nomFuera":"Valur Reykjavík","clasificado":"2","goles_local":"1","goles_visitante":"3","nomEli":"Primera Eliminatoria - Tercer puesto","nomGrupo":null},{"jornada":"222","fecha":"2021-08-20","hora_prevista":"20:00:00","grupo_id":null,"nomCasa":"KS Vllaznia","nomFuera":"Ferencvárosi TC","clasificado":"1","goles_local":"0","goles_visitante":"0","nomEli":"Primera Eliminatoria - Final","nomGrupo":null},{"jornada":"222","fecha":"2021-08-20","hora_prevista":"20:00:00","grupo_id":null,"nomCasa":"TSG 1899 Hoffenheim","nomFuera":"AC Milan","clasificado":"1","goles_local":"2","goles_visitante":"0","nomEli":"Primera Eliminatoria - Final","nomGrupo":null},{"jornada":"220","fecha":"2021-08-18","hora_prevista":"16:45:00","grupo_id":null,"nomCasa":"Apollon Ladies FC","nomFuera":"FC Dinamo-BGU Minsk","clasificado":"1","goles_local":"2","goles_visitante":"0","nomEli":"Primera Eliminatoria - Semifinales","nomGrupo":null},{"jornada":"220","fecha":"2021-08-18","hora_prevista":"16:00:00","grupo_id":null,"nomCasa":"WFC BIIK-Kazygurt","nomFuera":"SK Slovan Bratislava","clasificado":"1","goles_local":"4","goles_visitante":"0","nomEli":"Primera Eliminatoria - Semifinales","nomGrupo":null},{"jornada":"220","fecha":"2021-08-18","hora_prevista":"15:00:00","grupo_id":null,"nomCasa":"RSC Anderlecht","nomFuera":"FC Hayasa","clasificado":"1","goles_local":"3","goles_visitante":"0","nomEli":"Primera Eliminatoria - Semifinales","nomGrupo":null},{"jornada":"220","fecha":"2021-08-18","hora_prevista":"14:00:00","grupo_id":null,"nomCasa":"Brondby IF","nomFuera":"Kristianstads DFF","clasificado":"2","goles_local":"0","goles_visitante":"1","nomEli":"Primera Eliminatoria - Semifinales","nomGrupo":null},{"jornada":"220","fecha":"2021-08-18","hora_prevista":"13:00:00","grupo_id":null,"nomCasa":"Servette FCCF","nomFuera":"Glentoran FC","clasificado":"1","goles_local":"1","goles_visitante":"0","nomEli":"Primera Eliminatoria - Semifinales","nomGrupo":null},{"jornada":"220","fecha":"2021-08-18","hora_prevista":"12:00:00","grupo_id":null,"nomCasa":"Arsenal WFC","nomFuera":"FC Okzhetpes","clasificado":"1","goles_local":"4","goles_visitante":"0","nomEli":"Primera Eliminatoria - Semifinales","nomGrupo":null},{"jornada":"220","fecha":"2021-08-18","hora_prevista":"12:00:00","grupo_id":null,"nomCasa":"ZFK Minsk","nomFuera":"Rosenborg BK","clasificado":"2","goles_local":"1","goles_visitante":"2","nomEli":"Primera Eliminatoria - Semifinales","nomGrupo":null},{"jornada":"220","fecha":"2021-08-18","hora_prevista":"12:00:00","grupo_id":null,"nomCasa":"ZFK Spartak Subotica","nomFuera":"Peamount United FC","clasificado":"1","goles_local":"5","goles_visitante":"2","nomEli":"Primera Eliminatoria - Semifinales","nomGrupo":null},{"jornada":"220","fecha":"2021-08-18","hora_prevista":"11:00:00","grupo_id":null,"nomCasa":"SFK 2000 Sarajevo","nomFuera":"Racing FC Union","clasificado":"2","goles_local":"0","goles_visitante":"1","nomEli":"Primera Eliminatoria - Semifinales","nomGrupo":null},{"jornada":"220","fecha":"2021-08-18","hora_prevista":"11:00:00","grupo_id":null,"nomCasa":"Glasgow City FC","nomFuera":"Birkirkara FC","clasificado":"1","goles_local":"3","goles_visitante":"0","nomEli":"Primera Eliminatoria - Semifinales","nomGrupo":null},{"jornada":"220","fecha":"2021-08-18","hora_prevista":"17:00:00","grupo_id":null,"nomCasa":"SL Benfica","nomFuera":"FC Qiryat Gat","clasificado":"1","goles_local":"4","goles_visitante":"0","nomEli":"Primera Eliminatoria - Semifinales","nomGrupo":null},{"jornada":"220","fecha":"2021-08-18","hora_prevista":"11:00:00","grupo_id":null,"nomCasa":"WFC Kharkiv","nomFuera":"FC NSA Sofia","clasificado":"1","goles_local":"5","goles_visitante":"1","nomEli":"Primera Eliminatoria - Semifinales","nomGrupo":null},{"jornada":"220","fecha":"2021-08-18","hora_prevista":"11:00:00","grupo_id":null,"nomCasa":"Breidablik UBK","nomFuera":"KÍ Klaksvík","clasificado":"1","goles_local":"7","goles_visitante":"0","nomEli":"Primera Eliminatoria - Semifinales","nomGrupo":null},{"jornada":"220","fecha":"2021-08-18","hora_prevista":"17:00:00","grupo_id":null,"nomCasa":"FK Gintra Universitetas","nomFuera":"FC Flora Tallinn","clasificado":"1","goles_local":"2","goles_visitante":"0","nomEli":"Primera Eliminatoria - Semifinales","nomGrupo":null},{"jornada":"220","fecha":"2021-08-18","hora_prevista":"17:00:00","grupo_id":null,"nomCasa":"ZNK Pomurje","nomFuera":"Rīgas FS","clasificado":"1","goles_local":"6","goles_visitante":"1","nomEli":"Primera Eliminatoria - Semifinales","nomGrupo":null},{"jornada":"220","fecha":"2021-08-18","hora_prevista":"15:00:00","grupo_id":null,"nomCasa":"Juventus FC","nomFuera":"ZFK Kamenica Sasa","clasificado":"1","goles_local":"12","goles_visitante":"0","nomEli":"Primera Eliminatoria - Semifinales","nomGrupo":null},{"jornada":"220","fecha":"2021-08-18","hora_prevista":"21:00:00","grupo_id":null,"nomCasa":"SKN Sankt Pölten Frauen","nomFuera":"Besiktas JK","clasificado":"1","goles_local":"7","goles_visitante":"0","nomEli":"Primera Eliminatoria - Semifinales","nomGrupo":null},{"jornada":"220","fecha":"2021-08-18","hora_prevista":"21:00:00","grupo_id":null,"nomCasa":"ZNK Osijek","nomFuera":"FK Breznica Pljevlja","clasificado":"1","goles_local":"5","goles_visitante":"0","nomEli":"Primera Eliminatoria - Semifinales","nomGrupo":null},{"jornada":"220","fecha":"2021-08-18","hora_prevista":"20:00:00","grupo_id":null,"nomCasa":"FC Girondins de Bordeaux","nomFuera":"1. FC Slovácko","clasificado":"1","goles_local":"2","goles_visitante":"1","nomEli":"Primera Eliminatoria - Semifinales","nomGrupo":null},{"jornada":"220","fecha":"2021-08-18","hora_prevista":"19:00:00","grupo_id":null,"nomCasa":"FC Twente","nomFuera":"FC Nike","clasificado":"1","goles_local":"9","goles_visitante":"0","nomEli":"Primera Eliminatoria - Semifinales","nomGrupo":null},{"jornada":"220","fecha":"2021-08-18","hora_prevista":"19:00:00","grupo_id":null,"nomCasa":"FCU Olimpia Cluj","nomFuera":"Aland United","clasificado":"2","goles_local":"0","goles_visitante":"4","nomEli":"Primera Eliminatoria - Semifinales","nomGrupo":null},{"jornada":"220","fecha":"2021-08-18","hora_prevista":"19:00:00","grupo_id":null,"nomCasa":"PSV Eindhoven","nomFuera":"FC Lokomotiv Moskva","clasificado":"1","goles_local":"3","goles_visitante":"1","nomEli":"Primera Eliminatoria - Semifinales","nomGrupo":null},{"jornada":"220","fecha":"2021-08-18","hora_prevista":"18:00:00","grupo_id":null,"nomCasa":"Levante UD","nomFuera":"Celtic FC","clasificado":"1","goles_local":"2","goles_visitante":"1","nomEli":"Primera Eliminatoria - Semifinales","nomGrupo":null},{"jornada":"220","fecha":"2021-08-18","hora_prevista":"16:30:00","grupo_id":null,"nomCasa":"PAOK FC","nomFuera":"SS Anenii Noi","clasificado":"1","goles_local":"6","goles_visitante":"0","nomEli":"Primera Eliminatoria - Semifinales","nomGrupo":null},{"jornada":"220","fecha":"2021-08-18","hora_prevista":"17:00:00","grupo_id":null,"nomCasa":"Valerenga Fotball","nomFuera":"KFF Mitrovica","clasificado":"1","goles_local":"5","goles_visitante":"0","nomEli":"Primera Eliminatoria - Semifinales","nomGrupo":null},{"jornada":"220","fecha":"2021-08-18","hora_prevista":"21:15:00","grupo_id":null,"nomCasa":"PFC CSKA Moskva","nomFuera":"Swansea City AFCL","clasificado":"1","goles_local":"4","goles_visitante":"1","nomEli":"Primera Eliminatoria - Semifinales","nomGrupo":null},{"jornada":"220","fecha":"2021-08-17","hora_prevista":"20:30:00","grupo_id":null,"nomCasa":"Ferencvárosi TC","nomFuera":"KKS Czarni Sosnowiec","clasificado":"1","goles_local":"2","goles_visitante":"1","nomEli":"Primera Eliminatoria - Semifinales","nomGrupo":null},{"jornada":"220","fecha":"2021-08-17","hora_prevista":"20:00:00","grupo_id":null,"nomCasa":"FC Zürich Frauen","nomFuera":"AC Milan","clasificado":"2","goles_local":"1","goles_visitante":"2","nomEli":"Primera Eliminatoria - Semifinales","nomGrupo":null},{"jornada":"220","fecha":"2021-08-17","hora_prevista":"14:00:00","grupo_id":null,"nomCasa":"TSG 1899 Hoffenheim","nomFuera":"Valur Reykjavík","clasificado":"1","goles_local":"1","goles_visitante":"0","nomEli":"Primera Eliminatoria - Semifinales","nomGrupo":null}]