[{"jornada":"84","fecha":"2022-07-01","hora_prevista":"20:00:00","grupo_id":null,"nomCasa":"Inglaterra","nomFuera":"Israel","clasificado":"1","goles_local":"3","goles_visitante":"1","nomEli":"Final","nomGrupo":null},{"jornada":"127","fecha":"2022-06-28","hora_prevista":"17:00:00","grupo_id":null,"nomCasa":"Eslovaquia","nomFuera":"Austria","clasificado":"1","goles_local":"1","goles_visitante":"0","nomEli":"Quinto y Sexto Puesto","nomGrupo":null},{"jornada":"148","fecha":"2022-06-28","hora_prevista":"17:00:00","grupo_id":null,"nomCasa":"Inglaterra","nomFuera":"Italia","clasificado":"1","goles_local":"2","goles_visitante":"1","nomEli":"Semifinales","nomGrupo":null},{"jornada":"148","fecha":"2022-06-28","hora_prevista":"20:00:00","grupo_id":null,"nomCasa":"Francia","nomFuera":"Israel","clasificado":"2","goles_local":"1","goles_visitante":"2","nomEli":"Semifinales","nomGrupo":null},{"jornada":"49","fecha":"2022-06-25","hora_prevista":"20:00:00","grupo_id":"16","nomCasa":"Austria","nomFuera":"Serbia","clasificado":"0","goles_local":"3","goles_visitante":"2","nomEli":"Cuartos de Final","nomGrupo":"Grupo B"},{"jornada":"49","fecha":"2022-06-25","hora_prevista":"20:00:00","grupo_id":"16","nomCasa":"Israel","nomFuera":"Inglaterra","clasificado":"0","goles_local":"0","goles_visitante":"1","nomEli":"Cuartos de Final","nomGrupo":"Grupo B"},{"jornada":"49","fecha":"2022-06-24","hora_prevista":"17:30:00","grupo_id":"15","nomCasa":"Eslovaquia","nomFuera":"Rumanía","clasificado":"0","goles_local":"1","goles_visitante":"0","nomEli":"Cuartos de Final","nomGrupo":"Grupo A"},{"jornada":"49","fecha":"2022-06-24","hora_prevista":"17:30:00","grupo_id":"15","nomCasa":"Francia","nomFuera":"Italia","clasificado":"0","goles_local":"4","goles_visitante":"1","nomEli":"Cuartos de Final","nomGrupo":"Grupo A"},{"jornada":"49","fecha":"2022-06-22","hora_prevista":"17:30:00","grupo_id":"16","nomCasa":"Israel","nomFuera":"Austria","clasificado":"0","goles_local":"4","goles_visitante":"2","nomEli":"Cuartos de Final","nomGrupo":"Grupo B"},{"jornada":"49","fecha":"2022-06-22","hora_prevista":"20:00:00","grupo_id":"16","nomCasa":"Inglaterra","nomFuera":"Serbia","clasificado":"0","goles_local":"4","goles_visitante":"0","nomEli":"Cuartos de Final","nomGrupo":"Grupo B"},{"jornada":"49","fecha":"2022-06-21","hora_prevista":"20:00:00","grupo_id":"15","nomCasa":"Rumanía","nomFuera":"Francia","clasificado":"0","goles_local":"1","goles_visitante":"2","nomEli":"Cuartos de Final","nomGrupo":"Grupo A"},{"jornada":"49","fecha":"2022-06-21","hora_prevista":"17:30:00","grupo_id":"15","nomCasa":"Eslovaquia","nomFuera":"Italia","clasificado":"0","goles_local":"0","goles_visitante":"1","nomEli":"Cuartos de Final","nomGrupo":"Grupo A"},{"jornada":"49","fecha":"2022-06-19","hora_prevista":"20:00:00","grupo_id":"16","nomCasa":"Inglaterra","nomFuera":"Austria","clasificado":"0","goles_local":"2","goles_visitante":"0","nomEli":"Cuartos de Final","nomGrupo":"Grupo B"},{"jornada":"49","fecha":"2022-06-19","hora_prevista":"17:30:00","grupo_id":"16","nomCasa":"Serbia","nomFuera":"Israel","clasificado":"0","goles_local":"2","goles_visitante":"2","nomEli":"Cuartos de Final","nomGrupo":"Grupo B"},{"jornada":"49","fecha":"2022-06-18","hora_prevista":"17:30:00","grupo_id":"15","nomCasa":"Eslovaquia","nomFuera":"Francia","clasificado":"0","goles_local":"0","goles_visitante":"5","nomEli":"Cuartos de Final","nomGrupo":"Grupo A"},{"jornada":"49","fecha":"2022-06-18","hora_prevista":"20:00:00","grupo_id":"15","nomCasa":"Italia","nomFuera":"Rumanía","clasificado":"0","goles_local":"2","goles_visitante":"1","nomEli":"Cuartos de Final","nomGrupo":"Grupo A"},{"jornada":"10","fecha":"2022-06-07","hora_prevista":"19:00:00","grupo_id":"11","nomCasa":"Ucrania","nomFuera":"Países Bajos","clasificado":"0","goles_local":"2","goles_visitante":"1","nomEli":"Ronda Élite","nomGrupo":"Grupo 6"},{"jornada":"10","fecha":"2022-06-07","hora_prevista":"19:00:00","grupo_id":"11","nomCasa":"Serbia","nomFuera":"Noruega","clasificado":"0","goles_local":"3","goles_visitante":"2","nomEli":"Ronda Élite","nomGrupo":"Grupo 6"},{"jornada":"10","fecha":"2022-06-04","hora_prevista":"12:00:00","grupo_id":"11","nomCasa":"Ucrania","nomFuera":"Serbia","clasificado":"0","goles_local":"1","goles_visitante":"1","nomEli":"Ronda Élite","nomGrupo":"Grupo 6"},{"jornada":"10","fecha":"2022-06-04","hora_prevista":"16:00:00","grupo_id":"11","nomCasa":"Países Bajos","nomFuera":"Noruega","clasificado":"0","goles_local":"1","goles_visitante":"1","nomEli":"Ronda Élite","nomGrupo":"Grupo 6"},{"jornada":"10","fecha":"2022-06-01","hora_prevista":"19:00:00","grupo_id":"11","nomCasa":"Países Bajos","nomFuera":"Serbia","clasificado":"0","goles_local":"1","goles_visitante":"2","nomEli":"Ronda Élite","nomGrupo":"Grupo 6"},{"jornada":"10","fecha":"2022-06-01","hora_prevista":"16:00:00","grupo_id":"11","nomCasa":"Noruega","nomFuera":"Ucrania","clasificado":"0","goles_local":"2","goles_visitante":"3","nomEli":"Ronda Élite","nomGrupo":"Grupo 6"},{"jornada":"10","fecha":"2022-03-29","hora_prevista":"12:00:00","grupo_id":"9","nomCasa":"Georgia","nomFuera":"Croacia","clasificado":"0","goles_local":"1","goles_visitante":"0","nomEli":"Ronda Élite","nomGrupo":"Grupo 4"},{"jornada":"10","fecha":"2022-03-29","hora_prevista":"12:00:00","grupo_id":"9","nomCasa":"Islandia","nomFuera":"Rumanía","clasificado":"0","goles_local":"3","goles_visitante":"0","nomEli":"Ronda Élite","nomGrupo":"Grupo 4"},{"jornada":"10","fecha":"2022-03-29","hora_prevista":"15:00:00","grupo_id":"7","nomCasa":"Bosnia y Herzegovina","nomFuera":"Francia","clasificado":"0","goles_local":"1","goles_visitante":"2","nomEli":"Ronda Élite","nomGrupo":"Grupo 2"},{"jornada":"10","fecha":"2022-03-29","hora_prevista":"15:00:00","grupo_id":"7","nomCasa":"Suecia","nomFuera":"Chequia","clasificado":"0","goles_local":"1","goles_visitante":"3","nomEli":"Ronda Élite","nomGrupo":"Grupo 2"},{"jornada":"10","fecha":"2022-03-29","hora_prevista":"16:30:00","grupo_id":"10","nomCasa":"Bélgica","nomFuera":"Italia","clasificado":"0","goles_local":"0","goles_visitante":"2","nomEli":"Ronda Élite","nomGrupo":"Grupo 5"},{"jornada":"10","fecha":"2022-03-29","hora_prevista":"16:30:00","grupo_id":"10","nomCasa":"Alemania","nomFuera":"Finlandia","clasificado":"0","goles_local":"0","goles_visitante":"1","nomEli":"Ronda Élite","nomGrupo":"Grupo 5"},{"jornada":"10","fecha":"2022-03-29","hora_prevista":"18:00:00","grupo_id":"2","nomCasa":"Hungría","nomFuera":"Turquía","clasificado":"0","goles_local":"1","goles_visitante":"2","nomEli":"Ronda Élite","nomGrupo":"Grupo 1"},{"jornada":"10","fecha":"2022-03-29","hora_prevista":"18:00:00","grupo_id":"2","nomCasa":"Escocia","nomFuera":"Israel","clasificado":"0","goles_local":"0","goles_visitante":"1","nomEli":"Ronda Élite","nomGrupo":"Grupo 1"},{"jornada":"10","fecha":"2022-03-29","hora_prevista":"18:00:00","grupo_id":"12","nomCasa":"Dinamarca","nomFuera":"España","clasificado":"0","goles_local":"3","goles_visitante":"3","nomEli":"Ronda Élite","nomGrupo":"Grupo 7"},{"jornada":"10","fecha":"2022-03-29","hora_prevista":"20:30:00","grupo_id":"8","nomCasa":"Inglaterra","nomFuera":"Portugal","clasificado":"0","goles_local":"2","goles_visitante":"0","nomEli":"Ronda Élite","nomGrupo":"Grupo 3"},{"jornada":"10","fecha":"2022-03-29","hora_prevista":"20:30:00","grupo_id":"8","nomCasa":"Armenia","nomFuera":"Irlanda","clasificado":"0","goles_local":"0","goles_visitante":"4","nomEli":"Ronda Élite","nomGrupo":"Grupo 3"},{"jornada":"10","fecha":"2022-03-26","hora_prevista":"15:00:00","grupo_id":"10","nomCasa":"Italia","nomFuera":"Finlandia","clasificado":"0","goles_local":"4","goles_visitante":"0","nomEli":"Ronda Élite","nomGrupo":"Grupo 5"},{"jornada":"10","fecha":"2022-03-26","hora_prevista":"15:00:00","grupo_id":"8","nomCasa":"Inglaterra","nomFuera":"Armenia","clasificado":"0","goles_local":"4","goles_visitante":"0","nomEli":"Ronda Élite","nomGrupo":"Grupo 3"},{"jornada":"10","fecha":"2022-03-26","hora_prevista":"15:00:00","grupo_id":"7","nomCasa":"Francia","nomFuera":"Chequia","clasificado":"0","goles_local":"0","goles_visitante":"1","nomEli":"Ronda Élite","nomGrupo":"Grupo 2"},{"jornada":"10","fecha":"2022-03-26","hora_prevista":"12:00:00","grupo_id":"9","nomCasa":"Croacia","nomFuera":"Rumanía","clasificado":"0","goles_local":"1","goles_visitante":"2","nomEli":"Ronda Élite","nomGrupo":"Grupo 4"},{"jornada":"10","fecha":"2022-03-26","hora_prevista":"10:00:00","grupo_id":"10","nomCasa":"Bélgica","nomFuera":"Alemania","clasificado":"0","goles_local":"2","goles_visitante":"2","nomEli":"Ronda Élite","nomGrupo":"Grupo 5"},{"jornada":"10","fecha":"2022-03-26","hora_prevista":"15:30:00","grupo_id":"9","nomCasa":"Georgia","nomFuera":"Islandia","clasificado":"0","goles_local":"1","goles_visitante":"1","nomEli":"Ronda Élite","nomGrupo":"Grupo 4"},{"jornada":"10","fecha":"2022-03-26","hora_prevista":"16:00:00","grupo_id":"2","nomCasa":"Turquía","nomFuera":"Israel","clasificado":"0","goles_local":"1","goles_visitante":"3","nomEli":"Ronda Élite","nomGrupo":"Grupo 1"},{"jornada":"10","fecha":"2022-03-26","hora_prevista":"20:30:00","grupo_id":"8","nomCasa":"Portugal","nomFuera":"Irlanda","clasificado":"0","goles_local":"4","goles_visitante":"1","nomEli":"Ronda Élite","nomGrupo":"Grupo 3"},{"jornada":"10","fecha":"2022-03-26","hora_prevista":"18:00:00","grupo_id":"7","nomCasa":"Bosnia y Herzegovina","nomFuera":"Suecia","clasificado":"0","goles_local":"3","goles_visitante":"2","nomEli":"Ronda Élite","nomGrupo":"Grupo 2"},{"jornada":"10","fecha":"2022-03-26","hora_prevista":"18:00:00","grupo_id":"12","nomCasa":"Austria","nomFuera":"Dinamarca","clasificado":"0","goles_local":"2","goles_visitante":"0","nomEli":"Ronda Élite","nomGrupo":"Grupo 7"},{"jornada":"10","fecha":"2022-03-26","hora_prevista":"19:45:00","grupo_id":"2","nomCasa":"Hungría","nomFuera":"Escocia","clasificado":"0","goles_local":"3","goles_visitante":"0","nomEli":"Ronda Élite","nomGrupo":"Grupo 1"},{"jornada":"10","fecha":"2022-03-23","hora_prevista":"18:00:00","grupo_id":"7","nomCasa":"Chequia","nomFuera":"Bosnia y Herzegovina","clasificado":"0","goles_local":"0","goles_visitante":"1","nomEli":"Ronda Élite","nomGrupo":"Grupo 2"},{"jornada":"10","fecha":"2022-03-23","hora_prevista":"18:00:00","grupo_id":"12","nomCasa":"España","nomFuera":"Austria","clasificado":"0","goles_local":"2","goles_visitante":"2","nomEli":"Ronda Élite","nomGrupo":"Grupo 7"},{"jornada":"10","fecha":"2022-03-23","hora_prevista":"12:00:00","grupo_id":"9","nomCasa":"Croacia","nomFuera":"Islandia","clasificado":"0","goles_local":"2","goles_visitante":"1","nomEli":"Ronda Élite","nomGrupo":"Grupo 4"},{"jornada":"10","fecha":"2022-03-23","hora_prevista":"17:30:00","grupo_id":"10","nomCasa":"Finlandia","nomFuera":"Bélgica","clasificado":"0","goles_local":"1","goles_visitante":"3","nomEli":"Ronda Élite","nomGrupo":"Grupo 5"},{"jornada":"10","fecha":"2022-03-23","hora_prevista":"14:00:00","grupo_id":"8","nomCasa":"Portugal","nomFuera":"Armenia","clasificado":"0","goles_local":"4","goles_visitante":"0","nomEli":"Ronda Élite","nomGrupo":"Grupo 3"},{"jornada":"10","fecha":"2022-03-23","hora_prevista":"15:00:00","grupo_id":"7","nomCasa":"Francia","nomFuera":"Suecia","clasificado":"0","goles_local":"5","goles_visitante":"0","nomEli":"Ronda Élite","nomGrupo":"Grupo 2"},{"jornada":"10","fecha":"2022-03-23","hora_prevista":"19:30:00","grupo_id":"2","nomCasa":"Israel","nomFuera":"Hungría","clasificado":"0","goles_local":"0","goles_visitante":"0","nomEli":"Ronda Élite","nomGrupo":"Grupo 1"},{"jornada":"10","fecha":"2022-03-23","hora_prevista":"20:30:00","grupo_id":"8","nomCasa":"Irlanda","nomFuera":"Inglaterra","clasificado":"0","goles_local":"1","goles_visitante":"3","nomEli":"Ronda Élite","nomGrupo":"Grupo 3"},{"jornada":"10","fecha":"2022-03-23","hora_prevista":"15:30:00","grupo_id":"9","nomCasa":"Rumanía","nomFuera":"Georgia","clasificado":"0","goles_local":"5","goles_visitante":"1","nomEli":"Ronda Élite","nomGrupo":"Grupo 4"},{"jornada":"10","fecha":"2022-03-23","hora_prevista":"11:30:00","grupo_id":"10","nomCasa":"Italia","nomFuera":"Alemania","clasificado":"0","goles_local":"2","goles_visitante":"2","nomEli":"Ronda Élite","nomGrupo":"Grupo 5"},{"jornada":"10","fecha":"2022-03-23","hora_prevista":"16:00:00","grupo_id":"2","nomCasa":"Turquía","nomFuera":"Escocia","clasificado":"0","goles_local":"1","goles_visitante":"2","nomEli":"Ronda Élite","nomGrupo":"Grupo 1"},{"jornada":"6","fecha":"2021-11-16","hora_prevista":"14:00:00","grupo_id":"7","nomCasa":"Grecia","nomFuera":"Alemania","clasificado":"0","goles_local":"1","goles_visitante":"1","nomEli":" Ronda de Clasificación","nomGrupo":"Grupo 2"},{"jornada":"6","fecha":"2021-11-16","hora_prevista":"14:00:00","grupo_id":"7","nomCasa":"Feroe","nomFuera":"Rusia","clasificado":"0","goles_local":"0","goles_visitante":"5","nomEli":" Ronda de Clasificación","nomGrupo":"Grupo 2"},{"jornada":"6","fecha":"2021-11-16","hora_prevista":"18:00:00","grupo_id":"13","nomCasa":"Bélgica","nomFuera":"España","clasificado":"0","goles_local":"2","goles_visitante":"2","nomEli":" Ronda de Clasificación","nomGrupo":"Grupo 8"},{"jornada":"6","fecha":"2021-11-16","hora_prevista":"18:00:00","grupo_id":"13","nomCasa":"Luxemburgo","nomFuera":"Azerbaiyán","clasificado":"0","goles_local":"0","goles_visitante":"2","nomEli":" Ronda de Clasificación","nomGrupo":"Grupo 8"},{"jornada":"6","fecha":"2021-11-16","hora_prevista":"13:30:00","grupo_id":"11","nomCasa":"Montenegro","nomFuera":"Bosnia y Herzegovina","clasificado":"0","goles_local":"0","goles_visitante":"4","nomEli":" Ronda de Clasificación","nomGrupo":"Grupo 6"},{"jornada":"6","fecha":"2021-11-16","hora_prevista":"13:30:00","grupo_id":"11","nomCasa":"Bulgaria","nomFuera":"Irlanda","clasificado":"0","goles_local":"0","goles_visitante":"2","nomEli":" Ronda de Clasificación","nomGrupo":"Grupo 6"},{"jornada":"6","fecha":"2021-11-16","hora_prevista":"18:00:00","grupo_id":"2","nomCasa":"Suecia","nomFuera":"Inglaterra","clasificado":"0","goles_local":"0","goles_visitante":"2","nomEli":" Ronda de Clasificación","nomGrupo":"Grupo 1"},{"jornada":"6","fecha":"2021-11-16","hora_prevista":"16:00:00","grupo_id":"9","nomCasa":"Israel","nomFuera":"Países Bajos","clasificado":"0","goles_local":"1","goles_visitante":"4","nomEli":" Ronda de Clasificación","nomGrupo":"Grupo 4"},{"jornada":"6","fecha":"2021-11-16","hora_prevista":"12:00:00","grupo_id":"4","nomCasa":"Escocia","nomFuera":"Croacia","clasificado":"0","goles_local":"1","goles_visitante":"1","nomEli":" Ronda de Clasificación","nomGrupo":"Grupo 11"},{"jornada":"6","fecha":"2021-11-16","hora_prevista":"15:00:00","grupo_id":"14","nomCasa":"San Marino","nomFuera":"Letonia","clasificado":"0","goles_local":"0","goles_visitante":"2","nomEli":" Ronda de Clasificación","nomGrupo":"Grupo 9"},{"jornada":"6","fecha":"2021-11-16","hora_prevista":"15:00:00","grupo_id":"14","nomCasa":"Rumanía","nomFuera":"Turquía","clasificado":"0","goles_local":"1","goles_visitante":"4","nomEli":" Ronda de Clasificación","nomGrupo":"Grupo 9"},{"jornada":"6","fecha":"2021-11-16","hora_prevista":"12:00:00","grupo_id":"4","nomCasa":"Gibraltar","nomFuera":"Armenia","clasificado":"0","goles_local":"0","goles_visitante":"1","nomEli":" Ronda de Clasificación","nomGrupo":"Grupo 11"},{"jornada":"6","fecha":"2021-11-16","hora_prevista":"14:00:00","grupo_id":"12","nomCasa":"Albania","nomFuera":"Macedonia del Norte","clasificado":"0","goles_local":"3","goles_visitante":"1","nomEli":" Ronda de Clasificación","nomGrupo":"Grupo 7"},{"jornada":"6","fecha":"2021-11-16","hora_prevista":"14:00:00","grupo_id":"12","nomCasa":"Serbia","nomFuera":"Francia","clasificado":"0","goles_local":"1","goles_visitante":"2","nomEli":" Ronda de Clasificación","nomGrupo":"Grupo 7"},{"jornada":"6","fecha":"2021-11-16","hora_prevista":"16:00:00","grupo_id":"9","nomCasa":"Moldavia","nomFuera":"Chipre","clasificado":"0","goles_local":"2","goles_visitante":"2","nomEli":" Ronda de Clasificación","nomGrupo":"Grupo 4"},{"jornada":"6","fecha":"2021-11-16","hora_prevista":"18:00:00","grupo_id":"2","nomCasa":"Andorra","nomFuera":"Suiza","clasificado":"0","goles_local":"0","goles_visitante":"6","nomEli":" Ronda de Clasificación","nomGrupo":"Grupo 1"},{"jornada":"6","fecha":"2021-11-13","hora_prevista":"18:00:00","grupo_id":"13","nomCasa":"España","nomFuera":"Azerbaiyán","clasificado":"0","goles_local":"6","goles_visitante":"0","nomEli":" Ronda de Clasificación","nomGrupo":"Grupo 8"},{"jornada":"6","fecha":"2021-11-13","hora_prevista":"18:00:00","grupo_id":"13","nomCasa":"Bélgica","nomFuera":"Luxemburgo","clasificado":"0","goles_local":"5","goles_visitante":"1","nomEli":" Ronda de Clasificación","nomGrupo":"Grupo 8"},{"jornada":"6","fecha":"2021-11-13","hora_prevista":"13:00:00","grupo_id":"7","nomCasa":"Alemania","nomFuera":"Rusia","clasificado":"0","goles_local":"1","goles_visitante":"3","nomEli":" Ronda de Clasificación","nomGrupo":"Grupo 2"},{"jornada":"6","fecha":"2021-11-13","hora_prevista":"13:00:00","grupo_id":"2","nomCasa":"Inglaterra","nomFuera":"Suiza","clasificado":"0","goles_local":"0","goles_visitante":"0","nomEli":" Ronda de Clasificación","nomGrupo":"Grupo 1"},{"jornada":"6","fecha":"2021-11-13","hora_prevista":"14:00:00","grupo_id":"12","nomCasa":"Serbia","nomFuera":"Albania","clasificado":"0","goles_local":"2","goles_visitante":"2","nomEli":" Ronda de Clasificación","nomGrupo":"Grupo 7"},{"jornada":"6","fecha":"2021-11-13","hora_prevista":"15:00:00","grupo_id":"14","nomCasa":"Turquía","nomFuera":"Letonia","clasificado":"0","goles_local":"2","goles_visitante":"1","nomEli":" Ronda de Clasificación","nomGrupo":"Grupo 9"},{"jornada":"6","fecha":"2021-11-13","hora_prevista":"11:00:00","grupo_id":"14","nomCasa":"Rumanía","nomFuera":"San Marino","clasificado":"0","goles_local":"5","goles_visitante":"0","nomEli":" Ronda de Clasificación","nomGrupo":"Grupo 9"},{"jornada":"6","fecha":"2021-11-13","hora_prevista":"18:40:00","grupo_id":"9","nomCasa":"Israel","nomFuera":"Moldavia","clasificado":"0","goles_local":"6","goles_visitante":"0","nomEli":" Ronda de Clasificación","nomGrupo":"Grupo 4"},{"jornada":"6","fecha":"2021-11-13","hora_prevista":"11:00:00","grupo_id":"9","nomCasa":"Países Bajos","nomFuera":"Chipre","clasificado":"0","goles_local":"5","goles_visitante":"0","nomEli":" Ronda de Clasificación","nomGrupo":"Grupo 4"},{"jornada":"6","fecha":"2021-11-13","hora_prevista":"12:00:00","grupo_id":"4","nomCasa":"Croacia","nomFuera":"Armenia","clasificado":"0","goles_local":"2","goles_visitante":"0","nomEli":" Ronda de Clasificación","nomGrupo":"Grupo 11"},{"jornada":"6","fecha":"2021-11-13","hora_prevista":"11:00:00","grupo_id":"4","nomCasa":"Escocia","nomFuera":"Gibraltar","clasificado":"0","goles_local":"3","goles_visitante":"0","nomEli":" Ronda de Clasificación","nomGrupo":"Grupo 11"},{"jornada":"6","fecha":"2021-11-13","hora_prevista":"18:30:00","grupo_id":"2","nomCasa":"Suecia","nomFuera":"Andorra","clasificado":"0","goles_local":"2","goles_visitante":"0","nomEli":" Ronda de Clasificación","nomGrupo":"Grupo 1"},{"jornada":"6","fecha":"2021-11-13","hora_prevista":"13:30:00","grupo_id":"11","nomCasa":"Bulgaria","nomFuera":"Montenegro","clasificado":"0","goles_local":"0","goles_visitante":"1","nomEli":" Ronda de Clasificación","nomGrupo":"Grupo 6"},{"jornada":"6","fecha":"2021-11-13","hora_prevista":"12:00:00","grupo_id":"12","nomCasa":"Francia","nomFuera":"Macedonia del Norte","clasificado":"0","goles_local":"2","goles_visitante":"0","nomEli":" Ronda de Clasificación","nomGrupo":"Grupo 7"},{"jornada":"6","fecha":"2021-11-13","hora_prevista":"14:00:00","grupo_id":"7","nomCasa":"Grecia","nomFuera":"Feroe","clasificado":"0","goles_local":"0","goles_visitante":"0","nomEli":" Ronda de Clasificación","nomGrupo":"Grupo 2"},{"jornada":"6","fecha":"2021-11-13","hora_prevista":"13:30:00","grupo_id":"11","nomCasa":"Irlanda","nomFuera":"Bosnia y Herzegovina","clasificado":"0","goles_local":"1","goles_visitante":"1","nomEli":" Ronda de Clasificación","nomGrupo":"Grupo 6"},{"jornada":"6","fecha":"2021-11-10","hora_prevista":"13:00:00","grupo_id":"7","nomCasa":"Alemania","nomFuera":"Feroe","clasificado":"0","goles_local":"4","goles_visitante":"1","nomEli":" Ronda de Clasificación","nomGrupo":"Grupo 2"},{"jornada":"6","fecha":"2021-11-10","hora_prevista":"18:00:00","grupo_id":"9","nomCasa":"Chipre","nomFuera":"Israel","clasificado":"0","goles_local":"0","goles_visitante":"1","nomEli":" Ronda de Clasificación","nomGrupo":"Grupo 4"},{"jornada":"6","fecha":"2021-11-10","hora_prevista":"11:00:00","grupo_id":"9","nomCasa":"Países Bajos","nomFuera":"Moldavia","clasificado":"0","goles_local":"4","goles_visitante":"0","nomEli":" Ronda de Clasificación","nomGrupo":"Grupo 4"},{"jornada":"6","fecha":"2021-11-10","hora_prevista":"12:00:00","grupo_id":"4","nomCasa":"Croacia","nomFuera":"Gibraltar","clasificado":"0","goles_local":"7","goles_visitante":"0","nomEli":" Ronda de Clasificación","nomGrupo":"Grupo 11"},{"jornada":"6","fecha":"2021-11-10","hora_prevista":"11:00:00","grupo_id":"4","nomCasa":"Armenia","nomFuera":"Escocia","clasificado":"0","goles_local":"3","goles_visitante":"2","nomEli":" Ronda de Clasificación","nomGrupo":"Grupo 11"},{"jornada":"6","fecha":"2021-11-10","hora_prevista":"18:00:00","grupo_id":"13","nomCasa":"Azerbaiyán","nomFuera":"Bélgica","clasificado":"0","goles_local":"1","goles_visitante":"5","nomEli":" Ronda de Clasificación","nomGrupo":"Grupo 8"},{"jornada":"6","fecha":"2021-11-10","hora_prevista":"13:30:00","grupo_id":"11","nomCasa":"Irlanda","nomFuera":"Montenegro","clasificado":"0","goles_local":"3","goles_visitante":"2","nomEli":" Ronda de Clasificación","nomGrupo":"Grupo 6"},{"jornada":"6","fecha":"2021-11-10","hora_prevista":"11:00:00","grupo_id":"14","nomCasa":"Letonia","nomFuera":"Rumanía","clasificado":"0","goles_local":"0","goles_visitante":"1","nomEli":" Ronda de Clasificación","nomGrupo":"Grupo 9"},{"jornada":"6","fecha":"2021-11-10","hora_prevista":"15:00:00","grupo_id":"14","nomCasa":"Turquía","nomFuera":"San Marino","clasificado":"0","goles_local":"3","goles_visitante":"1","nomEli":" Ronda de Clasificación","nomGrupo":"Grupo 9"},{"jornada":"6","fecha":"2021-11-10","hora_prevista":"13:30:00","grupo_id":"11","nomCasa":"Bosnia y Herzegovina","nomFuera":"Bulgaria","clasificado":"0","goles_local":"2","goles_visitante":"0","nomEli":" Ronda de Clasificación","nomGrupo":"Grupo 6"},{"jornada":"6","fecha":"2021-11-10","hora_prevista":"14:00:00","grupo_id":"7","nomCasa":"Rusia","nomFuera":"Grecia","clasificado":"0","goles_local":"1","goles_visitante":"0","nomEli":" Ronda de Clasificación","nomGrupo":"Grupo 2"},{"jornada":"6","fecha":"2021-11-10","hora_prevista":"18:30:00","grupo_id":"2","nomCasa":"Suiza","nomFuera":"Suecia","clasificado":"0","goles_local":"1","goles_visitante":"2","nomEli":" Ronda de Clasificación","nomGrupo":"Grupo 1"},{"jornada":"6","fecha":"2021-11-10","hora_prevista":"13:00:00","grupo_id":"2","nomCasa":"Inglaterra","nomFuera":"Andorra","clasificado":"0","goles_local":"4","goles_visitante":"0","nomEli":" Ronda de Clasificación","nomGrupo":"Grupo 1"},{"jornada":"6","fecha":"2021-11-10","hora_prevista":"18:00:00","grupo_id":"13","nomCasa":"España","nomFuera":"Luxemburgo","clasificado":"0","goles_local":"2","goles_visitante":"1","nomEli":" Ronda de Clasificación","nomGrupo":"Grupo 8"},{"jornada":"6","fecha":"2021-11-10","hora_prevista":"14:00:00","grupo_id":"12","nomCasa":"Francia","nomFuera":"Albania","clasificado":"0","goles_local":"4","goles_visitante":"0","nomEli":" Ronda de Clasificación","nomGrupo":"Grupo 7"},{"jornada":"6","fecha":"2021-11-10","hora_prevista":"12:00:00","grupo_id":"12","nomCasa":"Macedonia del Norte","nomFuera":"Serbia","clasificado":"0","goles_local":"1","goles_visitante":"2","nomEli":" Ronda de Clasificación","nomGrupo":"Grupo 7"},{"jornada":"6","fecha":"2021-10-12","hora_prevista":"13:00:00","grupo_id":"10","nomCasa":"Malta","nomFuera":"Finlandia","clasificado":"0","goles_local":"0","goles_visitante":"1","nomEli":" Ronda de Clasificación","nomGrupo":"Grupo 5"},{"jornada":"6","fecha":"2021-10-12","hora_prevista":"15:00:00","grupo_id":"6","nomCasa":"Dinamarca","nomFuera":"Chequia","clasificado":"0","goles_local":"1","goles_visitante":"1","nomEli":" Ronda de Clasificación","nomGrupo":"Grupo 13"},{"jornada":"6","fecha":"2021-10-12","hora_prevista":"15:00:00","grupo_id":"6","nomCasa":"Kazajistán","nomFuera":"Irlanda del Norte","clasificado":"0","goles_local":"1","goles_visitante":"2","nomEli":" Ronda de Clasificación","nomGrupo":"Grupo 13"},{"jornada":"6","fecha":"2021-10-12","hora_prevista":"15:00:00","grupo_id":"3","nomCasa":"Georgia","nomFuera":"Noruega","clasificado":"0","goles_local":"1","goles_visitante":"0","nomEli":" Ronda de Clasificación","nomGrupo":"Grupo 10"},{"jornada":"6","fecha":"2021-10-12","hora_prevista":"15:00:00","grupo_id":"3","nomCasa":"Kosovo","nomFuera":"Gales","clasificado":"0","goles_local":"0","goles_visitante":"3","nomEli":" Ronda de Clasificación","nomGrupo":"Grupo 10"},{"jornada":"6","fecha":"2021-10-12","hora_prevista":"13:00:00","grupo_id":"10","nomCasa":"Polonia","nomFuera":"Ucrania","clasificado":"0","goles_local":"2","goles_visitante":"2","nomEli":" Ronda de Clasificación","nomGrupo":"Grupo 5"},{"jornada":"6","fecha":"2021-10-12","hora_prevista":"15:30:00","grupo_id":"5","nomCasa":"Lituania","nomFuera":"Islandia","clasificado":"0","goles_local":"1","goles_visitante":"2","nomEli":" Ronda de Clasificación","nomGrupo":"Grupo 12"},{"jornada":"6","fecha":"2021-10-12","hora_prevista":"15:30:00","grupo_id":"5","nomCasa":"Eslovenia","nomFuera":"Italia","clasificado":"0","goles_local":"1","goles_visitante":"3","nomEli":" Ronda de Clasificación","nomGrupo":"Grupo 12"},{"jornada":"6","fecha":"2021-10-12","hora_prevista":"15:00:00","grupo_id":"8","nomCasa":"Hungría","nomFuera":"Austria","clasificado":"0","goles_local":"1","goles_visitante":"1","nomEli":" Ronda de Clasificación","nomGrupo":"Grupo 3"},{"jornada":"6","fecha":"2021-10-12","hora_prevista":"15:00:00","grupo_id":"8","nomCasa":"Estonia","nomFuera":"Bielorrusia","clasificado":"0","goles_local":"0","goles_visitante":"1","nomEli":" Ronda de Clasificación","nomGrupo":"Grupo 3"},{"jornada":"6","fecha":"2021-10-09","hora_prevista":"12:00:00","grupo_id":"10","nomCasa":"Ucrania","nomFuera":"Finlandia","clasificado":"0","goles_local":"2","goles_visitante":"1","nomEli":" Ronda de Clasificación","nomGrupo":"Grupo 5"},{"jornada":"6","fecha":"2021-10-09","hora_prevista":"15:30:00","grupo_id":"10","nomCasa":"Polonia","nomFuera":"Malta","clasificado":"0","goles_local":"4","goles_visitante":"0","nomEli":" Ronda de Clasificación","nomGrupo":"Grupo 5"},{"jornada":"6","fecha":"2021-10-09","hora_prevista":"15:00:00","grupo_id":"6","nomCasa":"Dinamarca","nomFuera":"Kazajistán","clasificado":"0","goles_local":"5","goles_visitante":"2","nomEli":" Ronda de Clasificación","nomGrupo":"Grupo 13"},{"jornada":"6","fecha":"2021-10-09","hora_prevista":"13:00:00","grupo_id":"3","nomCasa":"Noruega","nomFuera":"Gales","clasificado":"0","goles_local":"5","goles_visitante":"0","nomEli":" Ronda de Clasificación","nomGrupo":"Grupo 10"},{"jornada":"6","fecha":"2021-10-09","hora_prevista":"16:00:00","grupo_id":"3","nomCasa":"Georgia","nomFuera":"Kosovo","clasificado":"0","goles_local":"1","goles_visitante":"0","nomEli":" Ronda de Clasificación","nomGrupo":"Grupo 10"},{"jornada":"6","fecha":"2021-10-09","hora_prevista":"17:45:00","grupo_id":"8","nomCasa":"Hungría","nomFuera":"Estonia","clasificado":"0","goles_local":"2","goles_visitante":"0","nomEli":" Ronda de Clasificación","nomGrupo":"Grupo 3"},{"jornada":"6","fecha":"2021-10-09","hora_prevista":"15:30:00","grupo_id":"8","nomCasa":"Austria","nomFuera":"Bielorrusia","clasificado":"0","goles_local":"1","goles_visitante":"1","nomEli":" Ronda de Clasificación","nomGrupo":"Grupo 3"},{"jornada":"6","fecha":"2021-10-09","hora_prevista":"15:00:00","grupo_id":"6","nomCasa":"Chequia","nomFuera":"Irlanda del Norte","clasificado":"0","goles_local":"2","goles_visitante":"0","nomEli":" Ronda de Clasificación","nomGrupo":"Grupo 13"},{"jornada":"6","fecha":"2021-10-09","hora_prevista":"15:30:00","grupo_id":"5","nomCasa":"Italia","nomFuera":"Islandia","clasificado":"0","goles_local":"3","goles_visitante":"0","nomEli":" Ronda de Clasificación","nomGrupo":"Grupo 12"},{"jornada":"6","fecha":"2021-10-09","hora_prevista":"15:30:00","grupo_id":"5","nomCasa":"Eslovenia","nomFuera":"Lituania","clasificado":"0","goles_local":"1","goles_visitante":"1","nomEli":" Ronda de Clasificación","nomGrupo":"Grupo 12"},{"jornada":"6","fecha":"2021-10-06","hora_prevista":"18:00:00","grupo_id":"6","nomCasa":"Chequia","nomFuera":"Kazajistán","clasificado":"0","goles_local":"3","goles_visitante":"0","nomEli":" Ronda de Clasificación","nomGrupo":"Grupo 13"},{"jornada":"6","fecha":"2021-10-06","hora_prevista":"18:00:00","grupo_id":"10","nomCasa":"Finlandia","nomFuera":"Polonia","clasificado":"0","goles_local":"3","goles_visitante":"1","nomEli":" Ronda de Clasificación","nomGrupo":"Grupo 5"},{"jornada":"6","fecha":"2021-10-06","hora_prevista":"12:00:00","grupo_id":"10","nomCasa":"Ucrania","nomFuera":"Malta","clasificado":"0","goles_local":"4","goles_visitante":"2","nomEli":" Ronda de Clasificación","nomGrupo":"Grupo 5"},{"jornada":"6","fecha":"2021-10-06","hora_prevista":"15:30:00","grupo_id":"5","nomCasa":"Italia","nomFuera":"Lituania","clasificado":"0","goles_local":"2","goles_visitante":"0","nomEli":" Ronda de Clasificación","nomGrupo":"Grupo 12"},{"jornada":"6","fecha":"2021-10-06","hora_prevista":"13:00:00","grupo_id":"3","nomCasa":"Noruega","nomFuera":"Kosovo","clasificado":"0","goles_local":"3","goles_visitante":"0","nomEli":" Ronda de Clasificación","nomGrupo":"Grupo 10"},{"jornada":"6","fecha":"2021-10-06","hora_prevista":"15:30:00","grupo_id":"5","nomCasa":"Islandia","nomFuera":"Eslovenia","clasificado":"0","goles_local":"3","goles_visitante":"1","nomEli":" Ronda de Clasificación","nomGrupo":"Grupo 12"},{"jornada":"6","fecha":"2021-10-06","hora_prevista":"15:30:00","grupo_id":"8","nomCasa":"Austria","nomFuera":"Estonia","clasificado":"0","goles_local":"4","goles_visitante":"0","nomEli":" Ronda de Clasificación","nomGrupo":"Grupo 3"},{"jornada":"6","fecha":"2021-10-06","hora_prevista":"20:00:00","grupo_id":"8","nomCasa":"Bielorrusia","nomFuera":"Hungría","clasificado":"0","goles_local":"1","goles_visitante":"2","nomEli":" Ronda de Clasificación","nomGrupo":"Grupo 3"},{"jornada":"6","fecha":"2021-10-06","hora_prevista":"15:00:00","grupo_id":"6","nomCasa":"Irlanda del Norte","nomFuera":"Dinamarca","clasificado":"0","goles_local":"0","goles_visitante":"2","nomEli":" Ronda de Clasificación","nomGrupo":"Grupo 13"},{"jornada":"6","fecha":"2021-10-06","hora_prevista":"16:00:00","grupo_id":"3","nomCasa":"Gales","nomFuera":"Georgia","clasificado":"0","goles_local":"0","goles_visitante":"0","nomEli":" Ronda de Clasificación","nomGrupo":"Grupo 10"}]