[{"jornada":"84","fecha":"2018-12-01","hora_prevista":"23:00:00","grupo_id":null,"nomCasa":"España","nomFuera":"México","clasificado":"1","goles_local":"2","goles_visitante":"1","nomEli":"Final","nomGrupo":null},{"jornada":"163","fecha":"2018-12-01","hora_prevista":"20:00:00","grupo_id":null,"nomCasa":"Nueva Zelanda","nomFuera":"Canadá","clasificado":"1","goles_local":"2","goles_visitante":"1","nomEli":"Tercer y Cuarto Puesto","nomGrupo":null},{"jornada":"148","fecha":"2018-11-28","hora_prevista":"23:00:00","grupo_id":null,"nomCasa":"México","nomFuera":"Canadá","clasificado":"1","goles_local":"1","goles_visitante":"0","nomEli":"Semifinales","nomGrupo":null},{"jornada":"148","fecha":"2018-11-28","hora_prevista":"20:00:00","grupo_id":null,"nomCasa":"Nueva Zelanda","nomFuera":"España","clasificado":"2","goles_local":"0","goles_visitante":"2","nomEli":"Semifinales","nomGrupo":null},{"jornada":"48","fecha":"2018-11-25","hora_prevista":"20:00:00","grupo_id":null,"nomCasa":"Ghana","nomFuera":"México","clasificado":"2","goles_local":"2","goles_visitante":"2","nomEli":"Cuartos de Final","nomGrupo":null},{"jornada":"48","fecha":"2018-11-25","hora_prevista":"23:00:00","grupo_id":null,"nomCasa":"Alemania","nomFuera":"Canadá","clasificado":"2","goles_local":"0","goles_visitante":"1","nomEli":"Cuartos de Final","nomGrupo":null},{"jornada":"48","fecha":"2018-11-24","hora_prevista":"18:00:00","grupo_id":null,"nomCasa":"España","nomFuera":"Corea del Norte","clasificado":"1","goles_local":"1","goles_visitante":"1","nomEli":"Cuartos de Final","nomGrupo":null},{"jornada":"48","fecha":"2018-11-24","hora_prevista":"21:00:00","grupo_id":null,"nomCasa":"Japón","nomFuera":"Nueva Zelanda","clasificado":"2","goles_local":"1","goles_visitante":"1","nomEli":"Cuartos de Final","nomGrupo":null},{"jornada":"106","fecha":"2018-11-21","hora_prevista":"18:00:00","grupo_id":"18","nomCasa":"Colombia","nomFuera":"Corea del Sur","clasificado":"0","goles_local":"1","goles_visitante":"1","nomEli":"Octavos de Final","nomGrupo":"Grupo D"},{"jornada":"106","fecha":"2018-11-21","hora_prevista":"18:00:00","grupo_id":"18","nomCasa":"España","nomFuera":"Canadá","clasificado":"0","goles_local":"5","goles_visitante":"0","nomEli":"Octavos de Final","nomGrupo":"Grupo D"},{"jornada":"106","fecha":"2018-11-21","hora_prevista":"21:00:00","grupo_id":"17","nomCasa":"Camerún","nomFuera":"Corea del Norte","clasificado":"0","goles_local":"1","goles_visitante":"2","nomEli":"Octavos de Final","nomGrupo":"Grupo C"},{"jornada":"106","fecha":"2018-11-21","hora_prevista":"21:00:00","grupo_id":"17","nomCasa":"Alemania","nomFuera":"Estados Unidos","clasificado":"0","goles_local":"4","goles_visitante":"0","nomEli":"Octavos de Final","nomGrupo":"Grupo C"},{"jornada":"106","fecha":"2018-11-20","hora_prevista":"21:00:00","grupo_id":"15","nomCasa":"Ghana","nomFuera":"Nueva Zelanda","clasificado":"0","goles_local":"2","goles_visitante":"0","nomEli":"Octavos de Final","nomGrupo":"Grupo A"},{"jornada":"106","fecha":"2018-11-20","hora_prevista":"18:00:00","grupo_id":"16","nomCasa":"Sudáfrica","nomFuera":"Brasil","clasificado":"0","goles_local":"1","goles_visitante":"4","nomEli":"Octavos de Final","nomGrupo":"Grupo B"},{"jornada":"106","fecha":"2018-11-20","hora_prevista":"18:00:00","grupo_id":"16","nomCasa":"Japón","nomFuera":"México","clasificado":"0","goles_local":"1","goles_visitante":"1","nomEli":"Octavos de Final","nomGrupo":"Grupo B"},{"jornada":"106","fecha":"2018-11-20","hora_prevista":"21:00:00","grupo_id":"15","nomCasa":"Finlandia","nomFuera":"Uruguay","clasificado":"0","goles_local":"1","goles_visitante":"1","nomEli":"Octavos de Final","nomGrupo":"Grupo A"},{"jornada":"106","fecha":"2018-11-17","hora_prevista":"18:00:00","grupo_id":"17","nomCasa":"Estados Unidos","nomFuera":"Corea del Norte","clasificado":"0","goles_local":"0","goles_visitante":"3","nomEli":"Octavos de Final","nomGrupo":"Grupo C"},{"jornada":"106","fecha":"2018-11-17","hora_prevista":"21:00:00","grupo_id":"17","nomCasa":"Alemania","nomFuera":"Camerún","clasificado":"0","goles_local":"0","goles_visitante":"1","nomEli":"Octavos de Final","nomGrupo":"Grupo C"},{"jornada":"106","fecha":"2018-11-17","hora_prevista":"23:00:00","grupo_id":"18","nomCasa":"Colombia","nomFuera":"España","clasificado":"0","goles_local":"1","goles_visitante":"1","nomEli":"Octavos de Final","nomGrupo":"Grupo D"},{"jornada":"106","fecha":"2018-11-17","hora_prevista":"20:00:00","grupo_id":"18","nomCasa":"Corea del Sur","nomFuera":"Canadá","clasificado":"0","goles_local":"0","goles_visitante":"2","nomEli":"Octavos de Final","nomGrupo":"Grupo D"},{"jornada":"106","fecha":"2018-11-16","hora_prevista":"21:00:00","grupo_id":"16","nomCasa":"México","nomFuera":"Brasil","clasificado":"0","goles_local":"1","goles_visitante":"0","nomEli":"Octavos de Final","nomGrupo":"Grupo B"},{"jornada":"106","fecha":"2018-11-16","hora_prevista":"23:00:00","grupo_id":"15","nomCasa":"Uruguay","nomFuera":"Nueva Zelanda","clasificado":"0","goles_local":"1","goles_visitante":"2","nomEli":"Octavos de Final","nomGrupo":"Grupo A"},{"jornada":"106","fecha":"2018-11-16","hora_prevista":"20:00:00","grupo_id":"15","nomCasa":"Finlandia","nomFuera":"Ghana","clasificado":"0","goles_local":"1","goles_visitante":"3","nomEli":"Octavos de Final","nomGrupo":"Grupo A"},{"jornada":"106","fecha":"2018-11-16","hora_prevista":"18:00:00","grupo_id":"16","nomCasa":"Japón","nomFuera":"Sudáfrica","clasificado":"0","goles_local":"6","goles_visitante":"0","nomEli":"Octavos de Final","nomGrupo":"Grupo B"},{"jornada":"106","fecha":"2018-11-14","hora_prevista":"18:00:00","grupo_id":"17","nomCasa":"Estados Unidos","nomFuera":"Camerún","clasificado":"0","goles_local":"3","goles_visitante":"0","nomEli":"Octavos de Final","nomGrupo":"Grupo C"},{"jornada":"106","fecha":"2018-11-14","hora_prevista":"23:00:00","grupo_id":"18","nomCasa":"Canadá","nomFuera":"Colombia","clasificado":"0","goles_local":"3","goles_visitante":"0","nomEli":"Octavos de Final","nomGrupo":"Grupo D"},{"jornada":"106","fecha":"2018-11-14","hora_prevista":"20:00:00","grupo_id":"18","nomCasa":"Corea del Sur","nomFuera":"España","clasificado":"0","goles_local":"0","goles_visitante":"4","nomEli":"Octavos de Final","nomGrupo":"Grupo D"},{"jornada":"106","fecha":"2018-11-14","hora_prevista":"21:00:00","grupo_id":"17","nomCasa":"Corea del Norte","nomFuera":"Alemania","clasificado":"0","goles_local":"1","goles_visitante":"4","nomEli":"Octavos de Final","nomGrupo":"Grupo C"},{"jornada":"106","fecha":"2018-11-13","hora_prevista":"21:00:00","grupo_id":"16","nomCasa":"México","nomFuera":"Sudáfrica","clasificado":"0","goles_local":"0","goles_visitante":"0","nomEli":"Octavos de Final","nomGrupo":"Grupo B"},{"jornada":"106","fecha":"2018-11-13","hora_prevista":"18:00:00","grupo_id":"16","nomCasa":"Brasil","nomFuera":"Japón","clasificado":"0","goles_local":"0","goles_visitante":"0","nomEli":"Octavos de Final","nomGrupo":"Grupo B"},{"jornada":"106","fecha":"2018-11-13","hora_prevista":"23:00:00","grupo_id":"15","nomCasa":"Uruguay","nomFuera":"Ghana","clasificado":"0","goles_local":"0","goles_visitante":"5","nomEli":"Octavos de Final","nomGrupo":"Grupo A"},{"jornada":"106","fecha":"2018-11-13","hora_prevista":"20:00:00","grupo_id":"15","nomCasa":"Nueva Zelanda","nomFuera":"Finlandia","clasificado":"0","goles_local":"1","goles_visitante":"0","nomEli":"Octavos de Final","nomGrupo":"Grupo A"}]