[{"jornada":"84","fecha":"2018-08-24","hora_prevista":"19:30:00","grupo_id":null,"nomCasa":"España","nomFuera":"Japón","clasificado":"2","goles_local":"1","goles_visitante":"3","nomEli":"Final","nomGrupo":null},{"jornada":"163","fecha":"2018-08-24","hora_prevista":"16:00:00","grupo_id":null,"nomCasa":"Francia","nomFuera":"Inglaterra","clasificado":"2","goles_local":"1","goles_visitante":"1","nomEli":"Tercer y Cuarto Puesto","nomGrupo":null},{"jornada":"148","fecha":"2018-08-20","hora_prevista":"16:00:00","grupo_id":null,"nomCasa":"Inglaterra","nomFuera":"Japón","clasificado":"2","goles_local":"0","goles_visitante":"2","nomEli":"Semifinales","nomGrupo":null},{"jornada":"148","fecha":"2018-08-20","hora_prevista":"19:30:00","grupo_id":null,"nomCasa":"Francia","nomFuera":"España","clasificado":"2","goles_local":"0","goles_visitante":"1","nomEli":"Semifinales","nomGrupo":null},{"jornada":"48","fecha":"2018-08-17","hora_prevista":"19:30:00","grupo_id":null,"nomCasa":"Alemania","nomFuera":"Japón","clasificado":"2","goles_local":"1","goles_visitante":"3","nomEli":"Cuartos de Final","nomGrupo":null},{"jornada":"48","fecha":"2018-08-17","hora_prevista":"16:00:00","grupo_id":null,"nomCasa":"Inglaterra","nomFuera":"Países Bajos","clasificado":"1","goles_local":"2","goles_visitante":"1","nomEli":"Cuartos de Final","nomGrupo":null},{"jornada":"48","fecha":"2018-08-16","hora_prevista":"19:30:00","grupo_id":null,"nomCasa":"Francia","nomFuera":"Corea del Norte","clasificado":"1","goles_local":"1","goles_visitante":"0","nomEli":"Cuartos de Final","nomGrupo":null},{"jornada":"48","fecha":"2018-08-16","hora_prevista":"16:00:00","grupo_id":null,"nomCasa":"España","nomFuera":"Nigeria","clasificado":"1","goles_local":"2","goles_visitante":"1","nomEli":"Cuartos de Final","nomGrupo":null},{"jornada":"106","fecha":"2018-08-13","hora_prevista":"16:30:00","grupo_id":"18","nomCasa":"China","nomFuera":"Nigeria","clasificado":"0","goles_local":"1","goles_visitante":"1","nomEli":"Octavos de Final","nomGrupo":"Grupo D"},{"jornada":"106","fecha":"2018-08-13","hora_prevista":"16:30:00","grupo_id":"18","nomCasa":"Alemania","nomFuera":"Haití","clasificado":"0","goles_local":"3","goles_visitante":"2","nomEli":"Octavos de Final","nomGrupo":"Grupo D"},{"jornada":"106","fecha":"2018-08-13","hora_prevista":"13:30:00","grupo_id":"17","nomCasa":"España","nomFuera":"Estados Unidos","clasificado":"0","goles_local":"2","goles_visitante":"2","nomEli":"Octavos de Final","nomGrupo":"Grupo C"},{"jornada":"106","fecha":"2018-08-13","hora_prevista":"13:30:00","grupo_id":"17","nomCasa":"Japón","nomFuera":"Paraguay","clasificado":"0","goles_local":"6","goles_visitante":"0","nomEli":"Octavos de Final","nomGrupo":"Grupo C"},{"jornada":"106","fecha":"2018-08-12","hora_prevista":"16:30:00","grupo_id":"15","nomCasa":"Francia","nomFuera":"Países Bajos","clasificado":"0","goles_local":"4","goles_visitante":"0","nomEli":"Octavos de Final","nomGrupo":"Grupo A"},{"jornada":"106","fecha":"2018-08-12","hora_prevista":"13:30:00","grupo_id":"16","nomCasa":"Brasil","nomFuera":"Corea del Norte","clasificado":"0","goles_local":"1","goles_visitante":"2","nomEli":"Octavos de Final","nomGrupo":"Grupo B"},{"jornada":"106","fecha":"2018-08-12","hora_prevista":"13:30:00","grupo_id":"16","nomCasa":"Inglaterra","nomFuera":"México","clasificado":"0","goles_local":"6","goles_visitante":"1","nomEli":"Octavos de Final","nomGrupo":"Grupo B"},{"jornada":"106","fecha":"2018-08-12","hora_prevista":"16:30:00","grupo_id":"15","nomCasa":"Ghana","nomFuera":"Nueva Zelanda","clasificado":"0","goles_local":"1","goles_visitante":"0","nomEli":"Octavos de Final","nomGrupo":"Grupo A"},{"jornada":"106","fecha":"2018-08-09","hora_prevista":"19:30:00","grupo_id":"17","nomCasa":"Estados Unidos","nomFuera":"Paraguay","clasificado":"0","goles_local":"6","goles_visitante":"0","nomEli":"Octavos de Final","nomGrupo":"Grupo C"},{"jornada":"106","fecha":"2018-08-09","hora_prevista":"13:30:00","grupo_id":"18","nomCasa":"China","nomFuera":"Alemania","clasificado":"0","goles_local":"0","goles_visitante":"2","nomEli":"Octavos de Final","nomGrupo":"Grupo D"},{"jornada":"106","fecha":"2018-08-09","hora_prevista":"16:30:00","grupo_id":"18","nomCasa":"Haití","nomFuera":"Nigeria","clasificado":"0","goles_local":"0","goles_visitante":"1","nomEli":"Octavos de Final","nomGrupo":"Grupo D"},{"jornada":"106","fecha":"2018-08-09","hora_prevista":"16:30:00","grupo_id":"17","nomCasa":"España","nomFuera":"Japón","clasificado":"0","goles_local":"1","goles_visitante":"0","nomEli":"Octavos de Final","nomGrupo":"Grupo C"},{"jornada":"106","fecha":"2018-08-08","hora_prevista":"13:30:00","grupo_id":"16","nomCasa":"Brasil","nomFuera":"Inglaterra","clasificado":"0","goles_local":"1","goles_visitante":"1","nomEli":"Octavos de Final","nomGrupo":"Grupo B"},{"jornada":"106","fecha":"2018-08-08","hora_prevista":"16:30:00","grupo_id":"16","nomCasa":"Corea del Norte","nomFuera":"México","clasificado":"0","goles_local":"2","goles_visitante":"1","nomEli":"Octavos de Final","nomGrupo":"Grupo B"},{"jornada":"106","fecha":"2018-08-08","hora_prevista":"19:30:00","grupo_id":"15","nomCasa":"Francia","nomFuera":"Nueva Zelanda","clasificado":"0","goles_local":"0","goles_visitante":"0","nomEli":"Octavos de Final","nomGrupo":"Grupo A"},{"jornada":"106","fecha":"2018-08-08","hora_prevista":"16:30:00","grupo_id":"15","nomCasa":"Países Bajos","nomFuera":"Ghana","clasificado":"0","goles_local":"4","goles_visitante":"0","nomEli":"Octavos de Final","nomGrupo":"Grupo A"},{"jornada":"106","fecha":"2018-08-06","hora_prevista":"19:30:00","grupo_id":"17","nomCasa":"Estados Unidos","nomFuera":"Japón","clasificado":"0","goles_local":"0","goles_visitante":"1","nomEli":"Octavos de Final","nomGrupo":"Grupo C"},{"jornada":"106","fecha":"2018-08-06","hora_prevista":"16:30:00","grupo_id":"18","nomCasa":"Haití","nomFuera":"China","clasificado":"0","goles_local":"1","goles_visitante":"2","nomEli":"Octavos de Final","nomGrupo":"Grupo D"},{"jornada":"106","fecha":"2018-08-06","hora_prevista":"13:30:00","grupo_id":"18","nomCasa":"Nigeria","nomFuera":"Alemania","clasificado":"0","goles_local":"0","goles_visitante":"1","nomEli":"Octavos de Final","nomGrupo":"Grupo D"},{"jornada":"106","fecha":"2018-08-06","hora_prevista":"16:30:00","grupo_id":"17","nomCasa":"Paraguay","nomFuera":"España","clasificado":"0","goles_local":"1","goles_visitante":"4","nomEli":"Octavos de Final","nomGrupo":"Grupo C"},{"jornada":"106","fecha":"2018-08-05","hora_prevista":"19:30:00","grupo_id":"15","nomCasa":"Francia","nomFuera":"Ghana","clasificado":"0","goles_local":"4","goles_visitante":"1","nomEli":"Octavos de Final","nomGrupo":"Grupo A"},{"jornada":"106","fecha":"2018-08-05","hora_prevista":"16:30:00","grupo_id":"15","nomCasa":"Nueva Zelanda","nomFuera":"Países Bajos","clasificado":"0","goles_local":"1","goles_visitante":"2","nomEli":"Octavos de Final","nomGrupo":"Grupo A"},{"jornada":"106","fecha":"2018-08-05","hora_prevista":"16:30:00","grupo_id":"16","nomCasa":"Corea del Norte","nomFuera":"Inglaterra","clasificado":"0","goles_local":"1","goles_visitante":"3","nomEli":"Octavos de Final","nomGrupo":"Grupo B"},{"jornada":"106","fecha":"2018-08-05","hora_prevista":"13:30:00","grupo_id":"16","nomCasa":"México","nomFuera":"Brasil","clasificado":"0","goles_local":"3","goles_visitante":"2","nomEli":"Octavos de Final","nomGrupo":"Grupo B"}]