[{"jornada":"84","fecha":"2022-05-15","hora_prevista":"20:00:00","grupo_id":null,"nomCasa":"Alemania","nomFuera":"España","clasificado":"1","goles_local":"2","goles_visitante":"2","nomEli":"Final","nomGrupo":null},{"jornada":"163","fecha":"2022-05-15","hora_prevista":"14:00:00","grupo_id":null,"nomCasa":"Francia","nomFuera":"Países Bajos","clasificado":"1","goles_local":"2","goles_visitante":"0","nomEli":"Tercer y Cuarto Puesto","nomGrupo":null},{"jornada":"148","fecha":"2022-05-12","hora_prevista":"20:00:00","grupo_id":null,"nomCasa":"España","nomFuera":"Países Bajos","clasificado":"1","goles_local":"3","goles_visitante":"0","nomEli":"Semifinales","nomGrupo":null},{"jornada":"148","fecha":"2022-05-12","hora_prevista":"14:00:00","grupo_id":null,"nomCasa":"Alemania","nomFuera":"Francia","clasificado":"1","goles_local":"1","goles_visitante":"0","nomEli":"Semifinales","nomGrupo":null},{"jornada":"49","fecha":"2022-05-09","hora_prevista":"14:00:00","grupo_id":"15","nomCasa":"Alemania","nomFuera":"Bosnia y Herzegovina","clasificado":"0","goles_local":"2","goles_visitante":"0","nomEli":"Cuartos de Final","nomGrupo":"Grupo A"},{"jornada":"49","fecha":"2022-05-09","hora_prevista":"14:00:00","grupo_id":"15","nomCasa":"Países Bajos","nomFuera":"Dinamarca","clasificado":"0","goles_local":"1","goles_visitante":"1","nomEli":"Cuartos de Final","nomGrupo":"Grupo A"},{"jornada":"49","fecha":"2022-05-09","hora_prevista":"20:00:00","grupo_id":"16","nomCasa":"España","nomFuera":"Francia","clasificado":"0","goles_local":"3","goles_visitante":"0","nomEli":"Cuartos de Final","nomGrupo":"Grupo B"},{"jornada":"49","fecha":"2022-05-09","hora_prevista":"20:00:00","grupo_id":"16","nomCasa":"Finlandia","nomFuera":"Noruega","clasificado":"0","goles_local":"2","goles_visitante":"1","nomEli":"Cuartos de Final","nomGrupo":"Grupo B"},{"jornada":"49","fecha":"2022-05-06","hora_prevista":"14:00:00","grupo_id":"15","nomCasa":"Bosnia y Herzegovina","nomFuera":"Dinamarca","clasificado":"0","goles_local":"0","goles_visitante":"6","nomEli":"Cuartos de Final","nomGrupo":"Grupo A"},{"jornada":"49","fecha":"2022-05-06","hora_prevista":"20:00:00","grupo_id":"15","nomCasa":"Alemania","nomFuera":"Países Bajos","clasificado":"0","goles_local":"2","goles_visitante":"0","nomEli":"Cuartos de Final","nomGrupo":"Grupo A"},{"jornada":"49","fecha":"2022-05-06","hora_prevista":"17:30:00","grupo_id":"16","nomCasa":"España","nomFuera":"Finlandia","clasificado":"0","goles_local":"4","goles_visitante":"0","nomEli":"Cuartos de Final","nomGrupo":"Grupo B"},{"jornada":"49","fecha":"2022-05-06","hora_prevista":"20:00:00","grupo_id":"16","nomCasa":"Francia","nomFuera":"Noruega","clasificado":"0","goles_local":"1","goles_visitante":"0","nomEli":"Cuartos de Final","nomGrupo":"Grupo B"},{"jornada":"49","fecha":"2022-05-03","hora_prevista":"20:00:00","grupo_id":"16","nomCasa":"Noruega","nomFuera":"España","clasificado":"0","goles_local":"0","goles_visitante":"4","nomEli":"Cuartos de Final","nomGrupo":"Grupo B"},{"jornada":"49","fecha":"2022-05-03","hora_prevista":"17:30:00","grupo_id":"16","nomCasa":"Francia","nomFuera":"Finlandia","clasificado":"0","goles_local":"2","goles_visitante":"0","nomEli":"Cuartos de Final","nomGrupo":"Grupo B"},{"jornada":"49","fecha":"2022-05-03","hora_prevista":"20:00:00","grupo_id":"15","nomCasa":"Bosnia y Herzegovina","nomFuera":"Países Bajos","clasificado":"0","goles_local":"0","goles_visitante":"8","nomEli":"Cuartos de Final","nomGrupo":"Grupo A"},{"jornada":"49","fecha":"2022-05-03","hora_prevista":"14:00:00","grupo_id":"15","nomCasa":"Dinamarca","nomFuera":"Alemania","clasificado":"0","goles_local":"0","goles_visitante":"2","nomEli":"Cuartos de Final","nomGrupo":"Grupo A"},{"jornada":"225","fecha":"2022-04-13","hora_prevista":"13:00:00","grupo_id":"7","nomCasa":"Chequia","nomFuera":"España","clasificado":"0","goles_local":"0","goles_visitante":"2","nomEli":"Ronda 2 - Liga A","nomGrupo":"Grupo 2"},{"jornada":"225","fecha":"2022-04-10","hora_prevista":"18:00:00","grupo_id":"7","nomCasa":"España","nomFuera":"Hungría","clasificado":"0","goles_local":"6","goles_visitante":"0","nomEli":"Ronda 2 - Liga A","nomGrupo":"Grupo 2"},{"jornada":"225","fecha":"2022-04-07","hora_prevista":"18:00:00","grupo_id":"7","nomCasa":"Hungría","nomFuera":"Chequia","clasificado":"0","goles_local":"3","goles_visitante":"0","nomEli":"Ronda 2 - Liga A","nomGrupo":"Grupo 2"},{"jornada":"225","fecha":"2022-03-30","hora_prevista":"16:00:00","grupo_id":"8","nomCasa":"Rumanía","nomFuera":"Serbia","clasificado":"0","goles_local":"0","goles_visitante":"8","nomEli":"Ronda 2 - Liga A","nomGrupo":"Grupo 3"},{"jornada":"225","fecha":"2022-03-30","hora_prevista":"16:00:00","grupo_id":"8","nomCasa":"Noruega","nomFuera":"Suecia","clasificado":"0","goles_local":"2","goles_visitante":"0","nomEli":"Ronda 2 - Liga A","nomGrupo":"Grupo 3"},{"jornada":"225","fecha":"2022-03-30","hora_prevista":"11:00:00","grupo_id":"11","nomCasa":"Croacia","nomFuera":"Inglaterra","clasificado":"0","goles_local":"0","goles_visitante":"8","nomEli":"Ronda 2 - Liga A","nomGrupo":"Grupo 6"},{"jornada":"225","fecha":"2022-03-30","hora_prevista":"11:00:00","grupo_id":"11","nomCasa":"Francia","nomFuera":"Polonia","clasificado":"0","goles_local":"6","goles_visitante":"1","nomEli":"Ronda 2 - Liga A","nomGrupo":"Grupo 6"},{"jornada":"225","fecha":"2022-03-29","hora_prevista":"12:00:00","grupo_id":"10","nomCasa":"Austria","nomFuera":"Alemania","clasificado":"0","goles_local":"2","goles_visitante":"3","nomEli":"Ronda 2 - Liga A","nomGrupo":"Grupo 5"},{"jornada":"225","fecha":"2022-03-29","hora_prevista":"12:00:00","grupo_id":"10","nomCasa":"Kosovo","nomFuera":"Eslovenia","clasificado":"0","goles_local":"1","goles_visitante":"3","nomEli":"Ronda 2 - Liga A","nomGrupo":"Grupo 5"},{"jornada":"225","fecha":"2022-03-29","hora_prevista":"13:00:00","grupo_id":"2","nomCasa":"Islandia","nomFuera":"Irlanda","clasificado":"0","goles_local":"4","goles_visitante":"1","nomEli":"Ronda 2 - Liga A","nomGrupo":"Grupo 1"},{"jornada":"225","fecha":"2022-03-29","hora_prevista":"13:00:00","grupo_id":"2","nomCasa":"Eslovaquia","nomFuera":"Finlandia","clasificado":"0","goles_local":"0","goles_visitante":"4","nomEli":"Ronda 2 - Liga A","nomGrupo":"Grupo 1"},{"jornada":"225","fecha":"2022-03-27","hora_prevista":"13:00:00","grupo_id":"8","nomCasa":"Suecia","nomFuera":"Serbia","clasificado":"0","goles_local":"2","goles_visitante":"1","nomEli":"Ronda 2 - Liga A","nomGrupo":"Grupo 3"},{"jornada":"225","fecha":"2022-03-27","hora_prevista":"11:00:00","grupo_id":"11","nomCasa":"Francia","nomFuera":"Croacia","clasificado":"0","goles_local":"5","goles_visitante":"0","nomEli":"Ronda 2 - Liga A","nomGrupo":"Grupo 6"},{"jornada":"225","fecha":"2022-03-27","hora_prevista":"16:00:00","grupo_id":"8","nomCasa":"Noruega","nomFuera":"Rumanía","clasificado":"0","goles_local":"12","goles_visitante":"0","nomEli":"Ronda 2 - Liga A","nomGrupo":"Grupo 3"},{"jornada":"225","fecha":"2022-03-27","hora_prevista":"14:00:00","grupo_id":"11","nomCasa":"Polonia","nomFuera":"Inglaterra","clasificado":"0","goles_local":"0","goles_visitante":"1","nomEli":"Ronda 2 - Liga A","nomGrupo":"Grupo 6"},{"jornada":"225","fecha":"2022-03-26","hora_prevista":"16:00:00","grupo_id":"10","nomCasa":"Austria","nomFuera":"Kosovo","clasificado":"0","goles_local":"6","goles_visitante":"0","nomEli":"Ronda 2 - Liga A","nomGrupo":"Grupo 5"},{"jornada":"225","fecha":"2022-03-26","hora_prevista":"15:00:00","grupo_id":"2","nomCasa":"Irlanda","nomFuera":"Finlandia","clasificado":"0","goles_local":"1","goles_visitante":"2","nomEli":"Ronda 2 - Liga A","nomGrupo":"Grupo 1"},{"jornada":"225","fecha":"2022-03-26","hora_prevista":"13:00:00","grupo_id":"2","nomCasa":"Islandia","nomFuera":"Eslovaquia","clasificado":"0","goles_local":"1","goles_visitante":"0","nomEli":"Ronda 2 - Liga A","nomGrupo":"Grupo 1"},{"jornada":"225","fecha":"2022-03-26","hora_prevista":"12:00:00","grupo_id":"10","nomCasa":"Alemania","nomFuera":"Eslovenia","clasificado":"0","goles_local":"2","goles_visitante":"1","nomEli":"Ronda 2 - Liga A","nomGrupo":"Grupo 5"},{"jornada":"225","fecha":"2022-03-24","hora_prevista":"11:00:00","grupo_id":"11","nomCasa":"Inglaterra","nomFuera":"Francia","clasificado":"0","goles_local":"1","goles_visitante":"2","nomEli":"Ronda 2 - Liga A","nomGrupo":"Grupo 6"},{"jornada":"225","fecha":"2022-03-24","hora_prevista":"14:00:00","grupo_id":"11","nomCasa":"Polonia","nomFuera":"Croacia","clasificado":"0","goles_local":"5","goles_visitante":"0","nomEli":"Ronda 2 - Liga A","nomGrupo":"Grupo 6"},{"jornada":"225","fecha":"2022-03-24","hora_prevista":"16:00:00","grupo_id":"8","nomCasa":"Serbia","nomFuera":"Noruega","clasificado":"0","goles_local":"3","goles_visitante":"2","nomEli":"Ronda 2 - Liga A","nomGrupo":"Grupo 3"},{"jornada":"225","fecha":"2022-03-24","hora_prevista":"13:00:00","grupo_id":"8","nomCasa":"Suecia","nomFuera":"Rumanía","clasificado":"0","goles_local":"5","goles_visitante":"1","nomEli":"Ronda 2 - Liga A","nomGrupo":"Grupo 3"},{"jornada":"225","fecha":"2022-03-23","hora_prevista":"20:00:00","grupo_id":"2","nomCasa":"Irlanda","nomFuera":"Eslovaquia","clasificado":"0","goles_local":"1","goles_visitante":"1","nomEli":"Ronda 2 - Liga A","nomGrupo":"Grupo 1"},{"jornada":"225","fecha":"2022-03-23","hora_prevista":"15:00:00","grupo_id":"2","nomCasa":"Finlandia","nomFuera":"Islandia","clasificado":"0","goles_local":"1","goles_visitante":"1","nomEli":"Ronda 2 - Liga A","nomGrupo":"Grupo 1"},{"jornada":"225","fecha":"2022-03-23","hora_prevista":"15:00:00","grupo_id":"10","nomCasa":"Eslovenia","nomFuera":"Austria","clasificado":"0","goles_local":"0","goles_visitante":"4","nomEli":"Ronda 2 - Liga A","nomGrupo":"Grupo 5"},{"jornada":"225","fecha":"2022-03-23","hora_prevista":"11:00:00","grupo_id":"10","nomCasa":"Alemania","nomFuera":"Kosovo","clasificado":"0","goles_local":"4","goles_visitante":"0","nomEli":"Ronda 2 - Liga A","nomGrupo":"Grupo 5"},{"jornada":"225","fecha":"2022-03-22","hora_prevista":"16:00:00","grupo_id":"12","nomCasa":"Portugal","nomFuera":"Países Bajos","clasificado":"0","goles_local":"0","goles_visitante":"3","nomEli":"Ronda 2 - Liga A","nomGrupo":"Grupo 7"},{"jornada":"225","fecha":"2022-03-22","hora_prevista":"16:00:00","grupo_id":"12","nomCasa":"Montenegro","nomFuera":"Italia","clasificado":"0","goles_local":"0","goles_visitante":"11","nomEli":"Ronda 2 - Liga A","nomGrupo":"Grupo 7"},{"jornada":"225","fecha":"2022-03-19","hora_prevista":"16:00:00","grupo_id":"12","nomCasa":"Portugal","nomFuera":"Montenegro","clasificado":"0","goles_local":"8","goles_visitante":"1","nomEli":"Ronda 2 - Liga A","nomGrupo":"Grupo 7"},{"jornada":"225","fecha":"2022-03-19","hora_prevista":"12:00:00","grupo_id":"12","nomCasa":"Países Bajos","nomFuera":"Italia","clasificado":"0","goles_local":"3","goles_visitante":"1","nomEli":"Ronda 2 - Liga A","nomGrupo":"Grupo 7"},{"jornada":"225","fecha":"2022-03-16","hora_prevista":"18:00:00","grupo_id":"9","nomCasa":"Dinamarca","nomFuera":"Grecia","clasificado":"0","goles_local":"1","goles_visitante":"0","nomEli":"Ronda 2 - Liga A","nomGrupo":"Grupo 4"},{"jornada":"225","fecha":"2022-03-16","hora_prevista":"12:00:00","grupo_id":"12","nomCasa":"Países Bajos","nomFuera":"Montenegro","clasificado":"0","goles_local":"11","goles_visitante":"0","nomEli":"Ronda 2 - Liga A","nomGrupo":"Grupo 7"},{"jornada":"225","fecha":"2022-03-16","hora_prevista":"16:00:00","grupo_id":"12","nomCasa":"Italia","nomFuera":"Portugal","clasificado":"0","goles_local":"1","goles_visitante":"2","nomEli":"Ronda 2 - Liga A","nomGrupo":"Grupo 7"},{"jornada":"224","fecha":"2021-11-14","hora_prevista":"17:00:00","grupo_id":"9","nomCasa":"Israel","nomFuera":"Eslovaquia","clasificado":"0","goles_local":"0","goles_visitante":"6","nomEli":"Ronda 1 - Liga B","nomGrupo":"Grupo 4"},{"jornada":"223","fecha":"2021-11-14","hora_prevista":"18:00:00","grupo_id":"9","nomCasa":"Finlandia","nomFuera":"Alemania","clasificado":"0","goles_local":"0","goles_visitante":"5","nomEli":"Ronda 1 - Liga A","nomGrupo":"Grupo 4"},{"jornada":"223","fecha":"2021-11-14","hora_prevista":"18:00:00","grupo_id":"9","nomCasa":"Bosnia y Herzegovina","nomFuera":"Portugal","clasificado":"0","goles_local":"0","goles_visitante":"2","nomEli":"Ronda 1 - Liga A","nomGrupo":"Grupo 4"},{"jornada":"223","fecha":"2021-11-11","hora_prevista":"16:00:00","grupo_id":"9","nomCasa":"Finlandia","nomFuera":"Bosnia y Herzegovina","clasificado":"0","goles_local":"4","goles_visitante":"0","nomEli":"Ronda 1 - Liga A","nomGrupo":"Grupo 4"},{"jornada":"223","fecha":"2021-11-11","hora_prevista":"16:00:00","grupo_id":"9","nomCasa":"Alemania","nomFuera":"Portugal","clasificado":"0","goles_local":"3","goles_visitante":"1","nomEli":"Ronda 1 - Liga A","nomGrupo":"Grupo 4"},{"jornada":"224","fecha":"2021-11-11","hora_prevista":"17:00:00","grupo_id":"9","nomCasa":"Feroe","nomFuera":"Israel","clasificado":"0","goles_local":"1","goles_visitante":"5","nomEli":"Ronda 1 - Liga B","nomGrupo":"Grupo 4"},{"jornada":"224","fecha":"2021-11-08","hora_prevista":"17:00:00","grupo_id":"9","nomCasa":"Eslovaquia","nomFuera":"Feroe","clasificado":"0","goles_local":"3","goles_visitante":"0","nomEli":"Ronda 1 - Liga B","nomGrupo":"Grupo 4"},{"jornada":"223","fecha":"2021-11-08","hora_prevista":"17:00:00","grupo_id":"9","nomCasa":"Alemania","nomFuera":"Bosnia y Herzegovina","clasificado":"0","goles_local":"4","goles_visitante":"0","nomEli":"Ronda 1 - Liga A","nomGrupo":"Grupo 4"},{"jornada":"223","fecha":"2021-11-08","hora_prevista":"17:00:00","grupo_id":"9","nomCasa":"Portugal","nomFuera":"Finlandia","clasificado":"0","goles_local":"6","goles_visitante":"0","nomEli":"Ronda 1 - Liga A","nomGrupo":"Grupo 4"},{"jornada":"223","fecha":"2021-10-28","hora_prevista":"18:00:00","grupo_id":"8","nomCasa":"Francia","nomFuera":"Italia","clasificado":"0","goles_local":"3","goles_visitante":"0","nomEli":"Ronda 1 - Liga A","nomGrupo":"Grupo 3"},{"jornada":"223","fecha":"2021-10-28","hora_prevista":"18:00:00","grupo_id":"8","nomCasa":"Gales","nomFuera":"Suecia","clasificado":"0","goles_local":"0","goles_visitante":"3","nomEli":"Ronda 1 - Liga A","nomGrupo":"Grupo 3"},{"jornada":"223","fecha":"2021-10-25","hora_prevista":"18:00:00","grupo_id":"8","nomCasa":"Italia","nomFuera":"Suecia","clasificado":"0","goles_local":"0","goles_visitante":"5","nomEli":"Ronda 1 - Liga A","nomGrupo":"Grupo 3"},{"jornada":"223","fecha":"2021-10-25","hora_prevista":"18:00:00","grupo_id":"8","nomCasa":"Francia","nomFuera":"Gales","clasificado":"0","goles_local":"4","goles_visitante":"0","nomEli":"Ronda 1 - Liga A","nomGrupo":"Grupo 3"},{"jornada":"223","fecha":"2021-10-22","hora_prevista":"18:00:00","grupo_id":"8","nomCasa":"Italia","nomFuera":"Gales","clasificado":"0","goles_local":"2","goles_visitante":"0","nomEli":"Ronda 1 - Liga A","nomGrupo":"Grupo 3"},{"jornada":"223","fecha":"2021-10-22","hora_prevista":"18:00:00","grupo_id":"8","nomCasa":"Suecia","nomFuera":"Francia","clasificado":"0","goles_local":"2","goles_visitante":"2","nomEli":"Ronda 1 - Liga A","nomGrupo":"Grupo 3"},{"jornada":"223","fecha":"2021-10-15","hora_prevista":"17:00:00","grupo_id":"2","nomCasa":"Bulgaria","nomFuera":"Hungría","clasificado":"0","goles_local":"0","goles_visitante":"1","nomEli":"Ronda 1 - Liga A","nomGrupo":"Grupo 1"},{"jornada":"223","fecha":"2021-10-15","hora_prevista":"17:00:00","grupo_id":"2","nomCasa":"Irlanda","nomFuera":"Hungría","clasificado":"0","goles_local":"2","goles_visitante":"1","nomEli":"Ronda 1 - Liga A","nomGrupo":"Grupo 1"},{"jornada":"223","fecha":"2021-10-12","hora_prevista":"17:00:00","grupo_id":"2","nomCasa":"Noruega","nomFuera":"Hungría","clasificado":"0","goles_local":"4","goles_visitante":"1","nomEli":"Ronda 1 - Liga A","nomGrupo":"Grupo 1"},{"jornada":"223","fecha":"2021-10-12","hora_prevista":"14:00:00","grupo_id":"2","nomCasa":"Irlanda","nomFuera":"Bulgaria","clasificado":"0","goles_local":"3","goles_visitante":"0","nomEli":"Ronda 1 - Liga A","nomGrupo":"Grupo 1"},{"jornada":"223","fecha":"2021-10-12","hora_prevista":"14:00:00","grupo_id":"11","nomCasa":"Austria","nomFuera":"Dinamarca","clasificado":"0","goles_local":"2","goles_visitante":"2","nomEli":"Ronda 1 - Liga A","nomGrupo":"Grupo 6"},{"jornada":"223","fecha":"2021-10-12","hora_prevista":"14:00:00","grupo_id":"11","nomCasa":"Grecia","nomFuera":"Suiza","clasificado":"0","goles_local":"2","goles_visitante":"1","nomEli":"Ronda 1 - Liga A","nomGrupo":"Grupo 6"},{"jornada":"223","fecha":"2021-10-10","hora_prevista":"11:00:00","grupo_id":"10","nomCasa":"Rusia","nomFuera":"Bélgica","clasificado":"0","goles_local":"0","goles_visitante":"1","nomEli":"Ronda 1 - Liga A","nomGrupo":"Grupo 5"},{"jornada":"223","fecha":"2021-10-10","hora_prevista":"11:00:00","grupo_id":"10","nomCasa":"Polonia","nomFuera":"Inglaterra","clasificado":"0","goles_local":"2","goles_visitante":"0","nomEli":"Ronda 1 - Liga A","nomGrupo":"Grupo 5"},{"jornada":"223","fecha":"2021-10-09","hora_prevista":"12:00:00","grupo_id":"11","nomCasa":"Dinamarca","nomFuera":"Suiza","clasificado":"0","goles_local":"3","goles_visitante":"1","nomEli":"Ronda 1 - Liga A","nomGrupo":"Grupo 6"},{"jornada":"223","fecha":"2021-10-09","hora_prevista":"18:00:00","grupo_id":"11","nomCasa":"Austria","nomFuera":"Grecia","clasificado":"0","goles_local":"3","goles_visitante":"0","nomEli":"Ronda 1 - Liga A","nomGrupo":"Grupo 6"},{"jornada":"223","fecha":"2021-10-09","hora_prevista":"14:00:00","grupo_id":"2","nomCasa":"Hungría","nomFuera":"Irlanda","clasificado":"0","goles_local":"1","goles_visitante":"3","nomEli":"Ronda 1 - Liga A","nomGrupo":"Grupo 1"},{"jornada":"223","fecha":"2021-10-09","hora_prevista":"17:30:00","grupo_id":"2","nomCasa":"Noruega","nomFuera":"Bulgaria","clasificado":"0","goles_local":"5","goles_visitante":"0","nomEli":"Ronda 1 - Liga A","nomGrupo":"Grupo 1"},{"jornada":"223","fecha":"2021-10-07","hora_prevista":"15:30:00","grupo_id":"10","nomCasa":"Polonia","nomFuera":"Rusia","clasificado":"0","goles_local":"0","goles_visitante":"0","nomEli":"Ronda 1 - Liga A","nomGrupo":"Grupo 5"},{"jornada":"223","fecha":"2021-10-07","hora_prevista":"15:30:00","grupo_id":"10","nomCasa":"Inglaterra","nomFuera":"Bélgica","clasificado":"0","goles_local":"1","goles_visitante":"0","nomEli":"Ronda 1 - Liga A","nomGrupo":"Grupo 5"},{"jornada":"224","fecha":"2021-10-06","hora_prevista":"17:00:00","grupo_id":"10","nomCasa":"Letonia","nomFuera":"Turquía","clasificado":"0","goles_local":"2","goles_visitante":"2","nomEli":"Ronda 1 - Liga B","nomGrupo":"Grupo 5"},{"jornada":"223","fecha":"2021-10-06","hora_prevista":"12:00:00","grupo_id":"11","nomCasa":"Suiza","nomFuera":"Austria","clasificado":"0","goles_local":"4","goles_visitante":"4","nomEli":"Ronda 1 - Liga A","nomGrupo":"Grupo 6"},{"jornada":"223","fecha":"2021-10-06","hora_prevista":"18:00:00","grupo_id":"11","nomCasa":"Dinamarca","nomFuera":"Grecia","clasificado":"0","goles_local":"2","goles_visitante":"0","nomEli":"Ronda 1 - Liga A","nomGrupo":"Grupo 6"},{"jornada":"223","fecha":"2021-10-05","hora_prevista":"19:00:00","grupo_id":"7","nomCasa":"Chequia","nomFuera":"Países Bajos","clasificado":"0","goles_local":"1","goles_visitante":"1","nomEli":"Ronda 1 - Liga A","nomGrupo":"Grupo 2"},{"jornada":"223","fecha":"2021-10-04","hora_prevista":"15:30:00","grupo_id":"10","nomCasa":"Inglaterra","nomFuera":"Rusia","clasificado":"0","goles_local":"0","goles_visitante":"2","nomEli":"Ronda 1 - Liga A","nomGrupo":"Grupo 5"},{"jornada":"223","fecha":"2021-10-04","hora_prevista":"15:30:00","grupo_id":"10","nomCasa":"Bélgica","nomFuera":"Polonia","clasificado":"0","goles_local":"0","goles_visitante":"1","nomEli":"Ronda 1 - Liga A","nomGrupo":"Grupo 5"},{"jornada":"224","fecha":"2021-10-03","hora_prevista":"12:00:00","grupo_id":"8","nomCasa":"Macedonia del Norte","nomFuera":"Moldavia","clasificado":"0","goles_local":"4","goles_visitante":"0","nomEli":"Ronda 1 - Liga B","nomGrupo":"Grupo 3"},{"jornada":"224","fecha":"2021-10-03","hora_prevista":"12:00:00","grupo_id":"8","nomCasa":"Estonia","nomFuera":"Ucrania","clasificado":"0","goles_local":"0","goles_visitante":"1","nomEli":"Ronda 1 - Liga B","nomGrupo":"Grupo 3"},{"jornada":"224","fecha":"2021-10-03","hora_prevista":"17:00:00","grupo_id":"10","nomCasa":"Rumanía","nomFuera":"Letonia","clasificado":"0","goles_local":"3","goles_visitante":"1","nomEli":"Ronda 1 - Liga B","nomGrupo":"Grupo 5"},{"jornada":"223","fecha":"2021-10-02","hora_prevista":"16:00:00","grupo_id":"7","nomCasa":"Países Bajos","nomFuera":"Eslovenia","clasificado":"0","goles_local":"3","goles_visitante":"0","nomEli":"Ronda 1 - Liga A","nomGrupo":"Grupo 2"},{"jornada":"223","fecha":"2021-09-30","hora_prevista":"14:00:00","grupo_id":"12","nomCasa":"Irlanda del Norte","nomFuera":"Islandia","clasificado":"0","goles_local":"1","goles_visitante":"3","nomEli":"Ronda 1 - Liga A","nomGrupo":"Grupo 7"},{"jornada":"223","fecha":"2021-09-30","hora_prevista":"14:00:00","grupo_id":"12","nomCasa":"Serbia","nomFuera":"España","clasificado":"0","goles_local":"1","goles_visitante":"2","nomEli":"Ronda 1 - Liga A","nomGrupo":"Grupo 7"},{"jornada":"224","fecha":"2021-09-30","hora_prevista":"18:00:00","grupo_id":"2","nomCasa":"Luxemburgo","nomFuera":"Kosovo","clasificado":"0","goles_local":"2","goles_visitante":"4","nomEli":"Ronda 1 - Liga B","nomGrupo":"Grupo 1"},{"jornada":"224","fecha":"2021-09-30","hora_prevista":"18:00:00","grupo_id":"2","nomCasa":"Georgia","nomFuera":"Bielorrusia","clasificado":"0","goles_local":"0","goles_visitante":"8","nomEli":"Ronda 1 - Liga B","nomGrupo":"Grupo 1"},{"jornada":"224","fecha":"2021-09-30","hora_prevista":"16:00:00","grupo_id":"11","nomCasa":"Azerbaiyán","nomFuera":"Albania","clasificado":"0","goles_local":"3","goles_visitante":"3","nomEli":"Ronda 1 - Liga B","nomGrupo":"Grupo 6"},{"jornada":"224","fecha":"2021-09-30","hora_prevista":"18:00:00","grupo_id":"8","nomCasa":"Estonia","nomFuera":"Macedonia del Norte","clasificado":"0","goles_local":"5","goles_visitante":"0","nomEli":"Ronda 1 - Liga B","nomGrupo":"Grupo 3"},{"jornada":"224","fecha":"2021-09-30","hora_prevista":"15:00:00","grupo_id":"8","nomCasa":"Ucrania","nomFuera":"Moldavia","clasificado":"0","goles_local":"7","goles_visitante":"0","nomEli":"Ronda 1 - Liga B","nomGrupo":"Grupo 3"},{"jornada":"224","fecha":"2021-09-30","hora_prevista":"17:00:00","grupo_id":"10","nomCasa":"Turquía","nomFuera":"Rumanía","clasificado":"0","goles_local":"2","goles_visitante":"2","nomEli":"Ronda 1 - Liga B","nomGrupo":"Grupo 5"},{"jornada":"224","fecha":"2021-09-29","hora_prevista":"11:00:00","grupo_id":"7","nomCasa":"Kazajistán","nomFuera":"Armenia","clasificado":"0","goles_local":"2","goles_visitante":"1","nomEli":"Ronda 1 - Liga B","nomGrupo":"Grupo 2"},{"jornada":"224","fecha":"2021-09-29","hora_prevista":"11:00:00","grupo_id":"7","nomCasa":"Croacia","nomFuera":"Lituania","clasificado":"0","goles_local":"2","goles_visitante":"0","nomEli":"Ronda 1 - Liga B","nomGrupo":"Grupo 2"},{"jornada":"223","fecha":"2021-09-29","hora_prevista":"16:00:00","grupo_id":"7","nomCasa":"Eslovenia","nomFuera":"Chequia","clasificado":"0","goles_local":"1","goles_visitante":"1","nomEli":"Ronda 1 - Liga A","nomGrupo":"Grupo 2"},{"jornada":"223","fecha":"2021-09-27","hora_prevista":"19:00:00","grupo_id":"12","nomCasa":"Serbia","nomFuera":"Irlanda del Norte","clasificado":"0","goles_local":"4","goles_visitante":"0","nomEli":"Ronda 1 - Liga A","nomGrupo":"Grupo 7"},{"jornada":"223","fecha":"2021-09-27","hora_prevista":"13:00:00","grupo_id":"12","nomCasa":"España","nomFuera":"Islandia","clasificado":"0","goles_local":"4","goles_visitante":"0","nomEli":"Ronda 1 - Liga A","nomGrupo":"Grupo 7"},{"jornada":"224","fecha":"2021-09-27","hora_prevista":"15:00:00","grupo_id":"8","nomCasa":"Ucrania","nomFuera":"Macedonia del Norte","clasificado":"0","goles_local":"3","goles_visitante":"0","nomEli":"Ronda 1 - Liga B","nomGrupo":"Grupo 3"},{"jornada":"224","fecha":"2021-09-27","hora_prevista":"18:00:00","grupo_id":"8","nomCasa":"Moldavia","nomFuera":"Estonia","clasificado":"0","goles_local":"0","goles_visitante":"10","nomEli":"Ronda 1 - Liga B","nomGrupo":"Grupo 3"},{"jornada":"224","fecha":"2021-09-27","hora_prevista":"18:00:00","grupo_id":"2","nomCasa":"Bielorrusia","nomFuera":"Kosovo","clasificado":"0","goles_local":"1","goles_visitante":"1","nomEli":"Ronda 1 - Liga B","nomGrupo":"Grupo 1"},{"jornada":"224","fecha":"2021-09-27","hora_prevista":"16:00:00","grupo_id":"11","nomCasa":"Montenegro","nomFuera":"Azerbaiyán","clasificado":"0","goles_local":"6","goles_visitante":"1","nomEli":"Ronda 1 - Liga B","nomGrupo":"Grupo 6"},{"jornada":"224","fecha":"2021-09-27","hora_prevista":"18:00:00","grupo_id":"2","nomCasa":"Georgia","nomFuera":"Luxemburgo","clasificado":"0","goles_local":"0","goles_visitante":"10","nomEli":"Ronda 1 - Liga B","nomGrupo":"Grupo 1"},{"jornada":"224","fecha":"2021-09-26","hora_prevista":"11:00:00","grupo_id":"7","nomCasa":"Lituania","nomFuera":"Armenia","clasificado":"0","goles_local":"2","goles_visitante":"1","nomEli":"Ronda 1 - Liga B","nomGrupo":"Grupo 2"},{"jornada":"224","fecha":"2021-09-26","hora_prevista":"16:00:00","grupo_id":"7","nomCasa":"Croacia","nomFuera":"Kazajistán","clasificado":"0","goles_local":"7","goles_visitante":"0","nomEli":"Ronda 1 - Liga B","nomGrupo":"Grupo 2"},{"jornada":"224","fecha":"2021-09-24","hora_prevista":"16:00:00","grupo_id":"11","nomCasa":"Albania","nomFuera":"Montenegro","clasificado":"0","goles_local":"1","goles_visitante":"8","nomEli":"Ronda 1 - Liga B","nomGrupo":"Grupo 6"},{"jornada":"223","fecha":"2021-09-24","hora_prevista":"13:00:00","grupo_id":"12","nomCasa":"España","nomFuera":"Irlanda del Norte","clasificado":"0","goles_local":"3","goles_visitante":"0","nomEli":"Ronda 1 - Liga A","nomGrupo":"Grupo 7"},{"jornada":"224","fecha":"2021-09-24","hora_prevista":"18:00:00","grupo_id":"2","nomCasa":"Bielorrusia","nomFuera":"Luxemburgo","clasificado":"0","goles_local":"2","goles_visitante":"0","nomEli":"Ronda 1 - Liga B","nomGrupo":"Grupo 1"},{"jornada":"224","fecha":"2021-09-24","hora_prevista":"18:00:00","grupo_id":"2","nomCasa":"Kosovo","nomFuera":"Georgia","clasificado":"0","goles_local":"13","goles_visitante":"0","nomEli":"Ronda 1 - Liga B","nomGrupo":"Grupo 1"},{"jornada":"223","fecha":"2021-09-24","hora_prevista":"19:00:00","grupo_id":"12","nomCasa":"Islandia","nomFuera":"Serbia","clasificado":"0","goles_local":"4","goles_visitante":"1","nomEli":"Ronda 1 - Liga A","nomGrupo":"Grupo 7"},{"jornada":"224","fecha":"2021-09-23","hora_prevista":"11:00:00","grupo_id":"7","nomCasa":"Lituania","nomFuera":"Kazajistán","clasificado":"0","goles_local":"2","goles_visitante":"2","nomEli":"Ronda 1 - Liga B","nomGrupo":"Grupo 2"},{"jornada":"224","fecha":"2021-09-23","hora_prevista":"16:00:00","grupo_id":"7","nomCasa":"Armenia","nomFuera":"Croacia","clasificado":"0","goles_local":"0","goles_visitante":"5","nomEli":"Ronda 1 - Liga B","nomGrupo":"Grupo 2"}]