[{"jornada":"163","fecha":"2022-02-12","hora_prevista":"14:00:00","grupo_id":null,"nomCasa":"Al Hilal Saudi FC","nomFuera":"Al Ahly SC","clasificado":"2","goles_local":"0","goles_visitante":"4","nomEli":"Tercer y Cuarto Puesto","nomGrupo":null},{"jornada":"84","fecha":"2022-02-12","hora_prevista":"17:30:00","grupo_id":null,"nomCasa":"Chelsea FC","nomFuera":"SE Palmeiras","clasificado":"1","goles_local":"2","goles_visitante":"1","nomEli":"Final","nomGrupo":null},{"jornada":"148","fecha":"2022-02-09","hora_prevista":"17:30:00","grupo_id":null,"nomCasa":"Al Hilal Saudi FC","nomFuera":"Chelsea FC","clasificado":"2","goles_local":"0","goles_visitante":"1","nomEli":"Semifinales","nomGrupo":null},{"jornada":"127","fecha":"2022-02-09","hora_prevista":"14:30:00","grupo_id":null,"nomCasa":"CF Monterrey","nomFuera":"Al Jazira Club","clasificado":"1","goles_local":"3","goles_visitante":"1","nomEli":"Quinto y Sexto Puesto","nomGrupo":null},{"jornada":"148","fecha":"2022-02-08","hora_prevista":"17:30:00","grupo_id":null,"nomCasa":"SE Palmeiras","nomFuera":"Al Ahly SC","clasificado":"1","goles_local":"2","goles_visitante":"0","nomEli":"Semifinales","nomGrupo":null},{"jornada":"139","fecha":"2022-02-06","hora_prevista":"17:30:00","grupo_id":null,"nomCasa":"Al Hilal Saudi FC","nomFuera":"Al Jazira Club","clasificado":"1","goles_local":"6","goles_visitante":"1","nomEli":"Segunda Eliminatoria","nomGrupo":null},{"jornada":"139","fecha":"2022-02-05","hora_prevista":"17:30:00","grupo_id":null,"nomCasa":"Al Ahly SC","nomFuera":"CF Monterrey","clasificado":"1","goles_local":"1","goles_visitante":"0","nomEli":"Segunda Eliminatoria","nomGrupo":null},{"jornada":"118","fecha":"2022-02-03","hora_prevista":"17:30:00","grupo_id":null,"nomCasa":"Al Jazira Club","nomFuera":"AS Pirae","clasificado":"1","goles_local":"4","goles_visitante":"1","nomEli":"Primera Eliminatoria","nomGrupo":null}]