[{"jornada":"84","fecha":"2019-06-15","hora_prevista":"18:00:00","grupo_id":null,"nomCasa":"Ucrania","nomFuera":"Corea del Sur","clasificado":"1","goles_local":"3","goles_visitante":"1","nomEli":"Final","nomGrupo":null},{"jornada":"163","fecha":"2019-06-14","hora_prevista":"20:30:00","grupo_id":null,"nomCasa":"Italia","nomFuera":"Ecuador","clasificado":"2","goles_local":"0","goles_visitante":"1","nomEli":"Tercer y Cuarto Puesto","nomGrupo":null},{"jornada":"148","fecha":"2019-06-11","hora_prevista":"20:30:00","grupo_id":null,"nomCasa":"Ecuador","nomFuera":"Corea del Sur","clasificado":"2","goles_local":"0","goles_visitante":"1","nomEli":"Semifinales","nomGrupo":null},{"jornada":"148","fecha":"2019-06-11","hora_prevista":"17:30:00","grupo_id":null,"nomCasa":"Ucrania","nomFuera":"Italia","clasificado":"1","goles_local":"1","goles_visitante":"0","nomEli":"Semifinales","nomGrupo":null},{"jornada":"48","fecha":"2019-06-08","hora_prevista":"17:30:00","grupo_id":null,"nomCasa":"Estados Unidos","nomFuera":"Ecuador","clasificado":"2","goles_local":"1","goles_visitante":"2","nomEli":"Cuartos de Final","nomGrupo":null},{"jornada":"48","fecha":"2019-06-08","hora_prevista":"20:30:00","grupo_id":null,"nomCasa":"Corea del Sur","nomFuera":"Senegal","clasificado":"1","goles_local":"3","goles_visitante":"3","nomEli":"Cuartos de Final","nomGrupo":null},{"jornada":"48","fecha":"2019-06-07","hora_prevista":"15:30:00","grupo_id":null,"nomCasa":"Colombia","nomFuera":"Ucrania","clasificado":"2","goles_local":"0","goles_visitante":"1","nomEli":"Cuartos de Final","nomGrupo":null},{"jornada":"48","fecha":"2019-06-07","hora_prevista":"18:30:00","grupo_id":null,"nomCasa":"Italia","nomFuera":"Mali","clasificado":"1","goles_local":"4","goles_visitante":"2","nomEli":"Cuartos de Final","nomGrupo":null},{"jornada":"105","fecha":"2019-06-04","hora_prevista":"17:30:00","grupo_id":null,"nomCasa":"Japón","nomFuera":"Corea del Sur","clasificado":"2","goles_local":"0","goles_visitante":"1","nomEli":"Octavos de Final","nomGrupo":null},{"jornada":"105","fecha":"2019-06-04","hora_prevista":"17:30:00","grupo_id":null,"nomCasa":"Francia","nomFuera":"Estados Unidos","clasificado":"2","goles_local":"2","goles_visitante":"3","nomEli":"Octavos de Final","nomGrupo":null},{"jornada":"105","fecha":"2019-06-04","hora_prevista":"20:30:00","grupo_id":null,"nomCasa":"Argentina","nomFuera":"Mali","clasificado":"2","goles_local":"2","goles_visitante":"2","nomEli":"Octavos de Final","nomGrupo":null},{"jornada":"105","fecha":"2019-06-03","hora_prevista":"20:30:00","grupo_id":null,"nomCasa":"Senegal","nomFuera":"Nigeria","clasificado":"1","goles_local":"2","goles_visitante":"1","nomEli":"Octavos de Final","nomGrupo":null},{"jornada":"105","fecha":"2019-06-03","hora_prevista":"17:30:00","grupo_id":null,"nomCasa":"Ucrania","nomFuera":"Panamá","clasificado":"1","goles_local":"4","goles_visitante":"1","nomEli":"Octavos de Final","nomGrupo":null},{"jornada":"105","fecha":"2019-06-03","hora_prevista":"17:30:00","grupo_id":null,"nomCasa":"Uruguay","nomFuera":"Ecuador","clasificado":"2","goles_local":"1","goles_visitante":"3","nomEli":"Octavos de Final","nomGrupo":null},{"jornada":"105","fecha":"2019-06-02","hora_prevista":"20:30:00","grupo_id":null,"nomCasa":"Colombia","nomFuera":"Nueva Zelanda","clasificado":"1","goles_local":"1","goles_visitante":"1","nomEli":"Octavos de Final","nomGrupo":null},{"jornada":"105","fecha":"2019-06-02","hora_prevista":"17:30:00","grupo_id":null,"nomCasa":"Italia","nomFuera":"Polonia","clasificado":"1","goles_local":"1","goles_visitante":"0","nomEli":"Octavos de Final","nomGrupo":null},{"jornada":"4","fecha":"2019-05-31","hora_prevista":"20:30:00","grupo_id":"21","nomCasa":"Sudáfrica","nomFuera":"Portugal","clasificado":"0","goles_local":"1","goles_visitante":"1","nomEli":" Dieciseisavos de Final","nomGrupo":"Grupo F"},{"jornada":"4","fecha":"2019-05-31","hora_prevista":"20:30:00","grupo_id":"21","nomCasa":"Corea del Sur","nomFuera":"Argentina","clasificado":"0","goles_local":"2","goles_visitante":"1","nomEli":" Dieciseisavos de Final","nomGrupo":"Grupo F"},{"jornada":"4","fecha":"2019-05-31","hora_prevista":"18:00:00","grupo_id":"19","nomCasa":"Mali","nomFuera":"Francia","clasificado":"0","goles_local":"2","goles_visitante":"3","nomEli":" Dieciseisavos de Final","nomGrupo":"Grupo E"},{"jornada":"4","fecha":"2019-05-31","hora_prevista":"18:00:00","grupo_id":"19","nomCasa":"Arabia Saudita","nomFuera":"Panamá","clasificado":"0","goles_local":"1","goles_visitante":"2","nomEli":" Dieciseisavos de Final","nomGrupo":"Grupo E"},{"jornada":"4","fecha":"2019-05-30","hora_prevista":"20:30:00","grupo_id":"18","nomCasa":"Estados Unidos","nomFuera":"Catar","clasificado":"0","goles_local":"1","goles_visitante":"0","nomEli":" Dieciseisavos de Final","nomGrupo":"Grupo D"},{"jornada":"4","fecha":"2019-05-30","hora_prevista":"20:30:00","grupo_id":"18","nomCasa":"Nigeria","nomFuera":"Ucrania","clasificado":"0","goles_local":"1","goles_visitante":"1","nomEli":" Dieciseisavos de Final","nomGrupo":"Grupo D"},{"jornada":"4","fecha":"2019-05-30","hora_prevista":"18:00:00","grupo_id":"17","nomCasa":"Noruega","nomFuera":"Honduras","clasificado":"0","goles_local":"12","goles_visitante":"0","nomEli":" Dieciseisavos de Final","nomGrupo":"Grupo C"},{"jornada":"4","fecha":"2019-05-30","hora_prevista":"18:00:00","grupo_id":"17","nomCasa":"Nueva Zelanda","nomFuera":"Uruguay","clasificado":"0","goles_local":"0","goles_visitante":"2","nomEli":" Dieciseisavos de Final","nomGrupo":"Grupo C"},{"jornada":"4","fecha":"2019-05-29","hora_prevista":"18:00:00","grupo_id":"16","nomCasa":"Ecuador","nomFuera":"México","clasificado":"0","goles_local":"1","goles_visitante":"0","nomEli":" Dieciseisavos de Final","nomGrupo":"Grupo B"},{"jornada":"4","fecha":"2019-05-29","hora_prevista":"20:30:00","grupo_id":"15","nomCasa":"Senegal","nomFuera":"Polonia","clasificado":"0","goles_local":"0","goles_visitante":"0","nomEli":" Dieciseisavos de Final","nomGrupo":"Grupo A"},{"jornada":"4","fecha":"2019-05-29","hora_prevista":"20:30:00","grupo_id":"15","nomCasa":"Colombia","nomFuera":"Tahití","clasificado":"0","goles_local":"6","goles_visitante":"0","nomEli":" Dieciseisavos de Final","nomGrupo":"Grupo A"},{"jornada":"4","fecha":"2019-05-29","hora_prevista":"18:00:00","grupo_id":"16","nomCasa":"Italia","nomFuera":"Japón","clasificado":"0","goles_local":"0","goles_visitante":"0","nomEli":" Dieciseisavos de Final","nomGrupo":"Grupo B"},{"jornada":"4","fecha":"2019-05-28","hora_prevista":"20:30:00","grupo_id":"21","nomCasa":"Sudáfrica","nomFuera":"Corea del Sur","clasificado":"0","goles_local":"0","goles_visitante":"1","nomEli":" Dieciseisavos de Final","nomGrupo":"Grupo F"},{"jornada":"4","fecha":"2019-05-28","hora_prevista":"18:00:00","grupo_id":"21","nomCasa":"Portugal","nomFuera":"Argentina","clasificado":"0","goles_local":"0","goles_visitante":"2","nomEli":" Dieciseisavos de Final","nomGrupo":"Grupo F"},{"jornada":"4","fecha":"2019-05-28","hora_prevista":"18:00:00","grupo_id":"19","nomCasa":"Panamá","nomFuera":"Francia","clasificado":"0","goles_local":"0","goles_visitante":"2","nomEli":" Dieciseisavos de Final","nomGrupo":"Grupo E"},{"jornada":"4","fecha":"2019-05-28","hora_prevista":"20:30:00","grupo_id":"19","nomCasa":"Arabia Saudita","nomFuera":"Mali","clasificado":"0","goles_local":"3","goles_visitante":"4","nomEli":" Dieciseisavos de Final","nomGrupo":"Grupo E"},{"jornada":"4","fecha":"2019-05-27","hora_prevista":"20:30:00","grupo_id":"17","nomCasa":"Noruega","nomFuera":"Nueva Zelanda","clasificado":"0","goles_local":"0","goles_visitante":"2","nomEli":" Dieciseisavos de Final","nomGrupo":"Grupo C"},{"jornada":"4","fecha":"2019-05-27","hora_prevista":"18:00:00","grupo_id":"17","nomCasa":"Honduras","nomFuera":"Uruguay","clasificado":"0","goles_local":"0","goles_visitante":"2","nomEli":" Dieciseisavos de Final","nomGrupo":"Grupo C"},{"jornada":"4","fecha":"2019-05-27","hora_prevista":"20:30:00","grupo_id":"18","nomCasa":"Estados Unidos","nomFuera":"Nigeria","clasificado":"0","goles_local":"2","goles_visitante":"0","nomEli":" Dieciseisavos de Final","nomGrupo":"Grupo D"},{"jornada":"4","fecha":"2019-05-27","hora_prevista":"18:00:00","grupo_id":"18","nomCasa":"Catar","nomFuera":"Ucrania","clasificado":"0","goles_local":"0","goles_visitante":"1","nomEli":" Dieciseisavos de Final","nomGrupo":"Grupo D"},{"jornada":"4","fecha":"2019-05-26","hora_prevista":"20:30:00","grupo_id":"15","nomCasa":"Polonia","nomFuera":"Tahití","clasificado":"0","goles_local":"5","goles_visitante":"0","nomEli":" Dieciseisavos de Final","nomGrupo":"Grupo A"},{"jornada":"4","fecha":"2019-05-26","hora_prevista":"18:00:00","grupo_id":"15","nomCasa":"Senegal","nomFuera":"Colombia","clasificado":"0","goles_local":"2","goles_visitante":"0","nomEli":" Dieciseisavos de Final","nomGrupo":"Grupo A"},{"jornada":"4","fecha":"2019-05-26","hora_prevista":"18:00:00","grupo_id":"16","nomCasa":"Ecuador","nomFuera":"Italia","clasificado":"0","goles_local":"0","goles_visitante":"1","nomEli":" Dieciseisavos de Final","nomGrupo":"Grupo B"},{"jornada":"4","fecha":"2019-05-26","hora_prevista":"15:30:00","grupo_id":"16","nomCasa":"México","nomFuera":"Japón","clasificado":"0","goles_local":"0","goles_visitante":"3","nomEli":" Dieciseisavos de Final","nomGrupo":"Grupo B"},{"jornada":"4","fecha":"2019-05-25","hora_prevista":"20:30:00","grupo_id":"21","nomCasa":"Argentina","nomFuera":"Sudáfrica","clasificado":"0","goles_local":"5","goles_visitante":"2","nomEli":" Dieciseisavos de Final","nomGrupo":"Grupo F"},{"jornada":"4","fecha":"2019-05-25","hora_prevista":"18:00:00","grupo_id":"19","nomCasa":"Panamá","nomFuera":"Mali","clasificado":"0","goles_local":"1","goles_visitante":"1","nomEli":" Dieciseisavos de Final","nomGrupo":"Grupo E"},{"jornada":"4","fecha":"2019-05-25","hora_prevista":"18:00:00","grupo_id":"19","nomCasa":"Francia","nomFuera":"Arabia Saudita","clasificado":"0","goles_local":"2","goles_visitante":"0","nomEli":" Dieciseisavos de Final","nomGrupo":"Grupo E"},{"jornada":"4","fecha":"2019-05-25","hora_prevista":"15:30:00","grupo_id":"21","nomCasa":"Portugal","nomFuera":"Corea del Sur","clasificado":"0","goles_local":"1","goles_visitante":"0","nomEli":" Dieciseisavos de Final","nomGrupo":"Grupo F"},{"jornada":"4","fecha":"2019-05-24","hora_prevista":"18:00:00","grupo_id":"17","nomCasa":"Honduras","nomFuera":"Nueva Zelanda","clasificado":"0","goles_local":"0","goles_visitante":"5","nomEli":" Dieciseisavos de Final","nomGrupo":"Grupo C"},{"jornada":"4","fecha":"2019-05-24","hora_prevista":"20:30:00","grupo_id":"18","nomCasa":"Ucrania","nomFuera":"Estados Unidos","clasificado":"0","goles_local":"2","goles_visitante":"1","nomEli":" Dieciseisavos de Final","nomGrupo":"Grupo D"},{"jornada":"4","fecha":"2019-05-24","hora_prevista":"18:00:00","grupo_id":"18","nomCasa":"Catar","nomFuera":"Nigeria","clasificado":"0","goles_local":"0","goles_visitante":"4","nomEli":" Dieciseisavos de Final","nomGrupo":"Grupo D"},{"jornada":"4","fecha":"2019-05-24","hora_prevista":"20:30:00","grupo_id":"17","nomCasa":"Uruguay","nomFuera":"Noruega","clasificado":"0","goles_local":"3","goles_visitante":"1","nomEli":" Dieciseisavos de Final","nomGrupo":"Grupo C"},{"jornada":"4","fecha":"2019-05-23","hora_prevista":"18:00:00","grupo_id":"16","nomCasa":"México","nomFuera":"Italia","clasificado":"0","goles_local":"1","goles_visitante":"2","nomEli":" Dieciseisavos de Final","nomGrupo":"Grupo B"},{"jornada":"4","fecha":"2019-05-23","hora_prevista":"20:30:00","grupo_id":"16","nomCasa":"Japón","nomFuera":"Ecuador","clasificado":"0","goles_local":"1","goles_visitante":"1","nomEli":" Dieciseisavos de Final","nomGrupo":"Grupo B"},{"jornada":"4","fecha":"2019-05-23","hora_prevista":"18:00:00","grupo_id":"15","nomCasa":"Tahití","nomFuera":"Senegal","clasificado":"0","goles_local":"0","goles_visitante":"3","nomEli":" Dieciseisavos de Final","nomGrupo":"Grupo A"},{"jornada":"4","fecha":"2019-05-23","hora_prevista":"20:30:00","grupo_id":"15","nomCasa":"Polonia","nomFuera":"Colombia","clasificado":"0","goles_local":"0","goles_visitante":"2","nomEli":" Dieciseisavos de Final","nomGrupo":"Grupo A"}]