[{"jornada":"84","fecha":"2019-07-07","hora_prevista":"17:00:00","grupo_id":null,"nomCasa":"Estados Unidos","nomFuera":"Países Bajos","clasificado":"1","goles_local":"2","goles_visitante":"0","nomEli":"Final","nomGrupo":null},{"jornada":"163","fecha":"2019-07-06","hora_prevista":"17:00:00","grupo_id":null,"nomCasa":"Gran Bretaña","nomFuera":"Suecia","clasificado":"2","goles_local":"1","goles_visitante":"2","nomEli":"Tercer y Cuarto Puesto","nomGrupo":null},{"jornada":"148","fecha":"2019-07-03","hora_prevista":"21:00:00","grupo_id":null,"nomCasa":"Países Bajos","nomFuera":"Suecia","clasificado":"1","goles_local":"1","goles_visitante":"0","nomEli":"Semifinales","nomGrupo":null},{"jornada":"148","fecha":"2019-07-02","hora_prevista":"21:00:00","grupo_id":null,"nomCasa":"Gran Bretaña","nomFuera":"Estados Unidos","clasificado":"2","goles_local":"1","goles_visitante":"2","nomEli":"Semifinales","nomGrupo":null},{"jornada":"48","fecha":"2019-06-29","hora_prevista":"18:30:00","grupo_id":null,"nomCasa":"Alemania","nomFuera":"Suecia","clasificado":"2","goles_local":"1","goles_visitante":"2","nomEli":"Cuartos de Final","nomGrupo":null},{"jornada":"48","fecha":"2019-06-29","hora_prevista":"15:00:00","grupo_id":null,"nomCasa":"Italia","nomFuera":"Países Bajos","clasificado":"2","goles_local":"0","goles_visitante":"2","nomEli":"Cuartos de Final","nomGrupo":null},{"jornada":"48","fecha":"2019-06-28","hora_prevista":"21:00:00","grupo_id":null,"nomCasa":"Francia","nomFuera":"Estados Unidos","clasificado":"2","goles_local":"1","goles_visitante":"2","nomEli":"Cuartos de Final","nomGrupo":null},{"jornada":"48","fecha":"2019-06-27","hora_prevista":"21:00:00","grupo_id":null,"nomCasa":"Noruega","nomFuera":"Gran Bretaña","clasificado":"2","goles_local":"0","goles_visitante":"3","nomEli":"Cuartos de Final","nomGrupo":null},{"jornada":"105","fecha":"2019-06-25","hora_prevista":"21:00:00","grupo_id":null,"nomCasa":"Países Bajos","nomFuera":"Japón","clasificado":"1","goles_local":"2","goles_visitante":"1","nomEli":"Octavos de Final","nomGrupo":null},{"jornada":"105","fecha":"2019-06-25","hora_prevista":"18:00:00","grupo_id":null,"nomCasa":"Italia","nomFuera":"China","clasificado":"1","goles_local":"2","goles_visitante":"0","nomEli":"Octavos de Final","nomGrupo":null},{"jornada":"105","fecha":"2019-06-24","hora_prevista":"18:00:00","grupo_id":null,"nomCasa":"España","nomFuera":"Estados Unidos","clasificado":"2","goles_local":"1","goles_visitante":"2","nomEli":"Octavos de Final","nomGrupo":null},{"jornada":"105","fecha":"2019-06-24","hora_prevista":"21:00:00","grupo_id":null,"nomCasa":"Suecia","nomFuera":"Canadá","clasificado":"1","goles_local":"1","goles_visitante":"0","nomEli":"Octavos de Final","nomGrupo":null},{"jornada":"105","fecha":"2019-06-23","hora_prevista":"21:00:00","grupo_id":null,"nomCasa":"Francia","nomFuera":"Brasil","clasificado":"1","goles_local":"2","goles_visitante":"1","nomEli":"Octavos de Final","nomGrupo":null},{"jornada":"105","fecha":"2019-06-23","hora_prevista":"17:30:00","grupo_id":null,"nomCasa":"Gran Bretaña","nomFuera":"Camerún","clasificado":"1","goles_local":"3","goles_visitante":"0","nomEli":"Octavos de Final","nomGrupo":null},{"jornada":"105","fecha":"2019-06-22","hora_prevista":"21:00:00","grupo_id":null,"nomCasa":"Noruega","nomFuera":"Australia","clasificado":"1","goles_local":"1","goles_visitante":"1","nomEli":"Octavos de Final","nomGrupo":null},{"jornada":"105","fecha":"2019-06-22","hora_prevista":"17:30:00","grupo_id":null,"nomCasa":"Alemania","nomFuera":"Nigeria","clasificado":"1","goles_local":"3","goles_visitante":"0","nomEli":"Octavos de Final","nomGrupo":null},{"jornada":"4","fecha":"2019-06-20","hora_prevista":"18:00:00","grupo_id":"19","nomCasa":"Camerún","nomFuera":"Nueva Zelanda","clasificado":"0","goles_local":"2","goles_visitante":"1","nomEli":" Dieciseisavos de Final","nomGrupo":"Grupo E"},{"jornada":"4","fecha":"2019-06-20","hora_prevista":"21:00:00","grupo_id":"21","nomCasa":"Suecia","nomFuera":"Estados Unidos","clasificado":"0","goles_local":"0","goles_visitante":"2","nomEli":" Dieciseisavos de Final","nomGrupo":"Grupo F"},{"jornada":"4","fecha":"2019-06-20","hora_prevista":"21:00:00","grupo_id":"21","nomCasa":"Tailandia","nomFuera":"Chile","clasificado":"0","goles_local":"0","goles_visitante":"2","nomEli":" Dieciseisavos de Final","nomGrupo":"Grupo F"},{"jornada":"4","fecha":"2019-06-20","hora_prevista":"18:00:00","grupo_id":"19","nomCasa":"Países Bajos","nomFuera":"Canadá","clasificado":"0","goles_local":"2","goles_visitante":"1","nomEli":" Dieciseisavos de Final","nomGrupo":"Grupo E"},{"jornada":"4","fecha":"2019-06-19","hora_prevista":"21:00:00","grupo_id":"18","nomCasa":"Japón","nomFuera":"Gran Bretaña","clasificado":"0","goles_local":"0","goles_visitante":"2","nomEli":" Dieciseisavos de Final","nomGrupo":"Grupo D"},{"jornada":"4","fecha":"2019-06-19","hora_prevista":"21:00:00","grupo_id":"18","nomCasa":"Escocia","nomFuera":"Argentina","clasificado":"0","goles_local":"3","goles_visitante":"3","nomEli":" Dieciseisavos de Final","nomGrupo":"Grupo D"},{"jornada":"4","fecha":"2019-06-18","hora_prevista":"21:00:00","grupo_id":"17","nomCasa":"Italia","nomFuera":"Brasil","clasificado":"0","goles_local":"0","goles_visitante":"1","nomEli":" Dieciseisavos de Final","nomGrupo":"Grupo C"},{"jornada":"4","fecha":"2019-06-18","hora_prevista":"21:00:00","grupo_id":"17","nomCasa":"Jamaica","nomFuera":"Australia","clasificado":"0","goles_local":"1","goles_visitante":"4","nomEli":" Dieciseisavos de Final","nomGrupo":"Grupo C"},{"jornada":"4","fecha":"2019-06-17","hora_prevista":"21:00:00","grupo_id":"15","nomCasa":"Nigeria","nomFuera":"Francia","clasificado":"0","goles_local":"0","goles_visitante":"1","nomEli":" Dieciseisavos de Final","nomGrupo":"Grupo A"},{"jornada":"4","fecha":"2019-06-17","hora_prevista":"21:00:00","grupo_id":"15","nomCasa":"Corea del Sur","nomFuera":"Noruega","clasificado":"0","goles_local":"1","goles_visitante":"2","nomEli":" Dieciseisavos de Final","nomGrupo":"Grupo A"},{"jornada":"4","fecha":"2019-06-17","hora_prevista":"18:00:00","grupo_id":"16","nomCasa":"Sudáfrica","nomFuera":"Alemania","clasificado":"0","goles_local":"0","goles_visitante":"4","nomEli":" Dieciseisavos de Final","nomGrupo":"Grupo B"},{"jornada":"4","fecha":"2019-06-17","hora_prevista":"18:00:00","grupo_id":"16","nomCasa":"China","nomFuera":"España","clasificado":"0","goles_local":"0","goles_visitante":"0","nomEli":" Dieciseisavos de Final","nomGrupo":"Grupo B"},{"jornada":"4","fecha":"2019-06-16","hora_prevista":"15:00:00","grupo_id":"21","nomCasa":"Suecia","nomFuera":"Tailandia","clasificado":"0","goles_local":"5","goles_visitante":"1","nomEli":" Dieciseisavos de Final","nomGrupo":"Grupo F"},{"jornada":"4","fecha":"2019-06-16","hora_prevista":"18:00:00","grupo_id":"21","nomCasa":"Estados Unidos","nomFuera":"Chile","clasificado":"0","goles_local":"3","goles_visitante":"0","nomEli":" Dieciseisavos de Final","nomGrupo":"Grupo F"},{"jornada":"4","fecha":"2019-06-15","hora_prevista":"15:00:00","grupo_id":"19","nomCasa":"Países Bajos","nomFuera":"Camerún","clasificado":"0","goles_local":"3","goles_visitante":"1","nomEli":" Dieciseisavos de Final","nomGrupo":"Grupo E"},{"jornada":"4","fecha":"2019-06-15","hora_prevista":"21:00:00","grupo_id":"19","nomCasa":"Canadá","nomFuera":"Nueva Zelanda","clasificado":"0","goles_local":"2","goles_visitante":"0","nomEli":" Dieciseisavos de Final","nomGrupo":"Grupo E"},{"jornada":"4","fecha":"2019-06-14","hora_prevista":"21:00:00","grupo_id":"18","nomCasa":"Gran Bretaña","nomFuera":"Argentina","clasificado":"0","goles_local":"1","goles_visitante":"0","nomEli":" Dieciseisavos de Final","nomGrupo":"Grupo D"},{"jornada":"4","fecha":"2019-06-14","hora_prevista":"15:00:00","grupo_id":"18","nomCasa":"Japón","nomFuera":"Escocia","clasificado":"0","goles_local":"2","goles_visitante":"1","nomEli":" Dieciseisavos de Final","nomGrupo":"Grupo D"},{"jornada":"4","fecha":"2019-06-14","hora_prevista":"18:00:00","grupo_id":"17","nomCasa":"Jamaica","nomFuera":"Italia","clasificado":"0","goles_local":"0","goles_visitante":"5","nomEli":" Dieciseisavos de Final","nomGrupo":"Grupo C"},{"jornada":"4","fecha":"2019-06-13","hora_prevista":"18:00:00","grupo_id":"17","nomCasa":"Australia","nomFuera":"Brasil","clasificado":"0","goles_local":"3","goles_visitante":"2","nomEli":" Dieciseisavos de Final","nomGrupo":"Grupo C"},{"jornada":"4","fecha":"2019-06-13","hora_prevista":"21:00:00","grupo_id":"16","nomCasa":"Sudáfrica","nomFuera":"China","clasificado":"0","goles_local":"0","goles_visitante":"1","nomEli":" Dieciseisavos de Final","nomGrupo":"Grupo B"},{"jornada":"4","fecha":"2019-06-12","hora_prevista":"21:00:00","grupo_id":"15","nomCasa":"Francia","nomFuera":"Noruega","clasificado":"0","goles_local":"2","goles_visitante":"1","nomEli":" Dieciseisavos de Final","nomGrupo":"Grupo A"},{"jornada":"4","fecha":"2019-06-12","hora_prevista":"15:00:00","grupo_id":"15","nomCasa":"Nigeria","nomFuera":"Corea del Sur","clasificado":"0","goles_local":"2","goles_visitante":"0","nomEli":" Dieciseisavos de Final","nomGrupo":"Grupo A"},{"jornada":"4","fecha":"2019-06-12","hora_prevista":"18:00:00","grupo_id":"16","nomCasa":"Alemania","nomFuera":"España","clasificado":"0","goles_local":"1","goles_visitante":"0","nomEli":" Dieciseisavos de Final","nomGrupo":"Grupo B"},{"jornada":"4","fecha":"2019-06-11","hora_prevista":"15:00:00","grupo_id":"19","nomCasa":"Nueva Zelanda","nomFuera":"Países Bajos","clasificado":"0","goles_local":"0","goles_visitante":"1","nomEli":" Dieciseisavos de Final","nomGrupo":"Grupo E"},{"jornada":"4","fecha":"2019-06-11","hora_prevista":"18:00:00","grupo_id":"21","nomCasa":"Chile","nomFuera":"Suecia","clasificado":"0","goles_local":"0","goles_visitante":"2","nomEli":" Dieciseisavos de Final","nomGrupo":"Grupo F"},{"jornada":"4","fecha":"2019-06-11","hora_prevista":"21:00:00","grupo_id":"21","nomCasa":"Estados Unidos","nomFuera":"Tailandia","clasificado":"0","goles_local":"13","goles_visitante":"0","nomEli":" Dieciseisavos de Final","nomGrupo":"Grupo F"},{"jornada":"4","fecha":"2019-06-10","hora_prevista":"18:00:00","grupo_id":"18","nomCasa":"Argentina","nomFuera":"Japón","clasificado":"0","goles_local":"0","goles_visitante":"0","nomEli":" Dieciseisavos de Final","nomGrupo":"Grupo D"},{"jornada":"4","fecha":"2019-06-10","hora_prevista":"21:00:00","grupo_id":"19","nomCasa":"Canadá","nomFuera":"Camerún","clasificado":"0","goles_local":"1","goles_visitante":"0","nomEli":" Dieciseisavos de Final","nomGrupo":"Grupo E"},{"jornada":"4","fecha":"2019-06-09","hora_prevista":"18:00:00","grupo_id":"18","nomCasa":"Gran Bretaña","nomFuera":"Escocia","clasificado":"0","goles_local":"2","goles_visitante":"1","nomEli":" Dieciseisavos de Final","nomGrupo":"Grupo D"},{"jornada":"4","fecha":"2019-06-09","hora_prevista":"13:00:00","grupo_id":"17","nomCasa":"Australia","nomFuera":"Italia","clasificado":"0","goles_local":"1","goles_visitante":"2","nomEli":" Dieciseisavos de Final","nomGrupo":"Grupo C"},{"jornada":"4","fecha":"2019-06-09","hora_prevista":"15:30:00","grupo_id":"17","nomCasa":"Brasil","nomFuera":"Jamaica","clasificado":"0","goles_local":"3","goles_visitante":"0","nomEli":" Dieciseisavos de Final","nomGrupo":"Grupo C"},{"jornada":"4","fecha":"2019-06-08","hora_prevista":"18:00:00","grupo_id":"16","nomCasa":"España","nomFuera":"Sudáfrica","clasificado":"0","goles_local":"3","goles_visitante":"1","nomEli":" Dieciseisavos de Final","nomGrupo":"Grupo B"},{"jornada":"4","fecha":"2019-06-08","hora_prevista":"21:00:00","grupo_id":"15","nomCasa":"Noruega","nomFuera":"Nigeria","clasificado":"0","goles_local":"3","goles_visitante":"0","nomEli":" Dieciseisavos de Final","nomGrupo":"Grupo A"},{"jornada":"4","fecha":"2019-06-08","hora_prevista":"15:00:00","grupo_id":"16","nomCasa":"Alemania","nomFuera":"China","clasificado":"0","goles_local":"1","goles_visitante":"0","nomEli":" Dieciseisavos de Final","nomGrupo":"Grupo B"},{"jornada":"4","fecha":"2019-06-07","hora_prevista":"21:00:00","grupo_id":"15","nomCasa":"Francia","nomFuera":"Corea del Sur","clasificado":"0","goles_local":"4","goles_visitante":"0","nomEli":" Dieciseisavos de Final","nomGrupo":"Grupo A"},{"jornada":"185","fecha":"2018-11-13","hora_prevista":"19:00:00","grupo_id":null,"nomCasa":"Suiza","nomFuera":"Países Bajos","clasificado":"2","goles_local":"1","goles_visitante":"1","nomEli":"UEFA \/ Repesca - Final - Vuelta","nomGrupo":null},{"jornada":"184","fecha":"2018-11-09","hora_prevista":"20:00:00","grupo_id":null,"nomCasa":"Países Bajos","nomFuera":"Suiza","clasificado":"0","goles_local":"3","goles_visitante":"0","nomEli":"UEFA \/ Repesca - Final - Ida","nomGrupo":null},{"jornada":"174","fecha":"2018-10-09","hora_prevista":"18:00:00","grupo_id":null,"nomCasa":"Dinamarca","nomFuera":"Países Bajos","clasificado":"2","goles_local":"1","goles_visitante":"2","nomEli":"UEFA \/ Repesca - Semifinales - Vuelta","nomGrupo":null},{"jornada":"174","fecha":"2018-10-09","hora_prevista":"19:00:00","grupo_id":null,"nomCasa":"Suiza","nomFuera":"Bélgica","clasificado":"1","goles_local":"1","goles_visitante":"1","nomEli":"UEFA \/ Repesca - Semifinales - Vuelta","nomGrupo":null},{"jornada":"173","fecha":"2018-10-05","hora_prevista":"20:30:00","grupo_id":null,"nomCasa":"Bélgica","nomFuera":"Suiza","clasificado":"0","goles_local":"2","goles_visitante":"2","nomEli":"UEFA \/ Repesca - Semifinales - Ida","nomGrupo":null},{"jornada":"173","fecha":"2018-10-05","hora_prevista":"20:00:00","grupo_id":null,"nomCasa":"Países Bajos","nomFuera":"Dinamarca","clasificado":"0","goles_local":"2","goles_visitante":"0","nomEli":"UEFA \/ Repesca - Semifinales - Ida","nomGrupo":null},{"jornada":"176","fecha":"2018-09-04","hora_prevista":"20:30:00","grupo_id":"8","nomCasa":"Irlanda del Norte","nomFuera":"Eslovaquia","clasificado":"0","goles_local":"0","goles_visitante":"1","nomEli":"UEFA \/ Ronda de Clasificación","nomGrupo":"Grupo 3"},{"jornada":"176","fecha":"2018-09-04","hora_prevista":"17:00:00","grupo_id":"8","nomCasa":"Noruega","nomFuera":"Países Bajos","clasificado":"0","goles_local":"2","goles_visitante":"1","nomEli":"UEFA \/ Ronda de Clasificación","nomGrupo":"Grupo 3"},{"jornada":"176","fecha":"2018-09-04","hora_prevista":"17:00:00","grupo_id":"7","nomCasa":"Polonia","nomFuera":"Suiza","clasificado":"0","goles_local":"0","goles_visitante":"0","nomEli":"UEFA \/ Ronda de Clasificación","nomGrupo":"Grupo 2"},{"jornada":"176","fecha":"2018-09-04","hora_prevista":"17:00:00","grupo_id":"7","nomCasa":"Albania","nomFuera":"Escocia","clasificado":"0","goles_local":"1","goles_visitante":"2","nomEli":"UEFA \/ Ronda de Clasificación","nomGrupo":"Grupo 2"},{"jornada":"176","fecha":"2018-09-04","hora_prevista":"17:00:00","grupo_id":"2","nomCasa":"Rusia","nomFuera":"Bosnia y Herzegovina","clasificado":"0","goles_local":"3","goles_visitante":"0","nomEli":"UEFA \/ Ronda de Clasificación","nomGrupo":"Grupo 1"},{"jornada":"176","fecha":"2018-09-04","hora_prevista":"17:00:00","grupo_id":"2","nomCasa":"Kazajistán","nomFuera":"Gran Bretaña","clasificado":"0","goles_local":"0","goles_visitante":"6","nomEli":"UEFA \/ Ronda de Clasificación","nomGrupo":"Grupo 1"},{"jornada":"176","fecha":"2018-09-04","hora_prevista":"17:00:00","grupo_id":"9","nomCasa":"Ucrania","nomFuera":"Hungría","clasificado":"0","goles_local":"2","goles_visitante":"0","nomEli":"UEFA \/ Ronda de Clasificación","nomGrupo":"Grupo 4"},{"jornada":"176","fecha":"2018-09-04","hora_prevista":"17:00:00","grupo_id":"9","nomCasa":"Dinamarca","nomFuera":"Suecia","clasificado":"0","goles_local":"0","goles_visitante":"1","nomEli":"UEFA \/ Ronda de Clasificación","nomGrupo":"Grupo 4"},{"jornada":"176","fecha":"2018-09-04","hora_prevista":"20:30:00","grupo_id":"12","nomCasa":"España","nomFuera":"Serbia","clasificado":"0","goles_local":"3","goles_visitante":"0","nomEli":"UEFA \/ Ronda de Clasificación","nomGrupo":"Grupo 7"},{"jornada":"176","fecha":"2018-09-04","hora_prevista":"17:00:00","grupo_id":"12","nomCasa":"Austria","nomFuera":"Finlandia","clasificado":"0","goles_local":"4","goles_visitante":"1","nomEli":"UEFA \/ Ronda de Clasificación","nomGrupo":"Grupo 7"},{"jornada":"176","fecha":"2018-09-04","hora_prevista":"18:00:00","grupo_id":"11","nomCasa":"Portugal","nomFuera":"Rumanía","clasificado":"0","goles_local":"5","goles_visitante":"1","nomEli":"UEFA \/ Ronda de Clasificación","nomGrupo":"Grupo 6"},{"jornada":"176","fecha":"2018-09-04","hora_prevista":"17:00:00","grupo_id":"11","nomCasa":"Bélgica","nomFuera":"Italia","clasificado":"0","goles_local":"2","goles_visitante":"1","nomEli":"UEFA \/ Ronda de Clasificación","nomGrupo":"Grupo 6"},{"jornada":"176","fecha":"2018-09-04","hora_prevista":"17:00:00","grupo_id":"10","nomCasa":"Islandia","nomFuera":"Chequia","clasificado":"0","goles_local":"1","goles_visitante":"1","nomEli":"UEFA \/ Ronda de Clasificación","nomGrupo":"Grupo 5"},{"jornada":"176","fecha":"2018-09-04","hora_prevista":"17:00:00","grupo_id":"10","nomCasa":"Feroe","nomFuera":"Alemania","clasificado":"0","goles_local":"0","goles_visitante":"8","nomEli":"UEFA \/ Ronda de Clasificación","nomGrupo":"Grupo 5"},{"jornada":"176","fecha":"2018-09-01","hora_prevista":"16:55:00","grupo_id":"10","nomCasa":"Islandia","nomFuera":"Alemania","clasificado":"0","goles_local":"0","goles_visitante":"2","nomEli":"UEFA \/ Ronda de Clasificación","nomGrupo":"Grupo 5"},{"jornada":"176","fecha":"2018-08-31","hora_prevista":"16:00:00","grupo_id":"7","nomCasa":"Bielorrusia","nomFuera":"Polonia","clasificado":"0","goles_local":"1","goles_visitante":"4","nomEli":"UEFA \/ Ronda de Clasificación","nomGrupo":"Grupo 2"},{"jornada":"176","fecha":"2018-08-31","hora_prevista":"16:00:00","grupo_id":"10","nomCasa":"Chequia","nomFuera":"Eslovenia","clasificado":"0","goles_local":"2","goles_visitante":"0","nomEli":"UEFA \/ Ronda de Clasificación","nomGrupo":"Grupo 5"},{"jornada":"176","fecha":"2018-08-31","hora_prevista":"18:30:00","grupo_id":"8","nomCasa":"Irlanda","nomFuera":"Irlanda del Norte","clasificado":"0","goles_local":"4","goles_visitante":"0","nomEli":"UEFA \/ Ronda de Clasificación","nomGrupo":"Grupo 3"},{"jornada":"176","fecha":"2018-08-31","hora_prevista":"19:00:00","grupo_id":"12","nomCasa":"España","nomFuera":"Finlandia","clasificado":"0","goles_local":"5","goles_visitante":"1","nomEli":"UEFA \/ Ronda de Clasificación","nomGrupo":"Grupo 7"},{"jornada":"176","fecha":"2018-08-31","hora_prevista":"19:00:00","grupo_id":"11","nomCasa":"Rumanía","nomFuera":"Bélgica","clasificado":"0","goles_local":"0","goles_visitante":"1","nomEli":"UEFA \/ Ronda de Clasificación","nomGrupo":"Grupo 6"},{"jornada":"176","fecha":"2018-08-31","hora_prevista":"20:00:00","grupo_id":"8","nomCasa":"Eslovaquia","nomFuera":"Noruega","clasificado":"0","goles_local":"0","goles_visitante":"4","nomEli":"UEFA \/ Ronda de Clasificación","nomGrupo":"Grupo 3"},{"jornada":"176","fecha":"2018-08-31","hora_prevista":"20:45:00","grupo_id":"2","nomCasa":"Gales","nomFuera":"Gran Bretaña","clasificado":"0","goles_local":"0","goles_visitante":"3","nomEli":"UEFA \/ Ronda de Clasificación","nomGrupo":"Grupo 1"},{"jornada":"176","fecha":"2018-08-30","hora_prevista":"18:00:00","grupo_id":"11","nomCasa":"Moldavia","nomFuera":"Portugal","clasificado":"0","goles_local":"0","goles_visitante":"7","nomEli":"UEFA \/ Ronda de Clasificación","nomGrupo":"Grupo 6"},{"jornada":"176","fecha":"2018-08-30","hora_prevista":"17:00:00","grupo_id":"2","nomCasa":"Rusia","nomFuera":"Kazajistán","clasificado":"0","goles_local":"3","goles_visitante":"0","nomEli":"UEFA \/ Ronda de Clasificación","nomGrupo":"Grupo 1"},{"jornada":"176","fecha":"2018-08-30","hora_prevista":"18:45:00","grupo_id":"9","nomCasa":"Suecia","nomFuera":"Ucrania","clasificado":"0","goles_local":"3","goles_visitante":"0","nomEli":"UEFA \/ Ronda de Clasificación","nomGrupo":"Grupo 4"},{"jornada":"176","fecha":"2018-08-30","hora_prevista":"19:00:00","grupo_id":"9","nomCasa":"Dinamarca","nomFuera":"Croacia","clasificado":"0","goles_local":"1","goles_visitante":"1","nomEli":"UEFA \/ Ronda de Clasificación","nomGrupo":"Grupo 4"},{"jornada":"176","fecha":"2018-08-30","hora_prevista":"20:35:00","grupo_id":"7","nomCasa":"Escocia","nomFuera":"Suiza","clasificado":"0","goles_local":"2","goles_visitante":"1","nomEli":"UEFA \/ Ronda de Clasificación","nomGrupo":"Grupo 2"},{"jornada":"176","fecha":"2018-06-12","hora_prevista":"17:00:00","grupo_id":"7","nomCasa":"Bielorrusia","nomFuera":"Suiza","clasificado":"0","goles_local":"0","goles_visitante":"5","nomEli":"UEFA \/ Ronda de Clasificación","nomGrupo":"Grupo 2"},{"jornada":"176","fecha":"2018-06-12","hora_prevista":"17:30:00","grupo_id":"2","nomCasa":"Bosnia y Herzegovina","nomFuera":"Kazajistán","clasificado":"0","goles_local":"0","goles_visitante":"2","nomEli":"UEFA \/ Ronda de Clasificación","nomGrupo":"Grupo 1"},{"jornada":"176","fecha":"2018-06-12","hora_prevista":"17:30:00","grupo_id":"10","nomCasa":"Chequia","nomFuera":"Feroe","clasificado":"0","goles_local":"4","goles_visitante":"1","nomEli":"UEFA \/ Ronda de Clasificación","nomGrupo":"Grupo 5"},{"jornada":"176","fecha":"2018-06-12","hora_prevista":"18:00:00","grupo_id":"9","nomCasa":"Ucrania","nomFuera":"Suecia","clasificado":"0","goles_local":"1","goles_visitante":"0","nomEli":"UEFA \/ Ronda de Clasificación","nomGrupo":"Grupo 4"},{"jornada":"176","fecha":"2018-06-12","hora_prevista":"18:00:00","grupo_id":"9","nomCasa":"Dinamarca","nomFuera":"Hungría","clasificado":"0","goles_local":"5","goles_visitante":"1","nomEli":"UEFA \/ Ronda de Clasificación","nomGrupo":"Grupo 4"},{"jornada":"176","fecha":"2018-06-12","hora_prevista":"18:00:00","grupo_id":"8","nomCasa":"Noruega","nomFuera":"Irlanda","clasificado":"0","goles_local":"1","goles_visitante":"0","nomEli":"UEFA \/ Ronda de Clasificación","nomGrupo":"Grupo 3"},{"jornada":"176","fecha":"2018-06-12","hora_prevista":"18:00:00","grupo_id":"12","nomCasa":"Serbia","nomFuera":"Finlandia","clasificado":"0","goles_local":"0","goles_visitante":"2","nomEli":"UEFA \/ Ronda de Clasificación","nomGrupo":"Grupo 7"},{"jornada":"176","fecha":"2018-06-12","hora_prevista":"18:30:00","grupo_id":"12","nomCasa":"Israel","nomFuera":"Austria","clasificado":"0","goles_local":"0","goles_visitante":"6","nomEli":"UEFA \/ Ronda de Clasificación","nomGrupo":"Grupo 7"},{"jornada":"176","fecha":"2018-06-12","hora_prevista":"19:00:00","grupo_id":"11","nomCasa":"Rumanía","nomFuera":"Portugal","clasificado":"0","goles_local":"1","goles_visitante":"1","nomEli":"UEFA \/ Ronda de Clasificación","nomGrupo":"Grupo 6"},{"jornada":"176","fecha":"2018-06-12","hora_prevista":"20:00:00","grupo_id":"8","nomCasa":"Países Bajos","nomFuera":"Eslovaquia","clasificado":"0","goles_local":"1","goles_visitante":"0","nomEli":"UEFA \/ Ronda de Clasificación","nomGrupo":"Grupo 3"},{"jornada":"176","fecha":"2018-06-12","hora_prevista":"20:00:00","grupo_id":"2","nomCasa":"Gales","nomFuera":"Rusia","clasificado":"0","goles_local":"3","goles_visitante":"0","nomEli":"UEFA \/ Ronda de Clasificación","nomGrupo":"Grupo 1"},{"jornada":"176","fecha":"2018-06-12","hora_prevista":"15:30:00","grupo_id":"7","nomCasa":"Polonia","nomFuera":"Escocia","clasificado":"0","goles_local":"2","goles_visitante":"3","nomEli":"UEFA \/ Ronda de Clasificación","nomGrupo":"Grupo 2"},{"jornada":"176","fecha":"2018-06-11","hora_prevista":"20:00:00","grupo_id":"10","nomCasa":"Islandia","nomFuera":"Eslovenia","clasificado":"0","goles_local":"2","goles_visitante":"0","nomEli":"UEFA \/ Ronda de Clasificación","nomGrupo":"Grupo 5"},{"jornada":"176","fecha":"2018-06-10","hora_prevista":"18:00:00","grupo_id":"11","nomCasa":"Moldavia","nomFuera":"Bélgica","clasificado":"0","goles_local":"0","goles_visitante":"7","nomEli":"UEFA \/ Ronda de Clasificación","nomGrupo":"Grupo 6"},{"jornada":"176","fecha":"2018-06-08","hora_prevista":"17:00:00","grupo_id":"12","nomCasa":"Finlandia","nomFuera":"Austria","clasificado":"0","goles_local":"0","goles_visitante":"2","nomEli":"UEFA \/ Ronda de Clasificación","nomGrupo":"Grupo 7"},{"jornada":"176","fecha":"2018-06-08","hora_prevista":"18:00:00","grupo_id":"2","nomCasa":"Rusia","nomFuera":"Gran Bretaña","clasificado":"0","goles_local":"1","goles_visitante":"3","nomEli":"UEFA \/ Ronda de Clasificación","nomGrupo":"Grupo 1"},{"jornada":"176","fecha":"2018-06-08","hora_prevista":"18:00:00","grupo_id":"9","nomCasa":"Ucrania","nomFuera":"Dinamarca","clasificado":"0","goles_local":"1","goles_visitante":"5","nomEli":"UEFA \/ Ronda de Clasificación","nomGrupo":"Grupo 4"},{"jornada":"176","fecha":"2018-06-08","hora_prevista":"18:30:00","grupo_id":"8","nomCasa":"Irlanda","nomFuera":"Noruega","clasificado":"0","goles_local":"0","goles_visitante":"2","nomEli":"UEFA \/ Ronda de Clasificación","nomGrupo":"Grupo 3"},{"jornada":"176","fecha":"2018-06-08","hora_prevista":"20:30:00","grupo_id":"8","nomCasa":"Irlanda del Norte","nomFuera":"Países Bajos","clasificado":"0","goles_local":"0","goles_visitante":"5","nomEli":"UEFA \/ Ronda de Clasificación","nomGrupo":"Grupo 3"},{"jornada":"176","fecha":"2018-06-08","hora_prevista":"20:45:00","grupo_id":"11","nomCasa":"Italia","nomFuera":"Portugal","clasificado":"0","goles_local":"3","goles_visitante":"0","nomEli":"UEFA \/ Ronda de Clasificación","nomGrupo":"Grupo 6"},{"jornada":"176","fecha":"2018-06-07","hora_prevista":"20:35:00","grupo_id":"7","nomCasa":"Escocia","nomFuera":"Bielorrusia","clasificado":"0","goles_local":"2","goles_visitante":"1","nomEli":"UEFA \/ Ronda de Clasificación","nomGrupo":"Grupo 2"},{"jornada":"176","fecha":"2018-06-07","hora_prevista":"20:30:00","grupo_id":"12","nomCasa":"España","nomFuera":"Israel","clasificado":"0","goles_local":"2","goles_visitante":"0","nomEli":"UEFA \/ Ronda de Clasificación","nomGrupo":"Grupo 7"},{"jornada":"176","fecha":"2018-06-07","hora_prevista":"20:00:00","grupo_id":"2","nomCasa":"Gales","nomFuera":"Bosnia y Herzegovina","clasificado":"0","goles_local":"1","goles_visitante":"0","nomEli":"UEFA \/ Ronda de Clasificación","nomGrupo":"Grupo 1"},{"jornada":"176","fecha":"2018-06-07","hora_prevista":"18:45:00","grupo_id":"9","nomCasa":"Suecia","nomFuera":"Croacia","clasificado":"0","goles_local":"4","goles_visitante":"0","nomEli":"UEFA \/ Ronda de Clasificación","nomGrupo":"Grupo 4"},{"jornada":"176","fecha":"2018-06-07","hora_prevista":"18:00:00","grupo_id":"10","nomCasa":"Feroe","nomFuera":"Eslovenia","clasificado":"0","goles_local":"0","goles_visitante":"4","nomEli":"UEFA \/ Ronda de Clasificación","nomGrupo":"Grupo 5"},{"jornada":"176","fecha":"2018-04-10","hora_prevista":"20:35:00","grupo_id":"7","nomCasa":"Escocia","nomFuera":"Polonia","clasificado":"0","goles_local":"3","goles_visitante":"0","nomEli":"UEFA \/ Ronda de Clasificación","nomGrupo":"Grupo 2"},{"jornada":"176","fecha":"2018-04-10","hora_prevista":"20:30:00","grupo_id":"12","nomCasa":"Austria","nomFuera":"España","clasificado":"0","goles_local":"0","goles_visitante":"1","nomEli":"UEFA \/ Ronda de Clasificación","nomGrupo":"Grupo 7"},{"jornada":"176","fecha":"2018-04-10","hora_prevista":"16:00:00","grupo_id":"10","nomCasa":"Eslovenia","nomFuera":"Alemania","clasificado":"0","goles_local":"0","goles_visitante":"4","nomEli":"UEFA \/ Ronda de Clasificación","nomGrupo":"Grupo 5"},{"jornada":"176","fecha":"2018-04-10","hora_prevista":"16:00:00","grupo_id":"7","nomCasa":"Albania","nomFuera":"Bielorrusia","clasificado":"0","goles_local":"1","goles_visitante":"0","nomEli":"UEFA \/ Ronda de Clasificación","nomGrupo":"Grupo 2"},{"jornada":"176","fecha":"2018-04-10","hora_prevista":"16:00:00","grupo_id":"2","nomCasa":"Bosnia y Herzegovina","nomFuera":"Gran Bretaña","clasificado":"0","goles_local":"0","goles_visitante":"2","nomEli":"UEFA \/ Ronda de Clasificación","nomGrupo":"Grupo 1"},{"jornada":"176","fecha":"2018-04-10","hora_prevista":"16:00:00","grupo_id":"12","nomCasa":"Israel","nomFuera":"Serbia","clasificado":"0","goles_local":"0","goles_visitante":"1","nomEli":"UEFA \/ Ronda de Clasificación","nomGrupo":"Grupo 7"},{"jornada":"176","fecha":"2018-04-10","hora_prevista":"18:00:00","grupo_id":"10","nomCasa":"Feroe","nomFuera":"Islandia","clasificado":"0","goles_local":"0","goles_visitante":"5","nomEli":"UEFA \/ Ronda de Clasificación","nomGrupo":"Grupo 5"},{"jornada":"176","fecha":"2018-04-10","hora_prevista":"18:00:00","grupo_id":"11","nomCasa":"Italia","nomFuera":"Bélgica","clasificado":"0","goles_local":"2","goles_visitante":"1","nomEli":"UEFA \/ Ronda de Clasificación","nomGrupo":"Grupo 6"},{"jornada":"176","fecha":"2018-04-10","hora_prevista":"18:00:00","grupo_id":"11","nomCasa":"Moldavia","nomFuera":"Rumanía","clasificado":"0","goles_local":"0","goles_visitante":"0","nomEli":"UEFA \/ Ronda de Clasificación","nomGrupo":"Grupo 6"},{"jornada":"176","fecha":"2018-04-10","hora_prevista":"20:00:00","grupo_id":"8","nomCasa":"Irlanda","nomFuera":"Países Bajos","clasificado":"0","goles_local":"0","goles_visitante":"2","nomEli":"UEFA \/ Ronda de Clasificación","nomGrupo":"Grupo 3"},{"jornada":"176","fecha":"2018-04-10","hora_prevista":"20:30:00","grupo_id":"8","nomCasa":"Irlanda del Norte","nomFuera":"Noruega","clasificado":"0","goles_local":"0","goles_visitante":"3","nomEli":"UEFA \/ Ronda de Clasificación","nomGrupo":"Grupo 3"},{"jornada":"176","fecha":"2018-04-09","hora_prevista":"18:00:00","grupo_id":"9","nomCasa":"Dinamarca","nomFuera":"Ucrania","clasificado":"0","goles_local":"1","goles_visitante":"0","nomEli":"UEFA \/ Ronda de Clasificación","nomGrupo":"Grupo 4"},{"jornada":"176","fecha":"2018-04-09","hora_prevista":"17:00:00","grupo_id":"9","nomCasa":"Croacia","nomFuera":"Hungría","clasificado":"0","goles_local":"1","goles_visitante":"3","nomEli":"UEFA \/ Ronda de Clasificación","nomGrupo":"Grupo 4"},{"jornada":"176","fecha":"2018-04-09","hora_prevista":"12:00:00","grupo_id":"2","nomCasa":"Kazajistán","nomFuera":"Rusia","clasificado":"0","goles_local":"0","goles_visitante":"3","nomEli":"UEFA \/ Ronda de Clasificación","nomGrupo":"Grupo 1"},{"jornada":"176","fecha":"2018-04-07","hora_prevista":"16:15:00","grupo_id":"10","nomCasa":"Alemania","nomFuera":"Chequia","clasificado":"0","goles_local":"4","goles_visitante":"0","nomEli":"UEFA \/ Ronda de Clasificación","nomGrupo":"Grupo 5"},{"jornada":"176","fecha":"2018-04-06","hora_prevista":"20:00:00","grupo_id":"2","nomCasa":"Gran Bretaña","nomFuera":"Gales","clasificado":"0","goles_local":"0","goles_visitante":"0","nomEli":"UEFA \/ Ronda de Clasificación","nomGrupo":"Grupo 1"},{"jornada":"176","fecha":"2018-04-06","hora_prevista":"12:00:00","grupo_id":"11","nomCasa":"Moldavia","nomFuera":"Italia","clasificado":"0","goles_local":"1","goles_visitante":"3","nomEli":"UEFA \/ Ronda de Clasificación","nomGrupo":"Grupo 6"},{"jornada":"176","fecha":"2018-04-06","hora_prevista":"17:00:00","grupo_id":"10","nomCasa":"Eslovenia","nomFuera":"Islandia","clasificado":"0","goles_local":"0","goles_visitante":"2","nomEli":"UEFA \/ Ronda de Clasificación","nomGrupo":"Grupo 5"},{"jornada":"176","fecha":"2018-04-06","hora_prevista":"17:05:00","grupo_id":"12","nomCasa":"Finlandia","nomFuera":"España","clasificado":"0","goles_local":"0","goles_visitante":"2","nomEli":"UEFA \/ Ronda de Clasificación","nomGrupo":"Grupo 7"},{"jornada":"176","fecha":"2018-04-06","hora_prevista":"17:30:00","grupo_id":"7","nomCasa":"Polonia","nomFuera":"Albania","clasificado":"0","goles_local":"1","goles_visitante":"1","nomEli":"UEFA \/ Ronda de Clasificación","nomGrupo":"Grupo 2"},{"jornada":"176","fecha":"2018-04-06","hora_prevista":"18:00:00","grupo_id":"8","nomCasa":"Irlanda","nomFuera":"Eslovaquia","clasificado":"0","goles_local":"2","goles_visitante":"1","nomEli":"UEFA \/ Ronda de Clasificación","nomGrupo":"Grupo 3"},{"jornada":"176","fecha":"2018-04-06","hora_prevista":"19:30:00","grupo_id":"11","nomCasa":"Bélgica","nomFuera":"Portugal","clasificado":"0","goles_local":"1","goles_visitante":"1","nomEli":"UEFA \/ Ronda de Clasificación","nomGrupo":"Grupo 6"},{"jornada":"176","fecha":"2018-04-06","hora_prevista":"20:00:00","grupo_id":"8","nomCasa":"Países Bajos","nomFuera":"Irlanda del Norte","clasificado":"0","goles_local":"7","goles_visitante":"0","nomEli":"UEFA \/ Ronda de Clasificación","nomGrupo":"Grupo 3"},{"jornada":"176","fecha":"2018-04-05","hora_prevista":"19:00:00","grupo_id":"12","nomCasa":"Austria","nomFuera":"Serbia","clasificado":"0","goles_local":"1","goles_visitante":"1","nomEli":"UEFA \/ Ronda de Clasificación","nomGrupo":"Grupo 7"},{"jornada":"176","fecha":"2018-04-05","hora_prevista":"19:00:00","grupo_id":"7","nomCasa":"Suiza","nomFuera":"Escocia","clasificado":"0","goles_local":"1","goles_visitante":"0","nomEli":"UEFA \/ Ronda de Clasificación","nomGrupo":"Grupo 2"},{"jornada":"176","fecha":"2018-04-05","hora_prevista":"18:00:00","grupo_id":"9","nomCasa":"Hungría","nomFuera":"Suecia","clasificado":"0","goles_local":"1","goles_visitante":"4","nomEli":"UEFA \/ Ronda de Clasificación","nomGrupo":"Grupo 4"},{"jornada":"176","fecha":"2018-04-05","hora_prevista":"17:00:00","grupo_id":"9","nomCasa":"Croacia","nomFuera":"Ucrania","clasificado":"0","goles_local":"0","goles_visitante":"3","nomEli":"UEFA \/ Ronda de Clasificación","nomGrupo":"Grupo 4"},{"jornada":"176","fecha":"2018-04-05","hora_prevista":"16:00:00","grupo_id":"2","nomCasa":"Bosnia y Herzegovina","nomFuera":"Rusia","clasificado":"0","goles_local":"1","goles_visitante":"6","nomEli":"UEFA \/ Ronda de Clasificación","nomGrupo":"Grupo 1"},{"jornada":"176","fecha":"2018-01-22","hora_prevista":"16:00:00","grupo_id":"12","nomCasa":"Israel","nomFuera":"Finlandia","clasificado":"0","goles_local":"0","goles_visitante":"0","nomEli":"UEFA \/ Ronda de Clasificación","nomGrupo":"Grupo 7"},{"jornada":"176","fecha":"2017-11-28","hora_prevista":"20:15:00","grupo_id":"12","nomCasa":"España","nomFuera":"Austria","clasificado":"0","goles_local":"4","goles_visitante":"0","nomEli":"UEFA \/ Ronda de Clasificación","nomGrupo":"Grupo 7"},{"jornada":"176","fecha":"2017-11-28","hora_prevista":"10:00:00","grupo_id":"11","nomCasa":"Rumanía","nomFuera":"Moldavia","clasificado":"0","goles_local":"3","goles_visitante":"1","nomEli":"UEFA \/ Ronda de Clasificación","nomGrupo":"Grupo 6"},{"jornada":"176","fecha":"2017-11-28","hora_prevista":"13:30:00","grupo_id":"2","nomCasa":"Bosnia y Herzegovina","nomFuera":"Gales","clasificado":"0","goles_local":"0","goles_visitante":"1","nomEli":"UEFA \/ Ronda de Clasificación","nomGrupo":"Grupo 1"},{"jornada":"176","fecha":"2017-11-28","hora_prevista":"17:30:00","grupo_id":"8","nomCasa":"Eslovaquia","nomFuera":"Irlanda del Norte","clasificado":"0","goles_local":"1","goles_visitante":"3","nomEli":"UEFA \/ Ronda de Clasificación","nomGrupo":"Grupo 3"},{"jornada":"176","fecha":"2017-11-28","hora_prevista":"18:00:00","grupo_id":"11","nomCasa":"Portugal","nomFuera":"Italia","clasificado":"0","goles_local":"0","goles_visitante":"1","nomEli":"UEFA \/ Ronda de Clasificación","nomGrupo":"Grupo 6"},{"jornada":"176","fecha":"2017-11-28","hora_prevista":"19:00:00","grupo_id":"7","nomCasa":"Suiza","nomFuera":"Albania","clasificado":"0","goles_local":"5","goles_visitante":"1","nomEli":"UEFA \/ Ronda de Clasificación","nomGrupo":"Grupo 2"},{"jornada":"176","fecha":"2017-11-28","hora_prevista":"20:00:00","grupo_id":"8","nomCasa":"Países Bajos","nomFuera":"Irlanda","clasificado":"0","goles_local":"0","goles_visitante":"0","nomEli":"UEFA \/ Ronda de Clasificación","nomGrupo":"Grupo 3"},{"jornada":"176","fecha":"2017-11-28","hora_prevista":"20:05:00","grupo_id":"2","nomCasa":"Gran Bretaña","nomFuera":"Kazajistán","clasificado":"0","goles_local":"5","goles_visitante":"0","nomEli":"UEFA \/ Ronda de Clasificación","nomGrupo":"Grupo 1"},{"jornada":"176","fecha":"2017-11-26","hora_prevista":"13:00:00","grupo_id":"12","nomCasa":"Finlandia","nomFuera":"Israel","clasificado":"0","goles_local":"4","goles_visitante":"0","nomEli":"UEFA \/ Ronda de Clasificación","nomGrupo":"Grupo 7"},{"jornada":"176","fecha":"2017-11-24","hora_prevista":"14:00:00","grupo_id":"10","nomCasa":"Eslovenia","nomFuera":"Feroe","clasificado":"0","goles_local":"5","goles_visitante":"0","nomEli":"UEFA \/ Ronda de Clasificación","nomGrupo":"Grupo 5"},{"jornada":"176","fecha":"2017-11-24","hora_prevista":"15:00:00","grupo_id":"9","nomCasa":"Hungría","nomFuera":"Ucrania","clasificado":"0","goles_local":"0","goles_visitante":"1","nomEli":"UEFA \/ Ronda de Clasificación","nomGrupo":"Grupo 4"},{"jornada":"176","fecha":"2017-11-24","hora_prevista":"16:30:00","grupo_id":"12","nomCasa":"Serbia","nomFuera":"España","clasificado":"0","goles_local":"1","goles_visitante":"2","nomEli":"UEFA \/ Ronda de Clasificación","nomGrupo":"Grupo 7"},{"jornada":"176","fecha":"2017-11-24","hora_prevista":"17:00:00","grupo_id":"7","nomCasa":"Albania","nomFuera":"Polonia","clasificado":"0","goles_local":"1","goles_visitante":"4","nomEli":"UEFA \/ Ronda de Clasificación","nomGrupo":"Grupo 2"},{"jornada":"176","fecha":"2017-11-24","hora_prevista":"18:00:00","grupo_id":"11","nomCasa":"Portugal","nomFuera":"Moldavia","clasificado":"0","goles_local":"8","goles_visitante":"0","nomEli":"UEFA \/ Ronda de Clasificación","nomGrupo":"Grupo 6"},{"jornada":"176","fecha":"2017-11-24","hora_prevista":"19:00:00","grupo_id":"8","nomCasa":"Eslovaquia","nomFuera":"Países Bajos","clasificado":"0","goles_local":"0","goles_visitante":"5","nomEli":"UEFA \/ Ronda de Clasificación","nomGrupo":"Grupo 3"},{"jornada":"176","fecha":"2017-11-24","hora_prevista":"19:00:00","grupo_id":"7","nomCasa":"Suiza","nomFuera":"Bielorrusia","clasificado":"0","goles_local":"3","goles_visitante":"0","nomEli":"UEFA \/ Ronda de Clasificación","nomGrupo":"Grupo 2"},{"jornada":"176","fecha":"2017-11-24","hora_prevista":"20:00:00","grupo_id":"2","nomCasa":"Gales","nomFuera":"Kazajistán","clasificado":"0","goles_local":"1","goles_visitante":"0","nomEli":"UEFA \/ Ronda de Clasificación","nomGrupo":"Grupo 1"},{"jornada":"176","fecha":"2017-11-24","hora_prevista":"20:05:00","grupo_id":"2","nomCasa":"Gran Bretaña","nomFuera":"Bosnia y Herzegovina","clasificado":"0","goles_local":"4","goles_visitante":"0","nomEli":"UEFA \/ Ronda de Clasificación","nomGrupo":"Grupo 1"},{"jornada":"176","fecha":"2017-11-23","hora_prevista":"20:30:00","grupo_id":"12","nomCasa":"Austria","nomFuera":"Israel","clasificado":"0","goles_local":"2","goles_visitante":"0","nomEli":"UEFA \/ Ronda de Clasificación","nomGrupo":"Grupo 7"},{"jornada":"176","fecha":"2017-10-24","hora_prevista":"17:30:00","grupo_id":"8","nomCasa":"Eslovaquia","nomFuera":"Irlanda","clasificado":"0","goles_local":"0","goles_visitante":"2","nomEli":"UEFA \/ Ronda de Clasificación","nomGrupo":"Grupo 3"},{"jornada":"176","fecha":"2017-10-24","hora_prevista":"19:00:00","grupo_id":"8","nomCasa":"Países Bajos","nomFuera":"Noruega","clasificado":"0","goles_local":"1","goles_visitante":"0","nomEli":"UEFA \/ Ronda de Clasificación","nomGrupo":"Grupo 3"},{"jornada":"176","fecha":"2017-10-24","hora_prevista":"20:30:00","grupo_id":"7","nomCasa":"Escocia","nomFuera":"Albania","clasificado":"0","goles_local":"5","goles_visitante":"0","nomEli":"UEFA \/ Ronda de Clasificación","nomGrupo":"Grupo 2"},{"jornada":"176","fecha":"2017-10-24","hora_prevista":"18:00:00","grupo_id":"2","nomCasa":"Rusia","nomFuera":"Gales","clasificado":"0","goles_local":"0","goles_visitante":"0","nomEli":"UEFA \/ Ronda de Clasificación","nomGrupo":"Grupo 1"},{"jornada":"176","fecha":"2017-10-24","hora_prevista":"18:00:00","grupo_id":"9","nomCasa":"Croacia","nomFuera":"Dinamarca","clasificado":"0","goles_local":"0","goles_visitante":"4","nomEli":"UEFA \/ Ronda de Clasificación","nomGrupo":"Grupo 4"},{"jornada":"176","fecha":"2017-10-24","hora_prevista":"18:45:00","grupo_id":"9","nomCasa":"Suecia","nomFuera":"Hungría","clasificado":"0","goles_local":"5","goles_visitante":"0","nomEli":"UEFA \/ Ronda de Clasificación","nomGrupo":"Grupo 4"},{"jornada":"176","fecha":"2017-10-24","hora_prevista":"18:00:00","grupo_id":"10","nomCasa":"Chequia","nomFuera":"Islandia","clasificado":"0","goles_local":"1","goles_visitante":"1","nomEli":"UEFA \/ Ronda de Clasificación","nomGrupo":"Grupo 5"},{"jornada":"176","fecha":"2017-10-24","hora_prevista":"16:10:00","grupo_id":"10","nomCasa":"Alemania","nomFuera":"Feroe","clasificado":"0","goles_local":"11","goles_visitante":"0","nomEli":"UEFA \/ Ronda de Clasificación","nomGrupo":"Grupo 5"},{"jornada":"176","fecha":"2017-10-24","hora_prevista":"15:00:00","grupo_id":"11","nomCasa":"Italia","nomFuera":"Rumanía","clasificado":"0","goles_local":"3","goles_visitante":"0","nomEli":"UEFA \/ Ronda de Clasificación","nomGrupo":"Grupo 6"},{"jornada":"176","fecha":"2017-10-24","hora_prevista":"18:00:00","grupo_id":"11","nomCasa":"Portugal","nomFuera":"Bélgica","clasificado":"0","goles_local":"0","goles_visitante":"1","nomEli":"UEFA \/ Ronda de Clasificación","nomGrupo":"Grupo 6"},{"jornada":"176","fecha":"2017-10-23","hora_prevista":"16:00:00","grupo_id":"12","nomCasa":"Israel","nomFuera":"España","clasificado":"0","goles_local":"0","goles_visitante":"6","nomEli":"UEFA \/ Ronda de Clasificación","nomGrupo":"Grupo 7"},{"jornada":"176","fecha":"2017-10-22","hora_prevista":"16:00:00","grupo_id":"12","nomCasa":"Finlandia","nomFuera":"Serbia","clasificado":"0","goles_local":"1","goles_visitante":"0","nomEli":"UEFA \/ Ronda de Clasificación","nomGrupo":"Grupo 7"},{"jornada":"176","fecha":"2017-10-21","hora_prevista":"12:00:00","grupo_id":"2","nomCasa":"Kazajistán","nomFuera":"Bosnia y Herzegovina","clasificado":"0","goles_local":"0","goles_visitante":"2","nomEli":"UEFA \/ Ronda de Clasificación","nomGrupo":"Grupo 1"},{"jornada":"176","fecha":"2017-10-20","hora_prevista":"18:15:00","grupo_id":"9","nomCasa":"Suecia","nomFuera":"Dinamarca","clasificado":"0","goles_local":"3","goles_visitante":"0","nomEli":"UEFA \/ Ronda de Clasificación","nomGrupo":"Grupo 4"},{"jornada":"176","fecha":"2017-10-20","hora_prevista":"16:00:00","grupo_id":"10","nomCasa":"Alemania","nomFuera":"Islandia","clasificado":"0","goles_local":"2","goles_visitante":"3","nomEli":"UEFA \/ Ronda de Clasificación","nomGrupo":"Grupo 5"},{"jornada":"176","fecha":"2017-10-20","hora_prevista":"18:00:00","grupo_id":"10","nomCasa":"Eslovenia","nomFuera":"Chequia","clasificado":"0","goles_local":"0","goles_visitante":"4","nomEli":"UEFA \/ Ronda de Clasificación","nomGrupo":"Grupo 5"},{"jornada":"176","fecha":"2017-10-20","hora_prevista":"20:30:00","grupo_id":"11","nomCasa":"Bélgica","nomFuera":"Rumanía","clasificado":"0","goles_local":"3","goles_visitante":"2","nomEli":"UEFA \/ Ronda de Clasificación","nomGrupo":"Grupo 6"},{"jornada":"176","fecha":"2017-10-19","hora_prevista":"15:30:00","grupo_id":"12","nomCasa":"Serbia","nomFuera":"Israel","clasificado":"0","goles_local":"2","goles_visitante":"0","nomEli":"UEFA \/ Ronda de Clasificación","nomGrupo":"Grupo 7"},{"jornada":"176","fecha":"2017-10-19","hora_prevista":"15:30:00","grupo_id":"9","nomCasa":"Hungría","nomFuera":"Croacia","clasificado":"0","goles_local":"2","goles_visitante":"2","nomEli":"UEFA \/ Ronda de Clasificación","nomGrupo":"Grupo 4"},{"jornada":"176","fecha":"2017-10-19","hora_prevista":"17:00:00","grupo_id":"7","nomCasa":"Bielorrusia","nomFuera":"Escocia","clasificado":"0","goles_local":"1","goles_visitante":"2","nomEli":"UEFA \/ Ronda de Clasificación","nomGrupo":"Grupo 2"},{"jornada":"176","fecha":"2017-09-19","hora_prevista":"17:55:00","grupo_id":"8","nomCasa":"Noruega","nomFuera":"Eslovaquia","clasificado":"0","goles_local":"6","goles_visitante":"1","nomEli":"UEFA \/ Ronda de Clasificación","nomGrupo":"Grupo 3"},{"jornada":"176","fecha":"2017-09-19","hora_prevista":"19:00:00","grupo_id":"7","nomCasa":"Suiza","nomFuera":"Polonia","clasificado":"0","goles_local":"2","goles_visitante":"1","nomEli":"UEFA \/ Ronda de Clasificación","nomGrupo":"Grupo 2"},{"jornada":"176","fecha":"2017-09-19","hora_prevista":"17:00:00","grupo_id":"7","nomCasa":"Bielorrusia","nomFuera":"Albania","clasificado":"0","goles_local":"1","goles_visitante":"0","nomEli":"UEFA \/ Ronda de Clasificación","nomGrupo":"Grupo 2"},{"jornada":"176","fecha":"2017-09-19","hora_prevista":"20:00:00","grupo_id":"2","nomCasa":"Gran Bretaña","nomFuera":"Rusia","clasificado":"0","goles_local":"6","goles_visitante":"0","nomEli":"UEFA \/ Ronda de Clasificación","nomGrupo":"Grupo 1"},{"jornada":"176","fecha":"2017-09-19","hora_prevista":"20:30:00","grupo_id":"8","nomCasa":"Irlanda del Norte","nomFuera":"Irlanda","clasificado":"0","goles_local":"0","goles_visitante":"2","nomEli":"UEFA \/ Ronda de Clasificación","nomGrupo":"Grupo 3"},{"jornada":"176","fecha":"2017-09-19","hora_prevista":"18:00:00","grupo_id":"9","nomCasa":"Croacia","nomFuera":"Suecia","clasificado":"0","goles_local":"0","goles_visitante":"2","nomEli":"UEFA \/ Ronda de Clasificación","nomGrupo":"Grupo 4"},{"jornada":"176","fecha":"2017-09-19","hora_prevista":"18:00:00","grupo_id":"9","nomCasa":"Hungría","nomFuera":"Dinamarca","clasificado":"0","goles_local":"1","goles_visitante":"6","nomEli":"UEFA \/ Ronda de Clasificación","nomGrupo":"Grupo 4"},{"jornada":"176","fecha":"2017-09-19","hora_prevista":"17:58:00","grupo_id":"10","nomCasa":"Chequia","nomFuera":"Alemania","clasificado":"0","goles_local":"0","goles_visitante":"1","nomEli":"UEFA \/ Ronda de Clasificación","nomGrupo":"Grupo 5"},{"jornada":"176","fecha":"2017-09-19","hora_prevista":"17:00:00","grupo_id":"11","nomCasa":"Rumanía","nomFuera":"Italia","clasificado":"0","goles_local":"0","goles_visitante":"1","nomEli":"UEFA \/ Ronda de Clasificación","nomGrupo":"Grupo 6"},{"jornada":"176","fecha":"2017-09-19","hora_prevista":"20:15:00","grupo_id":"11","nomCasa":"Bélgica","nomFuera":"Moldavia","clasificado":"0","goles_local":"12","goles_visitante":"0","nomEli":"UEFA \/ Ronda de Clasificación","nomGrupo":"Grupo 6"},{"jornada":"176","fecha":"2017-09-19","hora_prevista":"20:00:00","grupo_id":"12","nomCasa":"Serbia","nomFuera":"Austria","clasificado":"0","goles_local":"0","goles_visitante":"4","nomEli":"UEFA \/ Ronda de Clasificación","nomGrupo":"Grupo 7"},{"jornada":"176","fecha":"2017-09-18","hora_prevista":"20:15:00","grupo_id":"10","nomCasa":"Islandia","nomFuera":"Feroe","clasificado":"0","goles_local":"8","goles_visitante":"0","nomEli":"UEFA \/ Ronda de Clasificación","nomGrupo":"Grupo 5"},{"jornada":"176","fecha":"2017-09-17","hora_prevista":"14:00:00","grupo_id":"2","nomCasa":"Kazajistán","nomFuera":"Gales","clasificado":"0","goles_local":"0","goles_visitante":"1","nomEli":"UEFA \/ Ronda de Clasificación","nomGrupo":"Grupo 1"},{"jornada":"176","fecha":"2017-09-16","hora_prevista":"14:00:00","grupo_id":"10","nomCasa":"Alemania","nomFuera":"Eslovenia","clasificado":"0","goles_local":"6","goles_visitante":"0","nomEli":"UEFA \/ Ronda de Clasificación","nomGrupo":"Grupo 5"},{"jornada":"176","fecha":"2017-09-15","hora_prevista":"17:00:00","grupo_id":"7","nomCasa":"Albania","nomFuera":"Suiza","clasificado":"0","goles_local":"1","goles_visitante":"4","nomEli":"UEFA \/ Ronda de Clasificación","nomGrupo":"Grupo 2"},{"jornada":"176","fecha":"2017-09-15","hora_prevista":"18:00:00","grupo_id":"7","nomCasa":"Polonia","nomFuera":"Bielorrusia","clasificado":"0","goles_local":"4","goles_visitante":"1","nomEli":"UEFA \/ Ronda de Clasificación","nomGrupo":"Grupo 2"},{"jornada":"176","fecha":"2017-09-15","hora_prevista":"17:55:00","grupo_id":"8","nomCasa":"Noruega","nomFuera":"Irlanda del Norte","clasificado":"0","goles_local":"4","goles_visitante":"1","nomEli":"UEFA \/ Ronda de Clasificación","nomGrupo":"Grupo 3"},{"jornada":"176","fecha":"2017-09-15","hora_prevista":"18:00:00","grupo_id":"9","nomCasa":"Ucrania","nomFuera":"Croacia","clasificado":"0","goles_local":"1","goles_visitante":"1","nomEli":"UEFA \/ Ronda de Clasificación","nomGrupo":"Grupo 4"},{"jornada":"176","fecha":"2017-09-15","hora_prevista":"20:30:00","grupo_id":"11","nomCasa":"Italia","nomFuera":"Moldavia","clasificado":"0","goles_local":"5","goles_visitante":"0","nomEli":"UEFA \/ Ronda de Clasificación","nomGrupo":"Grupo 6"},{"jornada":"176","fecha":"2017-09-14","hora_prevista":"20:00:00","grupo_id":"10","nomCasa":"Feroe","nomFuera":"Chequia","clasificado":"0","goles_local":"0","goles_visitante":"8","nomEli":"UEFA \/ Ronda de Clasificación","nomGrupo":"Grupo 5"},{"jornada":"177","fecha":"2017-04-11","hora_prevista":"14:00:00","grupo_id":"16","nomCasa":"Albania","nomFuera":"Grecia","clasificado":"0","goles_local":"2","goles_visitante":"1","nomEli":"UEFA \/ Ronda Preliminar","nomGrupo":"Grupo B"},{"jornada":"177","fecha":"2017-04-11","hora_prevista":"14:00:00","grupo_id":"16","nomCasa":"Kosovo","nomFuera":"Malta","clasificado":"0","goles_local":"1","goles_visitante":"3","nomEli":"UEFA \/ Ronda Preliminar","nomGrupo":"Grupo B"},{"jornada":"177","fecha":"2017-04-11","hora_prevista":"14:00:00","grupo_id":"15","nomCasa":"Estonia","nomFuera":"Kazajistán","clasificado":"0","goles_local":"0","goles_visitante":"1","nomEli":"UEFA \/ Ronda Preliminar","nomGrupo":"Grupo A"},{"jornada":"177","fecha":"2017-04-11","hora_prevista":"14:00:00","grupo_id":"17","nomCasa":"Moldavia","nomFuera":"Israel","clasificado":"0","goles_local":"0","goles_visitante":"0","nomEli":"UEFA \/ Ronda Preliminar","nomGrupo":"Grupo C"},{"jornada":"177","fecha":"2017-04-11","hora_prevista":"14:00:00","grupo_id":"17","nomCasa":"Andorra","nomFuera":"Lituania","clasificado":"0","goles_local":"0","goles_visitante":"2","nomEli":"UEFA \/ Ronda Preliminar","nomGrupo":"Grupo C"},{"jornada":"177","fecha":"2017-04-11","hora_prevista":"14:00:00","grupo_id":"15","nomCasa":"Letonia","nomFuera":"Georgia","clasificado":"0","goles_local":"1","goles_visitante":"1","nomEli":"UEFA \/ Ronda Preliminar","nomGrupo":"Grupo A"},{"jornada":"177","fecha":"2017-04-11","hora_prevista":"14:00:00","grupo_id":"18","nomCasa":"Luxemburgo","nomFuera":"Montenegro","clasificado":"0","goles_local":"1","goles_visitante":"7","nomEli":"UEFA \/ Ronda Preliminar","nomGrupo":"Grupo D"},{"jornada":"177","fecha":"2017-04-11","hora_prevista":"14:00:00","grupo_id":"18","nomCasa":"Feroe","nomFuera":"Turquía","clasificado":"0","goles_local":"2","goles_visitante":"1","nomEli":"UEFA \/ Ronda Preliminar","nomGrupo":"Grupo D"},{"jornada":"177","fecha":"2017-04-08","hora_prevista":"12:00:00","grupo_id":"16","nomCasa":"Grecia","nomFuera":"Kosovo","clasificado":"0","goles_local":"6","goles_visitante":"0","nomEli":"UEFA \/ Ronda Preliminar","nomGrupo":"Grupo B"},{"jornada":"177","fecha":"2017-04-08","hora_prevista":"14:00:00","grupo_id":"16","nomCasa":"Malta","nomFuera":"Albania","clasificado":"0","goles_local":"0","goles_visitante":"0","nomEli":"UEFA \/ Ronda Preliminar","nomGrupo":"Grupo B"},{"jornada":"177","fecha":"2017-04-08","hora_prevista":"20:30:00","grupo_id":"18","nomCasa":"Turquía","nomFuera":"Luxemburgo","clasificado":"0","goles_local":"9","goles_visitante":"1","nomEli":"UEFA \/ Ronda Preliminar","nomGrupo":"Grupo D"},{"jornada":"177","fecha":"2017-04-08","hora_prevista":"14:00:00","grupo_id":"15","nomCasa":"Georgia","nomFuera":"Estonia","clasificado":"0","goles_local":"2","goles_visitante":"1","nomEli":"UEFA \/ Ronda Preliminar","nomGrupo":"Grupo A"},{"jornada":"177","fecha":"2017-04-08","hora_prevista":"13:00:00","grupo_id":"17","nomCasa":"Lituania","nomFuera":"Moldavia","clasificado":"0","goles_local":"0","goles_visitante":"2","nomEli":"UEFA \/ Ronda Preliminar","nomGrupo":"Grupo C"},{"jornada":"177","fecha":"2017-04-08","hora_prevista":"17:30:00","grupo_id":"17","nomCasa":"Israel","nomFuera":"Andorra","clasificado":"0","goles_local":"7","goles_visitante":"0","nomEli":"UEFA \/ Ronda Preliminar","nomGrupo":"Grupo C"},{"jornada":"177","fecha":"2017-04-08","hora_prevista":"16:00:00","grupo_id":"18","nomCasa":"Montenegro","nomFuera":"Feroe","clasificado":"0","goles_local":"1","goles_visitante":"2","nomEli":"UEFA \/ Ronda Preliminar","nomGrupo":"Grupo D"},{"jornada":"177","fecha":"2017-04-08","hora_prevista":"12:00:00","grupo_id":"15","nomCasa":"Kazajistán","nomFuera":"Letonia","clasificado":"0","goles_local":"2","goles_visitante":"2","nomEli":"UEFA \/ Ronda Preliminar","nomGrupo":"Grupo A"},{"jornada":"177","fecha":"2017-04-06","hora_prevista":"14:00:00","grupo_id":"15","nomCasa":"Kazajistán","nomFuera":"Georgia","clasificado":"0","goles_local":"1","goles_visitante":"0","nomEli":"UEFA \/ Ronda Preliminar","nomGrupo":"Grupo A"},{"jornada":"177","fecha":"2017-04-06","hora_prevista":"12:00:00","grupo_id":"16","nomCasa":"Albania","nomFuera":"Kosovo","clasificado":"0","goles_local":"3","goles_visitante":"2","nomEli":"UEFA \/ Ronda Preliminar","nomGrupo":"Grupo B"},{"jornada":"177","fecha":"2017-04-06","hora_prevista":"14:00:00","grupo_id":"16","nomCasa":"Grecia","nomFuera":"Malta","clasificado":"0","goles_local":"1","goles_visitante":"0","nomEli":"UEFA \/ Ronda Preliminar","nomGrupo":"Grupo B"},{"jornada":"177","fecha":"2017-04-06","hora_prevista":"13:00:00","grupo_id":"17","nomCasa":"Moldavia","nomFuera":"Andorra","clasificado":"0","goles_local":"4","goles_visitante":"0","nomEli":"UEFA \/ Ronda Preliminar","nomGrupo":"Grupo C"},{"jornada":"177","fecha":"2017-04-06","hora_prevista":"12:00:00","grupo_id":"15","nomCasa":"Estonia","nomFuera":"Letonia","clasificado":"0","goles_local":"0","goles_visitante":"4","nomEli":"UEFA \/ Ronda Preliminar","nomGrupo":"Grupo A"},{"jornada":"177","fecha":"2017-04-06","hora_prevista":"16:00:00","grupo_id":"18","nomCasa":"Turquía","nomFuera":"Montenegro","clasificado":"0","goles_local":"3","goles_visitante":"0","nomEli":"UEFA \/ Ronda Preliminar","nomGrupo":"Grupo D"},{"jornada":"177","fecha":"2017-04-06","hora_prevista":"20:30:00","grupo_id":"18","nomCasa":"Feroe","nomFuera":"Luxemburgo","clasificado":"0","goles_local":"5","goles_visitante":"1","nomEli":"UEFA \/ Ronda Preliminar","nomGrupo":"Grupo D"},{"jornada":"177","fecha":"2017-04-06","hora_prevista":"17:30:00","grupo_id":"17","nomCasa":"Israel","nomFuera":"Lituania","clasificado":"0","goles_local":"2","goles_visitante":"0","nomEli":"UEFA \/ Ronda Preliminar","nomGrupo":"Grupo C"}]