[{"jornada":"84","fecha":"2022-06-04","hora_prevista":"12:00:00","grupo_id":null,"nomCasa":"FC Barcelona","nomFuera":"Athletic Club","clasificado":"1","goles_local":"2","goles_visitante":"0","nomEli":"Final","nomGrupo":null},{"jornada":"148","fecha":"2022-06-01","hora_prevista":"18:30:00","grupo_id":null,"nomCasa":"RC Celta de Vigo","nomFuera":"FC Barcelona","clasificado":"2","goles_local":"3","goles_visitante":"4","nomEli":"Semifinales","nomGrupo":null},{"jornada":"148","fecha":"2022-06-01","hora_prevista":"21:30:00","grupo_id":null,"nomCasa":"Athletic Club","nomFuera":"Real Betis Balompié","clasificado":"1","goles_local":"1","goles_visitante":"0","nomEli":"Semifinales","nomGrupo":null},{"jornada":"48","fecha":"2022-05-29","hora_prevista":"12:00:00","grupo_id":null,"nomCasa":"Club Atlético de Madrid","nomFuera":"RC Celta de Vigo","clasificado":"2","goles_local":"1","goles_visitante":"1","nomEli":"Cuartos de Final","nomGrupo":null},{"jornada":"48","fecha":"2022-05-29","hora_prevista":"12:00:00","grupo_id":null,"nomCasa":"FC Barcelona","nomFuera":"Valencia CF","clasificado":"1","goles_local":"2","goles_visitante":"0","nomEli":"Cuartos de Final","nomGrupo":null},{"jornada":"48","fecha":"2022-05-29","hora_prevista":"12:00:00","grupo_id":null,"nomCasa":"Athletic Club","nomFuera":"UD Las Palmas","clasificado":"1","goles_local":"1","goles_visitante":"0","nomEli":"Cuartos de Final","nomGrupo":null},{"jornada":"48","fecha":"2022-05-29","hora_prevista":"12:00:00","grupo_id":null,"nomCasa":"Real Betis Balompié","nomFuera":"RC Deportivo de La Coruña","clasificado":"1","goles_local":"3","goles_visitante":"1","nomEli":"Cuartos de Final","nomGrupo":null}]