[{"jornada":"84","fecha":"2022-04-16","hora_prevista":"12:30:00","grupo_id":null,"nomCasa":"Real Madrid CF","nomFuera":"RCD Espanyol de Barcelona","clasificado":"1","goles_local":"2","goles_visitante":"1","nomEli":"Final","nomGrupo":null},{"jornada":"148","fecha":"2022-04-13","hora_prevista":"19:00:00","grupo_id":null,"nomCasa":"RCD Espanyol de Barcelona","nomFuera":"RC Celta de Vigo","clasificado":"1","goles_local":"3","goles_visitante":"0","nomEli":"Semifinales","nomGrupo":null},{"jornada":"148","fecha":"2022-04-13","hora_prevista":"12:30:00","grupo_id":null,"nomCasa":"Real Betis Balompié","nomFuera":"Real Madrid CF","clasificado":"2","goles_local":"0","goles_visitante":"5","nomEli":"Semifinales","nomGrupo":null},{"jornada":"48","fecha":"2022-03-27","hora_prevista":"17:00:00","grupo_id":null,"nomCasa":"RC Celta de Vigo","nomFuera":"Granada CF ","clasificado":"1","goles_local":"4","goles_visitante":"1","nomEli":"Cuartos de Final","nomGrupo":null},{"jornada":"48","fecha":"2022-03-27","hora_prevista":"12:00:00","grupo_id":null,"nomCasa":"Real Madrid CF","nomFuera":"CD Tenerife","clasificado":"1","goles_local":"5","goles_visitante":"2","nomEli":"Cuartos de Final","nomGrupo":null},{"jornada":"48","fecha":"2022-03-27","hora_prevista":"12:00:00","grupo_id":null,"nomCasa":"Levante UD","nomFuera":"RCD Espanyol de Barcelona","clasificado":"2","goles_local":"0","goles_visitante":"2","nomEli":"Cuartos de Final","nomGrupo":null},{"jornada":"48","fecha":"2022-03-26","hora_prevista":"19:00:00","grupo_id":null,"nomCasa":"Club Atlético de Madrid","nomFuera":"Real Betis Balompié","clasificado":"2","goles_local":"1","goles_visitante":"2","nomEli":"Cuartos de Final","nomGrupo":null},{"jornada":"105","fecha":"2022-02-27","hora_prevista":"12:00:00","grupo_id":null,"nomCasa":"CF Damm","nomFuera":"Granada CF ","clasificado":"2","goles_local":"1","goles_visitante":"2","nomEli":"Octavos de Final","nomGrupo":null},{"jornada":"105","fecha":"2022-02-27","hora_prevista":"13:00:00","grupo_id":null,"nomCasa":"CD Tenerife","nomFuera":"Alboraya UD","clasificado":"1","goles_local":"2","goles_visitante":"1","nomEli":"Octavos de Final","nomGrupo":null},{"jornada":"105","fecha":"2022-02-27","hora_prevista":"12:00:00","grupo_id":null,"nomCasa":"Málaga CF","nomFuera":"RC Celta de Vigo","clasificado":"2","goles_local":"0","goles_visitante":"2","nomEli":"Octavos de Final","nomGrupo":null},{"jornada":"105","fecha":"2022-02-27","hora_prevista":"12:00:00","grupo_id":null,"nomCasa":"Levante UD","nomFuera":"Athletic Club","clasificado":"1","goles_local":"3","goles_visitante":"2","nomEli":"Octavos de Final","nomGrupo":null},{"jornada":"105","fecha":"2022-02-27","hora_prevista":"11:30:00","grupo_id":null,"nomCasa":"Club Atlético Osasuna","nomFuera":"RCD Espanyol de Barcelona","clasificado":"2","goles_local":"1","goles_visitante":"2","nomEli":"Octavos de Final","nomGrupo":null},{"jornada":"105","fecha":"2022-02-26","hora_prevista":"14:30:00","grupo_id":null,"nomCasa":"UD Las Palmas","nomFuera":"Club Atlético de Madrid","clasificado":"2","goles_local":"2","goles_visitante":"6","nomEli":"Octavos de Final","nomGrupo":null},{"jornada":"105","fecha":"2022-02-26","hora_prevista":"12:00:00","grupo_id":null,"nomCasa":"Villarreal CF","nomFuera":"Real Madrid CF","clasificado":"2","goles_local":"1","goles_visitante":"2","nomEli":"Octavos de Final","nomGrupo":null},{"jornada":"105","fecha":"2022-02-26","hora_prevista":"18:00:00","grupo_id":null,"nomCasa":"Real Racing Club","nomFuera":"Real Betis Balompié","clasificado":"2","goles_local":"1","goles_visitante":"1","nomEli":"Octavos de Final","nomGrupo":null},{"jornada":"59","fecha":"2022-02-03","hora_prevista":"17:00:00","grupo_id":null,"nomCasa":"Málaga CF","nomFuera":"Cádiz CF","clasificado":"1","goles_local":"2","goles_visitante":"1","nomEli":"Dieciseisavos de Final","nomGrupo":null},{"jornada":"59","fecha":"2022-02-02","hora_prevista":"12:00:00","grupo_id":null,"nomCasa":"Sevilla FC","nomFuera":"Real Betis Balompié","clasificado":"2","goles_local":"0","goles_visitante":"2","nomEli":"Dieciseisavos de Final","nomGrupo":null},{"jornada":"59","fecha":"2022-01-30","hora_prevista":"12:00:00","grupo_id":null,"nomCasa":"FC Barcelona","nomFuera":"CF Damm","clasificado":"2","goles_local":"0","goles_visitante":"1","nomEli":"Dieciseisavos de Final","nomGrupo":null},{"jornada":"59","fecha":"2022-01-16","hora_prevista":"16:00:00","grupo_id":null,"nomCasa":"Granada CF ","nomFuera":"CD Leganés","clasificado":"1","goles_local":"2","goles_visitante":"0","nomEli":"Dieciseisavos de Final","nomGrupo":null},{"jornada":"59","fecha":"2022-01-16","hora_prevista":"12:00:00","grupo_id":null,"nomCasa":"Real Madrid CF","nomFuera":"Rayo Vallecano de Madrid","clasificado":"1","goles_local":"3","goles_visitante":"0","nomEli":"Dieciseisavos de Final","nomGrupo":null},{"jornada":"59","fecha":"2022-01-16","hora_prevista":"12:00:00","grupo_id":null,"nomCasa":"RC Celta de Vigo","nomFuera":"RC Deportivo de La Coruña","clasificado":"1","goles_local":"2","goles_visitante":"1","nomEli":"Dieciseisavos de Final","nomGrupo":null},{"jornada":"59","fecha":"2022-01-16","hora_prevista":"11:30:00","grupo_id":null,"nomCasa":"Club Atlético Osasuna","nomFuera":"Deportivo Alavés","clasificado":"1","goles_local":"3","goles_visitante":"2","nomEli":"Dieciseisavos de Final","nomGrupo":null},{"jornada":"59","fecha":"2022-01-16","hora_prevista":"12:00:00","grupo_id":null,"nomCasa":"Athletic Club","nomFuera":"SD Eibar","clasificado":"1","goles_local":"2","goles_visitante":"1","nomEli":"Dieciseisavos de Final","nomGrupo":null},{"jornada":"59","fecha":"2022-01-16","hora_prevista":"13:00:00","grupo_id":null,"nomCasa":"UD Las Palmas","nomFuera":"AD Huracán","clasificado":"1","goles_local":"4","goles_visitante":"0","nomEli":"Dieciseisavos de Final","nomGrupo":null},{"jornada":"59","fecha":"2022-01-16","hora_prevista":"13:00:00","grupo_id":null,"nomCasa":"CD Tenerife","nomFuera":"CD San José","clasificado":"1","goles_local":"2","goles_visitante":"0","nomEli":"Dieciseisavos de Final","nomGrupo":null},{"jornada":"59","fecha":"2022-01-16","hora_prevista":"12:00:00","grupo_id":null,"nomCasa":"Valencia CF","nomFuera":"Levante UD","clasificado":"2","goles_local":"1","goles_visitante":"1","nomEli":"Dieciseisavos de Final","nomGrupo":null},{"jornada":"59","fecha":"2022-01-16","hora_prevista":"18:00:00","grupo_id":null,"nomCasa":"Villarreal CF","nomFuera":"CD Tudelano","clasificado":"1","goles_local":"6","goles_visitante":"1","nomEli":"Dieciseisavos de Final","nomGrupo":null},{"jornada":"59","fecha":"2022-01-16","hora_prevista":"12:00:00","grupo_id":null,"nomCasa":"RCD Espanyol de Barcelona","nomFuera":"RCD Mallorca","clasificado":"1","goles_local":"2","goles_visitante":"1","nomEli":"Dieciseisavos de Final","nomGrupo":null},{"jornada":"59","fecha":"2022-01-15","hora_prevista":"17:00:00","grupo_id":null,"nomCasa":"Real Racing Club","nomFuera":"Club Atlético Perines","clasificado":"1","goles_local":"2","goles_visitante":"0","nomEli":"Dieciseisavos de Final","nomGrupo":null},{"jornada":"59","fecha":"2022-01-15","hora_prevista":"17:00:00","grupo_id":null,"nomCasa":"Alboraya UD","nomFuera":"UD Alzira","clasificado":"1","goles_local":"0","goles_visitante":"0","nomEli":"Dieciseisavos de Final","nomGrupo":null},{"jornada":"59","fecha":"2022-01-15","hora_prevista":"20:00:00","grupo_id":null,"nomCasa":"Club Atlético de Madrid","nomFuera":"CyD Leonesa","clasificado":"1","goles_local":"4","goles_visitante":"1","nomEli":"Dieciseisavos de Final","nomGrupo":null}]