[{"jornada":"90","fecha":"2020-07-26","hora_prevista":"20:00:00","grupo_id":null,"nomCasa":"FC Barcelona B","nomFuera":"CE Sabadell FC","clasificado":"2","goles_local":"1","goles_visitante":"2","nomEli":"Finales","nomGrupo":null},{"jornada":"90","fecha":"2020-07-26","hora_prevista":"22:00:00","grupo_id":null,"nomCasa":"CD Castellón","nomFuera":"UE Cornellà","clasificado":"1","goles_local":"1","goles_visitante":"0","nomEli":"Finales","nomGrupo":null},{"jornada":"148","fecha":"2020-07-23","hora_prevista":"22:00:00","grupo_id":null,"nomCasa":"CyD Leonesa","nomFuera":"CE Sabadell FC","clasificado":"2","goles_local":"2","goles_visitante":"2","nomEli":"Semifinales","nomGrupo":null},{"jornada":"148","fecha":"2020-07-23","hora_prevista":"20:00:00","grupo_id":null,"nomCasa":"FC Barcelona B","nomFuera":"CD Badajoz","clasificado":"1","goles_local":"1","goles_visitante":"1","nomEli":"Semifinales","nomGrupo":null},{"jornada":"148","fecha":"2020-07-23","hora_prevista":"20:00:00","grupo_id":null,"nomCasa":"CD Atlético Baleares","nomFuera":"UE Cornellà","clasificado":"2","goles_local":"0","goles_visitante":"1","nomEli":"Semifinales","nomGrupo":null},{"jornada":"148","fecha":"2020-07-23","hora_prevista":"22:00:00","grupo_id":null,"nomCasa":"CD Castellón","nomFuera":"SCR Peña Deportiva","clasificado":"1","goles_local":"1","goles_visitante":"0","nomEli":"Semifinales","nomGrupo":null},{"jornada":"48","fecha":"2020-07-19","hora_prevista":"20:00:00","grupo_id":null,"nomCasa":"CE Sabadell FC","nomFuera":"Club Atlético de Madrid B","clasificado":"1","goles_local":"1","goles_visitante":"1","nomEli":"Cuartos de Final","nomGrupo":null},{"jornada":"48","fecha":"2020-07-19","hora_prevista":"22:00:00","grupo_id":null,"nomCasa":"CyD Leonesa","nomFuera":"Yeclano Deportivo","clasificado":"1","goles_local":"4","goles_visitante":"1","nomEli":"Cuartos de Final","nomGrupo":null},{"jornada":"48","fecha":"2020-07-19","hora_prevista":"20:00:00","grupo_id":null,"nomCasa":"FC Barcelona B","nomFuera":"Real Valladolid Promesas","clasificado":"1","goles_local":"3","goles_visitante":"2","nomEli":"Cuartos de Final","nomGrupo":null},{"jornada":"213","fecha":"2020-07-19","hora_prevista":"22:00:00","grupo_id":null,"nomCasa":"FC Cartagena","nomFuera":"CD Atlético Baleares","clasificado":"1","goles_local":"0","goles_visitante":"0","nomEli":"Campeones - Finales","nomGrupo":null},{"jornada":"48","fecha":"2020-07-18","hora_prevista":"20:00:00","grupo_id":null,"nomCasa":"Athletic Club B","nomFuera":"CD Badajoz","clasificado":"2","goles_local":"1","goles_visitante":"1","nomEli":"Cuartos de Final","nomGrupo":null},{"jornada":"48","fecha":"2020-07-18","hora_prevista":"22:00:00","grupo_id":null,"nomCasa":"Marbella FC","nomFuera":"SCR Peña Deportiva","clasificado":"2","goles_local":"0","goles_visitante":"2","nomEli":"Cuartos de Final","nomGrupo":null},{"jornada":"48","fecha":"2020-07-18","hora_prevista":"20:00:00","grupo_id":null,"nomCasa":"UD Ibiza-Eivissa","nomFuera":"UE Cornellà","clasificado":"2","goles_local":"1","goles_visitante":"2","nomEli":"Cuartos de Final","nomGrupo":null},{"jornada":"213","fecha":"2020-07-18","hora_prevista":"22:00:00","grupo_id":null,"nomCasa":"CD Castellón","nomFuera":"UD Logroñés","clasificado":"2","goles_local":"1","goles_visitante":"1","nomEli":"Campeones - Finales","nomGrupo":null}]