[{"jornada":"84","fecha":"2022-05-29","hora_prevista":"11:30:00","grupo_id":null,"nomCasa":"FC Barcelona","nomFuera":"Sporting Club de Huelva","clasificado":"1","goles_local":"6","goles_visitante":"1","nomEli":"Final","nomGrupo":null},{"jornada":"148","fecha":"2022-05-25","hora_prevista":"21:00:00","grupo_id":null,"nomCasa":"FC Barcelona","nomFuera":"Real Madrid CF","clasificado":"1","goles_local":"4","goles_visitante":"0","nomEli":"Semifinales","nomGrupo":null},{"jornada":"148","fecha":"2022-05-24","hora_prevista":"21:00:00","grupo_id":null,"nomCasa":"UD Granadilla Tenerife","nomFuera":"Sporting Club de Huelva","clasificado":"2","goles_local":"0","goles_visitante":"1","nomEli":"Semifinales","nomGrupo":null},{"jornada":"48","fecha":"2022-04-24","hora_prevista":"12:00:00","grupo_id":null,"nomCasa":"Levante UD","nomFuera":"Real Madrid CF","clasificado":"2","goles_local":"1","goles_visitante":"3","nomEli":"Cuartos de Final","nomGrupo":null},{"jornada":"48","fecha":"2022-03-17","hora_prevista":"17:00:00","grupo_id":null,"nomCasa":"Madrid CFF","nomFuera":"Sporting Club de Huelva","clasificado":"2","goles_local":"1","goles_visitante":"2","nomEli":"Cuartos de Final","nomGrupo":null},{"jornada":"48","fecha":"2022-03-16","hora_prevista":"16:00:00","grupo_id":null,"nomCasa":"UD Granadilla Tenerife","nomFuera":"Sevilla FC","clasificado":"1","goles_local":"2","goles_visitante":"0","nomEli":"Cuartos de Final","nomGrupo":null},{"jornada":"48","fecha":"2022-03-16","hora_prevista":"20:45:00","grupo_id":null,"nomCasa":"Real Sociedad de Fútbol","nomFuera":"FC Barcelona","clasificado":"2","goles_local":"0","goles_visitante":"3","nomEli":"Cuartos de Final","nomGrupo":null},{"jornada":"105","fecha":"2022-03-03","hora_prevista":"17:00:00","grupo_id":null,"nomCasa":"RCD Espanyol de Barcelona","nomFuera":"Madrid CFF","clasificado":"2","goles_local":"1","goles_visitante":"2","nomEli":"Octavos de Final","nomGrupo":null},{"jornada":"105","fecha":"2022-03-03","hora_prevista":"15:00:00","grupo_id":null,"nomCasa":"Real Betis Balompié","nomFuera":"Levante UD","clasificado":"2","goles_local":"1","goles_visitante":"4","nomEli":"Octavos de Final","nomGrupo":null},{"jornada":"105","fecha":"2022-03-03","hora_prevista":"19:00:00","grupo_id":null,"nomCasa":"Sporting Club de Huelva","nomFuera":"Club Atlético de Madrid","clasificado":"1","goles_local":"2","goles_visitante":"1","nomEli":"Octavos de Final","nomGrupo":null},{"jornada":"105","fecha":"2022-03-02","hora_prevista":"18:00:00","grupo_id":null,"nomCasa":"Villarreal CF","nomFuera":"Real Sociedad de Fútbol","clasificado":"2","goles_local":"1","goles_visitante":"2","nomEli":"Octavos de Final","nomGrupo":null},{"jornada":"105","fecha":"2022-03-02","hora_prevista":"16:00:00","grupo_id":null,"nomCasa":"Rayo Vallecano de Madrid","nomFuera":"FC Barcelona","clasificado":"2","goles_local":"1","goles_visitante":"3","nomEli":"Octavos de Final","nomGrupo":null},{"jornada":"105","fecha":"2022-03-02","hora_prevista":"14:00:00","grupo_id":null,"nomCasa":"Valencia Féminas CF","nomFuera":"UD Granadilla Tenerife","clasificado":"2","goles_local":"0","goles_visitante":"3","nomEli":"Octavos de Final","nomGrupo":null},{"jornada":"105","fecha":"2022-03-01","hora_prevista":"19:00:00","grupo_id":null,"nomCasa":"Alhama CF","nomFuera":"Real Madrid CF","clasificado":"2","goles_local":"0","goles_visitante":"3","nomEli":"Octavos de Final","nomGrupo":null},{"jornada":"105","fecha":"2022-03-01","hora_prevista":"21:00:00","grupo_id":null,"nomCasa":"Athletic Club","nomFuera":"Sevilla FC","clasificado":"2","goles_local":"0","goles_visitante":"1","nomEli":"Octavos de Final","nomGrupo":null},{"jornada":"164","fecha":"2022-01-26","hora_prevista":"20:00:00","grupo_id":null,"nomCasa":"Oviedo Moderno CF","nomFuera":"Sporting Club de Huelva","clasificado":"2","goles_local":"1","goles_visitante":"4","nomEli":"Tercera Eliminatoria","nomGrupo":null},{"jornada":"164","fecha":"2022-01-26","hora_prevista":"20:00:00","grupo_id":null,"nomCasa":"CD Juan Grande","nomFuera":"Valencia Féminas CF","clasificado":"2","goles_local":"0","goles_visitante":"1","nomEli":"Tercera Eliminatoria","nomGrupo":null},{"jornada":"164","fecha":"2022-01-26","hora_prevista":"20:00:00","grupo_id":null,"nomCasa":"Granada CF ","nomFuera":"Real Betis Balompié","clasificado":"2","goles_local":"0","goles_visitante":"1","nomEli":"Tercera Eliminatoria","nomGrupo":null},{"jornada":"164","fecha":"2022-01-26","hora_prevista":"19:30:00","grupo_id":null,"nomCasa":"CDE Racing Féminas","nomFuera":"Athletic Club","clasificado":"2","goles_local":"0","goles_visitante":"5","nomEli":"Tercera Eliminatoria","nomGrupo":null},{"jornada":"164","fecha":"2022-01-26","hora_prevista":"18:00:00","grupo_id":null,"nomCasa":"Alhama CF","nomFuera":"SD Eibar","clasificado":"1","goles_local":"3","goles_visitante":"1","nomEli":"Tercera Eliminatoria","nomGrupo":null},{"jornada":"164","fecha":"2022-01-26","hora_prevista":"16:15:00","grupo_id":null,"nomCasa":"DUX Logroño","nomFuera":"Villarreal CF","clasificado":"2","goles_local":"0","goles_visitante":"0","nomEli":"Tercera Eliminatoria","nomGrupo":null},{"jornada":"164","fecha":"2022-01-26","hora_prevista":"17:00:00","grupo_id":null,"nomCasa":"Málaga CF","nomFuera":"Rayo Vallecano de Madrid","clasificado":"2","goles_local":"0","goles_visitante":"2","nomEli":"Tercera Eliminatoria","nomGrupo":null},{"jornada":"164","fecha":"2022-01-26","hora_prevista":"18:00:00","grupo_id":null,"nomCasa":"RCD Espanyol de Barcelona","nomFuera":"Deportivo Alavés","clasificado":"1","goles_local":"2","goles_visitante":"0","nomEli":"Tercera Eliminatoria","nomGrupo":null},{"jornada":"139","fecha":"2021-11-11","hora_prevista":"17:00:00","grupo_id":null,"nomCasa":"Málaga CF","nomFuera":"Zaragoza CFF","clasificado":"1","goles_local":"0","goles_visitante":"0","nomEli":"Segunda Eliminatoria","nomGrupo":null},{"jornada":"139","fecha":"2021-11-10","hora_prevista":"19:00:00","grupo_id":null,"nomCasa":"Alhama CF","nomFuera":"Córdoba CF","clasificado":"1","goles_local":"3","goles_visitante":"1","nomEli":"Segunda Eliminatoria","nomGrupo":null},{"jornada":"139","fecha":"2021-11-10","hora_prevista":"16:30:00","grupo_id":null,"nomCasa":"Club Peluquería Mixta Friol","nomFuera":"CDE Racing Féminas","clasificado":"2","goles_local":"1","goles_visitante":"7","nomEli":"Segunda Eliminatoria","nomGrupo":null},{"jornada":"139","fecha":"2021-11-10","hora_prevista":"20:30:00","grupo_id":null,"nomCasa":"CD Juan Grande","nomFuera":"Cacereño Femenino","clasificado":"1","goles_local":"2","goles_visitante":"0","nomEli":"Segunda Eliminatoria","nomGrupo":null},{"jornada":"139","fecha":"2021-11-10","hora_prevista":"20:00:00","grupo_id":null,"nomCasa":"SE AEM","nomFuera":"RCD Espanyol de Barcelona","clasificado":"2","goles_local":"1","goles_visitante":"2","nomEli":"Segunda Eliminatoria","nomGrupo":null},{"jornada":"139","fecha":"2021-11-10","hora_prevista":"17:00:00","grupo_id":null,"nomCasa":"DUX Logroño","nomFuera":"Santa Teresa CD","clasificado":"1","goles_local":"1","goles_visitante":"0","nomEli":"Segunda Eliminatoria","nomGrupo":null},{"jornada":"139","fecha":"2021-11-10","hora_prevista":"20:00:00","grupo_id":null,"nomCasa":"Oviedo Moderno CF","nomFuera":"FF La Solana","clasificado":"1","goles_local":"1","goles_visitante":"1","nomEli":"Segunda Eliminatoria","nomGrupo":null},{"jornada":"139","fecha":"2021-11-10","hora_prevista":"18:30:00","grupo_id":null,"nomCasa":"RC Deportivo de La Coruña","nomFuera":"Granada CF ","clasificado":"2","goles_local":"0","goles_visitante":"1","nomEli":"Segunda Eliminatoria","nomGrupo":null},{"jornada":"118","fecha":"2021-10-13","hora_prevista":"20:30:00","grupo_id":null,"nomCasa":"Oviedo Moderno CF","nomFuera":"CD Femarguín","clasificado":"1","goles_local":"3","goles_visitante":"1","nomEli":"Primera Eliminatoria","nomGrupo":null},{"jornada":"118","fecha":"2021-10-07","hora_prevista":"18:00:00","grupo_id":null,"nomCasa":"Elche CF","nomFuera":"SE AEM","clasificado":"2","goles_local":"1","goles_visitante":"2","nomEli":"Primera Eliminatoria","nomGrupo":null},{"jornada":"118","fecha":"2021-10-07","hora_prevista":"20:30:00","grupo_id":null,"nomCasa":"CD Juan Grande","nomFuera":"FC Levante Las Planas","clasificado":"1","goles_local":"3","goles_visitante":"0","nomEli":"Primera Eliminatoria","nomGrupo":null},{"jornada":"118","fecha":"2021-10-07","hora_prevista":"18:00:00","grupo_id":null,"nomCasa":"UD Aldaia CF","nomFuera":"Córdoba CF","clasificado":"2","goles_local":"1","goles_visitante":"3","nomEli":"Primera Eliminatoria","nomGrupo":null},{"jornada":"118","fecha":"2021-10-06","hora_prevista":"19:30:00","grupo_id":null,"nomCasa":"RCD Espanyol de Barcelona","nomFuera":"CD Pozoalbense Femenino","clasificado":"1","goles_local":"1","goles_visitante":"0","nomEli":"Primera Eliminatoria","nomGrupo":null},{"jornada":"118","fecha":"2021-10-06","hora_prevista":"17:00:00","grupo_id":null,"nomCasa":"Granada CF ","nomFuera":"CD Castellón","clasificado":"1","goles_local":"1","goles_visitante":"0","nomEli":"Primera Eliminatoria","nomGrupo":null},{"jornada":"118","fecha":"2021-10-06","hora_prevista":"18:00:00","grupo_id":null,"nomCasa":"Real Unión de Tenerife","nomFuera":"Santa Teresa CD","clasificado":"2","goles_local":"0","goles_visitante":"1","nomEli":"Primera Eliminatoria","nomGrupo":null},{"jornada":"118","fecha":"2021-10-06","hora_prevista":"18:00:00","grupo_id":null,"nomCasa":"Málaga CF","nomFuera":"CE Seagull","clasificado":"1","goles_local":"2","goles_visitante":"0","nomEli":"Primera Eliminatoria","nomGrupo":null},{"jornada":"118","fecha":"2021-10-06","hora_prevista":"19:30:00","grupo_id":null,"nomCasa":"CDE Racing Féminas","nomFuera":"CD Parquesol","clasificado":"1","goles_local":"2","goles_visitante":"0","nomEli":"Primera Eliminatoria","nomGrupo":null},{"jornada":"118","fecha":"2021-10-06","hora_prevista":"17:00:00","grupo_id":null,"nomCasa":"Real Sporting de Gijón","nomFuera":"Alhama CF","clasificado":"2","goles_local":"1","goles_visitante":"3","nomEli":"Primera Eliminatoria","nomGrupo":null},{"jornada":"118","fecha":"2021-10-06","hora_prevista":"17:30:00","grupo_id":null,"nomCasa":"Cacereño Femenino","nomFuera":"CD Pradejón","clasificado":"1","goles_local":"2","goles_visitante":"1","nomEli":"Primera Eliminatoria","nomGrupo":null},{"jornada":"118","fecha":"2021-10-06","hora_prevista":"17:30:00","grupo_id":null,"nomCasa":"Club Peluquería Mixta Friol","nomFuera":"CDF Osasuna Femenino","clasificado":"1","goles_local":"4","goles_visitante":"2","nomEli":"Primera Eliminatoria","nomGrupo":null},{"jornada":"118","fecha":"2021-10-06","hora_prevista":"20:00:00","grupo_id":null,"nomCasa":"FF La Solana","nomFuera":"CD Alba FF","clasificado":"1","goles_local":"1","goles_visitante":"1","nomEli":"Primera Eliminatoria","nomGrupo":null},{"jornada":"118","fecha":"2021-10-06","hora_prevista":"19:30:00","grupo_id":null,"nomCasa":"CF Pozuelo de Alarcón","nomFuera":"RC Deportivo de La Coruña","clasificado":"2","goles_local":"1","goles_visitante":"9","nomEli":"Primera Eliminatoria","nomGrupo":null},{"jornada":"118","fecha":"2021-10-06","hora_prevista":"16:15:00","grupo_id":null,"nomCasa":"UD Collerense","nomFuera":"Zaragoza CFF","clasificado":"2","goles_local":"0","goles_visitante":"4","nomEli":"Primera Eliminatoria","nomGrupo":null}]