[{"jornada":"84","fecha":"2022-07-09","hora_prevista":"15:00:00","grupo_id":null,"nomCasa":"España","nomFuera":"Noruega","clasificado":"1","goles_local":"2","goles_visitante":"1","nomEli":"Final","nomGrupo":null},{"jornada":"148","fecha":"2022-07-06","hora_prevista":"17:30:00","grupo_id":null,"nomCasa":"Noruega","nomFuera":"Francia","clasificado":"1","goles_local":"1","goles_visitante":"0","nomEli":"Semifinales","nomGrupo":null},{"jornada":"148","fecha":"2022-07-06","hora_prevista":"15:00:00","grupo_id":null,"nomCasa":"España","nomFuera":"Suecia","clasificado":"1","goles_local":"1","goles_visitante":"0","nomEli":"Semifinales","nomGrupo":null},{"jornada":"49","fecha":"2022-07-03","hora_prevista":"17:30:00","grupo_id":"15","nomCasa":"Italia","nomFuera":"Chequia","clasificado":"0","goles_local":"4","goles_visitante":"0","nomEli":"Cuartos de Final","nomGrupo":"Grupo A"},{"jornada":"49","fecha":"2022-07-03","hora_prevista":"20:00:00","grupo_id":"16","nomCasa":"Alemania","nomFuera":"Inglaterra","clasificado":"0","goles_local":"3","goles_visitante":"0","nomEli":"Cuartos de Final","nomGrupo":"Grupo B"},{"jornada":"49","fecha":"2022-07-03","hora_prevista":"20:00:00","grupo_id":"16","nomCasa":"Noruega","nomFuera":"Suecia","clasificado":"0","goles_local":"1","goles_visitante":"0","nomEli":"Cuartos de Final","nomGrupo":"Grupo B"},{"jornada":"49","fecha":"2022-07-03","hora_prevista":"17:30:00","grupo_id":"15","nomCasa":"Francia","nomFuera":"España","clasificado":"0","goles_local":"1","goles_visitante":"1","nomEli":"Cuartos de Final","nomGrupo":"Grupo A"},{"jornada":"49","fecha":"2022-06-30","hora_prevista":"15:00:00","grupo_id":"15","nomCasa":"Italia","nomFuera":"Francia","clasificado":"0","goles_local":"2","goles_visitante":"2","nomEli":"Cuartos de Final","nomGrupo":"Grupo A"},{"jornada":"49","fecha":"2022-06-30","hora_prevista":"17:30:00","grupo_id":"15","nomCasa":"Chequia","nomFuera":"España","clasificado":"0","goles_local":"0","goles_visitante":"5","nomEli":"Cuartos de Final","nomGrupo":"Grupo A"},{"jornada":"49","fecha":"2022-06-30","hora_prevista":"15:00:00","grupo_id":"16","nomCasa":"Noruega","nomFuera":"Alemania","clasificado":"0","goles_local":"2","goles_visitante":"1","nomEli":"Cuartos de Final","nomGrupo":"Grupo B"},{"jornada":"49","fecha":"2022-06-30","hora_prevista":"17:30:00","grupo_id":"16","nomCasa":"Suecia","nomFuera":"Inglaterra","clasificado":"0","goles_local":"1","goles_visitante":"0","nomEli":"Cuartos de Final","nomGrupo":"Grupo B"},{"jornada":"49","fecha":"2022-06-27","hora_prevista":"17:30:00","grupo_id":"15","nomCasa":"España","nomFuera":"Italia","clasificado":"0","goles_local":"3","goles_visitante":"1","nomEli":"Cuartos de Final","nomGrupo":"Grupo A"},{"jornada":"49","fecha":"2022-06-27","hora_prevista":"15:00:00","grupo_id":"16","nomCasa":"Suecia","nomFuera":"Alemania","clasificado":"0","goles_local":"2","goles_visitante":"0","nomEli":"Cuartos de Final","nomGrupo":"Grupo B"},{"jornada":"49","fecha":"2022-06-27","hora_prevista":"17:30:00","grupo_id":"16","nomCasa":"Inglaterra","nomFuera":"Noruega","clasificado":"0","goles_local":"4","goles_visitante":"1","nomEli":"Cuartos de Final","nomGrupo":"Grupo B"},{"jornada":"49","fecha":"2022-06-27","hora_prevista":"11:00:00","grupo_id":"15","nomCasa":"Chequia","nomFuera":"Francia","clasificado":"0","goles_local":"0","goles_visitante":"3","nomEli":"Cuartos de Final","nomGrupo":"Grupo A"},{"jornada":"225","fecha":"2022-05-16","hora_prevista":"18:00:00","grupo_id":"9","nomCasa":"Bulgaria","nomFuera":"Ucrania","clasificado":"0","goles_local":"0","goles_visitante":"0","nomEli":"Ronda 2 - Liga A","nomGrupo":"Grupo 4"},{"jornada":"225","fecha":"2022-05-16","hora_prevista":"18:00:00","grupo_id":"9","nomCasa":"Noruega","nomFuera":"Austria","clasificado":"0","goles_local":"1","goles_visitante":"0","nomEli":"Ronda 2 - Liga A","nomGrupo":"Grupo 4"},{"jornada":"225","fecha":"2022-05-13","hora_prevista":"18:00:00","grupo_id":"9","nomCasa":"Austria","nomFuera":"Ucrania","clasificado":"0","goles_local":"1","goles_visitante":"0","nomEli":"Ronda 2 - Liga A","nomGrupo":"Grupo 4"},{"jornada":"225","fecha":"2022-05-13","hora_prevista":"12:00:00","grupo_id":"9","nomCasa":"Noruega","nomFuera":"Bulgaria","clasificado":"0","goles_local":"6","goles_visitante":"0","nomEli":"Ronda 2 - Liga A","nomGrupo":"Grupo 4"},{"jornada":"225","fecha":"2022-05-10","hora_prevista":"12:00:00","grupo_id":"9","nomCasa":"Ucrania","nomFuera":"Noruega","clasificado":"0","goles_local":"0","goles_visitante":"5","nomEli":"Ronda 2 - Liga A","nomGrupo":"Grupo 4"},{"jornada":"225","fecha":"2022-05-10","hora_prevista":"18:00:00","grupo_id":"9","nomCasa":"Austria","nomFuera":"Bulgaria","clasificado":"0","goles_local":"4","goles_visitante":"0","nomEli":"Ronda 2 - Liga A","nomGrupo":"Grupo 4"},{"jornada":"225","fecha":"2022-04-12","hora_prevista":"14:30:00","grupo_id":"8","nomCasa":"Bélgica","nomFuera":"Inglaterra","clasificado":"0","goles_local":"0","goles_visitante":"3","nomEli":"Ronda 2 - Liga A","nomGrupo":"Grupo 3"},{"jornada":"225","fecha":"2022-04-12","hora_prevista":"14:30:00","grupo_id":"8","nomCasa":"Gales","nomFuera":"Islandia","clasificado":"0","goles_local":"1","goles_visitante":"0","nomEli":"Ronda 2 - Liga A","nomGrupo":"Grupo 3"},{"jornada":"225","fecha":"2022-04-12","hora_prevista":"14:30:00","grupo_id":"10","nomCasa":"Suiza","nomFuera":"Italia","clasificado":"0","goles_local":"1","goles_visitante":"3","nomEli":"Ronda 2 - Liga A","nomGrupo":"Grupo 5"},{"jornada":"225","fecha":"2022-04-12","hora_prevista":"14:30:00","grupo_id":"10","nomCasa":"Bosnia y Herzegovina","nomFuera":"Hungría","clasificado":"0","goles_local":"1","goles_visitante":"3","nomEli":"Ronda 2 - Liga A","nomGrupo":"Grupo 5"},{"jornada":"225","fecha":"2022-04-12","hora_prevista":"15:00:00","grupo_id":"12","nomCasa":"Chequia","nomFuera":"Francia","clasificado":"0","goles_local":"1","goles_visitante":"5","nomEli":"Ronda 2 - Liga A","nomGrupo":"Grupo 7"},{"jornada":"225","fecha":"2022-04-12","hora_prevista":"15:00:00","grupo_id":"12","nomCasa":"Grecia","nomFuera":"Irlanda","clasificado":"0","goles_local":"0","goles_visitante":"1","nomEli":"Ronda 2 - Liga A","nomGrupo":"Grupo 7"},{"jornada":"225","fecha":"2022-04-12","hora_prevista":"17:00:00","grupo_id":"11","nomCasa":"Países Bajos","nomFuera":"España","clasificado":"0","goles_local":"2","goles_visitante":"2","nomEli":"Ronda 2 - Liga A","nomGrupo":"Grupo 6"},{"jornada":"225","fecha":"2022-04-12","hora_prevista":"17:00:00","grupo_id":"11","nomCasa":"Rumanía","nomFuera":"Portugal","clasificado":"0","goles_local":"1","goles_visitante":"3","nomEli":"Ronda 2 - Liga A","nomGrupo":"Grupo 6"},{"jornada":"225","fecha":"2022-04-12","hora_prevista":"18:00:00","grupo_id":"2","nomCasa":"Suecia","nomFuera":"Dinamarca","clasificado":"0","goles_local":"2","goles_visitante":"0","nomEli":"Ronda 2 - Liga A","nomGrupo":"Grupo 1"},{"jornada":"225","fecha":"2022-04-12","hora_prevista":"18:00:00","grupo_id":"2","nomCasa":"Croacia","nomFuera":"Polonia","clasificado":"0","goles_local":"0","goles_visitante":"6","nomEli":"Ronda 2 - Liga A","nomGrupo":"Grupo 1"},{"jornada":"225","fecha":"2022-04-12","hora_prevista":"14:00:00","grupo_id":"7","nomCasa":"Finlandia","nomFuera":"Alemania","clasificado":"0","goles_local":"1","goles_visitante":"1","nomEli":"Ronda 2 - Liga A","nomGrupo":"Grupo 2"},{"jornada":"225","fecha":"2022-04-09","hora_prevista":"14:30:00","grupo_id":"10","nomCasa":"Italia","nomFuera":"Hungría","clasificado":"0","goles_local":"3","goles_visitante":"1","nomEli":"Ronda 2 - Liga A","nomGrupo":"Grupo 5"},{"jornada":"225","fecha":"2022-04-09","hora_prevista":"14:30:00","grupo_id":"8","nomCasa":"Inglaterra","nomFuera":"Islandia","clasificado":"0","goles_local":"2","goles_visitante":"0","nomEli":"Ronda 2 - Liga A","nomGrupo":"Grupo 3"},{"jornada":"225","fecha":"2022-04-09","hora_prevista":"13:00:00","grupo_id":"2","nomCasa":"Dinamarca","nomFuera":"Polonia","clasificado":"0","goles_local":"5","goles_visitante":"1","nomEli":"Ronda 2 - Liga A","nomGrupo":"Grupo 1"},{"jornada":"225","fecha":"2022-04-09","hora_prevista":"12:00:00","grupo_id":"10","nomCasa":"Suiza","nomFuera":"Bosnia y Herzegovina","clasificado":"0","goles_local":"7","goles_visitante":"0","nomEli":"Ronda 2 - Liga A","nomGrupo":"Grupo 5"},{"jornada":"225","fecha":"2022-04-09","hora_prevista":"15:00:00","grupo_id":"12","nomCasa":"Francia","nomFuera":"Irlanda","clasificado":"0","goles_local":"3","goles_visitante":"0","nomEli":"Ronda 2 - Liga A","nomGrupo":"Grupo 7"},{"jornada":"225","fecha":"2022-04-09","hora_prevista":"15:00:00","grupo_id":"12","nomCasa":"Chequia","nomFuera":"Grecia","clasificado":"0","goles_local":"1","goles_visitante":"3","nomEli":"Ronda 2 - Liga A","nomGrupo":"Grupo 7"},{"jornada":"225","fecha":"2022-04-09","hora_prevista":"17:00:00","grupo_id":"11","nomCasa":"España","nomFuera":"Portugal","clasificado":"0","goles_local":"6","goles_visitante":"0","nomEli":"Ronda 2 - Liga A","nomGrupo":"Grupo 6"},{"jornada":"225","fecha":"2022-04-09","hora_prevista":"17:00:00","grupo_id":"11","nomCasa":"Países Bajos","nomFuera":"Rumanía","clasificado":"0","goles_local":"5","goles_visitante":"0","nomEli":"Ronda 2 - Liga A","nomGrupo":"Grupo 6"},{"jornada":"225","fecha":"2022-04-09","hora_prevista":"18:30:00","grupo_id":"2","nomCasa":"Suecia","nomFuera":"Croacia","clasificado":"0","goles_local":"4","goles_visitante":"0","nomEli":"Ronda 2 - Liga A","nomGrupo":"Grupo 1"},{"jornada":"225","fecha":"2022-04-09","hora_prevista":"20:30:00","grupo_id":"8","nomCasa":"Bélgica","nomFuera":"Gales","clasificado":"0","goles_local":"1","goles_visitante":"1","nomEli":"Ronda 2 - Liga A","nomGrupo":"Grupo 3"},{"jornada":"225","fecha":"2022-04-06","hora_prevista":"14:30:00","grupo_id":"8","nomCasa":"Inglaterra","nomFuera":"Gales","clasificado":"0","goles_local":"3","goles_visitante":"0","nomEli":"Ronda 2 - Liga A","nomGrupo":"Grupo 3"},{"jornada":"225","fecha":"2022-04-06","hora_prevista":"14:30:00","grupo_id":"10","nomCasa":"Italia","nomFuera":"Bosnia y Herzegovina","clasificado":"0","goles_local":"6","goles_visitante":"0","nomEli":"Ronda 2 - Liga A","nomGrupo":"Grupo 5"},{"jornada":"225","fecha":"2022-04-06","hora_prevista":"13:00:00","grupo_id":"2","nomCasa":"Dinamarca","nomFuera":"Croacia","clasificado":"0","goles_local":"2","goles_visitante":"0","nomEli":"Ronda 2 - Liga A","nomGrupo":"Grupo 1"},{"jornada":"225","fecha":"2022-04-06","hora_prevista":"12:00:00","grupo_id":"10","nomCasa":"Hungría","nomFuera":"Suiza","clasificado":"0","goles_local":"2","goles_visitante":"1","nomEli":"Ronda 2 - Liga A","nomGrupo":"Grupo 5"},{"jornada":"225","fecha":"2022-04-06","hora_prevista":"15:00:00","grupo_id":"12","nomCasa":"Francia","nomFuera":"Grecia","clasificado":"0","goles_local":"3","goles_visitante":"0","nomEli":"Ronda 2 - Liga A","nomGrupo":"Grupo 7"},{"jornada":"225","fecha":"2022-04-06","hora_prevista":"17:00:00","grupo_id":"11","nomCasa":"España","nomFuera":"Rumanía","clasificado":"0","goles_local":"9","goles_visitante":"0","nomEli":"Ronda 2 - Liga A","nomGrupo":"Grupo 6"},{"jornada":"225","fecha":"2022-04-06","hora_prevista":"17:00:00","grupo_id":"11","nomCasa":"Portugal","nomFuera":"Países Bajos","clasificado":"0","goles_local":"0","goles_visitante":"2","nomEli":"Ronda 2 - Liga A","nomGrupo":"Grupo 6"},{"jornada":"225","fecha":"2022-04-06","hora_prevista":"18:00:00","grupo_id":"12","nomCasa":"Irlanda","nomFuera":"Chequia","clasificado":"0","goles_local":"2","goles_visitante":"0","nomEli":"Ronda 2 - Liga A","nomGrupo":"Grupo 7"},{"jornada":"225","fecha":"2022-04-06","hora_prevista":"18:30:00","grupo_id":"2","nomCasa":"Polonia","nomFuera":"Suecia","clasificado":"0","goles_local":"2","goles_visitante":"4","nomEli":"Ronda 2 - Liga A","nomGrupo":"Grupo 1"},{"jornada":"225","fecha":"2022-04-06","hora_prevista":"20:30:00","grupo_id":"8","nomCasa":"Islandia","nomFuera":"Bélgica","clasificado":"0","goles_local":"1","goles_visitante":"2","nomEli":"Ronda 2 - Liga A","nomGrupo":"Grupo 3"},{"jornada":"223","fecha":"2021-10-26","hora_prevista":"14:00:00","grupo_id":"9","nomCasa":"Finlandia","nomFuera":"Dinamarca","clasificado":"0","goles_local":"1","goles_visitante":"2","nomEli":"Ronda 1 - Liga A","nomGrupo":"Grupo 4"},{"jornada":"223","fecha":"2021-10-26","hora_prevista":"14:00:00","grupo_id":"9","nomCasa":"Turquía","nomFuera":"Hungría","clasificado":"0","goles_local":"0","goles_visitante":"3","nomEli":"Ronda 1 - Liga A","nomGrupo":"Grupo 4"},{"jornada":"223","fecha":"2021-10-26","hora_prevista":"14:00:00","grupo_id":"10","nomCasa":"Irlanda del Norte","nomFuera":"Irlanda","clasificado":"0","goles_local":"0","goles_visitante":"2","nomEli":"Ronda 1 - Liga A","nomGrupo":"Grupo 5"},{"jornada":"223","fecha":"2021-10-26","hora_prevista":"14:00:00","grupo_id":"10","nomCasa":"Inglaterra","nomFuera":"Suiza","clasificado":"0","goles_local":"1","goles_visitante":"0","nomEli":"Ronda 1 - Liga A","nomGrupo":"Grupo 5"},{"jornada":"223","fecha":"2021-10-26","hora_prevista":"19:00:00","grupo_id":"2","nomCasa":"Ucrania","nomFuera":"Austria","clasificado":"0","goles_local":"0","goles_visitante":"1","nomEli":"Ronda 1 - Liga A","nomGrupo":"Grupo 1"},{"jornada":"223","fecha":"2021-10-26","hora_prevista":"19:00:00","grupo_id":"2","nomCasa":"Escocia","nomFuera":"Países Bajos","clasificado":"0","goles_local":"0","goles_visitante":"3","nomEli":"Ronda 1 - Liga A","nomGrupo":"Grupo 1"},{"jornada":"224","fecha":"2021-10-26","hora_prevista":"13:30:00","grupo_id":"7","nomCasa":"Bulgaria","nomFuera":"Grecia","clasificado":"0","goles_local":"2","goles_visitante":"0","nomEli":"Ronda 1 - Liga B","nomGrupo":"Grupo 2"},{"jornada":"224","fecha":"2021-10-26","hora_prevista":"13:30:00","grupo_id":"7","nomCasa":"Kazajistán","nomFuera":"Lituania","clasificado":"0","goles_local":"0","goles_visitante":"1","nomEli":"Ronda 1 - Liga B","nomGrupo":"Grupo 2"},{"jornada":"224","fecha":"2021-10-26","hora_prevista":"11:00:00","grupo_id":"9","nomCasa":"Malta","nomFuera":"Georgia","clasificado":"0","goles_local":"0","goles_visitante":"1","nomEli":"Ronda 1 - Liga B","nomGrupo":"Grupo 4"},{"jornada":"224","fecha":"2021-10-26","hora_prevista":"16:00:00","grupo_id":"9","nomCasa":"Rumanía","nomFuera":"Israel","clasificado":"0","goles_local":"1","goles_visitante":"0","nomEli":"Ronda 1 - Liga B","nomGrupo":"Grupo 4"},{"jornada":"223","fecha":"2021-10-26","hora_prevista":"15:00:00","grupo_id":"12","nomCasa":"Azerbaiyán","nomFuera":"Polonia","clasificado":"0","goles_local":"0","goles_visitante":"2","nomEli":"Ronda 1 - Liga A","nomGrupo":"Grupo 7"},{"jornada":"223","fecha":"2021-10-26","hora_prevista":"15:00:00","grupo_id":"12","nomCasa":"Italia","nomFuera":"Noruega","clasificado":"0","goles_local":"1","goles_visitante":"1","nomEli":"Ronda 1 - Liga A","nomGrupo":"Grupo 7"},{"jornada":"224","fecha":"2021-10-26","hora_prevista":"13:00:00","grupo_id":"2","nomCasa":"Chipre","nomFuera":"Macedonia del Norte","clasificado":"0","goles_local":"2","goles_visitante":"4","nomEli":"Ronda 1 - Liga B","nomGrupo":"Grupo 1"},{"jornada":"224","fecha":"2021-10-26","hora_prevista":"13:00:00","grupo_id":"2","nomCasa":"Feroe","nomFuera":"Bielorrusia","clasificado":"0","goles_local":"0","goles_visitante":"5","nomEli":"Ronda 1 - Liga B","nomGrupo":"Grupo 1"},{"jornada":"224","fecha":"2021-10-25","hora_prevista":"14:30:00","grupo_id":"11","nomCasa":"Armenia","nomFuera":"Estonia","clasificado":"0","goles_local":"0","goles_visitante":"6","nomEli":"Ronda 1 - Liga B","nomGrupo":"Grupo 6"},{"jornada":"224","fecha":"2021-10-25","hora_prevista":"15:00:00","grupo_id":"8","nomCasa":"Albania","nomFuera":"Gales","clasificado":"0","goles_local":"1","goles_visitante":"4","nomEli":"Ronda 1 - Liga B","nomGrupo":"Grupo 3"},{"jornada":"224","fecha":"2021-10-25","hora_prevista":"15:00:00","grupo_id":"8","nomCasa":"Andorra","nomFuera":"Moldavia","clasificado":"0","goles_local":"1","goles_visitante":"0","nomEli":"Ronda 1 - Liga B","nomGrupo":"Grupo 3"},{"jornada":"224","fecha":"2021-10-25","hora_prevista":"14:30:00","grupo_id":"11","nomCasa":"Montenegro","nomFuera":"Bosnia y Herzegovina","clasificado":"0","goles_local":"0","goles_visitante":"1","nomEli":"Ronda 1 - Liga B","nomGrupo":"Grupo 6"},{"jornada":"224","fecha":"2021-10-25","hora_prevista":"11:00:00","grupo_id":"10","nomCasa":"Kosovo","nomFuera":"Croacia","clasificado":"0","goles_local":"0","goles_visitante":"1","nomEli":"Ronda 1 - Liga B","nomGrupo":"Grupo 5"},{"jornada":"224","fecha":"2021-10-25","hora_prevista":"11:00:00","grupo_id":"10","nomCasa":"Liechtenstein","nomFuera":"Letonia","clasificado":"0","goles_local":"0","goles_visitante":"0","nomEli":"Ronda 1 - Liga B","nomGrupo":"Grupo 5"},{"jornada":"223","fecha":"2021-10-25","hora_prevista":"17:00:00","grupo_id":"11","nomCasa":"Eslovaquia","nomFuera":"Portugal","clasificado":"0","goles_local":"2","goles_visitante":"4","nomEli":"Ronda 1 - Liga A","nomGrupo":"Grupo 6"},{"jornada":"223","fecha":"2021-10-25","hora_prevista":"17:00:00","grupo_id":"11","nomCasa":"Chequia","nomFuera":"España","clasificado":"0","goles_local":"1","goles_visitante":"3","nomEli":"Ronda 1 - Liga A","nomGrupo":"Grupo 6"},{"jornada":"223","fecha":"2021-10-23","hora_prevista":"15:00:00","grupo_id":"10","nomCasa":"Inglaterra","nomFuera":"Irlanda del Norte","clasificado":"0","goles_local":"8","goles_visitante":"1","nomEli":"Ronda 1 - Liga A","nomGrupo":"Grupo 5"},{"jornada":"223","fecha":"2021-10-23","hora_prevista":"20:00:00","grupo_id":"10","nomCasa":"Suiza","nomFuera":"Irlanda","clasificado":"0","goles_local":"3","goles_visitante":"2","nomEli":"Ronda 1 - Liga A","nomGrupo":"Grupo 5"},{"jornada":"223","fecha":"2021-10-23","hora_prevista":"14:00:00","grupo_id":"12","nomCasa":"Italia","nomFuera":"Azerbaiyán","clasificado":"0","goles_local":"9","goles_visitante":"0","nomEli":"Ronda 1 - Liga A","nomGrupo":"Grupo 7"},{"jornada":"223","fecha":"2021-10-23","hora_prevista":"15:00:00","grupo_id":"12","nomCasa":"Noruega","nomFuera":"Polonia","clasificado":"0","goles_local":"3","goles_visitante":"1","nomEli":"Ronda 1 - Liga A","nomGrupo":"Grupo 7"},{"jornada":"224","fecha":"2021-10-23","hora_prevista":"11:00:00","grupo_id":"9","nomCasa":"Israel","nomFuera":"Georgia","clasificado":"0","goles_local":"1","goles_visitante":"1","nomEli":"Ronda 1 - Liga B","nomGrupo":"Grupo 4"},{"jornada":"223","fecha":"2021-10-23","hora_prevista":"18:00:00","grupo_id":"9","nomCasa":"Finlandia","nomFuera":"Turquía","clasificado":"0","goles_local":"5","goles_visitante":"0","nomEli":"Ronda 1 - Liga A","nomGrupo":"Grupo 4"},{"jornada":"223","fecha":"2021-10-23","hora_prevista":"19:00:00","grupo_id":"2","nomCasa":"Países Bajos","nomFuera":"Austria","clasificado":"0","goles_local":"0","goles_visitante":"1","nomEli":"Ronda 1 - Liga A","nomGrupo":"Grupo 1"},{"jornada":"223","fecha":"2021-10-23","hora_prevista":"14:00:00","grupo_id":"9","nomCasa":"Dinamarca","nomFuera":"Hungría","clasificado":"0","goles_local":"3","goles_visitante":"0","nomEli":"Ronda 1 - Liga A","nomGrupo":"Grupo 4"},{"jornada":"224","fecha":"2021-10-23","hora_prevista":"12:00:00","grupo_id":"2","nomCasa":"Feroe","nomFuera":"Chipre","clasificado":"0","goles_local":"2","goles_visitante":"0","nomEli":"Ronda 1 - Liga B","nomGrupo":"Grupo 1"},{"jornada":"224","fecha":"2021-10-23","hora_prevista":"18:00:00","grupo_id":"2","nomCasa":"Bielorrusia","nomFuera":"Macedonia del Norte","clasificado":"0","goles_local":"3","goles_visitante":"1","nomEli":"Ronda 1 - Liga B","nomGrupo":"Grupo 1"},{"jornada":"224","fecha":"2021-10-23","hora_prevista":"13:30:00","grupo_id":"7","nomCasa":"Grecia","nomFuera":"Lituania","clasificado":"0","goles_local":"5","goles_visitante":"1","nomEli":"Ronda 1 - Liga B","nomGrupo":"Grupo 2"},{"jornada":"224","fecha":"2021-10-23","hora_prevista":"13:30:00","grupo_id":"7","nomCasa":"Bulgaria","nomFuera":"Kazajistán","clasificado":"0","goles_local":"3","goles_visitante":"0","nomEli":"Ronda 1 - Liga B","nomGrupo":"Grupo 2"},{"jornada":"223","fecha":"2021-10-23","hora_prevista":"16:00:00","grupo_id":"2","nomCasa":"Escocia","nomFuera":"Ucrania","clasificado":"0","goles_local":"1","goles_visitante":"1","nomEli":"Ronda 1 - Liga A","nomGrupo":"Grupo 1"},{"jornada":"224","fecha":"2021-10-23","hora_prevista":"16:00:00","grupo_id":"9","nomCasa":"Rumanía","nomFuera":"Malta","clasificado":"0","goles_local":"5","goles_visitante":"2","nomEli":"Ronda 1 - Liga B","nomGrupo":"Grupo 4"},{"jornada":"224","fecha":"2021-10-22","hora_prevista":"14:30:00","grupo_id":"11","nomCasa":"Bosnia y Herzegovina","nomFuera":"Estonia","clasificado":"0","goles_local":"4","goles_visitante":"0","nomEli":"Ronda 1 - Liga B","nomGrupo":"Grupo 6"},{"jornada":"224","fecha":"2021-10-22","hora_prevista":"14:30:00","grupo_id":"11","nomCasa":"Montenegro","nomFuera":"Armenia","clasificado":"0","goles_local":"4","goles_visitante":"0","nomEli":"Ronda 1 - Liga B","nomGrupo":"Grupo 6"},{"jornada":"223","fecha":"2021-10-22","hora_prevista":"17:00:00","grupo_id":"11","nomCasa":"Chequia","nomFuera":"Eslovaquia","clasificado":"0","goles_local":"2","goles_visitante":"1","nomEli":"Ronda 1 - Liga A","nomGrupo":"Grupo 6"},{"jornada":"224","fecha":"2021-10-22","hora_prevista":"11:00:00","grupo_id":"10","nomCasa":"Kosovo","nomFuera":"Liechtenstein","clasificado":"0","goles_local":"2","goles_visitante":"1","nomEli":"Ronda 1 - Liga B","nomGrupo":"Grupo 5"},{"jornada":"224","fecha":"2021-10-22","hora_prevista":"12:00:00","grupo_id":"8","nomCasa":"Gales","nomFuera":"Moldavia","clasificado":"0","goles_local":"4","goles_visitante":"0","nomEli":"Ronda 1 - Liga B","nomGrupo":"Grupo 3"},{"jornada":"224","fecha":"2021-10-22","hora_prevista":"15:30:00","grupo_id":"10","nomCasa":"Croacia","nomFuera":"Letonia","clasificado":"0","goles_local":"3","goles_visitante":"1","nomEli":"Ronda 1 - Liga B","nomGrupo":"Grupo 5"},{"jornada":"223","fecha":"2021-10-22","hora_prevista":"17:00:00","grupo_id":"11","nomCasa":"España","nomFuera":"Portugal","clasificado":"0","goles_local":"4","goles_visitante":"0","nomEli":"Ronda 1 - Liga A","nomGrupo":"Grupo 6"},{"jornada":"224","fecha":"2021-10-22","hora_prevista":"12:00:00","grupo_id":"8","nomCasa":"Albania","nomFuera":"Andorra","clasificado":"0","goles_local":"1","goles_visitante":"0","nomEli":"Ronda 1 - Liga B","nomGrupo":"Grupo 3"},{"jornada":"223","fecha":"2021-10-20","hora_prevista":"20:00:00","grupo_id":"10","nomCasa":"Irlanda","nomFuera":"Inglaterra","clasificado":"0","goles_local":"0","goles_visitante":"1","nomEli":"Ronda 1 - Liga A","nomGrupo":"Grupo 5"},{"jornada":"223","fecha":"2021-10-20","hora_prevista":"19:00:00","grupo_id":"2","nomCasa":"Países Bajos","nomFuera":"Ucrania","clasificado":"0","goles_local":"4","goles_visitante":"1","nomEli":"Ronda 1 - Liga A","nomGrupo":"Grupo 1"},{"jornada":"223","fecha":"2021-10-20","hora_prevista":"16:00:00","grupo_id":"2","nomCasa":"Austria","nomFuera":"Escocia","clasificado":"0","goles_local":"1","goles_visitante":"0","nomEli":"Ronda 1 - Liga A","nomGrupo":"Grupo 1"},{"jornada":"224","fecha":"2021-10-20","hora_prevista":"13:30:00","grupo_id":"7","nomCasa":"Lituania","nomFuera":"Bulgaria","clasificado":"0","goles_local":"1","goles_visitante":"5","nomEli":"Ronda 1 - Liga B","nomGrupo":"Grupo 2"},{"jornada":"224","fecha":"2021-10-20","hora_prevista":"13:30:00","grupo_id":"7","nomCasa":"Grecia","nomFuera":"Kazajistán","clasificado":"0","goles_local":"7","goles_visitante":"0","nomEli":"Ronda 1 - Liga B","nomGrupo":"Grupo 2"},{"jornada":"223","fecha":"2021-10-20","hora_prevista":"15:00:00","grupo_id":"10","nomCasa":"Suiza","nomFuera":"Irlanda del Norte","clasificado":"0","goles_local":"3","goles_visitante":"1","nomEli":"Ronda 1 - Liga A","nomGrupo":"Grupo 5"},{"jornada":"223","fecha":"2021-10-20","hora_prevista":"18:00:00","grupo_id":"9","nomCasa":"Dinamarca","nomFuera":"Turquía","clasificado":"0","goles_local":"6","goles_visitante":"0","nomEli":"Ronda 1 - Liga A","nomGrupo":"Grupo 4"},{"jornada":"223","fecha":"2021-10-20","hora_prevista":"14:00:00","grupo_id":"9","nomCasa":"Hungría","nomFuera":"Finlandia","clasificado":"0","goles_local":"0","goles_visitante":"2","nomEli":"Ronda 1 - Liga A","nomGrupo":"Grupo 4"},{"jornada":"224","fecha":"2021-10-20","hora_prevista":"12:00:00","grupo_id":"2","nomCasa":"Bielorrusia","nomFuera":"Chipre","clasificado":"0","goles_local":"6","goles_visitante":"0","nomEli":"Ronda 1 - Liga B","nomGrupo":"Grupo 1"},{"jornada":"224","fecha":"2021-10-20","hora_prevista":"11:00:00","grupo_id":"9","nomCasa":"Israel","nomFuera":"Malta","clasificado":"0","goles_local":"1","goles_visitante":"0","nomEli":"Ronda 1 - Liga B","nomGrupo":"Grupo 4"},{"jornada":"224","fecha":"2021-10-20","hora_prevista":"18:00:00","grupo_id":"2","nomCasa":"Macedonia del Norte","nomFuera":"Feroe","clasificado":"0","goles_local":"3","goles_visitante":"0","nomEli":"Ronda 1 - Liga B","nomGrupo":"Grupo 1"},{"jornada":"223","fecha":"2021-10-20","hora_prevista":"15:00:00","grupo_id":"12","nomCasa":"Polonia","nomFuera":"Italia","clasificado":"0","goles_local":"0","goles_visitante":"4","nomEli":"Ronda 1 - Liga A","nomGrupo":"Grupo 7"},{"jornada":"223","fecha":"2021-10-20","hora_prevista":"12:00:00","grupo_id":"12","nomCasa":"Noruega","nomFuera":"Azerbaiyán","clasificado":"0","goles_local":"7","goles_visitante":"0","nomEli":"Ronda 1 - Liga A","nomGrupo":"Grupo 7"},{"jornada":"224","fecha":"2021-10-20","hora_prevista":"16:00:00","grupo_id":"9","nomCasa":"Georgia","nomFuera":"Rumanía","clasificado":"0","goles_local":"1","goles_visitante":"2","nomEli":"Ronda 1 - Liga B","nomGrupo":"Grupo 4"},{"jornada":"224","fecha":"2021-10-19","hora_prevista":"12:00:00","grupo_id":"8","nomCasa":"Moldavia","nomFuera":"Albania","clasificado":"0","goles_local":"0","goles_visitante":"0","nomEli":"Ronda 1 - Liga B","nomGrupo":"Grupo 3"},{"jornada":"223","fecha":"2021-10-19","hora_prevista":"17:00:00","grupo_id":"11","nomCasa":"Portugal","nomFuera":"Chequia","clasificado":"0","goles_local":"1","goles_visitante":"2","nomEli":"Ronda 1 - Liga A","nomGrupo":"Grupo 6"},{"jornada":"223","fecha":"2021-10-19","hora_prevista":"17:00:00","grupo_id":"11","nomCasa":"España","nomFuera":"Eslovaquia","clasificado":"0","goles_local":"3","goles_visitante":"0","nomEli":"Ronda 1 - Liga A","nomGrupo":"Grupo 6"},{"jornada":"224","fecha":"2021-10-19","hora_prevista":"14:30:00","grupo_id":"11","nomCasa":"Bosnia y Herzegovina","nomFuera":"Armenia","clasificado":"0","goles_local":"13","goles_visitante":"0","nomEli":"Ronda 1 - Liga B","nomGrupo":"Grupo 6"},{"jornada":"224","fecha":"2021-10-19","hora_prevista":"14:30:00","grupo_id":"11","nomCasa":"Estonia","nomFuera":"Montenegro","clasificado":"0","goles_local":"0","goles_visitante":"2","nomEli":"Ronda 1 - Liga B","nomGrupo":"Grupo 6"},{"jornada":"224","fecha":"2021-10-19","hora_prevista":"11:00:00","grupo_id":"10","nomCasa":"Letonia","nomFuera":"Kosovo","clasificado":"0","goles_local":"0","goles_visitante":"3","nomEli":"Ronda 1 - Liga B","nomGrupo":"Grupo 5"},{"jornada":"224","fecha":"2021-10-19","hora_prevista":"15:30:00","grupo_id":"10","nomCasa":"Croacia","nomFuera":"Liechtenstein","clasificado":"0","goles_local":"2","goles_visitante":"0","nomEli":"Ronda 1 - Liga B","nomGrupo":"Grupo 5"},{"jornada":"224","fecha":"2021-10-19","hora_prevista":"16:00:00","grupo_id":"8","nomCasa":"Gales","nomFuera":"Andorra","clasificado":"0","goles_local":"3","goles_visitante":"0","nomEli":"Ronda 1 - Liga B","nomGrupo":"Grupo 3"},{"jornada":"223","fecha":"2021-09-21","hora_prevista":"13:00:00","grupo_id":"7","nomCasa":"Serbia","nomFuera":"Islandia","clasificado":"0","goles_local":"0","goles_visitante":"2","nomEli":"Ronda 1 - Liga A","nomGrupo":"Grupo 2"},{"jornada":"223","fecha":"2021-09-21","hora_prevista":"19:00:00","grupo_id":"7","nomCasa":"Suecia","nomFuera":"Francia","clasificado":"0","goles_local":"0","goles_visitante":"1","nomEli":"Ronda 1 - Liga A","nomGrupo":"Grupo 2"},{"jornada":"223","fecha":"2021-09-21","hora_prevista":"11:00:00","grupo_id":"8","nomCasa":"Eslovenia","nomFuera":"Rusia","clasificado":"0","goles_local":"1","goles_visitante":"2","nomEli":"Ronda 1 - Liga A","nomGrupo":"Grupo 3"},{"jornada":"223","fecha":"2021-09-21","hora_prevista":"11:00:00","grupo_id":"8","nomCasa":"Bélgica","nomFuera":"Alemania","clasificado":"0","goles_local":"1","goles_visitante":"2","nomEli":"Ronda 1 - Liga A","nomGrupo":"Grupo 3"},{"jornada":"223","fecha":"2021-09-18","hora_prevista":"11:00:00","grupo_id":"8","nomCasa":"Alemania","nomFuera":"Rusia","clasificado":"0","goles_local":"0","goles_visitante":"0","nomEli":"Ronda 1 - Liga A","nomGrupo":"Grupo 3"},{"jornada":"223","fecha":"2021-09-18","hora_prevista":"17:00:00","grupo_id":"8","nomCasa":"Bélgica","nomFuera":"Eslovenia","clasificado":"0","goles_local":"5","goles_visitante":"0","nomEli":"Ronda 1 - Liga A","nomGrupo":"Grupo 3"},{"jornada":"223","fecha":"2021-09-18","hora_prevista":"13:00:00","grupo_id":"7","nomCasa":"Francia","nomFuera":"Islandia","clasificado":"0","goles_local":"2","goles_visitante":"0","nomEli":"Ronda 1 - Liga A","nomGrupo":"Grupo 2"},{"jornada":"223","fecha":"2021-09-18","hora_prevista":"19:00:00","grupo_id":"7","nomCasa":"Suecia","nomFuera":"Serbia","clasificado":"0","goles_local":"4","goles_visitante":"0","nomEli":"Ronda 1 - Liga A","nomGrupo":"Grupo 2"},{"jornada":"223","fecha":"2021-09-15","hora_prevista":"11:00:00","grupo_id":"8","nomCasa":"Alemania","nomFuera":"Eslovenia","clasificado":"0","goles_local":"6","goles_visitante":"1","nomEli":"Ronda 1 - Liga A","nomGrupo":"Grupo 3"},{"jornada":"223","fecha":"2021-09-15","hora_prevista":"19:00:00","grupo_id":"7","nomCasa":"Francia","nomFuera":"Serbia","clasificado":"0","goles_local":"2","goles_visitante":"0","nomEli":"Ronda 1 - Liga A","nomGrupo":"Grupo 2"},{"jornada":"223","fecha":"2021-09-15","hora_prevista":"17:00:00","grupo_id":"8","nomCasa":"Rusia","nomFuera":"Bélgica","clasificado":"0","goles_local":"0","goles_visitante":"1","nomEli":"Ronda 1 - Liga A","nomGrupo":"Grupo 3"},{"jornada":"223","fecha":"2021-09-15","hora_prevista":"13:00:00","grupo_id":"7","nomCasa":"Islandia","nomFuera":"Suecia","clasificado":"0","goles_local":"1","goles_visitante":"2","nomEli":"Ronda 1 - Liga A","nomGrupo":"Grupo 2"}]