[{"jornada":"84","fecha":"2021-07-11","hora_prevista":"21:00:00","grupo_id":null,"nomCasa":"Italia","nomFuera":"Inglaterra","clasificado":"1","goles_local":"1","goles_visitante":"1","nomEli":"Final","nomGrupo":null},{"jornada":"148","fecha":"2021-07-07","hora_prevista":"21:00:00","grupo_id":null,"nomCasa":"Inglaterra","nomFuera":"Dinamarca","clasificado":"1","goles_local":"2","goles_visitante":"1","nomEli":"Semifinales","nomGrupo":null},{"jornada":"148","fecha":"2021-07-06","hora_prevista":"21:00:00","grupo_id":null,"nomCasa":"Italia","nomFuera":"España","clasificado":"1","goles_local":"1","goles_visitante":"1","nomEli":"Semifinales","nomGrupo":null},{"jornada":"48","fecha":"2021-07-03","hora_prevista":"21:00:00","grupo_id":null,"nomCasa":"Ucrania","nomFuera":"Inglaterra","clasificado":"2","goles_local":"0","goles_visitante":"4","nomEli":"Cuartos de Final","nomGrupo":null},{"jornada":"48","fecha":"2021-07-03","hora_prevista":"18:00:00","grupo_id":null,"nomCasa":"Chequia","nomFuera":"Dinamarca","clasificado":"2","goles_local":"1","goles_visitante":"2","nomEli":"Cuartos de Final","nomGrupo":null},{"jornada":"48","fecha":"2021-07-02","hora_prevista":"18:00:00","grupo_id":null,"nomCasa":"Suiza","nomFuera":"España","clasificado":"2","goles_local":"1","goles_visitante":"1","nomEli":"Cuartos de Final","nomGrupo":null},{"jornada":"48","fecha":"2021-07-02","hora_prevista":"21:00:00","grupo_id":null,"nomCasa":"Bélgica","nomFuera":"Italia","clasificado":"2","goles_local":"1","goles_visitante":"2","nomEli":"Cuartos de Final","nomGrupo":null},{"jornada":"105","fecha":"2021-06-29","hora_prevista":"21:00:00","grupo_id":null,"nomCasa":"Suecia","nomFuera":"Ucrania","clasificado":"2","goles_local":"1","goles_visitante":"2","nomEli":"Octavos de Final","nomGrupo":null},{"jornada":"105","fecha":"2021-06-29","hora_prevista":"18:00:00","grupo_id":null,"nomCasa":"Inglaterra","nomFuera":"Alemania","clasificado":"1","goles_local":"2","goles_visitante":"0","nomEli":"Octavos de Final","nomGrupo":null},{"jornada":"105","fecha":"2021-06-28","hora_prevista":"21:00:00","grupo_id":null,"nomCasa":"Francia","nomFuera":"Suiza","clasificado":"2","goles_local":"3","goles_visitante":"3","nomEli":"Octavos de Final","nomGrupo":null},{"jornada":"105","fecha":"2021-06-28","hora_prevista":"18:00:00","grupo_id":null,"nomCasa":"Croacia","nomFuera":"España","clasificado":"2","goles_local":"3","goles_visitante":"5","nomEli":"Octavos de Final","nomGrupo":null},{"jornada":"105","fecha":"2021-06-27","hora_prevista":"21:00:00","grupo_id":null,"nomCasa":"Bélgica","nomFuera":"Portugal","clasificado":"1","goles_local":"1","goles_visitante":"0","nomEli":"Octavos de Final","nomGrupo":null},{"jornada":"105","fecha":"2021-06-27","hora_prevista":"18:00:00","grupo_id":null,"nomCasa":"Países Bajos","nomFuera":"Chequia","clasificado":"2","goles_local":"0","goles_visitante":"2","nomEli":"Octavos de Final","nomGrupo":null},{"jornada":"105","fecha":"2021-06-26","hora_prevista":"21:00:00","grupo_id":null,"nomCasa":"Italia","nomFuera":"Austria","clasificado":"1","goles_local":"2","goles_visitante":"1","nomEli":"Octavos de Final","nomGrupo":null},{"jornada":"105","fecha":"2021-06-26","hora_prevista":"18:00:00","grupo_id":null,"nomCasa":"Gales","nomFuera":"Dinamarca","clasificado":"2","goles_local":"0","goles_visitante":"4","nomEli":"Octavos de Final","nomGrupo":null},{"jornada":"4","fecha":"2021-06-23","hora_prevista":"18:00:00","grupo_id":"19","nomCasa":"Suecia","nomFuera":"Polonia","clasificado":"0","goles_local":"3","goles_visitante":"2","nomEli":" Dieciseisavos de Final","nomGrupo":"Grupo E"},{"jornada":"4","fecha":"2021-06-23","hora_prevista":"18:00:00","grupo_id":"19","nomCasa":"Eslovaquia","nomFuera":"España","clasificado":"0","goles_local":"0","goles_visitante":"5","nomEli":" Dieciseisavos de Final","nomGrupo":"Grupo E"},{"jornada":"4","fecha":"2021-06-23","hora_prevista":"21:00:00","grupo_id":"21","nomCasa":"Alemania","nomFuera":"Hungría","clasificado":"0","goles_local":"2","goles_visitante":"2","nomEli":" Dieciseisavos de Final","nomGrupo":"Grupo F"},{"jornada":"4","fecha":"2021-06-23","hora_prevista":"21:00:00","grupo_id":"21","nomCasa":"Portugal","nomFuera":"Francia","clasificado":"0","goles_local":"2","goles_visitante":"2","nomEli":" Dieciseisavos de Final","nomGrupo":"Grupo F"},{"jornada":"4","fecha":"2021-06-22","hora_prevista":"21:00:00","grupo_id":"18","nomCasa":"Chequia","nomFuera":"Inglaterra","clasificado":"0","goles_local":"0","goles_visitante":"1","nomEli":" Dieciseisavos de Final","nomGrupo":"Grupo D"},{"jornada":"4","fecha":"2021-06-22","hora_prevista":"21:00:00","grupo_id":"18","nomCasa":"Croacia","nomFuera":"Escocia","clasificado":"0","goles_local":"3","goles_visitante":"1","nomEli":" Dieciseisavos de Final","nomGrupo":"Grupo D"},{"jornada":"4","fecha":"2021-06-21","hora_prevista":"18:00:00","grupo_id":"17","nomCasa":"Macedonia del Norte","nomFuera":"Países Bajos","clasificado":"0","goles_local":"0","goles_visitante":"3","nomEli":" Dieciseisavos de Final","nomGrupo":"Grupo C"},{"jornada":"4","fecha":"2021-06-21","hora_prevista":"21:00:00","grupo_id":"16","nomCasa":"Rusia","nomFuera":"Dinamarca","clasificado":"0","goles_local":"1","goles_visitante":"4","nomEli":" Dieciseisavos de Final","nomGrupo":"Grupo B"},{"jornada":"4","fecha":"2021-06-21","hora_prevista":"21:00:00","grupo_id":"16","nomCasa":"Finlandia","nomFuera":"Bélgica","clasificado":"0","goles_local":"0","goles_visitante":"2","nomEli":" Dieciseisavos de Final","nomGrupo":"Grupo B"},{"jornada":"4","fecha":"2021-06-21","hora_prevista":"18:00:00","grupo_id":"17","nomCasa":"Ucrania","nomFuera":"Austria","clasificado":"0","goles_local":"0","goles_visitante":"1","nomEli":" Dieciseisavos de Final","nomGrupo":"Grupo C"},{"jornada":"4","fecha":"2021-06-20","hora_prevista":"18:00:00","grupo_id":"15","nomCasa":"Suiza","nomFuera":"Turquía","clasificado":"0","goles_local":"3","goles_visitante":"1","nomEli":" Dieciseisavos de Final","nomGrupo":"Grupo A"},{"jornada":"4","fecha":"2021-06-20","hora_prevista":"18:00:00","grupo_id":"15","nomCasa":"Italia","nomFuera":"Gales","clasificado":"0","goles_local":"1","goles_visitante":"0","nomEli":" Dieciseisavos de Final","nomGrupo":"Grupo A"},{"jornada":"4","fecha":"2021-06-19","hora_prevista":"21:00:00","grupo_id":"19","nomCasa":"España","nomFuera":"Polonia","clasificado":"0","goles_local":"1","goles_visitante":"1","nomEli":" Dieciseisavos de Final","nomGrupo":"Grupo E"},{"jornada":"4","fecha":"2021-06-19","hora_prevista":"15:00:00","grupo_id":"21","nomCasa":"Hungría","nomFuera":"Francia","clasificado":"0","goles_local":"1","goles_visitante":"1","nomEli":" Dieciseisavos de Final","nomGrupo":"Grupo F"},{"jornada":"4","fecha":"2021-06-19","hora_prevista":"18:00:00","grupo_id":"21","nomCasa":"Portugal","nomFuera":"Alemania","clasificado":"0","goles_local":"2","goles_visitante":"4","nomEli":" Dieciseisavos de Final","nomGrupo":"Grupo F"},{"jornada":"4","fecha":"2021-06-18","hora_prevista":"18:00:00","grupo_id":"18","nomCasa":"Croacia","nomFuera":"Chequia","clasificado":"0","goles_local":"1","goles_visitante":"1","nomEli":" Dieciseisavos de Final","nomGrupo":"Grupo D"},{"jornada":"4","fecha":"2021-06-18","hora_prevista":"21:00:00","grupo_id":"18","nomCasa":"Inglaterra","nomFuera":"Escocia","clasificado":"0","goles_local":"0","goles_visitante":"0","nomEli":" Dieciseisavos de Final","nomGrupo":"Grupo D"},{"jornada":"4","fecha":"2021-06-18","hora_prevista":"15:00:00","grupo_id":"19","nomCasa":"Suecia","nomFuera":"Eslovaquia","clasificado":"0","goles_local":"1","goles_visitante":"0","nomEli":" Dieciseisavos de Final","nomGrupo":"Grupo E"},{"jornada":"4","fecha":"2021-06-17","hora_prevista":"21:00:00","grupo_id":"17","nomCasa":"Países Bajos","nomFuera":"Austria","clasificado":"0","goles_local":"2","goles_visitante":"0","nomEli":" Dieciseisavos de Final","nomGrupo":"Grupo C"},{"jornada":"4","fecha":"2021-06-17","hora_prevista":"15:00:00","grupo_id":"17","nomCasa":"Ucrania","nomFuera":"Macedonia del Norte","clasificado":"0","goles_local":"2","goles_visitante":"1","nomEli":" Dieciseisavos de Final","nomGrupo":"Grupo C"},{"jornada":"4","fecha":"2021-06-17","hora_prevista":"18:00:00","grupo_id":"16","nomCasa":"Dinamarca","nomFuera":"Bélgica","clasificado":"0","goles_local":"1","goles_visitante":"2","nomEli":" Dieciseisavos de Final","nomGrupo":"Grupo B"},{"jornada":"4","fecha":"2021-06-16","hora_prevista":"18:00:00","grupo_id":"15","nomCasa":"Turquía","nomFuera":"Gales","clasificado":"0","goles_local":"0","goles_visitante":"2","nomEli":" Dieciseisavos de Final","nomGrupo":"Grupo A"},{"jornada":"4","fecha":"2021-06-16","hora_prevista":"15:00:00","grupo_id":"16","nomCasa":"Finlandia","nomFuera":"Rusia","clasificado":"0","goles_local":"0","goles_visitante":"1","nomEli":" Dieciseisavos de Final","nomGrupo":"Grupo B"},{"jornada":"4","fecha":"2021-06-16","hora_prevista":"21:00:00","grupo_id":"15","nomCasa":"Italia","nomFuera":"Suiza","clasificado":"0","goles_local":"3","goles_visitante":"0","nomEli":" Dieciseisavos de Final","nomGrupo":"Grupo A"},{"jornada":"4","fecha":"2021-06-15","hora_prevista":"18:00:00","grupo_id":"21","nomCasa":"Hungría","nomFuera":"Portugal","clasificado":"0","goles_local":"0","goles_visitante":"3","nomEli":" Dieciseisavos de Final","nomGrupo":"Grupo F"},{"jornada":"4","fecha":"2021-06-15","hora_prevista":"21:00:00","grupo_id":"21","nomCasa":"Francia","nomFuera":"Alemania","clasificado":"0","goles_local":"1","goles_visitante":"0","nomEli":" Dieciseisavos de Final","nomGrupo":"Grupo F"},{"jornada":"4","fecha":"2021-06-14","hora_prevista":"21:00:00","grupo_id":"19","nomCasa":"España","nomFuera":"Suecia","clasificado":"0","goles_local":"0","goles_visitante":"0","nomEli":" Dieciseisavos de Final","nomGrupo":"Grupo E"},{"jornada":"4","fecha":"2021-06-14","hora_prevista":"18:00:00","grupo_id":"19","nomCasa":"Polonia","nomFuera":"Eslovaquia","clasificado":"0","goles_local":"1","goles_visitante":"2","nomEli":" Dieciseisavos de Final","nomGrupo":"Grupo E"},{"jornada":"4","fecha":"2021-06-14","hora_prevista":"15:00:00","grupo_id":"18","nomCasa":"Escocia","nomFuera":"Chequia","clasificado":"0","goles_local":"0","goles_visitante":"2","nomEli":" Dieciseisavos de Final","nomGrupo":"Grupo D"},{"jornada":"4","fecha":"2021-06-13","hora_prevista":"18:00:00","grupo_id":"17","nomCasa":"Austria","nomFuera":"Macedonia del Norte","clasificado":"0","goles_local":"3","goles_visitante":"1","nomEli":" Dieciseisavos de Final","nomGrupo":"Grupo C"},{"jornada":"4","fecha":"2021-06-13","hora_prevista":"21:00:00","grupo_id":"17","nomCasa":"Países Bajos","nomFuera":"Ucrania","clasificado":"0","goles_local":"3","goles_visitante":"2","nomEli":" Dieciseisavos de Final","nomGrupo":"Grupo C"},{"jornada":"4","fecha":"2021-06-13","hora_prevista":"15:00:00","grupo_id":"18","nomCasa":"Inglaterra","nomFuera":"Croacia","clasificado":"0","goles_local":"1","goles_visitante":"0","nomEli":" Dieciseisavos de Final","nomGrupo":"Grupo D"},{"jornada":"4","fecha":"2021-06-12","hora_prevista":"21:00:00","grupo_id":"16","nomCasa":"Bélgica","nomFuera":"Rusia","clasificado":"0","goles_local":"3","goles_visitante":"0","nomEli":" Dieciseisavos de Final","nomGrupo":"Grupo B"},{"jornada":"4","fecha":"2021-06-12","hora_prevista":"15:00:00","grupo_id":"15","nomCasa":"Gales","nomFuera":"Suiza","clasificado":"0","goles_local":"1","goles_visitante":"1","nomEli":" Dieciseisavos de Final","nomGrupo":"Grupo A"},{"jornada":"4","fecha":"2021-06-12","hora_prevista":"20:30:00","grupo_id":"16","nomCasa":"Dinamarca","nomFuera":"Finlandia","clasificado":"0","goles_local":"0","goles_visitante":"1","nomEli":" Dieciseisavos de Final","nomGrupo":"Grupo B"},{"jornada":"4","fecha":"2021-06-11","hora_prevista":"21:00:00","grupo_id":"15","nomCasa":"Turquía","nomFuera":"Italia","clasificado":"0","goles_local":"0","goles_visitante":"3","nomEli":" Dieciseisavos de Final","nomGrupo":"Grupo A"},{"jornada":"216","fecha":"2020-11-12","hora_prevista":"18:00:00","grupo_id":null,"nomCasa":"Georgia","nomFuera":"Macedonia del Norte","clasificado":"2","goles_local":"0","goles_visitante":"1","nomEli":"Repesca - Finales","nomGrupo":null},{"jornada":"216","fecha":"2020-11-12","hora_prevista":"20:45:00","grupo_id":null,"nomCasa":"Serbia","nomFuera":"Escocia","clasificado":"2","goles_local":"1","goles_visitante":"1","nomEli":"Repesca - Finales","nomGrupo":null},{"jornada":"216","fecha":"2020-11-12","hora_prevista":"20:45:00","grupo_id":null,"nomCasa":"Irlanda del Norte","nomFuera":"Eslovaquia","clasificado":"2","goles_local":"1","goles_visitante":"2","nomEli":"Repesca - Finales","nomGrupo":null},{"jornada":"216","fecha":"2020-11-12","hora_prevista":"20:45:00","grupo_id":null,"nomCasa":"Hungría","nomFuera":"Islandia","clasificado":"1","goles_local":"2","goles_visitante":"1","nomEli":"Repesca - Finales","nomGrupo":null},{"jornada":"215","fecha":"2020-10-08","hora_prevista":"20:45:00","grupo_id":null,"nomCasa":"Escocia","nomFuera":"Israel","clasificado":"1","goles_local":"0","goles_visitante":"0","nomEli":"Repesca - Semifinales","nomGrupo":null},{"jornada":"215","fecha":"2020-10-08","hora_prevista":"18:00:00","grupo_id":null,"nomCasa":"Georgia","nomFuera":"Bielorrusia","clasificado":"1","goles_local":"1","goles_visitante":"0","nomEli":"Repesca - Semifinales","nomGrupo":null},{"jornada":"215","fecha":"2020-10-08","hora_prevista":"20:45:00","grupo_id":null,"nomCasa":"Macedonia del Norte","nomFuera":"Kosovo","clasificado":"1","goles_local":"2","goles_visitante":"1","nomEli":"Repesca - Semifinales","nomGrupo":null},{"jornada":"215","fecha":"2020-10-08","hora_prevista":"20:45:00","grupo_id":null,"nomCasa":"Noruega","nomFuera":"Serbia","clasificado":"2","goles_local":"1","goles_visitante":"2","nomEli":"Repesca - Semifinales","nomGrupo":null},{"jornada":"215","fecha":"2020-10-08","hora_prevista":"20:45:00","grupo_id":null,"nomCasa":"Eslovaquia","nomFuera":"Irlanda","clasificado":"1","goles_local":"0","goles_visitante":"0","nomEli":"Repesca - Semifinales","nomGrupo":null},{"jornada":"215","fecha":"2020-10-08","hora_prevista":"20:45:00","grupo_id":null,"nomCasa":"Bulgaria","nomFuera":"Hungría","clasificado":"2","goles_local":"1","goles_visitante":"3","nomEli":"Repesca - Semifinales","nomGrupo":null},{"jornada":"215","fecha":"2020-10-08","hora_prevista":"20:45:00","grupo_id":null,"nomCasa":"Islandia","nomFuera":"Rumanía","clasificado":"1","goles_local":"2","goles_visitante":"1","nomEli":"Repesca - Semifinales","nomGrupo":null},{"jornada":"215","fecha":"2020-10-08","hora_prevista":"20:45:00","grupo_id":null,"nomCasa":"Bosnia y Herzegovina","nomFuera":"Irlanda del Norte","clasificado":"2","goles_local":"1","goles_visitante":"1","nomEli":"Repesca - Semifinales","nomGrupo":null},{"jornada":"6","fecha":"2019-11-19","hora_prevista":"20:45:00","grupo_id":"17","nomCasa":"Países Bajos","nomFuera":"Estonia","clasificado":"0","goles_local":"5","goles_visitante":"0","nomEli":" Ronda de Clasificación","nomGrupo":"Grupo C"},{"jornada":"6","fecha":"2019-11-19","hora_prevista":"20:45:00","grupo_id":"17","nomCasa":"Alemania","nomFuera":"Irlanda del Norte","clasificado":"0","goles_local":"6","goles_visitante":"1","nomEli":" Ronda de Clasificación","nomGrupo":"Grupo C"},{"jornada":"6","fecha":"2019-11-19","hora_prevista":"20:45:00","grupo_id":"19","nomCasa":"Gales","nomFuera":"Hungría","clasificado":"0","goles_local":"2","goles_visitante":"0","nomEli":" Ronda de Clasificación","nomGrupo":"Grupo E"},{"jornada":"6","fecha":"2019-11-19","hora_prevista":"20:45:00","grupo_id":"19","nomCasa":"Eslovaquia","nomFuera":"Azerbaiyán","clasificado":"0","goles_local":"2","goles_visitante":"0","nomEli":" Ronda de Clasificación","nomGrupo":"Grupo E"},{"jornada":"6","fecha":"2019-11-19","hora_prevista":"20:45:00","grupo_id":"23","nomCasa":"Polonia","nomFuera":"Eslovenia","clasificado":"0","goles_local":"3","goles_visitante":"2","nomEli":" Ronda de Clasificación","nomGrupo":"Grupo G"},{"jornada":"6","fecha":"2019-11-19","hora_prevista":"20:45:00","grupo_id":"23","nomCasa":"Letonia","nomFuera":"Austria","clasificado":"0","goles_local":"1","goles_visitante":"0","nomEli":" Ronda de Clasificación","nomGrupo":"Grupo G"},{"jornada":"6","fecha":"2019-11-19","hora_prevista":"20:45:00","grupo_id":"23","nomCasa":"Macedonia del Norte","nomFuera":"Israel","clasificado":"0","goles_local":"1","goles_visitante":"0","nomEli":" Ronda de Clasificación","nomGrupo":"Grupo G"},{"jornada":"6","fecha":"2019-11-19","hora_prevista":"20:45:00","grupo_id":"26","nomCasa":"Bélgica","nomFuera":"Chipre","clasificado":"0","goles_local":"6","goles_visitante":"1","nomEli":" Ronda de Clasificación","nomGrupo":"Grupo I"},{"jornada":"6","fecha":"2019-11-19","hora_prevista":"20:45:00","grupo_id":"26","nomCasa":"San Marino","nomFuera":"Rusia","clasificado":"0","goles_local":"0","goles_visitante":"5","nomEli":" Ronda de Clasificación","nomGrupo":"Grupo I"},{"jornada":"6","fecha":"2019-11-19","hora_prevista":"20:45:00","grupo_id":"26","nomCasa":"Escocia","nomFuera":"Kazajistán","clasificado":"0","goles_local":"3","goles_visitante":"1","nomEli":" Ronda de Clasificación","nomGrupo":"Grupo I"},{"jornada":"6","fecha":"2019-11-18","hora_prevista":"20:45:00","grupo_id":"18","nomCasa":"Irlanda","nomFuera":"Dinamarca","clasificado":"0","goles_local":"1","goles_visitante":"1","nomEli":" Ronda de Clasificación","nomGrupo":"Grupo D"},{"jornada":"6","fecha":"2019-11-18","hora_prevista":"20:45:00","grupo_id":"18","nomCasa":"Gibraltar","nomFuera":"Suiza","clasificado":"0","goles_local":"1","goles_visitante":"6","nomEli":" Ronda de Clasificación","nomGrupo":"Grupo D"},{"jornada":"6","fecha":"2019-11-18","hora_prevista":"20:45:00","grupo_id":"21","nomCasa":"Suecia","nomFuera":"Feroe","clasificado":"0","goles_local":"3","goles_visitante":"0","nomEli":" Ronda de Clasificación","nomGrupo":"Grupo F"},{"jornada":"6","fecha":"2019-11-18","hora_prevista":"20:45:00","grupo_id":"21","nomCasa":"España","nomFuera":"Rumanía","clasificado":"0","goles_local":"5","goles_visitante":"0","nomEli":" Ronda de Clasificación","nomGrupo":"Grupo F"},{"jornada":"6","fecha":"2019-11-18","hora_prevista":"20:45:00","grupo_id":"21","nomCasa":"Malta","nomFuera":"Noruega","clasificado":"0","goles_local":"1","goles_visitante":"2","nomEli":" Ronda de Clasificación","nomGrupo":"Grupo F"},{"jornada":"6","fecha":"2019-11-18","hora_prevista":"20:45:00","grupo_id":"27","nomCasa":"Liechtenstein","nomFuera":"Bosnia y Herzegovina","clasificado":"0","goles_local":"0","goles_visitante":"3","nomEli":" Ronda de Clasificación","nomGrupo":"Grupo J"},{"jornada":"6","fecha":"2019-11-18","hora_prevista":"20:45:00","grupo_id":"27","nomCasa":"Italia","nomFuera":"Armenia","clasificado":"0","goles_local":"9","goles_visitante":"1","nomEli":" Ronda de Clasificación","nomGrupo":"Grupo J"},{"jornada":"6","fecha":"2019-11-18","hora_prevista":"20:45:00","grupo_id":"27","nomCasa":"Grecia","nomFuera":"Finlandia","clasificado":"0","goles_local":"2","goles_visitante":"1","nomEli":" Ronda de Clasificación","nomGrupo":"Grupo J"},{"jornada":"6","fecha":"2019-11-17","hora_prevista":"15:00:00","grupo_id":"16","nomCasa":"Serbia","nomFuera":"Ucrania","clasificado":"0","goles_local":"2","goles_visitante":"2","nomEli":" Ronda de Clasificación","nomGrupo":"Grupo B"},{"jornada":"6","fecha":"2019-11-17","hora_prevista":"15:00:00","grupo_id":"16","nomCasa":"Luxemburgo","nomFuera":"Portugal","clasificado":"0","goles_local":"0","goles_visitante":"2","nomEli":" Ronda de Clasificación","nomGrupo":"Grupo B"},{"jornada":"6","fecha":"2019-11-17","hora_prevista":"18:00:00","grupo_id":"15","nomCasa":"Kosovo","nomFuera":"Inglaterra","clasificado":"0","goles_local":"0","goles_visitante":"4","nomEli":" Ronda de Clasificación","nomGrupo":"Grupo A"},{"jornada":"6","fecha":"2019-11-17","hora_prevista":"18:00:00","grupo_id":"15","nomCasa":"Bulgaria","nomFuera":"Chequia","clasificado":"0","goles_local":"1","goles_visitante":"0","nomEli":" Ronda de Clasificación","nomGrupo":"Grupo A"},{"jornada":"6","fecha":"2019-11-17","hora_prevista":"20:45:00","grupo_id":"25","nomCasa":"Moldavia","nomFuera":"Islandia","clasificado":"0","goles_local":"1","goles_visitante":"2","nomEli":" Ronda de Clasificación","nomGrupo":"Grupo H"},{"jornada":"6","fecha":"2019-11-17","hora_prevista":"20:45:00","grupo_id":"25","nomCasa":"Andorra","nomFuera":"Turquía","clasificado":"0","goles_local":"0","goles_visitante":"2","nomEli":" Ronda de Clasificación","nomGrupo":"Grupo H"},{"jornada":"6","fecha":"2019-11-17","hora_prevista":"20:45:00","grupo_id":"25","nomCasa":"Albania","nomFuera":"Francia","clasificado":"0","goles_local":"0","goles_visitante":"2","nomEli":" Ronda de Clasificación","nomGrupo":"Grupo H"},{"jornada":"6","fecha":"2019-11-16","hora_prevista":"18:00:00","grupo_id":"19","nomCasa":"Azerbaiyán","nomFuera":"Gales","clasificado":"0","goles_local":"0","goles_visitante":"2","nomEli":" Ronda de Clasificación","nomGrupo":"Grupo E"},{"jornada":"6","fecha":"2019-11-16","hora_prevista":"20:45:00","grupo_id":"19","nomCasa":"Croacia","nomFuera":"Eslovaquia","clasificado":"0","goles_local":"3","goles_visitante":"1","nomEli":" Ronda de Clasificación","nomGrupo":"Grupo E"},{"jornada":"6","fecha":"2019-11-16","hora_prevista":"18:00:00","grupo_id":"23","nomCasa":"Eslovenia","nomFuera":"Letonia","clasificado":"0","goles_local":"1","goles_visitante":"0","nomEli":" Ronda de Clasificación","nomGrupo":"Grupo G"},{"jornada":"6","fecha":"2019-11-16","hora_prevista":"20:45:00","grupo_id":"23","nomCasa":"Austria","nomFuera":"Macedonia del Norte","clasificado":"0","goles_local":"2","goles_visitante":"1","nomEli":" Ronda de Clasificación","nomGrupo":"Grupo G"},{"jornada":"6","fecha":"2019-11-16","hora_prevista":"20:45:00","grupo_id":"17","nomCasa":"Irlanda del Norte","nomFuera":"Países Bajos","clasificado":"0","goles_local":"0","goles_visitante":"0","nomEli":" Ronda de Clasificación","nomGrupo":"Grupo C"},{"jornada":"6","fecha":"2019-11-16","hora_prevista":"20:45:00","grupo_id":"17","nomCasa":"Alemania","nomFuera":"Bielorrusia","clasificado":"0","goles_local":"4","goles_visitante":"0","nomEli":" Ronda de Clasificación","nomGrupo":"Grupo C"},{"jornada":"6","fecha":"2019-11-16","hora_prevista":"18:00:00","grupo_id":"26","nomCasa":"San Marino","nomFuera":"Kazajistán","clasificado":"0","goles_local":"1","goles_visitante":"3","nomEli":" Ronda de Clasificación","nomGrupo":"Grupo I"},{"jornada":"6","fecha":"2019-11-16","hora_prevista":"15:00:00","grupo_id":"26","nomCasa":"Chipre","nomFuera":"Escocia","clasificado":"0","goles_local":"1","goles_visitante":"2","nomEli":" Ronda de Clasificación","nomGrupo":"Grupo I"},{"jornada":"6","fecha":"2019-11-16","hora_prevista":"20:45:00","grupo_id":"23","nomCasa":"Israel","nomFuera":"Polonia","clasificado":"0","goles_local":"1","goles_visitante":"2","nomEli":" Ronda de Clasificación","nomGrupo":"Grupo G"},{"jornada":"6","fecha":"2019-11-16","hora_prevista":"18:00:00","grupo_id":"26","nomCasa":"Rusia","nomFuera":"Bélgica","clasificado":"0","goles_local":"1","goles_visitante":"4","nomEli":" Ronda de Clasificación","nomGrupo":"Grupo I"},{"jornada":"6","fecha":"2019-11-15","hora_prevista":"18:00:00","grupo_id":"27","nomCasa":"Finlandia","nomFuera":"Liechtenstein","clasificado":"0","goles_local":"3","goles_visitante":"0","nomEli":" Ronda de Clasificación","nomGrupo":"Grupo J"},{"jornada":"6","fecha":"2019-11-15","hora_prevista":"20:45:00","grupo_id":"21","nomCasa":"Rumanía","nomFuera":"Suecia","clasificado":"0","goles_local":"0","goles_visitante":"2","nomEli":" Ronda de Clasificación","nomGrupo":"Grupo F"},{"jornada":"6","fecha":"2019-11-15","hora_prevista":"20:45:00","grupo_id":"21","nomCasa":"España","nomFuera":"Malta","clasificado":"0","goles_local":"7","goles_visitante":"0","nomEli":" Ronda de Clasificación","nomGrupo":"Grupo F"},{"jornada":"6","fecha":"2019-11-15","hora_prevista":"18:00:00","grupo_id":"21","nomCasa":"Noruega","nomFuera":"Feroe","clasificado":"0","goles_local":"4","goles_visitante":"0","nomEli":" Ronda de Clasificación","nomGrupo":"Grupo F"},{"jornada":"6","fecha":"2019-11-15","hora_prevista":"18:00:00","grupo_id":"27","nomCasa":"Armenia","nomFuera":"Grecia","clasificado":"0","goles_local":"0","goles_visitante":"1","nomEli":" Ronda de Clasificación","nomGrupo":"Grupo J"},{"jornada":"6","fecha":"2019-11-15","hora_prevista":"20:45:00","grupo_id":"27","nomCasa":"Bosnia y Herzegovina","nomFuera":"Italia","clasificado":"0","goles_local":"0","goles_visitante":"3","nomEli":" Ronda de Clasificación","nomGrupo":"Grupo J"},{"jornada":"6","fecha":"2019-11-15","hora_prevista":"20:45:00","grupo_id":"18","nomCasa":"Suiza","nomFuera":"Georgia","clasificado":"0","goles_local":"1","goles_visitante":"0","nomEli":" Ronda de Clasificación","nomGrupo":"Grupo D"},{"jornada":"6","fecha":"2019-11-15","hora_prevista":"20:45:00","grupo_id":"18","nomCasa":"Dinamarca","nomFuera":"Gibraltar","clasificado":"0","goles_local":"6","goles_visitante":"0","nomEli":" Ronda de Clasificación","nomGrupo":"Grupo D"},{"jornada":"6","fecha":"2019-11-14","hora_prevista":"20:45:00","grupo_id":"15","nomCasa":"Inglaterra","nomFuera":"Montenegro","clasificado":"0","goles_local":"7","goles_visitante":"0","nomEli":" Ronda de Clasificación","nomGrupo":"Grupo A"},{"jornada":"6","fecha":"2019-11-14","hora_prevista":"20:45:00","grupo_id":"15","nomCasa":"Chequia","nomFuera":"Kosovo","clasificado":"0","goles_local":"2","goles_visitante":"1","nomEli":" Ronda de Clasificación","nomGrupo":"Grupo A"},{"jornada":"6","fecha":"2019-11-14","hora_prevista":"20:45:00","grupo_id":"16","nomCasa":"Serbia","nomFuera":"Luxemburgo","clasificado":"0","goles_local":"3","goles_visitante":"2","nomEli":" Ronda de Clasificación","nomGrupo":"Grupo B"},{"jornada":"6","fecha":"2019-11-14","hora_prevista":"20:45:00","grupo_id":"16","nomCasa":"Portugal","nomFuera":"Lituania","clasificado":"0","goles_local":"6","goles_visitante":"0","nomEli":" Ronda de Clasificación","nomGrupo":"Grupo B"},{"jornada":"6","fecha":"2019-11-14","hora_prevista":"20:45:00","grupo_id":"25","nomCasa":"Albania","nomFuera":"Andorra","clasificado":"0","goles_local":"2","goles_visitante":"2","nomEli":" Ronda de Clasificación","nomGrupo":"Grupo H"},{"jornada":"6","fecha":"2019-11-14","hora_prevista":"20:45:00","grupo_id":"25","nomCasa":"Francia","nomFuera":"Moldavia","clasificado":"0","goles_local":"2","goles_visitante":"1","nomEli":" Ronda de Clasificación","nomGrupo":"Grupo H"},{"jornada":"6","fecha":"2019-11-14","hora_prevista":"18:00:00","grupo_id":"25","nomCasa":"Turquía","nomFuera":"Islandia","clasificado":"0","goles_local":"0","goles_visitante":"0","nomEli":" Ronda de Clasificación","nomGrupo":"Grupo H"},{"jornada":"6","fecha":"2019-10-15","hora_prevista":"18:00:00","grupo_id":"27","nomCasa":"Finlandia","nomFuera":"Armenia","clasificado":"0","goles_local":"3","goles_visitante":"0","nomEli":" Ronda de Clasificación","nomGrupo":"Grupo J"},{"jornada":"6","fecha":"2019-10-15","hora_prevista":"20:45:00","grupo_id":"27","nomCasa":"Liechtenstein","nomFuera":"Italia","clasificado":"0","goles_local":"0","goles_visitante":"5","nomEli":" Ronda de Clasificación","nomGrupo":"Grupo J"},{"jornada":"6","fecha":"2019-10-15","hora_prevista":"20:45:00","grupo_id":"27","nomCasa":"Grecia","nomFuera":"Bosnia y Herzegovina","clasificado":"0","goles_local":"2","goles_visitante":"1","nomEli":" Ronda de Clasificación","nomGrupo":"Grupo J"},{"jornada":"6","fecha":"2019-10-15","hora_prevista":"20:45:00","grupo_id":"18","nomCasa":"Suiza","nomFuera":"Irlanda","clasificado":"0","goles_local":"2","goles_visitante":"0","nomEli":" Ronda de Clasificación","nomGrupo":"Grupo D"},{"jornada":"6","fecha":"2019-10-15","hora_prevista":"20:45:00","grupo_id":"18","nomCasa":"Gibraltar","nomFuera":"Georgia","clasificado":"0","goles_local":"2","goles_visitante":"3","nomEli":" Ronda de Clasificación","nomGrupo":"Grupo D"},{"jornada":"6","fecha":"2019-10-15","hora_prevista":"20:45:00","grupo_id":"21","nomCasa":"Suecia","nomFuera":"España","clasificado":"0","goles_local":"1","goles_visitante":"1","nomEli":" Ronda de Clasificación","nomGrupo":"Grupo F"},{"jornada":"6","fecha":"2019-10-15","hora_prevista":"20:45:00","grupo_id":"21","nomCasa":"Rumanía","nomFuera":"Noruega","clasificado":"0","goles_local":"1","goles_visitante":"1","nomEli":" Ronda de Clasificación","nomGrupo":"Grupo F"},{"jornada":"6","fecha":"2019-10-15","hora_prevista":"20:45:00","grupo_id":"21","nomCasa":"Feroe","nomFuera":"Malta","clasificado":"0","goles_local":"1","goles_visitante":"0","nomEli":" Ronda de Clasificación","nomGrupo":"Grupo F"},{"jornada":"6","fecha":"2019-10-15","hora_prevista":"20:45:00","grupo_id":"23","nomCasa":"Israel","nomFuera":"Letonia","clasificado":"0","goles_local":"3","goles_visitante":"1","nomEli":" Ronda de Clasificación","nomGrupo":"Grupo G"},{"jornada":"6","fecha":"2019-10-14","hora_prevista":"20:45:00","grupo_id":"15","nomCasa":"Kosovo","nomFuera":"Montenegro","clasificado":"0","goles_local":"2","goles_visitante":"0","nomEli":" Ronda de Clasificación","nomGrupo":"Grupo A"},{"jornada":"6","fecha":"2019-10-14","hora_prevista":"20:45:00","grupo_id":"15","nomCasa":"Bulgaria","nomFuera":"Inglaterra","clasificado":"0","goles_local":"0","goles_visitante":"6","nomEli":" Ronda de Clasificación","nomGrupo":"Grupo A"},{"jornada":"6","fecha":"2019-10-14","hora_prevista":"20:45:00","grupo_id":"16","nomCasa":"Ucrania","nomFuera":"Portugal","clasificado":"0","goles_local":"2","goles_visitante":"1","nomEli":" Ronda de Clasificación","nomGrupo":"Grupo B"},{"jornada":"6","fecha":"2019-10-14","hora_prevista":"20:45:00","grupo_id":"16","nomCasa":"Lituania","nomFuera":"Serbia","clasificado":"0","goles_local":"1","goles_visitante":"2","nomEli":" Ronda de Clasificación","nomGrupo":"Grupo B"},{"jornada":"6","fecha":"2019-10-14","hora_prevista":"20:45:00","grupo_id":"25","nomCasa":"Moldavia","nomFuera":"Albania","clasificado":"0","goles_local":"0","goles_visitante":"4","nomEli":" Ronda de Clasificación","nomGrupo":"Grupo H"},{"jornada":"6","fecha":"2019-10-14","hora_prevista":"20:45:00","grupo_id":"25","nomCasa":"Islandia","nomFuera":"Andorra","clasificado":"0","goles_local":"2","goles_visitante":"0","nomEli":" Ronda de Clasificación","nomGrupo":"Grupo H"},{"jornada":"6","fecha":"2019-10-14","hora_prevista":"20:45:00","grupo_id":"25","nomCasa":"Francia","nomFuera":"Turquía","clasificado":"0","goles_local":"1","goles_visitante":"1","nomEli":" Ronda de Clasificación","nomGrupo":"Grupo H"},{"jornada":"6","fecha":"2019-10-13","hora_prevista":"15:00:00","grupo_id":"26","nomCasa":"Kazajistán","nomFuera":"Bélgica","clasificado":"0","goles_local":"0","goles_visitante":"2","nomEli":" Ronda de Clasificación","nomGrupo":"Grupo I"},{"jornada":"6","fecha":"2019-10-13","hora_prevista":"18:00:00","grupo_id":"17","nomCasa":"Bielorrusia","nomFuera":"Países Bajos","clasificado":"0","goles_local":"1","goles_visitante":"2","nomEli":" Ronda de Clasificación","nomGrupo":"Grupo C"},{"jornada":"6","fecha":"2019-10-13","hora_prevista":"18:00:00","grupo_id":"19","nomCasa":"Hungría","nomFuera":"Azerbaiyán","clasificado":"0","goles_local":"1","goles_visitante":"0","nomEli":" Ronda de Clasificación","nomGrupo":"Grupo E"},{"jornada":"6","fecha":"2019-10-13","hora_prevista":"18:00:00","grupo_id":"26","nomCasa":"Escocia","nomFuera":"San Marino","clasificado":"0","goles_local":"6","goles_visitante":"0","nomEli":" Ronda de Clasificación","nomGrupo":"Grupo I"},{"jornada":"6","fecha":"2019-10-13","hora_prevista":"18:00:00","grupo_id":"26","nomCasa":"Chipre","nomFuera":"Rusia","clasificado":"0","goles_local":"0","goles_visitante":"5","nomEli":" Ronda de Clasificación","nomGrupo":"Grupo I"},{"jornada":"6","fecha":"2019-10-13","hora_prevista":"20:45:00","grupo_id":"17","nomCasa":"Estonia","nomFuera":"Alemania","clasificado":"0","goles_local":"0","goles_visitante":"3","nomEli":" Ronda de Clasificación","nomGrupo":"Grupo C"},{"jornada":"6","fecha":"2019-10-13","hora_prevista":"20:45:00","grupo_id":"19","nomCasa":"Gales","nomFuera":"Croacia","clasificado":"0","goles_local":"1","goles_visitante":"1","nomEli":" Ronda de Clasificación","nomGrupo":"Grupo E"},{"jornada":"6","fecha":"2019-10-13","hora_prevista":"20:45:00","grupo_id":"23","nomCasa":"Eslovenia","nomFuera":"Austria","clasificado":"0","goles_local":"0","goles_visitante":"1","nomEli":" Ronda de Clasificación","nomGrupo":"Grupo G"},{"jornada":"6","fecha":"2019-10-13","hora_prevista":"20:45:00","grupo_id":"23","nomCasa":"Polonia","nomFuera":"Macedonia del Norte","clasificado":"0","goles_local":"2","goles_visitante":"0","nomEli":" Ronda de Clasificación","nomGrupo":"Grupo G"},{"jornada":"6","fecha":"2019-10-12","hora_prevista":"15:00:00","grupo_id":"18","nomCasa":"Georgia","nomFuera":"Irlanda","clasificado":"0","goles_local":"0","goles_visitante":"0","nomEli":" Ronda de Clasificación","nomGrupo":"Grupo D"},{"jornada":"6","fecha":"2019-10-12","hora_prevista":"18:00:00","grupo_id":"18","nomCasa":"Dinamarca","nomFuera":"Suiza","clasificado":"0","goles_local":"1","goles_visitante":"0","nomEli":" Ronda de Clasificación","nomGrupo":"Grupo D"},{"jornada":"6","fecha":"2019-10-12","hora_prevista":"18:00:00","grupo_id":"21","nomCasa":"Feroe","nomFuera":"Rumanía","clasificado":"0","goles_local":"0","goles_visitante":"3","nomEli":" Ronda de Clasificación","nomGrupo":"Grupo F"},{"jornada":"6","fecha":"2019-10-12","hora_prevista":"18:00:00","grupo_id":"27","nomCasa":"Bosnia y Herzegovina","nomFuera":"Finlandia","clasificado":"0","goles_local":"4","goles_visitante":"1","nomEli":" Ronda de Clasificación","nomGrupo":"Grupo J"},{"jornada":"6","fecha":"2019-10-12","hora_prevista":"20:45:00","grupo_id":"21","nomCasa":"Noruega","nomFuera":"España","clasificado":"0","goles_local":"1","goles_visitante":"1","nomEli":" Ronda de Clasificación","nomGrupo":"Grupo F"},{"jornada":"6","fecha":"2019-10-12","hora_prevista":"20:45:00","grupo_id":"21","nomCasa":"Malta","nomFuera":"Suecia","clasificado":"0","goles_local":"0","goles_visitante":"4","nomEli":" Ronda de Clasificación","nomGrupo":"Grupo F"},{"jornada":"6","fecha":"2019-10-12","hora_prevista":"20:45:00","grupo_id":"27","nomCasa":"Liechtenstein","nomFuera":"Armenia","clasificado":"0","goles_local":"1","goles_visitante":"1","nomEli":" Ronda de Clasificación","nomGrupo":"Grupo J"},{"jornada":"6","fecha":"2019-10-12","hora_prevista":"20:45:00","grupo_id":"27","nomCasa":"Italia","nomFuera":"Grecia","clasificado":"0","goles_local":"2","goles_visitante":"0","nomEli":" Ronda de Clasificación","nomGrupo":"Grupo J"},{"jornada":"6","fecha":"2019-10-11","hora_prevista":"20:45:00","grupo_id":"15","nomCasa":"Montenegro","nomFuera":"Bulgaria","clasificado":"0","goles_local":"0","goles_visitante":"0","nomEli":" Ronda de Clasificación","nomGrupo":"Grupo A"},{"jornada":"6","fecha":"2019-10-11","hora_prevista":"20:45:00","grupo_id":"15","nomCasa":"Chequia","nomFuera":"Inglaterra","clasificado":"0","goles_local":"2","goles_visitante":"1","nomEli":" Ronda de Clasificación","nomGrupo":"Grupo A"},{"jornada":"6","fecha":"2019-10-11","hora_prevista":"20:45:00","grupo_id":"16","nomCasa":"Ucrania","nomFuera":"Lituania","clasificado":"0","goles_local":"2","goles_visitante":"0","nomEli":" Ronda de Clasificación","nomGrupo":"Grupo B"},{"jornada":"6","fecha":"2019-10-11","hora_prevista":"20:45:00","grupo_id":"16","nomCasa":"Portugal","nomFuera":"Luxemburgo","clasificado":"0","goles_local":"3","goles_visitante":"0","nomEli":" Ronda de Clasificación","nomGrupo":"Grupo B"},{"jornada":"6","fecha":"2019-10-11","hora_prevista":"20:45:00","grupo_id":"25","nomCasa":"Turquía","nomFuera":"Albania","clasificado":"0","goles_local":"1","goles_visitante":"0","nomEli":" Ronda de Clasificación","nomGrupo":"Grupo H"},{"jornada":"6","fecha":"2019-10-11","hora_prevista":"20:45:00","grupo_id":"25","nomCasa":"Islandia","nomFuera":"Francia","clasificado":"0","goles_local":"0","goles_visitante":"1","nomEli":" Ronda de Clasificación","nomGrupo":"Grupo H"},{"jornada":"6","fecha":"2019-10-11","hora_prevista":"20:45:00","grupo_id":"25","nomCasa":"Andorra","nomFuera":"Moldavia","clasificado":"0","goles_local":"1","goles_visitante":"0","nomEli":" Ronda de Clasificación","nomGrupo":"Grupo H"},{"jornada":"6","fecha":"2019-10-10","hora_prevista":"20:45:00","grupo_id":"26","nomCasa":"Bélgica","nomFuera":"San Marino","clasificado":"0","goles_local":"9","goles_visitante":"0","nomEli":" Ronda de Clasificación","nomGrupo":"Grupo I"},{"jornada":"6","fecha":"2019-10-10","hora_prevista":"20:45:00","grupo_id":"26","nomCasa":"Rusia","nomFuera":"Escocia","clasificado":"0","goles_local":"4","goles_visitante":"0","nomEli":" Ronda de Clasificación","nomGrupo":"Grupo I"},{"jornada":"6","fecha":"2019-10-10","hora_prevista":"20:45:00","grupo_id":"23","nomCasa":"Austria","nomFuera":"Israel","clasificado":"0","goles_local":"3","goles_visitante":"1","nomEli":" Ronda de Clasificación","nomGrupo":"Grupo G"},{"jornada":"6","fecha":"2019-10-10","hora_prevista":"20:45:00","grupo_id":"23","nomCasa":"Macedonia del Norte","nomFuera":"Eslovenia","clasificado":"0","goles_local":"2","goles_visitante":"1","nomEli":" Ronda de Clasificación","nomGrupo":"Grupo G"},{"jornada":"6","fecha":"2019-10-10","hora_prevista":"20:45:00","grupo_id":"23","nomCasa":"Letonia","nomFuera":"Polonia","clasificado":"0","goles_local":"0","goles_visitante":"3","nomEli":" Ronda de Clasificación","nomGrupo":"Grupo G"},{"jornada":"6","fecha":"2019-10-10","hora_prevista":"20:45:00","grupo_id":"19","nomCasa":"Croacia","nomFuera":"Hungría","clasificado":"0","goles_local":"3","goles_visitante":"0","nomEli":" Ronda de Clasificación","nomGrupo":"Grupo E"},{"jornada":"6","fecha":"2019-10-10","hora_prevista":"20:45:00","grupo_id":"19","nomCasa":"Eslovaquia","nomFuera":"Gales","clasificado":"0","goles_local":"1","goles_visitante":"1","nomEli":" Ronda de Clasificación","nomGrupo":"Grupo E"},{"jornada":"6","fecha":"2019-10-10","hora_prevista":"20:45:00","grupo_id":"17","nomCasa":"Países Bajos","nomFuera":"Irlanda del Norte","clasificado":"0","goles_local":"3","goles_visitante":"1","nomEli":" Ronda de Clasificación","nomGrupo":"Grupo C"},{"jornada":"6","fecha":"2019-10-10","hora_prevista":"18:00:00","grupo_id":"17","nomCasa":"Bielorrusia","nomFuera":"Estonia","clasificado":"0","goles_local":"0","goles_visitante":"0","nomEli":" Ronda de Clasificación","nomGrupo":"Grupo C"},{"jornada":"6","fecha":"2019-10-10","hora_prevista":"16:00:00","grupo_id":"26","nomCasa":"Kazajistán","nomFuera":"Chipre","clasificado":"0","goles_local":"1","goles_visitante":"2","nomEli":" Ronda de Clasificación","nomGrupo":"Grupo I"},{"jornada":"6","fecha":"2019-09-10","hora_prevista":"20:45:00","grupo_id":"25","nomCasa":"Francia","nomFuera":"Andorra","clasificado":"0","goles_local":"3","goles_visitante":"0","nomEli":" Ronda de Clasificación","nomGrupo":"Grupo H"},{"jornada":"6","fecha":"2019-09-10","hora_prevista":"20:45:00","grupo_id":"15","nomCasa":"Inglaterra","nomFuera":"Kosovo","clasificado":"0","goles_local":"5","goles_visitante":"3","nomEli":" Ronda de Clasificación","nomGrupo":"Grupo A"},{"jornada":"6","fecha":"2019-09-10","hora_prevista":"20:45:00","grupo_id":"25","nomCasa":"Moldavia","nomFuera":"Turquía","clasificado":"0","goles_local":"0","goles_visitante":"4","nomEli":" Ronda de Clasificación","nomGrupo":"Grupo H"},{"jornada":"6","fecha":"2019-09-10","hora_prevista":"20:45:00","grupo_id":"25","nomCasa":"Albania","nomFuera":"Islandia","clasificado":"0","goles_local":"4","goles_visitante":"2","nomEli":" Ronda de Clasificación","nomGrupo":"Grupo H"},{"jornada":"6","fecha":"2019-09-10","hora_prevista":"20:45:00","grupo_id":"16","nomCasa":"Lituania","nomFuera":"Portugal","clasificado":"0","goles_local":"1","goles_visitante":"5","nomEli":" Ronda de Clasificación","nomGrupo":"Grupo B"},{"jornada":"6","fecha":"2019-09-10","hora_prevista":"20:45:00","grupo_id":"16","nomCasa":"Luxemburgo","nomFuera":"Serbia","clasificado":"0","goles_local":"1","goles_visitante":"3","nomEli":" Ronda de Clasificación","nomGrupo":"Grupo B"},{"jornada":"6","fecha":"2019-09-10","hora_prevista":"20:45:00","grupo_id":"15","nomCasa":"Montenegro","nomFuera":"Chequia","clasificado":"0","goles_local":"0","goles_visitante":"3","nomEli":" Ronda de Clasificación","nomGrupo":"Grupo A"},{"jornada":"6","fecha":"2019-09-09","hora_prevista":"20:45:00","grupo_id":"23","nomCasa":"Polonia","nomFuera":"Austria","clasificado":"0","goles_local":"0","goles_visitante":"0","nomEli":" Ronda de Clasificación","nomGrupo":"Grupo G"},{"jornada":"6","fecha":"2019-09-09","hora_prevista":"20:45:00","grupo_id":"23","nomCasa":"Letonia","nomFuera":"Macedonia del Norte","clasificado":"0","goles_local":"0","goles_visitante":"2","nomEli":" Ronda de Clasificación","nomGrupo":"Grupo G"},{"jornada":"6","fecha":"2019-09-09","hora_prevista":"18:00:00","grupo_id":"19","nomCasa":"Azerbaiyán","nomFuera":"Croacia","clasificado":"0","goles_local":"1","goles_visitante":"1","nomEli":" Ronda de Clasificación","nomGrupo":"Grupo E"},{"jornada":"6","fecha":"2019-09-09","hora_prevista":"20:45:00","grupo_id":"19","nomCasa":"Hungría","nomFuera":"Eslovaquia","clasificado":"0","goles_local":"1","goles_visitante":"2","nomEli":" Ronda de Clasificación","nomGrupo":"Grupo E"},{"jornada":"6","fecha":"2019-09-09","hora_prevista":"20:45:00","grupo_id":"23","nomCasa":"Eslovenia","nomFuera":"Israel","clasificado":"0","goles_local":"3","goles_visitante":"2","nomEli":" Ronda de Clasificación","nomGrupo":"Grupo G"},{"jornada":"6","fecha":"2019-09-09","hora_prevista":"20:45:00","grupo_id":"17","nomCasa":"Irlanda del Norte","nomFuera":"Alemania","clasificado":"0","goles_local":"0","goles_visitante":"2","nomEli":" Ronda de Clasificación","nomGrupo":"Grupo C"},{"jornada":"6","fecha":"2019-09-09","hora_prevista":"20:45:00","grupo_id":"17","nomCasa":"Estonia","nomFuera":"Países Bajos","clasificado":"0","goles_local":"0","goles_visitante":"4","nomEli":" Ronda de Clasificación","nomGrupo":"Grupo C"},{"jornada":"6","fecha":"2019-09-09","hora_prevista":"20:45:00","grupo_id":"26","nomCasa":"Escocia","nomFuera":"Bélgica","clasificado":"0","goles_local":"0","goles_visitante":"4","nomEli":" Ronda de Clasificación","nomGrupo":"Grupo I"},{"jornada":"6","fecha":"2019-09-09","hora_prevista":"20:45:00","grupo_id":"26","nomCasa":"San Marino","nomFuera":"Chipre","clasificado":"0","goles_local":"0","goles_visitante":"4","nomEli":" Ronda de Clasificación","nomGrupo":"Grupo I"},{"jornada":"6","fecha":"2019-09-09","hora_prevista":"20:45:00","grupo_id":"26","nomCasa":"Rusia","nomFuera":"Kazajistán","clasificado":"0","goles_local":"1","goles_visitante":"0","nomEli":" Ronda de Clasificación","nomGrupo":"Grupo I"},{"jornada":"6","fecha":"2019-09-08","hora_prevista":"18:00:00","grupo_id":"18","nomCasa":"Georgia","nomFuera":"Dinamarca","clasificado":"0","goles_local":"0","goles_visitante":"0","nomEli":" Ronda de Clasificación","nomGrupo":"Grupo D"},{"jornada":"6","fecha":"2019-09-08","hora_prevista":"20:45:00","grupo_id":"21","nomCasa":"Suecia","nomFuera":"Noruega","clasificado":"0","goles_local":"1","goles_visitante":"1","nomEli":" Ronda de Clasificación","nomGrupo":"Grupo F"},{"jornada":"6","fecha":"2019-09-08","hora_prevista":"18:00:00","grupo_id":"21","nomCasa":"Rumanía","nomFuera":"Malta","clasificado":"0","goles_local":"1","goles_visitante":"0","nomEli":" Ronda de Clasificación","nomGrupo":"Grupo F"},{"jornada":"6","fecha":"2019-09-08","hora_prevista":"18:00:00","grupo_id":"18","nomCasa":"Suiza","nomFuera":"Gibraltar","clasificado":"0","goles_local":"4","goles_visitante":"0","nomEli":" Ronda de Clasificación","nomGrupo":"Grupo D"},{"jornada":"6","fecha":"2019-09-08","hora_prevista":"20:45:00","grupo_id":"21","nomCasa":"España","nomFuera":"Feroe","clasificado":"0","goles_local":"4","goles_visitante":"0","nomEli":" Ronda de Clasificación","nomGrupo":"Grupo F"},{"jornada":"6","fecha":"2019-09-08","hora_prevista":"15:00:00","grupo_id":"27","nomCasa":"Armenia","nomFuera":"Bosnia y Herzegovina","clasificado":"0","goles_local":"4","goles_visitante":"2","nomEli":" Ronda de Clasificación","nomGrupo":"Grupo J"},{"jornada":"6","fecha":"2019-09-08","hora_prevista":"20:45:00","grupo_id":"27","nomCasa":"Grecia","nomFuera":"Liechtenstein","clasificado":"0","goles_local":"1","goles_visitante":"1","nomEli":" Ronda de Clasificación","nomGrupo":"Grupo J"},{"jornada":"6","fecha":"2019-09-08","hora_prevista":"20:45:00","grupo_id":"27","nomCasa":"Finlandia","nomFuera":"Italia","clasificado":"0","goles_local":"1","goles_visitante":"2","nomEli":" Ronda de Clasificación","nomGrupo":"Grupo J"},{"jornada":"6","fecha":"2019-09-07","hora_prevista":"18:00:00","grupo_id":"25","nomCasa":"Islandia","nomFuera":"Moldavia","clasificado":"0","goles_local":"3","goles_visitante":"0","nomEli":" Ronda de Clasificación","nomGrupo":"Grupo H"},{"jornada":"6","fecha":"2019-09-07","hora_prevista":"20:45:00","grupo_id":"25","nomCasa":"Turquía","nomFuera":"Andorra","clasificado":"0","goles_local":"1","goles_visitante":"0","nomEli":" Ronda de Clasificación","nomGrupo":"Grupo H"},{"jornada":"6","fecha":"2019-09-07","hora_prevista":"18:00:00","grupo_id":"15","nomCasa":"Inglaterra","nomFuera":"Bulgaria","clasificado":"0","goles_local":"4","goles_visitante":"0","nomEli":" Ronda de Clasificación","nomGrupo":"Grupo A"},{"jornada":"6","fecha":"2019-09-07","hora_prevista":"20:45:00","grupo_id":"16","nomCasa":"Serbia","nomFuera":"Portugal","clasificado":"0","goles_local":"2","goles_visitante":"4","nomEli":" Ronda de Clasificación","nomGrupo":"Grupo B"},{"jornada":"6","fecha":"2019-09-07","hora_prevista":"20:45:00","grupo_id":"25","nomCasa":"Francia","nomFuera":"Albania","clasificado":"0","goles_local":"4","goles_visitante":"1","nomEli":" Ronda de Clasificación","nomGrupo":"Grupo H"},{"jornada":"6","fecha":"2019-09-07","hora_prevista":"15:00:00","grupo_id":"15","nomCasa":"Kosovo","nomFuera":"Chequia","clasificado":"0","goles_local":"2","goles_visitante":"1","nomEli":" Ronda de Clasificación","nomGrupo":"Grupo A"},{"jornada":"6","fecha":"2019-09-07","hora_prevista":"18:00:00","grupo_id":"16","nomCasa":"Lituania","nomFuera":"Ucrania","clasificado":"0","goles_local":"0","goles_visitante":"3","nomEli":" Ronda de Clasificación","nomGrupo":"Grupo B"},{"jornada":"6","fecha":"2019-09-06","hora_prevista":"18:00:00","grupo_id":"17","nomCasa":"Estonia","nomFuera":"Bielorrusia","clasificado":"0","goles_local":"1","goles_visitante":"2","nomEli":" Ronda de Clasificación","nomGrupo":"Grupo C"},{"jornada":"6","fecha":"2019-09-06","hora_prevista":"20:45:00","grupo_id":"23","nomCasa":"Eslovenia","nomFuera":"Polonia","clasificado":"0","goles_local":"2","goles_visitante":"0","nomEli":" Ronda de Clasificación","nomGrupo":"Grupo G"},{"jornada":"6","fecha":"2019-09-06","hora_prevista":"20:45:00","grupo_id":"17","nomCasa":"Alemania","nomFuera":"Países Bajos","clasificado":"0","goles_local":"2","goles_visitante":"4","nomEli":" Ronda de Clasificación","nomGrupo":"Grupo C"},{"jornada":"6","fecha":"2019-09-06","hora_prevista":"20:45:00","grupo_id":"26","nomCasa":"Escocia","nomFuera":"Rusia","clasificado":"0","goles_local":"1","goles_visitante":"2","nomEli":" Ronda de Clasificación","nomGrupo":"Grupo I"},{"jornada":"6","fecha":"2019-09-06","hora_prevista":"20:45:00","grupo_id":"23","nomCasa":"Austria","nomFuera":"Letonia","clasificado":"0","goles_local":"6","goles_visitante":"0","nomEli":" Ronda de Clasificación","nomGrupo":"Grupo G"},{"jornada":"6","fecha":"2019-09-06","hora_prevista":"18:00:00","grupo_id":"26","nomCasa":"Chipre","nomFuera":"Kazajistán","clasificado":"0","goles_local":"1","goles_visitante":"1","nomEli":" Ronda de Clasificación","nomGrupo":"Grupo I"},{"jornada":"6","fecha":"2019-09-06","hora_prevista":"20:45:00","grupo_id":"19","nomCasa":"Gales","nomFuera":"Azerbaiyán","clasificado":"0","goles_local":"2","goles_visitante":"1","nomEli":" Ronda de Clasificación","nomGrupo":"Grupo E"},{"jornada":"6","fecha":"2019-09-06","hora_prevista":"20:45:00","grupo_id":"19","nomCasa":"Eslovaquia","nomFuera":"Croacia","clasificado":"0","goles_local":"0","goles_visitante":"4","nomEli":" Ronda de Clasificación","nomGrupo":"Grupo E"},{"jornada":"6","fecha":"2019-09-06","hora_prevista":"20:45:00","grupo_id":"26","nomCasa":"San Marino","nomFuera":"Bélgica","clasificado":"0","goles_local":"0","goles_visitante":"4","nomEli":" Ronda de Clasificación","nomGrupo":"Grupo I"},{"jornada":"6","fecha":"2019-09-05","hora_prevista":"20:45:00","grupo_id":"21","nomCasa":"Rumanía","nomFuera":"España","clasificado":"0","goles_local":"1","goles_visitante":"2","nomEli":" Ronda de Clasificación","nomGrupo":"Grupo F"},{"jornada":"6","fecha":"2019-09-05","hora_prevista":"20:45:00","grupo_id":"23","nomCasa":"Israel","nomFuera":"Macedonia del Norte","clasificado":"0","goles_local":"1","goles_visitante":"1","nomEli":" Ronda de Clasificación","nomGrupo":"Grupo G"},{"jornada":"6","fecha":"2019-09-05","hora_prevista":"20:45:00","grupo_id":"21","nomCasa":"Feroe","nomFuera":"Suecia","clasificado":"0","goles_local":"0","goles_visitante":"4","nomEli":" Ronda de Clasificación","nomGrupo":"Grupo F"},{"jornada":"6","fecha":"2019-09-05","hora_prevista":"20:45:00","grupo_id":"18","nomCasa":"Gibraltar","nomFuera":"Dinamarca","clasificado":"0","goles_local":"0","goles_visitante":"6","nomEli":" Ronda de Clasificación","nomGrupo":"Grupo D"},{"jornada":"6","fecha":"2019-09-05","hora_prevista":"20:45:00","grupo_id":"21","nomCasa":"Noruega","nomFuera":"Malta","clasificado":"0","goles_local":"2","goles_visitante":"0","nomEli":" Ronda de Clasificación","nomGrupo":"Grupo F"},{"jornada":"6","fecha":"2019-09-05","hora_prevista":"20:45:00","grupo_id":"27","nomCasa":"Finlandia","nomFuera":"Grecia","clasificado":"0","goles_local":"1","goles_visitante":"0","nomEli":" Ronda de Clasificación","nomGrupo":"Grupo J"},{"jornada":"6","fecha":"2019-09-05","hora_prevista":"20:45:00","grupo_id":"27","nomCasa":"Bosnia y Herzegovina","nomFuera":"Liechtenstein","clasificado":"0","goles_local":"5","goles_visitante":"0","nomEli":" Ronda de Clasificación","nomGrupo":"Grupo J"},{"jornada":"6","fecha":"2019-09-05","hora_prevista":"18:00:00","grupo_id":"27","nomCasa":"Armenia","nomFuera":"Italia","clasificado":"0","goles_local":"1","goles_visitante":"3","nomEli":" Ronda de Clasificación","nomGrupo":"Grupo J"},{"jornada":"6","fecha":"2019-09-05","hora_prevista":"20:45:00","grupo_id":"18","nomCasa":"Irlanda","nomFuera":"Suiza","clasificado":"0","goles_local":"1","goles_visitante":"1","nomEli":" Ronda de Clasificación","nomGrupo":"Grupo D"},{"jornada":"6","fecha":"2019-06-11","hora_prevista":"20:45:00","grupo_id":"17","nomCasa":"Alemania","nomFuera":"Estonia","clasificado":"0","goles_local":"8","goles_visitante":"0","nomEli":" Ronda de Clasificación","nomGrupo":"Grupo C"},{"jornada":"6","fecha":"2019-06-11","hora_prevista":"20:45:00","grupo_id":"25","nomCasa":"Albania","nomFuera":"Moldavia","clasificado":"0","goles_local":"2","goles_visitante":"0","nomEli":" Ronda de Clasificación","nomGrupo":"Grupo H"},{"jornada":"6","fecha":"2019-06-11","hora_prevista":"20:45:00","grupo_id":"25","nomCasa":"Andorra","nomFuera":"Francia","clasificado":"0","goles_local":"0","goles_visitante":"4","nomEli":" Ronda de Clasificación","nomGrupo":"Grupo H"},{"jornada":"6","fecha":"2019-06-11","hora_prevista":"20:45:00","grupo_id":"25","nomCasa":"Islandia","nomFuera":"Turquía","clasificado":"0","goles_local":"2","goles_visitante":"1","nomEli":" Ronda de Clasificación","nomGrupo":"Grupo H"},{"jornada":"6","fecha":"2019-06-11","hora_prevista":"20:45:00","grupo_id":"17","nomCasa":"Bielorrusia","nomFuera":"Irlanda del Norte","clasificado":"0","goles_local":"0","goles_visitante":"1","nomEli":" Ronda de Clasificación","nomGrupo":"Grupo C"},{"jornada":"6","fecha":"2019-06-11","hora_prevista":"20:45:00","grupo_id":"19","nomCasa":"Hungría","nomFuera":"Gales","clasificado":"0","goles_local":"1","goles_visitante":"0","nomEli":" Ronda de Clasificación","nomGrupo":"Grupo E"},{"jornada":"6","fecha":"2019-06-11","hora_prevista":"18:00:00","grupo_id":"19","nomCasa":"Azerbaiyán","nomFuera":"Eslovaquia","clasificado":"0","goles_local":"1","goles_visitante":"5","nomEli":" Ronda de Clasificación","nomGrupo":"Grupo E"},{"jornada":"6","fecha":"2019-06-11","hora_prevista":"16:00:00","grupo_id":"26","nomCasa":"Kazajistán","nomFuera":"San Marino","clasificado":"0","goles_local":"4","goles_visitante":"0","nomEli":" Ronda de Clasificación","nomGrupo":"Grupo I"},{"jornada":"6","fecha":"2019-06-11","hora_prevista":"20:45:00","grupo_id":"26","nomCasa":"Rusia","nomFuera":"Chipre","clasificado":"0","goles_local":"1","goles_visitante":"0","nomEli":" Ronda de Clasificación","nomGrupo":"Grupo I"},{"jornada":"6","fecha":"2019-06-11","hora_prevista":"20:45:00","grupo_id":"27","nomCasa":"Liechtenstein","nomFuera":"Finlandia","clasificado":"0","goles_local":"0","goles_visitante":"2","nomEli":" Ronda de Clasificación","nomGrupo":"Grupo J"},{"jornada":"6","fecha":"2019-06-11","hora_prevista":"20:45:00","grupo_id":"27","nomCasa":"Grecia","nomFuera":"Armenia","clasificado":"0","goles_local":"2","goles_visitante":"3","nomEli":" Ronda de Clasificación","nomGrupo":"Grupo J"},{"jornada":"6","fecha":"2019-06-11","hora_prevista":"20:45:00","grupo_id":"26","nomCasa":"Bélgica","nomFuera":"Escocia","clasificado":"0","goles_local":"3","goles_visitante":"0","nomEli":" Ronda de Clasificación","nomGrupo":"Grupo I"},{"jornada":"6","fecha":"2019-06-11","hora_prevista":"20:45:00","grupo_id":"27","nomCasa":"Italia","nomFuera":"Bosnia y Herzegovina","clasificado":"0","goles_local":"2","goles_visitante":"1","nomEli":" Ronda de Clasificación","nomGrupo":"Grupo J"},{"jornada":"6","fecha":"2019-06-10","hora_prevista":"20:45:00","grupo_id":"21","nomCasa":"Feroe","nomFuera":"Noruega","clasificado":"0","goles_local":"0","goles_visitante":"2","nomEli":" Ronda de Clasificación","nomGrupo":"Grupo F"},{"jornada":"6","fecha":"2019-06-10","hora_prevista":"20:45:00","grupo_id":"21","nomCasa":"Malta","nomFuera":"Rumanía","clasificado":"0","goles_local":"0","goles_visitante":"4","nomEli":" Ronda de Clasificación","nomGrupo":"Grupo F"},{"jornada":"6","fecha":"2019-06-10","hora_prevista":"20:45:00","grupo_id":"23","nomCasa":"Polonia","nomFuera":"Israel","clasificado":"0","goles_local":"4","goles_visitante":"0","nomEli":" Ronda de Clasificación","nomGrupo":"Grupo G"},{"jornada":"6","fecha":"2019-06-10","hora_prevista":"20:45:00","grupo_id":"21","nomCasa":"España","nomFuera":"Suecia","clasificado":"0","goles_local":"3","goles_visitante":"0","nomEli":" Ronda de Clasificación","nomGrupo":"Grupo F"},{"jornada":"6","fecha":"2019-06-10","hora_prevista":"20:45:00","grupo_id":"23","nomCasa":"Letonia","nomFuera":"Eslovenia","clasificado":"0","goles_local":"0","goles_visitante":"5","nomEli":" Ronda de Clasificación","nomGrupo":"Grupo G"},{"jornada":"6","fecha":"2019-06-10","hora_prevista":"20:45:00","grupo_id":"23","nomCasa":"Macedonia del Norte","nomFuera":"Austria","clasificado":"0","goles_local":"1","goles_visitante":"4","nomEli":" Ronda de Clasificación","nomGrupo":"Grupo G"},{"jornada":"6","fecha":"2019-06-10","hora_prevista":"20:45:00","grupo_id":"18","nomCasa":"Irlanda","nomFuera":"Gibraltar","clasificado":"0","goles_local":"2","goles_visitante":"0","nomEli":" Ronda de Clasificación","nomGrupo":"Grupo D"},{"jornada":"6","fecha":"2019-06-10","hora_prevista":"20:45:00","grupo_id":"15","nomCasa":"Chequia","nomFuera":"Montenegro","clasificado":"0","goles_local":"3","goles_visitante":"0","nomEli":" Ronda de Clasificación","nomGrupo":"Grupo A"},{"jornada":"6","fecha":"2019-06-10","hora_prevista":"20:45:00","grupo_id":"15","nomCasa":"Bulgaria","nomFuera":"Kosovo","clasificado":"0","goles_local":"2","goles_visitante":"3","nomEli":" Ronda de Clasificación","nomGrupo":"Grupo A"},{"jornada":"6","fecha":"2019-06-10","hora_prevista":"20:45:00","grupo_id":"16","nomCasa":"Ucrania","nomFuera":"Luxemburgo","clasificado":"0","goles_local":"1","goles_visitante":"0","nomEli":" Ronda de Clasificación","nomGrupo":"Grupo B"},{"jornada":"6","fecha":"2019-06-10","hora_prevista":"20:45:00","grupo_id":"16","nomCasa":"Serbia","nomFuera":"Lituania","clasificado":"0","goles_local":"4","goles_visitante":"1","nomEli":" Ronda de Clasificación","nomGrupo":"Grupo B"},{"jornada":"6","fecha":"2019-06-10","hora_prevista":"20:45:00","grupo_id":"18","nomCasa":"Dinamarca","nomFuera":"Georgia","clasificado":"0","goles_local":"5","goles_visitante":"1","nomEli":" Ronda de Clasificación","nomGrupo":"Grupo D"},{"jornada":"6","fecha":"2019-06-08","hora_prevista":"15:00:00","grupo_id":"19","nomCasa":"Croacia","nomFuera":"Gales","clasificado":"0","goles_local":"2","goles_visitante":"1","nomEli":" Ronda de Clasificación","nomGrupo":"Grupo E"},{"jornada":"6","fecha":"2019-06-08","hora_prevista":"18:00:00","grupo_id":"19","nomCasa":"Azerbaiyán","nomFuera":"Hungría","clasificado":"0","goles_local":"1","goles_visitante":"3","nomEli":" Ronda de Clasificación","nomGrupo":"Grupo E"},{"jornada":"6","fecha":"2019-06-08","hora_prevista":"20:45:00","grupo_id":"17","nomCasa":"Bielorrusia","nomFuera":"Alemania","clasificado":"0","goles_local":"0","goles_visitante":"2","nomEli":" Ronda de Clasificación","nomGrupo":"Grupo C"},{"jornada":"6","fecha":"2019-06-08","hora_prevista":"18:00:00","grupo_id":"27","nomCasa":"Armenia","nomFuera":"Liechtenstein","clasificado":"0","goles_local":"3","goles_visitante":"0","nomEli":" Ronda de Clasificación","nomGrupo":"Grupo J"},{"jornada":"6","fecha":"2019-06-08","hora_prevista":"18:00:00","grupo_id":"27","nomCasa":"Finlandia","nomFuera":"Bosnia y Herzegovina","clasificado":"0","goles_local":"2","goles_visitante":"0","nomEli":" Ronda de Clasificación","nomGrupo":"Grupo J"},{"jornada":"6","fecha":"2019-06-08","hora_prevista":"20:45:00","grupo_id":"26","nomCasa":"Escocia","nomFuera":"Chipre","clasificado":"0","goles_local":"2","goles_visitante":"1","nomEli":" Ronda de Clasificación","nomGrupo":"Grupo I"},{"jornada":"6","fecha":"2019-06-08","hora_prevista":"18:00:00","grupo_id":"26","nomCasa":"Rusia","nomFuera":"San Marino","clasificado":"0","goles_local":"9","goles_visitante":"0","nomEli":" Ronda de Clasificación","nomGrupo":"Grupo I"},{"jornada":"6","fecha":"2019-06-08","hora_prevista":"20:45:00","grupo_id":"25","nomCasa":"Turquía","nomFuera":"Francia","clasificado":"0","goles_local":"2","goles_visitante":"0","nomEli":" Ronda de Clasificación","nomGrupo":"Grupo H"},{"jornada":"6","fecha":"2019-06-08","hora_prevista":"18:00:00","grupo_id":"25","nomCasa":"Moldavia","nomFuera":"Andorra","clasificado":"0","goles_local":"1","goles_visitante":"0","nomEli":" Ronda de Clasificación","nomGrupo":"Grupo H"},{"jornada":"6","fecha":"2019-06-08","hora_prevista":"15:00:00","grupo_id":"25","nomCasa":"Islandia","nomFuera":"Albania","clasificado":"0","goles_local":"1","goles_visitante":"0","nomEli":" Ronda de Clasificación","nomGrupo":"Grupo H"},{"jornada":"6","fecha":"2019-06-08","hora_prevista":"18:00:00","grupo_id":"17","nomCasa":"Estonia","nomFuera":"Irlanda del Norte","clasificado":"0","goles_local":"1","goles_visitante":"2","nomEli":" Ronda de Clasificación","nomGrupo":"Grupo C"},{"jornada":"6","fecha":"2019-06-08","hora_prevista":"20:45:00","grupo_id":"27","nomCasa":"Grecia","nomFuera":"Italia","clasificado":"0","goles_local":"0","goles_visitante":"3","nomEli":" Ronda de Clasificación","nomGrupo":"Grupo J"},{"jornada":"6","fecha":"2019-06-08","hora_prevista":"20:45:00","grupo_id":"26","nomCasa":"Bélgica","nomFuera":"Kazajistán","clasificado":"0","goles_local":"3","goles_visitante":"0","nomEli":" Ronda de Clasificación","nomGrupo":"Grupo I"},{"jornada":"6","fecha":"2019-06-07","hora_prevista":"20:45:00","grupo_id":"21","nomCasa":"Noruega","nomFuera":"Rumanía","clasificado":"0","goles_local":"2","goles_visitante":"2","nomEli":" Ronda de Clasificación","nomGrupo":"Grupo F"},{"jornada":"6","fecha":"2019-06-07","hora_prevista":"20:45:00","grupo_id":"16","nomCasa":"Ucrania","nomFuera":"Serbia","clasificado":"0","goles_local":"5","goles_visitante":"0","nomEli":" Ronda de Clasificación","nomGrupo":"Grupo B"},{"jornada":"6","fecha":"2019-06-07","hora_prevista":"20:45:00","grupo_id":"16","nomCasa":"Lituania","nomFuera":"Luxemburgo","clasificado":"0","goles_local":"1","goles_visitante":"1","nomEli":" Ronda de Clasificación","nomGrupo":"Grupo B"},{"jornada":"6","fecha":"2019-06-07","hora_prevista":"20:45:00","grupo_id":"15","nomCasa":"Chequia","nomFuera":"Bulgaria","clasificado":"0","goles_local":"2","goles_visitante":"1","nomEli":" Ronda de Clasificación","nomGrupo":"Grupo A"},{"jornada":"6","fecha":"2019-06-07","hora_prevista":"20:45:00","grupo_id":"15","nomCasa":"Montenegro","nomFuera":"Kosovo","clasificado":"0","goles_local":"1","goles_visitante":"1","nomEli":" Ronda de Clasificación","nomGrupo":"Grupo A"},{"jornada":"6","fecha":"2019-06-07","hora_prevista":"20:45:00","grupo_id":"23","nomCasa":"Macedonia del Norte","nomFuera":"Polonia","clasificado":"0","goles_local":"0","goles_visitante":"1","nomEli":" Ronda de Clasificación","nomGrupo":"Grupo G"},{"jornada":"6","fecha":"2019-06-07","hora_prevista":"20:45:00","grupo_id":"23","nomCasa":"Austria","nomFuera":"Eslovenia","clasificado":"0","goles_local":"1","goles_visitante":"0","nomEli":" Ronda de Clasificación","nomGrupo":"Grupo G"},{"jornada":"6","fecha":"2019-06-07","hora_prevista":"20:45:00","grupo_id":"21","nomCasa":"Suecia","nomFuera":"Malta","clasificado":"0","goles_local":"3","goles_visitante":"0","nomEli":" Ronda de Clasificación","nomGrupo":"Grupo F"},{"jornada":"6","fecha":"2019-06-07","hora_prevista":"20:45:00","grupo_id":"21","nomCasa":"Feroe","nomFuera":"España","clasificado":"0","goles_local":"1","goles_visitante":"4","nomEli":" Ronda de Clasificación","nomGrupo":"Grupo F"},{"jornada":"6","fecha":"2019-06-07","hora_prevista":"20:45:00","grupo_id":"23","nomCasa":"Letonia","nomFuera":"Israel","clasificado":"0","goles_local":"0","goles_visitante":"3","nomEli":" Ronda de Clasificación","nomGrupo":"Grupo G"},{"jornada":"6","fecha":"2019-06-07","hora_prevista":"20:45:00","grupo_id":"18","nomCasa":"Dinamarca","nomFuera":"Irlanda","clasificado":"0","goles_local":"1","goles_visitante":"1","nomEli":" Ronda de Clasificación","nomGrupo":"Grupo D"},{"jornada":"6","fecha":"2019-06-07","hora_prevista":"18:00:00","grupo_id":"18","nomCasa":"Georgia","nomFuera":"Gibraltar","clasificado":"0","goles_local":"3","goles_visitante":"0","nomEli":" Ronda de Clasificación","nomGrupo":"Grupo D"},{"jornada":"6","fecha":"2019-03-26","hora_prevista":"20:45:00","grupo_id":"21","nomCasa":"Rumanía","nomFuera":"Feroe","clasificado":"0","goles_local":"4","goles_visitante":"1","nomEli":" Ronda de Clasificación","nomGrupo":"Grupo F"},{"jornada":"6","fecha":"2019-03-26","hora_prevista":"20:45:00","grupo_id":"18","nomCasa":"Irlanda","nomFuera":"Georgia","clasificado":"0","goles_local":"1","goles_visitante":"0","nomEli":" Ronda de Clasificación","nomGrupo":"Grupo D"},{"jornada":"6","fecha":"2019-03-26","hora_prevista":"20:45:00","grupo_id":"18","nomCasa":"Suiza","nomFuera":"Dinamarca","clasificado":"0","goles_local":"3","goles_visitante":"3","nomEli":" Ronda de Clasificación","nomGrupo":"Grupo D"},{"jornada":"6","fecha":"2019-03-26","hora_prevista":"20:45:00","grupo_id":"21","nomCasa":"Malta","nomFuera":"España","clasificado":"0","goles_local":"0","goles_visitante":"2","nomEli":" Ronda de Clasificación","nomGrupo":"Grupo F"},{"jornada":"6","fecha":"2019-03-26","hora_prevista":"20:45:00","grupo_id":"21","nomCasa":"Noruega","nomFuera":"Suecia","clasificado":"0","goles_local":"3","goles_visitante":"3","nomEli":" Ronda de Clasificación","nomGrupo":"Grupo F"},{"jornada":"6","fecha":"2019-03-26","hora_prevista":"18:00:00","grupo_id":"27","nomCasa":"Armenia","nomFuera":"Finlandia","clasificado":"0","goles_local":"0","goles_visitante":"2","nomEli":" Ronda de Clasificación","nomGrupo":"Grupo J"},{"jornada":"6","fecha":"2019-03-26","hora_prevista":"20:45:00","grupo_id":"27","nomCasa":"Bosnia y Herzegovina","nomFuera":"Grecia","clasificado":"0","goles_local":"2","goles_visitante":"2","nomEli":" Ronda de Clasificación","nomGrupo":"Grupo J"},{"jornada":"6","fecha":"2019-03-26","hora_prevista":"20:45:00","grupo_id":"27","nomCasa":"Italia","nomFuera":"Liechtenstein","clasificado":"0","goles_local":"6","goles_visitante":"0","nomEli":" Ronda de Clasificación","nomGrupo":"Grupo J"},{"jornada":"6","fecha":"2019-03-25","hora_prevista":"20:45:00","grupo_id":"25","nomCasa":"Francia","nomFuera":"Islandia","clasificado":"0","goles_local":"4","goles_visitante":"0","nomEli":" Ronda de Clasificación","nomGrupo":"Grupo H"},{"jornada":"6","fecha":"2019-03-25","hora_prevista":"20:45:00","grupo_id":"25","nomCasa":"Andorra","nomFuera":"Albania","clasificado":"0","goles_local":"0","goles_visitante":"3","nomEli":" Ronda de Clasificación","nomGrupo":"Grupo H"},{"jornada":"6","fecha":"2019-03-25","hora_prevista":"20:45:00","grupo_id":"16","nomCasa":"Luxemburgo","nomFuera":"Ucrania","clasificado":"0","goles_local":"1","goles_visitante":"2","nomEli":" Ronda de Clasificación","nomGrupo":"Grupo B"},{"jornada":"6","fecha":"2019-03-25","hora_prevista":"20:45:00","grupo_id":"15","nomCasa":"Montenegro","nomFuera":"Inglaterra","clasificado":"0","goles_local":"1","goles_visitante":"5","nomEli":" Ronda de Clasificación","nomGrupo":"Grupo A"},{"jornada":"6","fecha":"2019-03-25","hora_prevista":"20:45:00","grupo_id":"15","nomCasa":"Kosovo","nomFuera":"Bulgaria","clasificado":"0","goles_local":"1","goles_visitante":"1","nomEli":" Ronda de Clasificación","nomGrupo":"Grupo A"},{"jornada":"6","fecha":"2019-03-25","hora_prevista":"20:45:00","grupo_id":"16","nomCasa":"Portugal","nomFuera":"Serbia","clasificado":"0","goles_local":"1","goles_visitante":"1","nomEli":" Ronda de Clasificación","nomGrupo":"Grupo B"},{"jornada":"6","fecha":"2019-03-25","hora_prevista":"18:00:00","grupo_id":"25","nomCasa":"Turquía","nomFuera":"Moldavia","clasificado":"0","goles_local":"4","goles_visitante":"0","nomEli":" Ronda de Clasificación","nomGrupo":"Grupo H"},{"jornada":"6","fecha":"2019-03-24","hora_prevista":"20:45:00","grupo_id":"17","nomCasa":"Irlanda del Norte","nomFuera":"Bielorrusia","clasificado":"0","goles_local":"2","goles_visitante":"1","nomEli":" Ronda de Clasificación","nomGrupo":"Grupo C"},{"jornada":"6","fecha":"2019-03-24","hora_prevista":"18:00:00","grupo_id":"19","nomCasa":"Hungría","nomFuera":"Croacia","clasificado":"0","goles_local":"2","goles_visitante":"1","nomEli":" Ronda de Clasificación","nomGrupo":"Grupo E"},{"jornada":"6","fecha":"2019-03-24","hora_prevista":"15:00:00","grupo_id":"19","nomCasa":"Gales","nomFuera":"Eslovaquia","clasificado":"0","goles_local":"1","goles_visitante":"0","nomEli":" Ronda de Clasificación","nomGrupo":"Grupo E"},{"jornada":"6","fecha":"2019-03-24","hora_prevista":"18:00:00","grupo_id":"23","nomCasa":"Israel","nomFuera":"Austria","clasificado":"0","goles_local":"4","goles_visitante":"2","nomEli":" Ronda de Clasificación","nomGrupo":"Grupo G"},{"jornada":"6","fecha":"2019-03-24","hora_prevista":"20:45:00","grupo_id":"23","nomCasa":"Eslovenia","nomFuera":"Macedonia del Norte","clasificado":"0","goles_local":"1","goles_visitante":"1","nomEli":" Ronda de Clasificación","nomGrupo":"Grupo G"},{"jornada":"6","fecha":"2019-03-24","hora_prevista":"20:45:00","grupo_id":"23","nomCasa":"Polonia","nomFuera":"Letonia","clasificado":"0","goles_local":"2","goles_visitante":"0","nomEli":" Ronda de Clasificación","nomGrupo":"Grupo G"},{"jornada":"6","fecha":"2019-03-24","hora_prevista":"20:45:00","grupo_id":"26","nomCasa":"Chipre","nomFuera":"Bélgica","clasificado":"0","goles_local":"0","goles_visitante":"2","nomEli":" Ronda de Clasificación","nomGrupo":"Grupo I"},{"jornada":"6","fecha":"2019-03-24","hora_prevista":"20:45:00","grupo_id":"17","nomCasa":"Países Bajos","nomFuera":"Alemania","clasificado":"0","goles_local":"2","goles_visitante":"3","nomEli":" Ronda de Clasificación","nomGrupo":"Grupo C"},{"jornada":"6","fecha":"2019-03-24","hora_prevista":"18:00:00","grupo_id":"26","nomCasa":"San Marino","nomFuera":"Escocia","clasificado":"0","goles_local":"0","goles_visitante":"2","nomEli":" Ronda de Clasificación","nomGrupo":"Grupo I"},{"jornada":"6","fecha":"2019-03-24","hora_prevista":"15:00:00","grupo_id":"26","nomCasa":"Kazajistán","nomFuera":"Rusia","clasificado":"0","goles_local":"0","goles_visitante":"4","nomEli":" Ronda de Clasificación","nomGrupo":"Grupo I"},{"jornada":"6","fecha":"2019-03-23","hora_prevista":"15:00:00","grupo_id":"18","nomCasa":"Georgia","nomFuera":"Suiza","clasificado":"0","goles_local":"0","goles_visitante":"2","nomEli":" Ronda de Clasificación","nomGrupo":"Grupo D"},{"jornada":"6","fecha":"2019-03-23","hora_prevista":"18:00:00","grupo_id":"18","nomCasa":"Gibraltar","nomFuera":"Irlanda","clasificado":"0","goles_local":"0","goles_visitante":"1","nomEli":" Ronda de Clasificación","nomGrupo":"Grupo D"},{"jornada":"6","fecha":"2019-03-23","hora_prevista":"18:00:00","grupo_id":"21","nomCasa":"Suecia","nomFuera":"Rumanía","clasificado":"0","goles_local":"2","goles_visitante":"1","nomEli":" Ronda de Clasificación","nomGrupo":"Grupo F"},{"jornada":"6","fecha":"2019-03-23","hora_prevista":"18:00:00","grupo_id":"21","nomCasa":"Malta","nomFuera":"Feroe","clasificado":"0","goles_local":"2","goles_visitante":"1","nomEli":" Ronda de Clasificación","nomGrupo":"Grupo F"},{"jornada":"6","fecha":"2019-03-23","hora_prevista":"20:45:00","grupo_id":"21","nomCasa":"España","nomFuera":"Noruega","clasificado":"0","goles_local":"2","goles_visitante":"1","nomEli":" Ronda de Clasificación","nomGrupo":"Grupo F"},{"jornada":"6","fecha":"2019-03-23","hora_prevista":"20:45:00","grupo_id":"27","nomCasa":"Bosnia y Herzegovina","nomFuera":"Armenia","clasificado":"0","goles_local":"2","goles_visitante":"1","nomEli":" Ronda de Clasificación","nomGrupo":"Grupo J"},{"jornada":"6","fecha":"2019-03-23","hora_prevista":"20:45:00","grupo_id":"27","nomCasa":"Italia","nomFuera":"Finlandia","clasificado":"0","goles_local":"2","goles_visitante":"0","nomEli":" Ronda de Clasificación","nomGrupo":"Grupo J"},{"jornada":"6","fecha":"2019-03-23","hora_prevista":"20:45:00","grupo_id":"27","nomCasa":"Liechtenstein","nomFuera":"Grecia","clasificado":"0","goles_local":"0","goles_visitante":"2","nomEli":" Ronda de Clasificación","nomGrupo":"Grupo J"},{"jornada":"6","fecha":"2019-03-22","hora_prevista":"20:45:00","grupo_id":"15","nomCasa":"Inglaterra","nomFuera":"Chequia","clasificado":"0","goles_local":"5","goles_visitante":"0","nomEli":" Ronda de Clasificación","nomGrupo":"Grupo A"},{"jornada":"6","fecha":"2019-03-22","hora_prevista":"20:45:00","grupo_id":"16","nomCasa":"Portugal","nomFuera":"Ucrania","clasificado":"0","goles_local":"0","goles_visitante":"0","nomEli":" Ronda de Clasificación","nomGrupo":"Grupo B"},{"jornada":"6","fecha":"2019-03-22","hora_prevista":"20:45:00","grupo_id":"16","nomCasa":"Luxemburgo","nomFuera":"Lituania","clasificado":"0","goles_local":"2","goles_visitante":"1","nomEli":" Ronda de Clasificación","nomGrupo":"Grupo B"},{"jornada":"6","fecha":"2019-03-22","hora_prevista":"18:00:00","grupo_id":"15","nomCasa":"Bulgaria","nomFuera":"Montenegro","clasificado":"0","goles_local":"1","goles_visitante":"1","nomEli":" Ronda de Clasificación","nomGrupo":"Grupo A"},{"jornada":"6","fecha":"2019-03-22","hora_prevista":"20:45:00","grupo_id":"25","nomCasa":"Albania","nomFuera":"Turquía","clasificado":"0","goles_local":"0","goles_visitante":"2","nomEli":" Ronda de Clasificación","nomGrupo":"Grupo H"},{"jornada":"6","fecha":"2019-03-22","hora_prevista":"20:45:00","grupo_id":"25","nomCasa":"Andorra","nomFuera":"Islandia","clasificado":"0","goles_local":"0","goles_visitante":"2","nomEli":" Ronda de Clasificación","nomGrupo":"Grupo H"},{"jornada":"6","fecha":"2019-03-22","hora_prevista":"20:45:00","grupo_id":"25","nomCasa":"Moldavia","nomFuera":"Francia","clasificado":"0","goles_local":"1","goles_visitante":"4","nomEli":" Ronda de Clasificación","nomGrupo":"Grupo H"},{"jornada":"6","fecha":"2019-03-21","hora_prevista":"20:45:00","grupo_id":"23","nomCasa":"Israel","nomFuera":"Eslovenia","clasificado":"0","goles_local":"1","goles_visitante":"1","nomEli":" Ronda de Clasificación","nomGrupo":"Grupo G"},{"jornada":"6","fecha":"2019-03-21","hora_prevista":"18:00:00","grupo_id":"26","nomCasa":"Chipre","nomFuera":"San Marino","clasificado":"0","goles_local":"5","goles_visitante":"0","nomEli":" Ronda de Clasificación","nomGrupo":"Grupo I"},{"jornada":"6","fecha":"2019-03-21","hora_prevista":"20:45:00","grupo_id":"23","nomCasa":"Macedonia del Norte","nomFuera":"Letonia","clasificado":"0","goles_local":"3","goles_visitante":"1","nomEli":" Ronda de Clasificación","nomGrupo":"Grupo G"},{"jornada":"6","fecha":"2019-03-21","hora_prevista":"20:45:00","grupo_id":"19","nomCasa":"Croacia","nomFuera":"Azerbaiyán","clasificado":"0","goles_local":"2","goles_visitante":"1","nomEli":" Ronda de Clasificación","nomGrupo":"Grupo E"},{"jornada":"6","fecha":"2019-03-21","hora_prevista":"20:45:00","grupo_id":"19","nomCasa":"Eslovaquia","nomFuera":"Hungría","clasificado":"0","goles_local":"2","goles_visitante":"0","nomEli":" Ronda de Clasificación","nomGrupo":"Grupo E"},{"jornada":"6","fecha":"2019-03-21","hora_prevista":"20:45:00","grupo_id":"23","nomCasa":"Austria","nomFuera":"Polonia","clasificado":"0","goles_local":"0","goles_visitante":"1","nomEli":" Ronda de Clasificación","nomGrupo":"Grupo G"},{"jornada":"6","fecha":"2019-03-21","hora_prevista":"20:45:00","grupo_id":"26","nomCasa":"Bélgica","nomFuera":"Rusia","clasificado":"0","goles_local":"3","goles_visitante":"1","nomEli":" Ronda de Clasificación","nomGrupo":"Grupo I"},{"jornada":"6","fecha":"2019-03-21","hora_prevista":"20:45:00","grupo_id":"17","nomCasa":"Irlanda del Norte","nomFuera":"Estonia","clasificado":"0","goles_local":"2","goles_visitante":"0","nomEli":" Ronda de Clasificación","nomGrupo":"Grupo C"},{"jornada":"6","fecha":"2019-03-21","hora_prevista":"20:45:00","grupo_id":"17","nomCasa":"Países Bajos","nomFuera":"Bielorrusia","clasificado":"0","goles_local":"4","goles_visitante":"0","nomEli":" Ronda de Clasificación","nomGrupo":"Grupo C"},{"jornada":"6","fecha":"2019-03-21","hora_prevista":"16:00:00","grupo_id":"26","nomCasa":"Kazajistán","nomFuera":"Escocia","clasificado":"0","goles_local":"3","goles_visitante":"0","nomEli":" Ronda de Clasificación","nomGrupo":"Grupo I"}]