[{"jornada":"87","fecha":"2022-06-19","hora_prevista":"21:00:00","grupo_id":null,"nomCasa":"CD Tenerife","nomFuera":"Girona FC","clasificado":"2","goles_local":"1","goles_visitante":"3","nomEli":"Final - Vuelta","nomGrupo":null},{"jornada":"85","fecha":"2022-06-11","hora_prevista":"21:00:00","grupo_id":null,"nomCasa":"Girona FC","nomFuera":"CD Tenerife","clasificado":"0","goles_local":"0","goles_visitante":"0","nomEli":"Final - Ida","nomGrupo":null},{"jornada":"154","fecha":"2022-06-05","hora_prevista":"18:30:00","grupo_id":null,"nomCasa":"SD Eibar","nomFuera":"Girona FC","clasificado":"2","goles_local":"0","goles_visitante":"2","nomEli":"Semifinales - Vuelta","nomGrupo":null},{"jornada":"154","fecha":"2022-06-04","hora_prevista":"21:00:00","grupo_id":null,"nomCasa":"UD Las Palmas","nomFuera":"CD Tenerife","clasificado":"2","goles_local":"1","goles_visitante":"2","nomEli":"Semifinales - Vuelta","nomGrupo":null},{"jornada":"151","fecha":"2022-06-02","hora_prevista":"19:00:00","grupo_id":null,"nomCasa":"Girona FC","nomFuera":"SD Eibar","clasificado":"0","goles_local":"0","goles_visitante":"1","nomEli":"Semifinales - Ida","nomGrupo":null},{"jornada":"151","fecha":"2022-06-01","hora_prevista":"21:00:00","grupo_id":null,"nomCasa":"CD Tenerife","nomFuera":"UD Las Palmas","clasificado":"0","goles_local":"1","goles_visitante":"0","nomEli":"Semifinales - Ida","nomGrupo":null}]