[{"jornada":"84","fecha":"2016-08-20","hora_prevista":"22:30:00","grupo_id":null,"nomCasa":"Brasil","nomFuera":"Alemania","clasificado":"1","goles_local":"1","goles_visitante":"1","nomEli":"Final","nomGrupo":null},{"jornada":"163","fecha":"2016-08-20","hora_prevista":"18:00:00","grupo_id":null,"nomCasa":"Honduras","nomFuera":"Nigeria","clasificado":"2","goles_local":"2","goles_visitante":"3","nomEli":"Tercer y Cuarto Puesto","nomGrupo":null},{"jornada":"148","fecha":"2016-08-17","hora_prevista":"21:00:00","grupo_id":null,"nomCasa":"Nigeria","nomFuera":"Alemania","clasificado":"2","goles_local":"0","goles_visitante":"2","nomEli":"Semifinales","nomGrupo":null},{"jornada":"148","fecha":"2016-08-17","hora_prevista":"18:00:00","grupo_id":null,"nomCasa":"Brasil","nomFuera":"Honduras","clasificado":"1","goles_local":"6","goles_visitante":"0","nomEli":"Semifinales","nomGrupo":null},{"jornada":"48","fecha":"2016-08-14","hora_prevista":"03:00:00","grupo_id":null,"nomCasa":"Brasil","nomFuera":"Colombia","clasificado":"1","goles_local":"2","goles_visitante":"0","nomEli":"Cuartos de Final","nomGrupo":null},{"jornada":"48","fecha":"2016-08-14","hora_prevista":"00:00:00","grupo_id":null,"nomCasa":"Corea del Sur","nomFuera":"Honduras","clasificado":"2","goles_local":"0","goles_visitante":"1","nomEli":"Cuartos de Final","nomGrupo":null},{"jornada":"48","fecha":"2016-08-13","hora_prevista":"18:00:00","grupo_id":null,"nomCasa":"Portugal","nomFuera":"Alemania","clasificado":"2","goles_local":"0","goles_visitante":"4","nomEli":"Cuartos de Final","nomGrupo":null},{"jornada":"48","fecha":"2016-08-13","hora_prevista":"21:00:00","grupo_id":null,"nomCasa":"Nigeria","nomFuera":"Dinamarca","clasificado":"1","goles_local":"2","goles_visitante":"0","nomEli":"Cuartos de Final","nomGrupo":null},{"jornada":"106","fecha":"2016-08-11","hora_prevista":"03:00:00","grupo_id":"15","nomCasa":"Sudáfrica","nomFuera":"Iraq","clasificado":"0","goles_local":"1","goles_visitante":"1","nomEli":"Octavos de Final","nomGrupo":"Grupo A"},{"jornada":"106","fecha":"2016-08-11","hora_prevista":"03:00:00","grupo_id":"15","nomCasa":"Dinamarca","nomFuera":"Brasil","clasificado":"0","goles_local":"0","goles_visitante":"4","nomEli":"Octavos de Final","nomGrupo":"Grupo A"},{"jornada":"106","fecha":"2016-08-11","hora_prevista":"00:00:00","grupo_id":"16","nomCasa":"Colombia","nomFuera":"Nigeria","clasificado":"0","goles_local":"2","goles_visitante":"0","nomEli":"Octavos de Final","nomGrupo":"Grupo B"},{"jornada":"106","fecha":"2016-08-11","hora_prevista":"00:00:00","grupo_id":"16","nomCasa":"Japón","nomFuera":"Suecia","clasificado":"0","goles_local":"1","goles_visitante":"0","nomEli":"Octavos de Final","nomGrupo":"Grupo B"},{"jornada":"106","fecha":"2016-08-10","hora_prevista":"18:00:00","grupo_id":"18","nomCasa":"Argentina","nomFuera":"Honduras","clasificado":"0","goles_local":"1","goles_visitante":"1","nomEli":"Octavos de Final","nomGrupo":"Grupo D"},{"jornada":"106","fecha":"2016-08-10","hora_prevista":"18:00:00","grupo_id":"18","nomCasa":"Argelia","nomFuera":"Portugal","clasificado":"0","goles_local":"1","goles_visitante":"1","nomEli":"Octavos de Final","nomGrupo":"Grupo D"},{"jornada":"106","fecha":"2016-08-10","hora_prevista":"21:00:00","grupo_id":"17","nomCasa":"Corea del Sur","nomFuera":"México","clasificado":"0","goles_local":"1","goles_visitante":"0","nomEli":"Octavos de Final","nomGrupo":"Grupo C"},{"jornada":"106","fecha":"2016-08-10","hora_prevista":"21:00:00","grupo_id":"17","nomCasa":"Alemania","nomFuera":"Fiyi","clasificado":"0","goles_local":"10","goles_visitante":"0","nomEli":"Octavos de Final","nomGrupo":"Grupo C"},{"jornada":"106","fecha":"2016-08-08","hora_prevista":"03:00:00","grupo_id":"16","nomCasa":"Japón","nomFuera":"Colombia","clasificado":"0","goles_local":"2","goles_visitante":"2","nomEli":"Octavos de Final","nomGrupo":"Grupo B"},{"jornada":"106","fecha":"2016-08-08","hora_prevista":"00:00:00","grupo_id":"15","nomCasa":"Dinamarca","nomFuera":"Sudáfrica","clasificado":"0","goles_local":"1","goles_visitante":"0","nomEli":"Octavos de Final","nomGrupo":"Grupo A"},{"jornada":"106","fecha":"2016-08-08","hora_prevista":"03:00:00","grupo_id":"15","nomCasa":"Brasil","nomFuera":"Iraq","clasificado":"0","goles_local":"0","goles_visitante":"0","nomEli":"Octavos de Final","nomGrupo":"Grupo A"},{"jornada":"106","fecha":"2016-08-08","hora_prevista":"00:00:00","grupo_id":"16","nomCasa":"Suecia","nomFuera":"Nigeria","clasificado":"0","goles_local":"0","goles_visitante":"1","nomEli":"Octavos de Final","nomGrupo":"Grupo B"},{"jornada":"106","fecha":"2016-08-07","hora_prevista":"21:00:00","grupo_id":"17","nomCasa":"Alemania","nomFuera":"Corea del Sur","clasificado":"0","goles_local":"3","goles_visitante":"3","nomEli":"Octavos de Final","nomGrupo":"Grupo C"},{"jornada":"106","fecha":"2016-08-07","hora_prevista":"23:00:00","grupo_id":"18","nomCasa":"Argentina","nomFuera":"Argelia","clasificado":"0","goles_local":"2","goles_visitante":"1","nomEli":"Octavos de Final","nomGrupo":"Grupo D"},{"jornada":"106","fecha":"2016-08-07","hora_prevista":"20:00:00","grupo_id":"18","nomCasa":"Honduras","nomFuera":"Portugal","clasificado":"0","goles_local":"1","goles_visitante":"2","nomEli":"Octavos de Final","nomGrupo":"Grupo D"},{"jornada":"106","fecha":"2016-08-07","hora_prevista":"18:00:00","grupo_id":"17","nomCasa":"Fiyi","nomFuera":"México","clasificado":"0","goles_local":"1","goles_visitante":"5","nomEli":"Octavos de Final","nomGrupo":"Grupo C"},{"jornada":"106","fecha":"2016-08-05","hora_prevista":"00:00:00","grupo_id":"16","nomCasa":"Suecia","nomFuera":"Colombia","clasificado":"0","goles_local":"2","goles_visitante":"2","nomEli":"Octavos de Final","nomGrupo":"Grupo B"},{"jornada":"106","fecha":"2016-08-05","hora_prevista":"01:00:00","grupo_id":"17","nomCasa":"Fiyi","nomFuera":"Corea del Sur","clasificado":"0","goles_local":"0","goles_visitante":"8","nomEli":"Octavos de Final","nomGrupo":"Grupo C"},{"jornada":"106","fecha":"2016-08-05","hora_prevista":"03:00:00","grupo_id":"16","nomCasa":"Nigeria","nomFuera":"Japón","clasificado":"0","goles_local":"5","goles_visitante":"4","nomEli":"Octavos de Final","nomGrupo":"Grupo B"},{"jornada":"106","fecha":"2016-08-04","hora_prevista":"21:00:00","grupo_id":"15","nomCasa":"Brasil","nomFuera":"Sudáfrica","clasificado":"0","goles_local":"0","goles_visitante":"0","nomEli":"Octavos de Final","nomGrupo":"Grupo A"},{"jornada":"106","fecha":"2016-08-04","hora_prevista":"23:00:00","grupo_id":"18","nomCasa":"Portugal","nomFuera":"Argentina","clasificado":"0","goles_local":"2","goles_visitante":"0","nomEli":"Octavos de Final","nomGrupo":"Grupo D"},{"jornada":"106","fecha":"2016-08-04","hora_prevista":"22:00:00","grupo_id":"17","nomCasa":"México","nomFuera":"Alemania","clasificado":"0","goles_local":"2","goles_visitante":"2","nomEli":"Octavos de Final","nomGrupo":"Grupo C"},{"jornada":"106","fecha":"2016-08-04","hora_prevista":"20:00:00","grupo_id":"18","nomCasa":"Honduras","nomFuera":"Argelia","clasificado":"0","goles_local":"3","goles_visitante":"2","nomEli":"Octavos de Final","nomGrupo":"Grupo D"},{"jornada":"106","fecha":"2016-08-04","hora_prevista":"18:00:00","grupo_id":"15","nomCasa":"Iraq","nomFuera":"Dinamarca","clasificado":"0","goles_local":"0","goles_visitante":"0","nomEli":"Octavos de Final","nomGrupo":"Grupo A"}]