[{"jornada":"93","fecha":"2022-05-28","hora_prevista":"13:00:00","grupo_id":null,"nomCasa":"UD Ibarra","nomFuera":"UD Longuera-Toscal","clasificado":"1","goles_local":"1","goles_visitante":"0","nomEli":"Finales - Vuelta","nomGrupo":null},{"jornada":"93","fecha":"2022-05-28","hora_prevista":"13:00:00","grupo_id":null,"nomCasa":"CD Puerto Cruz","nomFuera":"CD Ofra","clasificado":"1","goles_local":"1","goles_visitante":"1","nomEli":"Finales - Vuelta","nomGrupo":null},{"jornada":"91","fecha":"2022-05-21","hora_prevista":"13:00:00","grupo_id":null,"nomCasa":"UD Longuera-Toscal","nomFuera":"UD Ibarra","clasificado":"0","goles_local":"0","goles_visitante":"0","nomEli":"Finales - Ida","nomGrupo":null},{"jornada":"91","fecha":"2022-05-21","hora_prevista":"13:00:00","grupo_id":null,"nomCasa":"CD Ofra","nomFuera":"CD Puerto Cruz","clasificado":"0","goles_local":"2","goles_visitante":"2","nomEli":"Finales - Ida","nomGrupo":null},{"jornada":"154","fecha":"2022-05-14","hora_prevista":"13:00:00","grupo_id":null,"nomCasa":"CD Llano del Moro","nomFuera":"CD Ofra","clasificado":"2","goles_local":"2","goles_visitante":"3","nomEli":"Semifinales - Vuelta","nomGrupo":null},{"jornada":"154","fecha":"2022-05-14","hora_prevista":"13:00:00","grupo_id":null,"nomCasa":"CD Puerto Cruz","nomFuera":"SD Tenisca","clasificado":"1","goles_local":"2","goles_visitante":"2","nomEli":"Semifinales - Vuelta","nomGrupo":null},{"jornada":"154","fecha":"2022-05-14","hora_prevista":"13:00:00","grupo_id":null,"nomCasa":"UD Longuera-Toscal","nomFuera":"CD Atlético Paso","clasificado":"1","goles_local":"6","goles_visitante":"1","nomEli":"Semifinales - Vuelta","nomGrupo":null},{"jornada":"154","fecha":"2022-05-13","hora_prevista":"21:30:00","grupo_id":null,"nomCasa":"UD Ibarra","nomFuera":"CD Santa Úrsula","clasificado":"1","goles_local":"2","goles_visitante":"2","nomEli":"Semifinales - Vuelta","nomGrupo":null},{"jornada":"151","fecha":"2022-05-07","hora_prevista":"13:00:00","grupo_id":null,"nomCasa":"CD Atlético Paso","nomFuera":"UD Longuera-Toscal","clasificado":"0","goles_local":"1","goles_visitante":"1","nomEli":"Semifinales - Ida","nomGrupo":null},{"jornada":"151","fecha":"2022-05-07","hora_prevista":"13:00:00","grupo_id":null,"nomCasa":"SD Tenisca","nomFuera":"CD Puerto Cruz","clasificado":"0","goles_local":"0","goles_visitante":"1","nomEli":"Semifinales - Ida","nomGrupo":null},{"jornada":"151","fecha":"2022-05-07","hora_prevista":"13:00:00","grupo_id":null,"nomCasa":"CD Ofra","nomFuera":"CD Llano del Moro","clasificado":"0","goles_local":"0","goles_visitante":"0","nomEli":"Semifinales - Ida","nomGrupo":null},{"jornada":"151","fecha":"2022-05-06","hora_prevista":"21:30:00","grupo_id":null,"nomCasa":"CD Santa Úrsula","nomFuera":"UD Ibarra","clasificado":"0","goles_local":"0","goles_visitante":"1","nomEli":"Semifinales - Ida","nomGrupo":null}]