[{"jornada":"93","fecha":"2022-05-22","hora_prevista":"10:00:00","grupo_id":null,"nomCasa":"Calamonte UD","nomFuera":"EF Puebla de la Calzada","clasificado":"2","goles_local":"1","goles_visitante":"2","nomEli":"Finales - Vuelta","nomGrupo":null},{"jornada":"93","fecha":"2022-05-22","hora_prevista":"19:00:00","grupo_id":null,"nomCasa":"CD Ilipense-Zalamea","nomFuera":"CF Piornal","clasificado":"1","goles_local":"0","goles_visitante":"0","nomEli":"Finales - Vuelta","nomGrupo":null},{"jornada":"91","fecha":"2022-05-15","hora_prevista":"20:00:00","grupo_id":null,"nomCasa":"EF Puebla de la Calzada","nomFuera":"Calamonte UD","clasificado":"0","goles_local":"1","goles_visitante":"1","nomEli":"Finales - Ida","nomGrupo":null},{"jornada":"91","fecha":"2022-05-14","hora_prevista":"18:30:00","grupo_id":null,"nomCasa":"CF Piornal","nomFuera":"CD Ilipense-Zalamea","clasificado":"0","goles_local":"1","goles_visitante":"3","nomEli":"Finales - Ida","nomGrupo":null},{"jornada":"154","fecha":"2022-05-08","hora_prevista":"19:00:00","grupo_id":null,"nomCasa":"CD Ilipense-Zalamea","nomFuera":"CP Monesterio","clasificado":"2","goles_local":"2","goles_visitante":"2","nomEli":"Semifinales - Vuelta","nomGrupo":null},{"jornada":"154","fecha":"2022-05-08","hora_prevista":"19:00:00","grupo_id":null,"nomCasa":"CD Santa Marta","nomFuera":"EF Puebla de la Calzada","clasificado":"1","goles_local":"4","goles_visitante":"1","nomEli":"Semifinales - Vuelta","nomGrupo":null},{"jornada":"154","fecha":"2022-05-08","hora_prevista":"12:15:00","grupo_id":null,"nomCasa":"AD Ciudad de Plasencia CF","nomFuera":"Calamonte UD","clasificado":"1","goles_local":"4","goles_visitante":"0","nomEli":"Semifinales - Vuelta","nomGrupo":null},{"jornada":"154","fecha":"2022-05-07","hora_prevista":"19:00:00","grupo_id":null,"nomCasa":"CD Valdelacalzada","nomFuera":"CF Piornal","clasificado":"1","goles_local":"1","goles_visitante":"0","nomEli":"Semifinales - Vuelta","nomGrupo":null},{"jornada":"151","fecha":"2022-05-02","hora_prevista":"18:00:00","grupo_id":null,"nomCasa":"Calamonte UD","nomFuera":"AD Ciudad de Plasencia CF","clasificado":"0","goles_local":"1","goles_visitante":"0","nomEli":"Semifinales - Ida","nomGrupo":null},{"jornada":"151","fecha":"2022-05-01","hora_prevista":"19:00:00","grupo_id":null,"nomCasa":"EF Puebla de la Calzada","nomFuera":"CD Santa Marta","clasificado":"0","goles_local":"2","goles_visitante":"1","nomEli":"Semifinales - Ida","nomGrupo":null},{"jornada":"151","fecha":"2022-05-01","hora_prevista":"18:00:00","grupo_id":null,"nomCasa":"CF Piornal","nomFuera":"CD Valdelacalzada","clasificado":"0","goles_local":"2","goles_visitante":"4","nomEli":"Semifinales - Ida","nomGrupo":null},{"jornada":"151","fecha":"2022-05-01","hora_prevista":"12:00:00","grupo_id":null,"nomCasa":"CP Monesterio","nomFuera":"CD Ilipense-Zalamea","clasificado":"0","goles_local":"1","goles_visitante":"0","nomEli":"Semifinales - Ida","nomGrupo":null},{"jornada":"55","fecha":"2022-04-24","hora_prevista":"19:00:00","grupo_id":null,"nomCasa":"CD Ilipense-Zalamea","nomFuera":"SC La Garrovilla","clasificado":"2","goles_local":"2","goles_visitante":"2","nomEli":"Cuartos de Final - Vuelta","nomGrupo":null},{"jornada":"55","fecha":"2022-04-24","hora_prevista":"18:30:00","grupo_id":null,"nomCasa":"CD Valdelacalzada","nomFuera":"CP Malpartida","clasificado":"2","goles_local":"3","goles_visitante":"6","nomEli":"Cuartos de Final - Vuelta","nomGrupo":null},{"jornada":"55","fecha":"2022-04-24","hora_prevista":"18:00:00","grupo_id":null,"nomCasa":"CD Santa Marta","nomFuera":"CD Monterrubio","clasificado":"2","goles_local":"2","goles_visitante":"1","nomEli":"Cuartos de Final - Vuelta","nomGrupo":null},{"jornada":"55","fecha":"2022-04-24","hora_prevista":"18:00:00","grupo_id":null,"nomCasa":"AD Valdefuentes","nomFuera":"CP Monesterio","clasificado":"1","goles_local":"2","goles_visitante":"0","nomEli":"Cuartos de Final - Vuelta","nomGrupo":null},{"jornada":"55","fecha":"2022-04-24","hora_prevista":"18:00:00","grupo_id":null,"nomCasa":"EMD Solana","nomFuera":"Calamonte UD","clasificado":"1","goles_local":"5","goles_visitante":"0","nomEli":"Cuartos de Final - Vuelta","nomGrupo":null},{"jornada":"55","fecha":"2022-04-24","hora_prevista":"18:00:00","grupo_id":null,"nomCasa":"CP Alburquerque","nomFuera":"CF Piornal","clasificado":"1","goles_local":"5","goles_visitante":"0","nomEli":"Cuartos de Final - Vuelta","nomGrupo":null},{"jornada":"55","fecha":"2022-04-24","hora_prevista":"12:15:00","grupo_id":null,"nomCasa":"CD Cabeza del Buey","nomFuera":"EF Puebla de la Calzada","clasificado":"1","goles_local":"2","goles_visitante":"0","nomEli":"Cuartos de Final - Vuelta","nomGrupo":null},{"jornada":"55","fecha":"2022-04-24","hora_prevista":"11:00:00","grupo_id":null,"nomCasa":"AD Ciudad de Plasencia CF","nomFuera":"UD Talavera","clasificado":"2","goles_local":"0","goles_visitante":"2","nomEli":"Cuartos de Final - Vuelta","nomGrupo":null},{"jornada":"3","fecha":"2022-04-17","hora_prevista":"12:30:00","grupo_id":null,"nomCasa":"CP Monesterio","nomFuera":"AD Valdefuentes","clasificado":"0","goles_local":"1","goles_visitante":"1","nomEli":" Cuartos de Final - Ida","nomGrupo":null},{"jornada":"3","fecha":"2022-04-17","hora_prevista":"12:30:00","grupo_id":null,"nomCasa":"UD Talavera","nomFuera":"AD Ciudad de Plasencia CF","clasificado":"0","goles_local":"2","goles_visitante":"0","nomEli":" Cuartos de Final - Ida","nomGrupo":null},{"jornada":"3","fecha":"2022-04-17","hora_prevista":"17:15:00","grupo_id":null,"nomCasa":"CF Piornal","nomFuera":"CP Alburquerque","clasificado":"0","goles_local":"1","goles_visitante":"3","nomEli":" Cuartos de Final - Ida","nomGrupo":null},{"jornada":"3","fecha":"2022-04-17","hora_prevista":"18:00:00","grupo_id":null,"nomCasa":"CP Malpartida","nomFuera":"CD Valdelacalzada","clasificado":"0","goles_local":"1","goles_visitante":"1","nomEli":" Cuartos de Final - Ida","nomGrupo":null},{"jornada":"3","fecha":"2022-04-17","hora_prevista":"18:30:00","grupo_id":null,"nomCasa":"EF Puebla de la Calzada","nomFuera":"CD Cabeza del Buey","clasificado":"0","goles_local":"1","goles_visitante":"2","nomEli":" Cuartos de Final - Ida","nomGrupo":null},{"jornada":"3","fecha":"2022-04-17","hora_prevista":"19:00:00","grupo_id":null,"nomCasa":"SC La Garrovilla","nomFuera":"CD Ilipense-Zalamea","clasificado":"0","goles_local":"2","goles_visitante":"0","nomEli":" Cuartos de Final - Ida","nomGrupo":null},{"jornada":"3","fecha":"2022-04-16","hora_prevista":"18:00:00","grupo_id":null,"nomCasa":"CD Monterrubio","nomFuera":"CD Santa Marta","clasificado":"0","goles_local":"8","goles_visitante":"2","nomEli":" Cuartos de Final - Ida","nomGrupo":null},{"jornada":"3","fecha":"2022-04-14","hora_prevista":"12:00:00","grupo_id":null,"nomCasa":"Calamonte UD","nomFuera":"EMD Solana","clasificado":"0","goles_local":"2","goles_visitante":"4","nomEli":" Cuartos de Final - Ida","nomGrupo":null}]