[{"jornada":"84","fecha":"2022-05-08","hora_prevista":"17:30:00","grupo_id":null,"nomCasa":"SK Slovan Bratislava","nomFuera":"FC Spartak Trnava","clasificado":"2","goles_local":"1","goles_visitante":"2","nomEli":"Final","nomGrupo":null},{"jornada":"154","fecha":"2022-04-20","hora_prevista":"19:30:00","grupo_id":null,"nomCasa":"FK Senica","nomFuera":"FC Spartak Trnava","clasificado":"2","goles_local":"0","goles_visitante":"4","nomEli":"Semifinales - Vuelta","nomGrupo":null},{"jornada":"154","fecha":"2022-04-19","hora_prevista":"19:30:00","grupo_id":null,"nomCasa":"SK Slovan Bratislava","nomFuera":"AS Trencín","clasificado":"1","goles_local":"2","goles_visitante":"1","nomEli":"Semifinales - Vuelta","nomGrupo":null},{"jornada":"151","fecha":"2022-04-07","hora_prevista":"19:45:00","grupo_id":null,"nomCasa":"AS Trencín","nomFuera":"SK Slovan Bratislava","clasificado":"0","goles_local":"0","goles_visitante":"0","nomEli":"Semifinales - Ida","nomGrupo":null},{"jornada":"151","fecha":"2022-04-06","hora_prevista":"19:45:00","grupo_id":null,"nomCasa":"FC Spartak Trnava","nomFuera":"FK Senica","clasificado":"0","goles_local":"3","goles_visitante":"0","nomEli":"Semifinales - Ida","nomGrupo":null}]