[{"jornada":"84","fecha":"2022-05-26","hora_prevista":"20:00:00","grupo_id":null,"nomCasa":"KF Llapi","nomFuera":"KF Drita","clasificado":"1","goles_local":"2","goles_visitante":"1","nomEli":"Final","nomGrupo":null},{"jornada":"154","fecha":"2022-04-13","hora_prevista":"14:00:00","grupo_id":null,"nomCasa":"KF Ramiz Sadiku","nomFuera":"KF Drita","clasificado":"2","goles_local":"2","goles_visitante":"2","nomEli":"Semifinales - Vuelta","nomGrupo":null},{"jornada":"154","fecha":"2022-04-13","hora_prevista":"14:00:00","grupo_id":null,"nomCasa":"KF Llapi","nomFuera":"FC Prishtina","clasificado":"1","goles_local":"2","goles_visitante":"0","nomEli":"Semifinales - Vuelta","nomGrupo":null},{"jornada":"151","fecha":"2022-04-07","hora_prevista":"14:00:00","grupo_id":null,"nomCasa":"KF Drita","nomFuera":"KF Ramiz Sadiku","clasificado":"0","goles_local":"3","goles_visitante":"0","nomEli":"Semifinales - Ida","nomGrupo":null},{"jornada":"151","fecha":"2022-04-07","hora_prevista":"14:00:00","grupo_id":null,"nomCasa":"FC Prishtina","nomFuera":"KF Llapi","clasificado":"0","goles_local":"2","goles_visitante":"1","nomEli":"Semifinales - Ida","nomGrupo":null}]