[{"jornada":"84","fecha":"2021-09-05","hora_prevista":"17:30:00","grupo_id":null,"nomCasa":"Alondras CF","nomFuera":"UD Somozas","clasificado":"1","goles_local":"1","goles_visitante":"0","nomEli":"Final","nomGrupo":null},{"jornada":"148","fecha":"2021-09-01","hora_prevista":"20:00:00","grupo_id":null,"nomCasa":"UD Somozas","nomFuera":"CD Estradense","clasificado":"1","goles_local":"3","goles_visitante":"1","nomEli":"Semifinales","nomGrupo":null},{"jornada":"148","fecha":"2021-08-21","hora_prevista":"19:30:00","grupo_id":null,"nomCasa":"Alondras CF","nomFuera":"Club Rápido de Bouzas","clasificado":"1","goles_local":"1","goles_visitante":"1","nomEli":"Semifinales","nomGrupo":null},{"jornada":"48","fecha":"2021-08-18","hora_prevista":"21:00:00","grupo_id":null,"nomCasa":"CD Estradense","nomFuera":"SD Compostela","clasificado":"1","goles_local":"1","goles_visitante":"0","nomEli":"Cuartos de Final","nomGrupo":null},{"jornada":"48","fecha":"2021-08-15","hora_prevista":"19:30:00","grupo_id":null,"nomCasa":"Alondras CF","nomFuera":"Ourense CF","clasificado":"1","goles_local":"1","goles_visitante":"1","nomEli":"Cuartos de Final","nomGrupo":null},{"jornada":"48","fecha":"2021-08-14","hora_prevista":"19:00:00","grupo_id":null,"nomCasa":"Club Rápido de Bouzas","nomFuera":"Coruxo FC","clasificado":"1","goles_local":"2","goles_visitante":"1","nomEli":"Cuartos de Final","nomGrupo":null},{"jornada":"118","fecha":"2021-08-13","hora_prevista":"21:00:00","grupo_id":null,"nomCasa":"CD Estradense","nomFuera":"CSD Arzúa","clasificado":"1","goles_local":"0","goles_visitante":"0","nomEli":"Primera Eliminatoria","nomGrupo":null},{"jornada":"118","fecha":"2021-08-08","hora_prevista":"20:30:00","grupo_id":null,"nomCasa":"Arosa SC","nomFuera":"Club Rápido de Bouzas","clasificado":"2","goles_local":"0","goles_visitante":"2","nomEli":"Primera Eliminatoria","nomGrupo":null},{"jornada":"118","fecha":"2021-08-07","hora_prevista":"20:00:00","grupo_id":null,"nomCasa":"CD Choco","nomFuera":"Coruxo FC","clasificado":"2","goles_local":"1","goles_visitante":"2","nomEli":"Primera Eliminatoria","nomGrupo":null},{"jornada":"118","fecha":"2021-08-07","hora_prevista":"19:30:00","grupo_id":null,"nomCasa":"Alondras CF","nomFuera":"Pontevedra CF","clasificado":"1","goles_local":"0","goles_visitante":"0","nomEli":"Primera Eliminatoria","nomGrupo":null}]