[{"jornada":"87","fecha":"2022-05-13","hora_prevista":"17:00:00","grupo_id":null,"nomCasa":"FK Mladá Boleslav","nomFuera":"SK Sigma Olomouc","clasificado":"1","goles_local":"2","goles_visitante":"2","nomEli":"Final - Vuelta","nomGrupo":null},{"jornada":"85","fecha":"2022-05-06","hora_prevista":"17:00:00","grupo_id":null,"nomCasa":"SK Sigma Olomouc","nomFuera":"FK Mladá Boleslav","clasificado":"0","goles_local":"1","goles_visitante":"2","nomEli":"Final - Ida","nomGrupo":null},{"jornada":"154","fecha":"2022-04-30","hora_prevista":"16:00:00","grupo_id":null,"nomCasa":"FK Mladá Boleslav","nomFuera":"SK Dynamo Ceské Budejovice","clasificado":"1","goles_local":"1","goles_visitante":"0","nomEli":"Semifinales - Vuelta","nomGrupo":null},{"jornada":"154","fecha":"2022-04-30","hora_prevista":"16:00:00","grupo_id":null,"nomCasa":"FC Slovan Liberec","nomFuera":"SK Sigma Olomouc","clasificado":"2","goles_local":"0","goles_visitante":"2","nomEli":"Semifinales - Vuelta","nomGrupo":null},{"jornada":"151","fecha":"2022-04-24","hora_prevista":"16:00:00","grupo_id":null,"nomCasa":"SK Dynamo Ceské Budejovice","nomFuera":"FK Mladá Boleslav","clasificado":"0","goles_local":"2","goles_visitante":"3","nomEli":"Semifinales - Ida","nomGrupo":null},{"jornada":"151","fecha":"2022-04-24","hora_prevista":"16:00:00","grupo_id":null,"nomCasa":"SK Sigma Olomouc","nomFuera":"FC Slovan Liberec","clasificado":"0","goles_local":"1","goles_visitante":"0","nomEli":"Semifinales - Ida","nomGrupo":null}]