[{"jornada":"84","fecha":"2021-09-08","hora_prevista":"18:00:00","grupo_id":null,"nomCasa":"CD Llanes","nomFuera":"Real Avilés CF","clasificado":"2","goles_local":"1","goles_visitante":"1","nomEli":"Final","nomGrupo":null},{"jornada":"148","fecha":"2021-08-29","hora_prevista":"18:00:00","grupo_id":null,"nomCasa":"Real Avilés CF","nomFuera":"Caudal Deportivo","clasificado":"1","goles_local":"3","goles_visitante":"1","nomEli":"Semifinales","nomGrupo":null},{"jornada":"148","fecha":"2021-08-28","hora_prevista":"17:00:00","grupo_id":null,"nomCasa":"CD Lealtad de Villaviciosa","nomFuera":"CD Llanes","clasificado":"2","goles_local":"0","goles_visitante":"1","nomEli":"Semifinales","nomGrupo":null},{"jornada":"49","fecha":"2021-08-25","hora_prevista":"19:00:00","grupo_id":"7","nomCasa":"CD Covadonga","nomFuera":"CD Llanes","clasificado":"0","goles_local":"0","goles_visitante":"1","nomEli":"Cuartos de Final","nomGrupo":"Grupo 2"},{"jornada":"49","fecha":"2021-08-25","hora_prevista":"18:00:00","grupo_id":"2","nomCasa":"CD Lealtad de Villaviciosa","nomFuera":"EI San Martín RA","clasificado":"0","goles_local":"0","goles_visitante":"0","nomEli":"Cuartos de Final","nomGrupo":"Grupo 1"},{"jornada":"49","fecha":"2021-08-25","hora_prevista":"20:00:00","grupo_id":"8","nomCasa":"Club Marino de Luanco","nomFuera":"Real Avilés CF","clasificado":"0","goles_local":"0","goles_visitante":"0","nomEli":"Cuartos de Final","nomGrupo":"Grupo 3"},{"jornada":"49","fecha":"2021-08-25","hora_prevista":"19:30:00","grupo_id":"9","nomCasa":"Caudal Deportivo","nomFuera":"L´Entregu CF","clasificado":"0","goles_local":"0","goles_visitante":"0","nomEli":"Cuartos de Final","nomGrupo":"Grupo 4"},{"jornada":"49","fecha":"2021-08-22","hora_prevista":"18:15:00","grupo_id":"8","nomCasa":"Real Avilés CF","nomFuera":"UD Gijón Industrial","clasificado":"0","goles_local":"2","goles_visitante":"0","nomEli":"Cuartos de Final","nomGrupo":"Grupo 3"},{"jornada":"49","fecha":"2021-08-22","hora_prevista":"12:30:00","grupo_id":"7","nomCasa":"CD Llanes","nomFuera":"CD Tuilla","clasificado":"0","goles_local":"2","goles_visitante":"0","nomEli":"Cuartos de Final","nomGrupo":"Grupo 2"},{"jornada":"49","fecha":"2021-08-22","hora_prevista":"18:30:00","grupo_id":"9","nomCasa":"L´Entregu CF","nomFuera":"SD Lenense","clasificado":"0","goles_local":"3","goles_visitante":"0","nomEli":"Cuartos de Final","nomGrupo":"Grupo 4"},{"jornada":"49","fecha":"2021-08-22","hora_prevista":"12:00:00","grupo_id":"2","nomCasa":"EI San Martín RA","nomFuera":"Urraca CF","clasificado":"0","goles_local":"0","goles_visitante":"0","nomEli":"Cuartos de Final","nomGrupo":"Grupo 1"},{"jornada":"49","fecha":"2021-08-18","hora_prevista":"19:30:00","grupo_id":"9","nomCasa":"SD Lenense","nomFuera":"Caudal Deportivo","clasificado":"0","goles_local":"0","goles_visitante":"0","nomEli":"Cuartos de Final","nomGrupo":"Grupo 4"},{"jornada":"49","fecha":"2021-08-18","hora_prevista":"19:15:00","grupo_id":"8","nomCasa":"UD Gijón Industrial","nomFuera":"Club Marino de Luanco","clasificado":"0","goles_local":"1","goles_visitante":"1","nomEli":"Cuartos de Final","nomGrupo":"Grupo 3"},{"jornada":"49","fecha":"2021-08-18","hora_prevista":"18:30:00","grupo_id":"7","nomCasa":"CD Tuilla","nomFuera":"CD Covadonga","clasificado":"0","goles_local":"1","goles_visitante":"0","nomEli":"Cuartos de Final","nomGrupo":"Grupo 2"},{"jornada":"49","fecha":"2021-08-18","hora_prevista":"20:30:00","grupo_id":"2","nomCasa":"Urraca CF","nomFuera":"CD Lealtad de Villaviciosa","clasificado":"0","goles_local":"1","goles_visitante":"1","nomEli":"Cuartos de Final","nomGrupo":"Grupo 1"},{"jornada":"49","fecha":"2021-08-15","hora_prevista":"12:30:00","grupo_id":"7","nomCasa":"CD Llanes","nomFuera":"CD Covadonga","clasificado":"0","goles_local":"4","goles_visitante":"0","nomEli":"Cuartos de Final","nomGrupo":"Grupo 2"},{"jornada":"49","fecha":"2021-08-15","hora_prevista":"12:00:00","grupo_id":"2","nomCasa":"EI San Martín RA","nomFuera":"CD Lealtad de Villaviciosa","clasificado":"0","goles_local":"1","goles_visitante":"2","nomEli":"Cuartos de Final","nomGrupo":"Grupo 1"},{"jornada":"49","fecha":"2021-08-14","hora_prevista":"18:30:00","grupo_id":"8","nomCasa":"Real Avilés CF","nomFuera":"Club Marino de Luanco","clasificado":"0","goles_local":"2","goles_visitante":"0","nomEli":"Cuartos de Final","nomGrupo":"Grupo 3"},{"jornada":"49","fecha":"2021-08-14","hora_prevista":"18:30:00","grupo_id":"9","nomCasa":"L´Entregu CF","nomFuera":"Caudal Deportivo","clasificado":"0","goles_local":"0","goles_visitante":"1","nomEli":"Cuartos de Final","nomGrupo":"Grupo 4"},{"jornada":"49","fecha":"2021-08-11","hora_prevista":"19:30:00","grupo_id":"9","nomCasa":"SD Lenense","nomFuera":"L´Entregu CF","clasificado":"0","goles_local":"0","goles_visitante":"3","nomEli":"Cuartos de Final","nomGrupo":"Grupo 4"},{"jornada":"49","fecha":"2021-08-11","hora_prevista":"19:15:00","grupo_id":"8","nomCasa":"UD Gijón Industrial","nomFuera":"Real Avilés CF","clasificado":"0","goles_local":"0","goles_visitante":"0","nomEli":"Cuartos de Final","nomGrupo":"Grupo 3"},{"jornada":"49","fecha":"2021-08-11","hora_prevista":"19:00:00","grupo_id":"7","nomCasa":"CD Tuilla","nomFuera":"CD Llanes","clasificado":"0","goles_local":"2","goles_visitante":"2","nomEli":"Cuartos de Final","nomGrupo":"Grupo 2"},{"jornada":"49","fecha":"2021-08-11","hora_prevista":"20:00:00","grupo_id":"2","nomCasa":"Urraca CF","nomFuera":"EI San Martín RA","clasificado":"0","goles_local":"1","goles_visitante":"0","nomEli":"Cuartos de Final","nomGrupo":"Grupo 1"},{"jornada":"49","fecha":"2021-08-08","hora_prevista":"12:00:00","grupo_id":"2","nomCasa":"CD Lealtad de Villaviciosa","nomFuera":"Urraca CF","clasificado":"0","goles_local":"1","goles_visitante":"0","nomEli":"Cuartos de Final","nomGrupo":"Grupo 1"},{"jornada":"49","fecha":"2021-08-07","hora_prevista":"19:30:00","grupo_id":"9","nomCasa":"Caudal Deportivo","nomFuera":"SD Lenense","clasificado":"0","goles_local":"1","goles_visitante":"0","nomEli":"Cuartos de Final","nomGrupo":"Grupo 4"},{"jornada":"49","fecha":"2021-08-07","hora_prevista":"20:00:00","grupo_id":"8","nomCasa":"Club Marino de Luanco","nomFuera":"UD Gijón Industrial","clasificado":"0","goles_local":"4","goles_visitante":"0","nomEli":"Cuartos de Final","nomGrupo":"Grupo 3"},{"jornada":"49","fecha":"2021-08-07","hora_prevista":"18:30:00","grupo_id":"7","nomCasa":"CD Covadonga","nomFuera":"CD Tuilla","clasificado":"0","goles_local":"1","goles_visitante":"1","nomEli":"Cuartos de Final","nomGrupo":"Grupo 2"}]