[{"jornada":"90","fecha":"2020-07-26","hora_prevista":"10:00:00","grupo_id":null,"nomCasa":"CD Monte","nomFuera":"RCD Espanyol B","clasificado":"2","goles_local":"1","goles_visitante":"2","nomEli":"Finales","nomGrupo":null},{"jornada":"90","fecha":"2020-07-26","hora_prevista":"20:30:00","grupo_id":null,"nomCasa":"FF La Solana","nomFuera":"CF Unión Viera","clasificado":"1","goles_local":"1","goles_visitante":"0","nomEli":"Finales","nomGrupo":null},{"jornada":"90","fecha":"2020-07-25","hora_prevista":"10:00:00","grupo_id":null,"nomCasa":"CF Joventut Almassora","nomFuera":"Real Betis Balompié B","clasificado":"1","goles_local":"1","goles_visitante":"0","nomEli":"Finales","nomGrupo":null},{"jornada":"90","fecha":"2020-07-25","hora_prevista":"20:30:00","grupo_id":null,"nomCasa":"Añorga KKE","nomFuera":"UD Aldaia CF","clasificado":"2","goles_local":"0","goles_visitante":"1","nomEli":"Finales","nomGrupo":null}]