[{"jornada":"84","fecha":"2022-05-18","hora_prevista":"17:00:00","grupo_id":null,"nomCasa":"1. FC Slovácko","nomFuera":"AC Sparta Praha","clasificado":"1","goles_local":"3","goles_visitante":"1","nomEli":"Final","nomGrupo":null},{"jornada":"148","fecha":"2022-03-25","hora_prevista":"17:00:00","grupo_id":null,"nomCasa":"FC Hradec Králové","nomFuera":"1. FC Slovácko","clasificado":"2","goles_local":"0","goles_visitante":"1","nomEli":"Semifinales","nomGrupo":null},{"jornada":"148","fecha":"2022-03-02","hora_prevista":"18:00:00","grupo_id":null,"nomCasa":"AC Sparta Praha","nomFuera":"FK Jablonec","clasificado":"1","goles_local":"4","goles_visitante":"3","nomEli":"Semifinales","nomGrupo":null}]