[{"jornada":"87","fecha":"2022-05-29","hora_prevista":"17:00:00","grupo_id":null,"nomCasa":"SK Rapid Wien","nomFuera":"WSG Wattens","clasificado":"1","goles_local":"2","goles_visitante":"0","nomEli":"Final - Vuelta","nomGrupo":null},{"jornada":"85","fecha":"2022-05-26","hora_prevista":"17:00:00","grupo_id":null,"nomCasa":"WSG Wattens","nomFuera":"SK Rapid Wien","clasificado":"0","goles_local":"1","goles_visitante":"2","nomEli":"Final - Ida","nomGrupo":null},{"jornada":"145","fecha":"2022-05-23","hora_prevista":"19:00:00","grupo_id":null,"nomCasa":"WSG Wattens","nomFuera":"LASK Linz","clasificado":"1","goles_local":"2","goles_visitante":"1","nomEli":"Semifinal","nomGrupo":null}]