[{"jornada":"84","fecha":"2021-09-15","hora_prevista":"19:00:00","grupo_id":null,"nomCasa":"RS Gimnástica","nomFuera":"UM Escobedo","clasificado":"1","goles_local":"4","goles_visitante":"0","nomEli":"Final","nomGrupo":null},{"jornada":"148","fecha":"2021-08-29","hora_prevista":"19:00:00","grupo_id":null,"nomCasa":"UM Escobedo","nomFuera":"Selaya FC","clasificado":"1","goles_local":"1","goles_visitante":"1","nomEli":"Semifinales","nomGrupo":null},{"jornada":"148","fecha":"2021-08-28","hora_prevista":"19:00:00","grupo_id":null,"nomCasa":"RS Gimnástica","nomFuera":"UC Cartes","clasificado":"1","goles_local":"2","goles_visitante":"0","nomEli":"Semifinales","nomGrupo":null},{"jornada":"48","fecha":"2021-08-22","hora_prevista":"20:00:00","grupo_id":null,"nomCasa":"RS Gimnástica","nomFuera":"SD Textil Escudo","clasificado":"1","goles_local":"3","goles_visitante":"0","nomEli":"Cuartos de Final","nomGrupo":null},{"jornada":"48","fecha":"2021-08-22","hora_prevista":"17:00:00","grupo_id":null,"nomCasa":"UM Escobedo","nomFuera":"CF Vimenor","clasificado":"1","goles_local":"3","goles_visitante":"1","nomEli":"Cuartos de Final","nomGrupo":null},{"jornada":"48","fecha":"2021-08-21","hora_prevista":"17:00:00","grupo_id":null,"nomCasa":"CD Tropezón","nomFuera":"UC Cartes","clasificado":"2","goles_local":"1","goles_visitante":"1","nomEli":"Cuartos de Final","nomGrupo":null},{"jornada":"48","fecha":"2021-08-21","hora_prevista":"20:00:00","grupo_id":null,"nomCasa":"CD Laredo","nomFuera":"Selaya FC","clasificado":"2","goles_local":"1","goles_visitante":"1","nomEli":"Cuartos de Final","nomGrupo":null}]