[{"jornada":"84","fecha":"2022-05-27","hora_prevista":"20:00:00","grupo_id":null,"nomCasa":"FC DAC 1904 Dunajská Streda","nomFuera":"AS Trencín","clasificado":"1","goles_local":"2","goles_visitante":"1","nomEli":"Final","nomGrupo":null},{"jornada":"148","fecha":"2022-05-24","hora_prevista":"19:30:00","grupo_id":null,"nomCasa":"FC DAC 1904 Dunajská Streda","nomFuera":"MFK Tatran LM","clasificado":"1","goles_local":"4","goles_visitante":"2","nomEli":"Semifinales","nomGrupo":null},{"jornada":"148","fecha":"2022-05-24","hora_prevista":"18:00:00","grupo_id":null,"nomCasa":"MSK Zilina","nomFuera":"AS Trencín","clasificado":"2","goles_local":"0","goles_visitante":"2","nomEli":"Semifinales","nomGrupo":null}]