[{"jornada":"93","fecha":"2022-05-29","hora_prevista":"17:15:00","grupo_id":null,"nomCasa":"AFC Chindia Targoviste","nomFuera":"CS Concordia Chiajna","clasificado":"1","goles_local":"1","goles_visitante":"0","nomEli":"Finales - Vuelta","nomGrupo":null},{"jornada":"93","fecha":"2022-05-29","hora_prevista":"20:00:00","grupo_id":null,"nomCasa":"FC Dinamo Bucuresti","nomFuera":"FC Universitatea Cluj","clasificado":"2","goles_local":"1","goles_visitante":"1","nomEli":"Finales - Vuelta","nomGrupo":null},{"jornada":"91","fecha":"2022-05-21","hora_prevista":"14:30:00","grupo_id":null,"nomCasa":"CS Concordia Chiajna","nomFuera":"AFC Chindia Targoviste","clasificado":"0","goles_local":"2","goles_visitante":"1","nomEli":"Finales - Ida","nomGrupo":null},{"jornada":"91","fecha":"2022-05-21","hora_prevista":"19:30:00","grupo_id":null,"nomCasa":"FC Universitatea Cluj","nomFuera":"FC Dinamo Bucuresti","clasificado":"0","goles_local":"2","goles_visitante":"0","nomEli":"Finales - Ida","nomGrupo":null}]