[{"jornada":"84","fecha":"2021-09-22","hora_prevista":"18:30:00","grupo_id":null,"nomCasa":"CD Roda","nomFuera":"Atzeneta UE","clasificado":"2","goles_local":"0","goles_visitante":"0","nomEli":"Final","nomGrupo":null},{"jornada":"148","fecha":"2021-09-15","hora_prevista":"19:30:00","grupo_id":null,"nomCasa":"UD Benigànim","nomFuera":"Atzeneta UE","clasificado":"2","goles_local":"2","goles_visitante":"3","nomEli":"Semifinales","nomGrupo":null},{"jornada":"148","fecha":"2021-09-15","hora_prevista":"20:00:00","grupo_id":null,"nomCasa":"CD Roda","nomFuera":"Torrent CF","clasificado":"1","goles_local":"1","goles_visitante":"0","nomEli":"Semifinales","nomGrupo":null},{"jornada":"48","fecha":"2021-09-08","hora_prevista":"20:00:00","grupo_id":null,"nomCasa":"Silla CF","nomFuera":"CD Roda","clasificado":"2","goles_local":"1","goles_visitante":"2","nomEli":"Cuartos de Final","nomGrupo":null},{"jornada":"48","fecha":"2021-09-08","hora_prevista":"20:00:00","grupo_id":null,"nomCasa":"CD Olímpic","nomFuera":"Torrent CF","clasificado":"2","goles_local":"0","goles_visitante":"0","nomEli":"Cuartos de Final","nomGrupo":null},{"jornada":"48","fecha":"2021-09-08","hora_prevista":"19:30:00","grupo_id":null,"nomCasa":"UD Benigànim","nomFuera":"CF Intercity","clasificado":"1","goles_local":"2","goles_visitante":"0","nomEli":"Cuartos de Final","nomGrupo":null},{"jornada":"48","fecha":"2021-09-08","hora_prevista":"20:30:00","grupo_id":null,"nomCasa":"Callosa Deportiva CF","nomFuera":"Atzeneta UE","clasificado":"2","goles_local":"1","goles_visitante":"1","nomEli":"Cuartos de Final","nomGrupo":null}]