[{"jornada":"84","fecha":"2021-09-22","hora_prevista":"19:00:00","grupo_id":null,"nomCasa":"CDA Navalcarnero","nomFuera":"CD Las Rozas","clasificado":"1","goles_local":"3","goles_visitante":"0","nomEli":"Final","nomGrupo":null},{"jornada":"148","fecha":"2021-09-08","hora_prevista":"19:00:00","grupo_id":null,"nomCasa":"CD Móstoles URJC","nomFuera":"CDA Navalcarnero","clasificado":"2","goles_local":"0","goles_visitante":"1","nomEli":"Semifinales","nomGrupo":null},{"jornada":"148","fecha":"2021-09-08","hora_prevista":"20:00:00","grupo_id":null,"nomCasa":"CD Las Rozas","nomFuera":"AD Torrejón CF","clasificado":"1","goles_local":"2","goles_visitante":"0","nomEli":"Semifinales","nomGrupo":null}]