[{"jornada":"84","fecha":"2021-09-22","hora_prevista":"19:00:00","grupo_id":null,"nomCasa":"CD Guijuelo","nomFuera":"Burgos CF Promesas","clasificado":"2","goles_local":"0","goles_visitante":"2","nomEli":"Final","nomGrupo":null},{"jornada":"148","fecha":"2021-09-15","hora_prevista":"19:30:00","grupo_id":null,"nomCasa":"CD Guijuelo","nomFuera":"Salamanca CF UDS","clasificado":"1","goles_local":"2","goles_visitante":"0","nomEli":"Semifinales","nomGrupo":null},{"jornada":"148","fecha":"2021-09-15","hora_prevista":"17:30:00","grupo_id":null,"nomCasa":"Palencia CF","nomFuera":"Burgos CF Promesas","clasificado":"2","goles_local":"1","goles_visitante":"2","nomEli":"Semifinales","nomGrupo":null},{"jornada":"118","fecha":"2021-09-08","hora_prevista":"18:00:00","grupo_id":null,"nomCasa":"CD Ribert","nomFuera":"CD Guijuelo","clasificado":"2","goles_local":"2","goles_visitante":"3","nomEli":"Primera Eliminatoria","nomGrupo":null},{"jornada":"118","fecha":"2021-09-08","hora_prevista":"19:00:00","grupo_id":null,"nomCasa":"Arandina CF","nomFuera":"Palencia CF","clasificado":"2","goles_local":"0","goles_visitante":"1","nomEli":"Primera Eliminatoria","nomGrupo":null}]