[{"jornada":"84","fecha":"2021-09-03","hora_prevista":"19:30:00","grupo_id":null,"nomCasa":"Juventud Torremolinos CF","nomFuera":"UDC Torredonjimeno","clasificado":"1","goles_local":"3","goles_visitante":"1","nomEli":"Final","nomGrupo":null},{"jornada":"154","fecha":"2021-08-29","hora_prevista":"18:30:00","grupo_id":null,"nomCasa":"El Palo FC","nomFuera":"Juventud Torremolinos CF","clasificado":"2","goles_local":"1","goles_visitante":"2","nomEli":"Semifinales - Vuelta","nomGrupo":null},{"jornada":"154","fecha":"2021-08-29","hora_prevista":"20:00:00","grupo_id":null,"nomCasa":"UDC Torredonjimeno","nomFuera":"CD Torreperogil","clasificado":"1","goles_local":"2","goles_visitante":"1","nomEli":"Semifinales - Vuelta","nomGrupo":null},{"jornada":"151","fecha":"2021-08-22","hora_prevista":"19:30:00","grupo_id":null,"nomCasa":"CD Torreperogil","nomFuera":"UDC Torredonjimeno","clasificado":"0","goles_local":"0","goles_visitante":"0","nomEli":"Semifinales - Ida","nomGrupo":null},{"jornada":"151","fecha":"2021-08-22","hora_prevista":"18:30:00","grupo_id":null,"nomCasa":"Juventud Torremolinos CF","nomFuera":"El Palo FC","clasificado":"0","goles_local":"1","goles_visitante":"0","nomEli":"Semifinales - Ida","nomGrupo":null}]