[{"jornada":"84","fecha":"2021-09-03","hora_prevista":"21:30:00","grupo_id":null,"nomCasa":"CD Ciudad de Lucena","nomFuera":"Xerez CD","clasificado":"2","goles_local":"0","goles_visitante":"2","nomEli":"Final","nomGrupo":null},{"jornada":"154","fecha":"2021-08-29","hora_prevista":"20:30:00","grupo_id":null,"nomCasa":"CD Ciudad de Lucena","nomFuera":"CD Utrera","clasificado":"1","goles_local":"1","goles_visitante":"1","nomEli":"Semifinales - Vuelta","nomGrupo":null},{"jornada":"154","fecha":"2021-08-29","hora_prevista":"20:30:00","grupo_id":null,"nomCasa":"Xerez CD","nomFuera":"SC Puente Genil FC","clasificado":"1","goles_local":"1","goles_visitante":"2","nomEli":"Semifinales - Vuelta","nomGrupo":null},{"jornada":"151","fecha":"2021-08-22","hora_prevista":"20:30:00","grupo_id":null,"nomCasa":"CD Utrera","nomFuera":"CD Ciudad de Lucena","clasificado":"0","goles_local":"0","goles_visitante":"1","nomEli":"Semifinales - Ida","nomGrupo":null},{"jornada":"151","fecha":"2021-08-22","hora_prevista":"20:30:00","grupo_id":null,"nomCasa":"SC Puente Genil FC","nomFuera":"Xerez CD","clasificado":"0","goles_local":"0","goles_visitante":"3","nomEli":"Semifinales - Ida","nomGrupo":null}]