[{"jornada":"84","fecha":"2021-09-01","hora_prevista":"16:00:00","grupo_id":null,"nomCasa":"CF Platges de Calvià","nomFuera":"SCR Peña Deportiva","clasificado":"2","goles_local":"0","goles_visitante":"5","nomEli":"Final","nomGrupo":null},{"jornada":"148","fecha":"2021-08-25","hora_prevista":"19:00:00","grupo_id":null,"nomCasa":"CF Platges de Calvià","nomFuera":"UD Poblense","clasificado":"1","goles_local":"2","goles_visitante":"0","nomEli":"Semifinales","nomGrupo":null},{"jornada":"148","fecha":"2021-08-21","hora_prevista":"18:00:00","grupo_id":null,"nomCasa":"SD Formentera","nomFuera":"SCR Peña Deportiva","clasificado":"2","goles_local":"1","goles_visitante":"1","nomEli":"Semifinales","nomGrupo":null},{"jornada":"118","fecha":"2021-08-14","hora_prevista":"20:00:00","grupo_id":null,"nomCasa":"PE Sant Jordi","nomFuera":"SD Formentera","clasificado":"2","goles_local":"2","goles_visitante":"5","nomEli":"Primera Eliminatoria","nomGrupo":null}]