[{"jornada":"84","fecha":"2021-09-22","hora_prevista":"20:00:00","grupo_id":null,"nomCasa":"Yeclano Deportivo","nomFuera":"CF El Castillo","clasificado":"1","goles_local":"1","goles_visitante":"0","nomEli":"Final","nomGrupo":null},{"jornada":"154","fecha":"2021-09-15","hora_prevista":"20:00:00","grupo_id":null,"nomCasa":"Yeclano Deportivo","nomFuera":"CD Bullense","clasificado":"1","goles_local":"2","goles_visitante":"2","nomEli":"Semifinales - Vuelta","nomGrupo":null},{"jornada":"154","fecha":"2021-09-15","hora_prevista":"20:30:00","grupo_id":null,"nomCasa":"UD Los Garres","nomFuera":"CF El Castillo","clasificado":"2","goles_local":"1","goles_visitante":"2","nomEli":"Semifinales - Vuelta","nomGrupo":null},{"jornada":"151","fecha":"2021-09-08","hora_prevista":"20:30:00","grupo_id":null,"nomCasa":"CD Bullense","nomFuera":"Yeclano Deportivo","clasificado":"0","goles_local":"1","goles_visitante":"1","nomEli":"Semifinales - Ida","nomGrupo":null},{"jornada":"151","fecha":"2021-09-08","hora_prevista":"20:30:00","grupo_id":null,"nomCasa":"CF El Castillo","nomFuera":"UD Los Garres","clasificado":"0","goles_local":"0","goles_visitante":"1","nomEli":"Semifinales - Ida","nomGrupo":null}]