[{"jornada":"84","fecha":"2021-08-28","hora_prevista":"19:30:00","grupo_id":null,"nomCasa":"SP Villafranca ","nomFuera":"Moralo CP","clasificado":"2","goles_local":"0","goles_visitante":"2","nomEli":"Final","nomGrupo":null},{"jornada":"148","fecha":"2021-08-22","hora_prevista":"21:00:00","grupo_id":null,"nomCasa":"Moralo CP","nomFuera":"CD Badajoz B","clasificado":"1","goles_local":"4","goles_visitante":"0","nomEli":"Semifinales","nomGrupo":null},{"jornada":"148","fecha":"2021-08-21","hora_prevista":"20:00:00","grupo_id":null,"nomCasa":"SP Villafranca ","nomFuera":"CF Trujillo","clasificado":"1","goles_local":"0","goles_visitante":"0","nomEli":"Semifinales","nomGrupo":null},{"jornada":"48","fecha":"2021-08-15","hora_prevista":"20:00:00","grupo_id":null,"nomCasa":"CD Badajoz B","nomFuera":"Jerez CF","clasificado":"1","goles_local":"0","goles_visitante":"0","nomEli":"Cuartos de Final","nomGrupo":null},{"jornada":"48","fecha":"2021-08-15","hora_prevista":"20:30:00","grupo_id":null,"nomCasa":"UP Plasencia","nomFuera":"Moralo CP","clasificado":"2","goles_local":"0","goles_visitante":"3","nomEli":"Cuartos de Final","nomGrupo":null},{"jornada":"48","fecha":"2021-08-15","hora_prevista":"19:30:00","grupo_id":null,"nomCasa":"CF Trujillo","nomFuera":"Arroyo CP","clasificado":"1","goles_local":"0","goles_visitante":"0","nomEli":"Cuartos de Final","nomGrupo":null},{"jornada":"48","fecha":"2021-08-14","hora_prevista":"21:00:00","grupo_id":null,"nomCasa":"SP Villafranca ","nomFuera":"AD Llerenense","clasificado":"1","goles_local":"3","goles_visitante":"0","nomEli":"Cuartos de Final","nomGrupo":null},{"jornada":"118","fecha":"2021-08-08","hora_prevista":"20:00:00","grupo_id":null,"nomCasa":"CD Badajoz B","nomFuera":"Olivenza FC","clasificado":"1","goles_local":"1","goles_visitante":"1","nomEli":"Primera Eliminatoria","nomGrupo":null},{"jornada":"118","fecha":"2021-08-08","hora_prevista":"20:00:00","grupo_id":null,"nomCasa":"SP Villafranca ","nomFuera":"EMD Aceuchal","clasificado":"1","goles_local":"1","goles_visitante":"0","nomEli":"Primera Eliminatoria","nomGrupo":null},{"jornada":"118","fecha":"2021-08-08","hora_prevista":"20:30:00","grupo_id":null,"nomCasa":"UP Plasencia","nomFuera":"CD Coria","clasificado":"1","goles_local":"0","goles_visitante":"0","nomEli":"Primera Eliminatoria","nomGrupo":null},{"jornada":"118","fecha":"2021-08-08","hora_prevista":"20:00:00","grupo_id":null,"nomCasa":"CD Don Álvaro","nomFuera":"Arroyo CP","clasificado":"2","goles_local":"1","goles_visitante":"1","nomEli":"Primera Eliminatoria","nomGrupo":null},{"jornada":"118","fecha":"2021-08-08","hora_prevista":"19:00:00","grupo_id":null,"nomCasa":"CF Trujillo","nomFuera":"CD Miajadas","clasificado":"1","goles_local":"1","goles_visitante":"1","nomEli":"Primera Eliminatoria","nomGrupo":null}]