[{"jornada":"84","fecha":"2021-09-08","hora_prevista":"19:00:00","grupo_id":null,"nomCasa":"CD Izarra","nomFuera":"CD Ardoi","clasificado":"1","goles_local":"3","goles_visitante":"1","nomEli":"Final","nomGrupo":null},{"jornada":"148","fecha":"2021-09-01","hora_prevista":"19:00:00","grupo_id":null,"nomCasa":"CD Izarra","nomFuera":"Beti Kozkor KE","clasificado":"1","goles_local":"1","goles_visitante":"0","nomEli":"Semifinales","nomGrupo":null},{"jornada":"148","fecha":"2021-09-01","hora_prevista":"20:00:00","grupo_id":null,"nomCasa":"CD Ardoi","nomFuera":"UD Mutilvera","clasificado":"1","goles_local":"5","goles_visitante":"3","nomEli":"Semifinales","nomGrupo":null},{"jornada":"48","fecha":"2021-08-25","hora_prevista":"19:00:00","grupo_id":null,"nomCasa":"UD Mutilvera","nomFuera":"Club Atlético Cirbonero","clasificado":"1","goles_local":"2","goles_visitante":"0","nomEli":"Cuartos de Final","nomGrupo":null},{"jornada":"48","fecha":"2021-08-25","hora_prevista":"19:00:00","grupo_id":null,"nomCasa":"CD Cortes","nomFuera":"CD Ardoi","clasificado":"2","goles_local":"0","goles_visitante":"0","nomEli":"Cuartos de Final","nomGrupo":null},{"jornada":"48","fecha":"2021-08-25","hora_prevista":"19:45:00","grupo_id":null,"nomCasa":"CD Huarte","nomFuera":"Beti Kozkor KE","clasificado":"2","goles_local":"1","goles_visitante":"1","nomEli":"Cuartos de Final","nomGrupo":null},{"jornada":"48","fecha":"2021-08-25","hora_prevista":"19:00:00","grupo_id":null,"nomCasa":"CD Izarra","nomFuera":"CD Valle de Egüés","clasificado":"1","goles_local":"4","goles_visitante":"1","nomEli":"Cuartos de Final","nomGrupo":null}]