[{"jornada":"84","fecha":"2021-09-05","hora_prevista":"18:00:00","grupo_id":null,"nomCasa":"CD Alfaro","nomFuera":"Casalarreina CF","clasificado":"1","goles_local":"2","goles_visitante":"0","nomEli":"Final","nomGrupo":null},{"jornada":"148","fecha":"2021-08-29","hora_prevista":"19:00:00","grupo_id":null,"nomCasa":"CD Alfaro","nomFuera":"CDFC La Calzada","clasificado":"1","goles_local":"0","goles_visitante":"0","nomEli":"Semifinales","nomGrupo":null},{"jornada":"148","fecha":"2021-08-28","hora_prevista":"17:30:00","grupo_id":null,"nomCasa":"CD Varea","nomFuera":"Casalarreina CF","clasificado":"2","goles_local":"1","goles_visitante":"1","nomEli":"Semifinales","nomGrupo":null},{"jornada":"48","fecha":"2021-08-22","hora_prevista":"12:00:00","grupo_id":null,"nomCasa":"Yagüe CF","nomFuera":"CD Alfaro","clasificado":"2","goles_local":"0","goles_visitante":"3","nomEli":"Cuartos de Final","nomGrupo":null},{"jornada":"48","fecha":"2021-08-22","hora_prevista":"19:00:00","grupo_id":null,"nomCasa":"Club Atlético Vianés","nomFuera":"CD Varea","clasificado":"2","goles_local":"0","goles_visitante":"1","nomEli":"Cuartos de Final","nomGrupo":null},{"jornada":"48","fecha":"2021-08-22","hora_prevista":"19:00:00","grupo_id":null,"nomCasa":"Casalarreina CF","nomFuera":"CD Cenicero","clasificado":"1","goles_local":"4","goles_visitante":"0","nomEli":"Cuartos de Final","nomGrupo":null},{"jornada":"48","fecha":"2021-08-21","hora_prevista":"18:30:00","grupo_id":null,"nomCasa":"CDFC La Calzada","nomFuera":"CD Berceo","clasificado":"1","goles_local":"1","goles_visitante":"0","nomEli":"Cuartos de Final","nomGrupo":null}]