[{"jornada":"84","fecha":"2021-08-29","hora_prevista":"19:30:00","grupo_id":null,"nomCasa":"UD Barbastro","nomFuera":"SD Ejea","clasificado":"2","goles_local":"1","goles_visitante":"2","nomEli":"Final","nomGrupo":null},{"jornada":"149","fecha":"2021-08-22","hora_prevista":"12:00:00","grupo_id":"7","nomCasa":"CD Cuarte","nomFuera":"UD Barbastro","clasificado":"0","goles_local":"2","goles_visitante":"4","nomEli":"Semifinales","nomGrupo":"Grupo 2"},{"jornada":"149","fecha":"2021-08-22","hora_prevista":"17:00:00","grupo_id":"2","nomCasa":"CF Calamocha","nomFuera":"Utebo FC","clasificado":"0","goles_local":"0","goles_visitante":"1","nomEli":"Semifinales","nomGrupo":"Grupo 1"},{"jornada":"149","fecha":"2021-08-22","hora_prevista":"19:30:00","grupo_id":"2","nomCasa":"SD Borja","nomFuera":"SD Ejea","clasificado":"0","goles_local":"1","goles_visitante":"2","nomEli":"Semifinales","nomGrupo":"Grupo 1"},{"jornada":"149","fecha":"2021-08-22","hora_prevista":"18:00:00","grupo_id":"7","nomCasa":"CD Belchite 97","nomFuera":"CD Binéfar","clasificado":"0","goles_local":"1","goles_visitante":"1","nomEli":"Semifinales","nomGrupo":"Grupo 2"},{"jornada":"149","fecha":"2021-08-18","hora_prevista":"19:00:00","grupo_id":"2","nomCasa":"SD Ejea","nomFuera":"CF Calamocha","clasificado":"0","goles_local":"1","goles_visitante":"2","nomEli":"Semifinales","nomGrupo":"Grupo 1"},{"jornada":"149","fecha":"2021-08-18","hora_prevista":"20:00:00","grupo_id":"2","nomCasa":"Utebo FC","nomFuera":"SD Borja","clasificado":"0","goles_local":"1","goles_visitante":"0","nomEli":"Semifinales","nomGrupo":"Grupo 1"},{"jornada":"149","fecha":"2021-08-18","hora_prevista":"20:00:00","grupo_id":"7","nomCasa":"CD Binéfar","nomFuera":"CD Cuarte","clasificado":"0","goles_local":"2","goles_visitante":"1","nomEli":"Semifinales","nomGrupo":"Grupo 2"},{"jornada":"149","fecha":"2021-08-18","hora_prevista":"20:00:00","grupo_id":"7","nomCasa":"UD Barbastro","nomFuera":"CD Belchite 97","clasificado":"0","goles_local":"1","goles_visitante":"0","nomEli":"Semifinales","nomGrupo":"Grupo 2"},{"jornada":"149","fecha":"2021-08-14","hora_prevista":"19:00:00","grupo_id":"7","nomCasa":"UD Barbastro","nomFuera":"CD Binéfar","clasificado":"0","goles_local":"2","goles_visitante":"2","nomEli":"Semifinales","nomGrupo":"Grupo 2"},{"jornada":"149","fecha":"2021-08-14","hora_prevista":"10:00:00","grupo_id":"7","nomCasa":"CD Cuarte","nomFuera":"CD Belchite 97","clasificado":"0","goles_local":"1","goles_visitante":"1","nomEli":"Semifinales","nomGrupo":"Grupo 2"},{"jornada":"149","fecha":"2021-08-14","hora_prevista":"19:00:00","grupo_id":"2","nomCasa":"SD Ejea","nomFuera":"Utebo FC","clasificado":"0","goles_local":"2","goles_visitante":"0","nomEli":"Semifinales","nomGrupo":"Grupo 1"},{"jornada":"149","fecha":"2021-08-11","hora_prevista":"19:30:00","grupo_id":"2","nomCasa":"SD Borja","nomFuera":"CF Calamocha","clasificado":"0","goles_local":"1","goles_visitante":"2","nomEli":"Semifinales","nomGrupo":"Grupo 1"}]