[{"jornada":"84","fecha":"2021-08-25","hora_prevista":"20:00:00","grupo_id":null,"nomCasa":"CD Toledo","nomFuera":"Atlético Albacete","clasificado":"1","goles_local":"0","goles_visitante":"0","nomEli":"Final","nomGrupo":null},{"jornada":"148","fecha":"2021-08-22","hora_prevista":"20:30:00","grupo_id":null,"nomCasa":"CD Manchego Ciudad Real","nomFuera":"CD Toledo","clasificado":"2","goles_local":"1","goles_visitante":"1","nomEli":"Semifinales","nomGrupo":null},{"jornada":"148","fecha":"2021-08-21","hora_prevista":"21:00:00","grupo_id":null,"nomCasa":"CP Villarrobledo","nomFuera":"Atlético Albacete","clasificado":"2","goles_local":"2","goles_visitante":"2","nomEli":"Semifinales","nomGrupo":null},{"jornada":"48","fecha":"2021-08-15","hora_prevista":"20:00:00","grupo_id":null,"nomCasa":"Atlético Albacete","nomFuera":"UD Socuéllamos CF","clasificado":"1","goles_local":"2","goles_visitante":"0","nomEli":"Cuartos de Final","nomGrupo":null},{"jornada":"48","fecha":"2021-08-15","hora_prevista":"20:30:00","grupo_id":null,"nomCasa":"CD Manchego Ciudad Real","nomFuera":"Villarrubia CF","clasificado":"1","goles_local":"1","goles_visitante":"0","nomEli":"Cuartos de Final","nomGrupo":null},{"jornada":"48","fecha":"2021-08-14","hora_prevista":"20:10:00","grupo_id":null,"nomCasa":"CD Guadalajara","nomFuera":"CD Toledo","clasificado":"2","goles_local":"0","goles_visitante":"1","nomEli":"Cuartos de Final","nomGrupo":null},{"jornada":"48","fecha":"2021-08-08","hora_prevista":"19:30:00","grupo_id":null,"nomCasa":"CD Quintanar del Rey ","nomFuera":"CP Villarrobledo","clasificado":"2","goles_local":"1","goles_visitante":"1","nomEli":"Cuartos de Final","nomGrupo":null},{"jornada":"118","fecha":"2021-08-07","hora_prevista":"20:00:00","grupo_id":null,"nomCasa":"CD Guadalajara","nomFuera":"CD Tarancón","clasificado":"1","goles_local":"4","goles_visitante":"0","nomEli":"Primera Eliminatoria","nomGrupo":null},{"jornada":"118","fecha":"2021-08-07","hora_prevista":"19:30:00","grupo_id":null,"nomCasa":"CD Torrijos","nomFuera":"CD Manchego Ciudad Real","clasificado":"2","goles_local":"0","goles_visitante":"0","nomEli":"Primera Eliminatoria","nomGrupo":null}]