[{"jornada":"90","fecha":"2022-06-05","hora_prevista":"19:00:00","grupo_id":null,"nomCasa":"UD Rayo Ibense","nomFuera":"CF La Nucía B","clasificado":"1","goles_local":"1","goles_visitante":"1","nomEli":"Finales","nomGrupo":null},{"jornada":"90","fecha":"2022-06-04","hora_prevista":"19:30:00","grupo_id":null,"nomCasa":"CF Gandía","nomFuera":"CD Buñol","clasificado":"1","goles_local":"1","goles_visitante":"0","nomEli":"Finales","nomGrupo":null},{"jornada":"90","fecha":"2022-06-03","hora_prevista":"20:30:00","grupo_id":null,"nomCasa":"Patacona CF","nomFuera":"Crevillente Deportivo","clasificado":"1","goles_local":"0","goles_visitante":"0","nomEli":"Finales","nomGrupo":null},{"jornada":"154","fecha":"2022-05-29","hora_prevista":"19:00:00","grupo_id":null,"nomCasa":"Crevillente Deportivo","nomFuera":"Ribarroja CF","clasificado":"1","goles_local":"4","goles_visitante":"1","nomEli":"Semifinales - Vuelta","nomGrupo":null},{"jornada":"154","fecha":"2022-05-29","hora_prevista":"19:00:00","grupo_id":null,"nomCasa":"UD Rayo Ibense","nomFuera":"CD Burriana","clasificado":"1","goles_local":"3","goles_visitante":"1","nomEli":"Semifinales - Vuelta","nomGrupo":null},{"jornada":"154","fecha":"2022-05-29","hora_prevista":"18:00:00","grupo_id":null,"nomCasa":"CF Gandía","nomFuera":"UD Castellonense","clasificado":"1","goles_local":"4","goles_visitante":"0","nomEli":"Semifinales - Vuelta","nomGrupo":null},{"jornada":"154","fecha":"2022-05-29","hora_prevista":"19:00:00","grupo_id":null,"nomCasa":"UD Vall de Uxó","nomFuera":"CD Buñol","clasificado":"2","goles_local":"2","goles_visitante":"1","nomEli":"Semifinales - Vuelta","nomGrupo":null},{"jornada":"154","fecha":"2022-05-28","hora_prevista":"18:00:00","grupo_id":null,"nomCasa":"UD Aldaia CF","nomFuera":"CF La Nucía B","clasificado":"2","goles_local":"1","goles_visitante":"2","nomEli":"Semifinales - Vuelta","nomGrupo":null},{"jornada":"154","fecha":"2022-05-28","hora_prevista":"18:30:00","grupo_id":null,"nomCasa":"Patacona CF","nomFuera":"CD Thader","clasificado":"1","goles_local":"0","goles_visitante":"0","nomEli":"Semifinales - Vuelta","nomGrupo":null},{"jornada":"151","fecha":"2022-05-22","hora_prevista":"18:30:00","grupo_id":null,"nomCasa":"CF La Nucía B","nomFuera":"UD Aldaia CF","clasificado":"0","goles_local":"3","goles_visitante":"2","nomEli":"Semifinales - Ida","nomGrupo":null},{"jornada":"151","fecha":"2022-05-22","hora_prevista":"19:00:00","grupo_id":null,"nomCasa":"CD Burriana","nomFuera":"UD Rayo Ibense","clasificado":"0","goles_local":"0","goles_visitante":"0","nomEli":"Semifinales - Ida","nomGrupo":null},{"jornada":"151","fecha":"2022-05-22","hora_prevista":"11:30:00","grupo_id":null,"nomCasa":"CD Thader","nomFuera":"Patacona CF","clasificado":"0","goles_local":"0","goles_visitante":"1","nomEli":"Semifinales - Ida","nomGrupo":null},{"jornada":"151","fecha":"2022-05-21","hora_prevista":"19:00:00","grupo_id":null,"nomCasa":"CD Buñol","nomFuera":"UD Vall de Uxó","clasificado":"0","goles_local":"2","goles_visitante":"0","nomEli":"Semifinales - Ida","nomGrupo":null},{"jornada":"151","fecha":"2022-05-21","hora_prevista":"19:00:00","grupo_id":null,"nomCasa":"UD Castellonense","nomFuera":"CF Gandía","clasificado":"0","goles_local":"1","goles_visitante":"0","nomEli":"Semifinales - Ida","nomGrupo":null},{"jornada":"151","fecha":"2022-05-21","hora_prevista":"19:00:00","grupo_id":null,"nomCasa":"Ribarroja CF","nomFuera":"Crevillente Deportivo","clasificado":"0","goles_local":"0","goles_visitante":"1","nomEli":"Semifinales - Ida","nomGrupo":null}]