[{"jornada":"87","fecha":"2022-06-19","hora_prevista":"19:00:00","grupo_id":null,"nomCasa":"CE Sant Jordi","nomFuera":"CD Cardassar","clasificado":"1","goles_local":"2","goles_visitante":"1","nomEli":"Final - Vuelta","nomGrupo":null},{"jornada":"85","fecha":"2022-06-12","hora_prevista":"19:00:00","grupo_id":null,"nomCasa":"CD Cardassar","nomFuera":"CE Sant Jordi","clasificado":"0","goles_local":"1","goles_visitante":"1","nomEli":"Final - Ida","nomGrupo":null},{"jornada":"148","fecha":"2022-06-05","hora_prevista":"19:00:00","grupo_id":null,"nomCasa":"CE Sant Jordi","nomFuera":"Club Recreativo La Victoria","clasificado":"1","goles_local":"3","goles_visitante":"2","nomEli":"Semifinales","nomGrupo":null},{"jornada":"148","fecha":"2022-06-05","hora_prevista":"18:00:00","grupo_id":null,"nomCasa":"UE Porreres","nomFuera":"CD Cardassar","clasificado":"2","goles_local":"2","goles_visitante":"3","nomEli":"Semifinales","nomGrupo":null},{"jornada":"48","fecha":"2022-05-29","hora_prevista":"19:00:00","grupo_id":null,"nomCasa":"CE Sant Jordi","nomFuera":"CD Génova","clasificado":"1","goles_local":"2","goles_visitante":"0","nomEli":"Cuartos de Final","nomGrupo":null},{"jornada":"48","fecha":"2022-05-29","hora_prevista":"18:00:00","grupo_id":null,"nomCasa":"UE Porreres","nomFuera":"UE Alcúdia","clasificado":"1","goles_local":"1","goles_visitante":"0","nomEli":"Cuartos de Final","nomGrupo":null},{"jornada":"48","fecha":"2022-05-29","hora_prevista":"19:30:00","grupo_id":null,"nomCasa":"CD Cardassar","nomFuera":"CD Ferriolense","clasificado":"1","goles_local":"2","goles_visitante":"0","nomEli":"Cuartos de Final","nomGrupo":null},{"jornada":"48","fecha":"2022-05-28","hora_prevista":"18:00:00","grupo_id":null,"nomCasa":"CE Sineu","nomFuera":"Club Recreativo La Victoria","clasificado":"2","goles_local":"1","goles_visitante":"2","nomEli":"Cuartos de Final","nomGrupo":null}]