[{"jornada":"87","fecha":"2022-06-04","hora_prevista":"18:00:00","grupo_id":null,"nomCasa":"CP Montehermoso","nomFuera":"UD Fuente de Cantos","clasificado":"2","goles_local":"1","goles_visitante":"1","nomEli":"Final - Vuelta","nomGrupo":null},{"jornada":"85","fecha":"2022-05-29","hora_prevista":"12:00:00","grupo_id":null,"nomCasa":"UD Fuente de Cantos","nomFuera":"CP Montehermoso","clasificado":"0","goles_local":"1","goles_visitante":"0","nomEli":"Final - Ida","nomGrupo":null},{"jornada":"154","fecha":"2022-05-22","hora_prevista":"12:00:00","grupo_id":null,"nomCasa":"UD Fuente de Cantos","nomFuera":"CP Moraleja","clasificado":"1","goles_local":"5","goles_visitante":"3","nomEli":"Semifinales - Vuelta","nomGrupo":null},{"jornada":"154","fecha":"2022-05-22","hora_prevista":"19:00:00","grupo_id":null,"nomCasa":"CP Montehermoso","nomFuera":"CD Gévora","clasificado":"1","goles_local":"5","goles_visitante":"0","nomEli":"Semifinales - Vuelta","nomGrupo":null},{"jornada":"151","fecha":"2022-05-15","hora_prevista":"20:00:00","grupo_id":null,"nomCasa":"CP Moraleja","nomFuera":"UD Fuente de Cantos","clasificado":"0","goles_local":"1","goles_visitante":"2","nomEli":"Semifinales - Ida","nomGrupo":null},{"jornada":"151","fecha":"2022-05-15","hora_prevista":"19:30:00","grupo_id":null,"nomCasa":"CD Gévora","nomFuera":"CP Montehermoso","clasificado":"0","goles_local":"4","goles_visitante":"0","nomEli":"Semifinales - Ida","nomGrupo":null},{"jornada":"55","fecha":"2022-05-08","hora_prevista":"12:00:00","grupo_id":null,"nomCasa":"CF Campanario","nomFuera":"CD Gévora","clasificado":"2","goles_local":"0","goles_visitante":"3","nomEli":"Cuartos de Final - Vuelta","nomGrupo":null},{"jornada":"55","fecha":"2022-05-08","hora_prevista":"12:30:00","grupo_id":null,"nomCasa":"UD Fuente de Cantos","nomFuera":"CD Hernán Cortés","clasificado":"1","goles_local":"3","goles_visitante":"0","nomEli":"Cuartos de Final - Vuelta","nomGrupo":null},{"jornada":"55","fecha":"2022-05-08","hora_prevista":"18:00:00","grupo_id":null,"nomCasa":"CD Nueva Ciudad","nomFuera":"CP Moraleja","clasificado":"2","goles_local":"1","goles_visitante":"0","nomEli":"Cuartos de Final - Vuelta","nomGrupo":null},{"jornada":"55","fecha":"2022-05-08","hora_prevista":"18:30:00","grupo_id":null,"nomCasa":"CP Montehermoso","nomFuera":"CP Gran Maestre","clasificado":"1","goles_local":"3","goles_visitante":"0","nomEli":"Cuartos de Final - Vuelta","nomGrupo":null},{"jornada":"3","fecha":"2022-05-01","hora_prevista":"18:30:00","grupo_id":null,"nomCasa":"CP Gran Maestre","nomFuera":"CP Montehermoso","clasificado":"0","goles_local":"2","goles_visitante":"0","nomEli":" Cuartos de Final - Ida","nomGrupo":null},{"jornada":"3","fecha":"2022-05-01","hora_prevista":"11:00:00","grupo_id":null,"nomCasa":"CD Hernán Cortés","nomFuera":"UD Fuente de Cantos","clasificado":"0","goles_local":"1","goles_visitante":"1","nomEli":" Cuartos de Final - Ida","nomGrupo":null},{"jornada":"3","fecha":"2022-05-01","hora_prevista":"19:00:00","grupo_id":null,"nomCasa":"CD Gévora","nomFuera":"CF Campanario","clasificado":"0","goles_local":"2","goles_visitante":"0","nomEli":" Cuartos de Final - Ida","nomGrupo":null},{"jornada":"3","fecha":"2022-04-30","hora_prevista":"19:00:00","grupo_id":null,"nomCasa":"CP Moraleja","nomFuera":"CD Nueva Ciudad","clasificado":"0","goles_local":"3","goles_visitante":"2","nomEli":" Cuartos de Final - Ida","nomGrupo":null},{"jornada":"110","fecha":"2022-04-24","hora_prevista":"19:30:00","grupo_id":null,"nomCasa":"CF Jaraíz","nomFuera":"CD Gévora","clasificado":"2","goles_local":"1","goles_visitante":"1","nomEli":"Octavos de Final - Vuelta","nomGrupo":null},{"jornada":"110","fecha":"2022-04-24","hora_prevista":"19:00:00","grupo_id":null,"nomCasa":"CP Sanvicenteño","nomFuera":"CP Gran Maestre","clasificado":"2","goles_local":"1","goles_visitante":"3","nomEli":"Octavos de Final - Vuelta","nomGrupo":null},{"jornada":"110","fecha":"2022-04-24","hora_prevista":"18:00:00","grupo_id":null,"nomCasa":"CD Hernán Cortés","nomFuera":"CD Zafra","clasificado":"1","goles_local":"1","goles_visitante":"0","nomEli":"Octavos de Final - Vuelta","nomGrupo":null},{"jornada":"110","fecha":"2022-04-24","hora_prevista":"17:30:00","grupo_id":null,"nomCasa":"UD Fuente de Cantos","nomFuera":"CD Gimnástico Don Benito","clasificado":"1","goles_local":"4","goles_visitante":"0","nomEli":"Octavos de Final - Vuelta","nomGrupo":null},{"jornada":"110","fecha":"2022-04-24","hora_prevista":"11:30:00","grupo_id":null,"nomCasa":"CD Nueva Ciudad","nomFuera":"CP Amanecer","clasificado":"1","goles_local":"3","goles_visitante":"0","nomEli":"Octavos de Final - Vuelta","nomGrupo":null},{"jornada":"110","fecha":"2022-04-23","hora_prevista":"20:15:00","grupo_id":null,"nomCasa":"CP Moraleja","nomFuera":"RCP Valverdeño","clasificado":"1","goles_local":"4","goles_visitante":"0","nomEli":"Octavos de Final - Vuelta","nomGrupo":null},{"jornada":"28","fecha":"2022-04-23","hora_prevista":"18:30:00","grupo_id":null,"nomCasa":"CP Montehermoso","nomFuera":"UC La Estrella","clasificado":"2","goles_local":"0","goles_visitante":"0","nomEli":"Campeones - Final Vuelta","nomGrupo":null},{"jornada":"28","fecha":"2022-04-23","hora_prevista":"19:30:00","grupo_id":null,"nomCasa":"Atlético Club Pueblonuevo","nomFuera":"CF Campanario","clasificado":"1","goles_local":"2","goles_visitante":"2","nomEli":"Campeones - Final Vuelta","nomGrupo":null},{"jornada":"27","fecha":"2022-04-17","hora_prevista":"12:30:00","grupo_id":null,"nomCasa":"CF Campanario","nomFuera":"Atlético Club Pueblonuevo","clasificado":"0","goles_local":"0","goles_visitante":"1","nomEli":"Campeones - Final Ida","nomGrupo":null},{"jornada":"109","fecha":"2022-04-17","hora_prevista":"17:30:00","grupo_id":null,"nomCasa":"CD Gimnástico Don Benito","nomFuera":"UD Fuente de Cantos","clasificado":"0","goles_local":"1","goles_visitante":"0","nomEli":"Octavos de Final - Ida","nomGrupo":null},{"jornada":"109","fecha":"2022-04-17","hora_prevista":"18:00:00","grupo_id":null,"nomCasa":"CP Gran Maestre","nomFuera":"CP Sanvicenteño","clasificado":"0","goles_local":"0","goles_visitante":"1","nomEli":"Octavos de Final - Ida","nomGrupo":null},{"jornada":"109","fecha":"2022-04-17","hora_prevista":"18:00:00","grupo_id":null,"nomCasa":"CD Zafra","nomFuera":"CD Hernán Cortés","clasificado":"0","goles_local":"0","goles_visitante":"1","nomEli":"Octavos de Final - Ida","nomGrupo":null},{"jornada":"109","fecha":"2022-04-17","hora_prevista":"18:15:00","grupo_id":null,"nomCasa":"CP Amanecer","nomFuera":"CD Nueva Ciudad","clasificado":"0","goles_local":"1","goles_visitante":"0","nomEli":"Octavos de Final - Ida","nomGrupo":null},{"jornada":"109","fecha":"2022-04-17","hora_prevista":"18:30:00","grupo_id":null,"nomCasa":"CD Gévora","nomFuera":"CF Jaraíz","clasificado":"0","goles_local":"2","goles_visitante":"0","nomEli":"Octavos de Final - Ida","nomGrupo":null},{"jornada":"27","fecha":"2022-04-17","hora_prevista":"18:30:00","grupo_id":null,"nomCasa":"UC La Estrella","nomFuera":"CP Montehermoso","clasificado":"0","goles_local":"1","goles_visitante":"0","nomEli":"Campeones - Final Ida","nomGrupo":null},{"jornada":"109","fecha":"2022-04-16","hora_prevista":"19:00:00","grupo_id":null,"nomCasa":"RCP Valverdeño","nomFuera":"CP Moraleja","clasificado":"0","goles_local":"1","goles_visitante":"1","nomEli":"Octavos de Final - Ida","nomGrupo":null}]