[{"jornada":"84","fecha":"2022-01-23","hora_prevista":"12:00:00","grupo_id":null,"nomCasa":"FC Barcelona","nomFuera":"Club Atlético de Madrid","clasificado":"1","goles_local":"7","goles_visitante":"0","nomEli":"Final","nomGrupo":null},{"jornada":"148","fecha":"2022-01-20","hora_prevista":"19:30:00","grupo_id":null,"nomCasa":"Levante UD","nomFuera":"Club Atlético de Madrid","clasificado":"2","goles_local":"2","goles_visitante":"3","nomEli":"Semifinales","nomGrupo":null},{"jornada":"148","fecha":"2022-01-19","hora_prevista":"19:15:00","grupo_id":null,"nomCasa":"FC Barcelona","nomFuera":"Real Madrid CF","clasificado":"1","goles_local":"1","goles_visitante":"0","nomEli":"Semifinales","nomGrupo":null}]