[{"jornada":"84","fecha":"2016-08-19","hora_prevista":"22:30:00","grupo_id":null,"nomCasa":"Suecia","nomFuera":"Alemania","clasificado":"2","goles_local":"1","goles_visitante":"2","nomEli":"Final","nomGrupo":null},{"jornada":"163","fecha":"2016-08-19","hora_prevista":"18:00:00","grupo_id":null,"nomCasa":"Brasil","nomFuera":"Canadá","clasificado":"2","goles_local":"1","goles_visitante":"2","nomEli":"Tercer y Cuarto Puesto","nomGrupo":null},{"jornada":"148","fecha":"2016-08-16","hora_prevista":"21:00:00","grupo_id":null,"nomCasa":"Canadá","nomFuera":"Alemania","clasificado":"2","goles_local":"0","goles_visitante":"2","nomEli":"Semifinales","nomGrupo":null},{"jornada":"148","fecha":"2016-08-16","hora_prevista":"18:00:00","grupo_id":null,"nomCasa":"Brasil","nomFuera":"Suecia","clasificado":"2","goles_local":"0","goles_visitante":"0","nomEli":"Semifinales","nomGrupo":null},{"jornada":"48","fecha":"2016-08-13","hora_prevista":"03:00:00","grupo_id":null,"nomCasa":"Brasil","nomFuera":"Australia","clasificado":"1","goles_local":"0","goles_visitante":"0","nomEli":"Cuartos de Final","nomGrupo":null},{"jornada":"48","fecha":"2016-08-13","hora_prevista":"00:00:00","grupo_id":null,"nomCasa":"Canadá","nomFuera":"Francia","clasificado":"1","goles_local":"1","goles_visitante":"0","nomEli":"Cuartos de Final","nomGrupo":null},{"jornada":"48","fecha":"2016-08-12","hora_prevista":"21:00:00","grupo_id":null,"nomCasa":"China","nomFuera":"Alemania","clasificado":"2","goles_local":"0","goles_visitante":"1","nomEli":"Cuartos de Final","nomGrupo":null},{"jornada":"48","fecha":"2016-08-12","hora_prevista":"18:00:00","grupo_id":null,"nomCasa":"Estados Unidos","nomFuera":"Suecia","clasificado":"2","goles_local":"1","goles_visitante":"1","nomEli":"Cuartos de Final","nomGrupo":null},{"jornada":"106","fecha":"2016-08-10","hora_prevista":"03:00:00","grupo_id":"20","nomCasa":"China","nomFuera":"Suecia","clasificado":"0","goles_local":"0","goles_visitante":"0","nomEli":"Octavos de Final","nomGrupo":"Grupo E"},{"jornada":"106","fecha":"2016-08-10","hora_prevista":"03:00:00","grupo_id":"20","nomCasa":"Sudáfrica","nomFuera":"Brasil","clasificado":"0","goles_local":"0","goles_visitante":"0","nomEli":"Octavos de Final","nomGrupo":"Grupo E"},{"jornada":"106","fecha":"2016-08-10","hora_prevista":"00:00:00","grupo_id":"23","nomCasa":"Nueva Zelanda","nomFuera":"Francia","clasificado":"0","goles_local":"0","goles_visitante":"3","nomEli":"Octavos de Final","nomGrupo":"Grupo G"},{"jornada":"106","fecha":"2016-08-10","hora_prevista":"00:00:00","grupo_id":"23","nomCasa":"Colombia","nomFuera":"Estados Unidos","clasificado":"0","goles_local":"2","goles_visitante":"2","nomEli":"Octavos de Final","nomGrupo":"Grupo G"},{"jornada":"106","fecha":"2016-08-09","hora_prevista":"21:00:00","grupo_id":"22","nomCasa":"Australia","nomFuera":"Zimbabue","clasificado":"0","goles_local":"6","goles_visitante":"1","nomEli":"Octavos de Final","nomGrupo":"Grupo F"},{"jornada":"106","fecha":"2016-08-09","hora_prevista":"21:00:00","grupo_id":"22","nomCasa":"Alemania","nomFuera":"Canadá","clasificado":"0","goles_local":"1","goles_visitante":"2","nomEli":"Octavos de Final","nomGrupo":"Grupo F"},{"jornada":"106","fecha":"2016-08-07","hora_prevista":"00:00:00","grupo_id":"20","nomCasa":"Sudáfrica","nomFuera":"China","clasificado":"0","goles_local":"0","goles_visitante":"2","nomEli":"Octavos de Final","nomGrupo":"Grupo E"},{"jornada":"106","fecha":"2016-08-07","hora_prevista":"03:00:00","grupo_id":"20","nomCasa":"Brasil","nomFuera":"Suecia","clasificado":"0","goles_local":"5","goles_visitante":"1","nomEli":"Octavos de Final","nomGrupo":"Grupo E"},{"jornada":"106","fecha":"2016-08-07","hora_prevista":"01:00:00","grupo_id":"23","nomCasa":"Colombia","nomFuera":"Nueva Zelanda","clasificado":"0","goles_local":"0","goles_visitante":"1","nomEli":"Octavos de Final","nomGrupo":"Grupo G"},{"jornada":"106","fecha":"2016-08-06","hora_prevista":"22:00:00","grupo_id":"23","nomCasa":"Estados Unidos","nomFuera":"Francia","clasificado":"0","goles_local":"1","goles_visitante":"0","nomEli":"Octavos de Final","nomGrupo":"Grupo G"},{"jornada":"106","fecha":"2016-08-06","hora_prevista":"23:00:00","grupo_id":"22","nomCasa":"Alemania","nomFuera":"Australia","clasificado":"0","goles_local":"2","goles_visitante":"2","nomEli":"Octavos de Final","nomGrupo":"Grupo F"},{"jornada":"106","fecha":"2016-08-06","hora_prevista":"20:00:00","grupo_id":"22","nomCasa":"Canadá","nomFuera":"Zimbabue","clasificado":"0","goles_local":"3","goles_visitante":"1","nomEli":"Octavos de Final","nomGrupo":"Grupo F"},{"jornada":"106","fecha":"2016-08-04","hora_prevista":"03:00:00","grupo_id":"23","nomCasa":"Francia","nomFuera":"Colombia","clasificado":"0","goles_local":"4","goles_visitante":"0","nomEli":"Octavos de Final","nomGrupo":"Grupo G"},{"jornada":"106","fecha":"2016-08-04","hora_prevista":"00:00:00","grupo_id":"23","nomCasa":"Estados Unidos","nomFuera":"Nueva Zelanda","clasificado":"0","goles_local":"2","goles_visitante":"0","nomEli":"Octavos de Final","nomGrupo":"Grupo G"},{"jornada":"106","fecha":"2016-08-03","hora_prevista":"23:00:00","grupo_id":"22","nomCasa":"Zimbabue","nomFuera":"Alemania","clasificado":"0","goles_local":"1","goles_visitante":"6","nomEli":"Octavos de Final","nomGrupo":"Grupo F"},{"jornada":"106","fecha":"2016-08-03","hora_prevista":"20:00:00","grupo_id":"22","nomCasa":"Canadá","nomFuera":"Australia","clasificado":"0","goles_local":"2","goles_visitante":"0","nomEli":"Octavos de Final","nomGrupo":"Grupo F"},{"jornada":"106","fecha":"2016-08-03","hora_prevista":"21:00:00","grupo_id":"20","nomCasa":"Brasil","nomFuera":"China","clasificado":"0","goles_local":"3","goles_visitante":"0","nomEli":"Octavos de Final","nomGrupo":"Grupo E"},{"jornada":"106","fecha":"2016-08-03","hora_prevista":"18:00:00","grupo_id":"20","nomCasa":"Suecia","nomFuera":"Sudáfrica","clasificado":"0","goles_local":"1","goles_visitante":"0","nomEli":"Octavos de Final","nomGrupo":"Grupo E"}]