[{"jornada":"84","fecha":"2021-06-06","hora_prevista":"21:00:00","grupo_id":null,"nomCasa":"Alemania","nomFuera":"Portugal","clasificado":"1","goles_local":"1","goles_visitante":"0","nomEli":"Final","nomGrupo":null},{"jornada":"148","fecha":"2021-06-03","hora_prevista":"21:00:00","grupo_id":null,"nomCasa":"Países Bajos","nomFuera":"Alemania","clasificado":"2","goles_local":"1","goles_visitante":"2","nomEli":"Semifinales","nomGrupo":null},{"jornada":"148","fecha":"2021-06-03","hora_prevista":"18:00:00","grupo_id":null,"nomCasa":"España","nomFuera":"Portugal","clasificado":"2","goles_local":"0","goles_visitante":"1","nomEli":"Semifinales","nomGrupo":null},{"jornada":"48","fecha":"2021-05-31","hora_prevista":"18:00:00","grupo_id":null,"nomCasa":"Países Bajos","nomFuera":"Francia","clasificado":"1","goles_local":"2","goles_visitante":"1","nomEli":"Cuartos de Final","nomGrupo":null},{"jornada":"48","fecha":"2021-05-31","hora_prevista":"21:00:00","grupo_id":null,"nomCasa":"Dinamarca","nomFuera":"Alemania","clasificado":"2","goles_local":"2","goles_visitante":"2","nomEli":"Cuartos de Final","nomGrupo":null},{"jornada":"48","fecha":"2021-05-31","hora_prevista":"21:00:00","grupo_id":null,"nomCasa":"Portugal","nomFuera":"Italia","clasificado":"1","goles_local":"5","goles_visitante":"3","nomEli":"Cuartos de Final","nomGrupo":null},{"jornada":"48","fecha":"2021-05-31","hora_prevista":"18:00:00","grupo_id":null,"nomCasa":"España","nomFuera":"Croacia","clasificado":"1","goles_local":"2","goles_visitante":"1","nomEli":"Cuartos de Final","nomGrupo":null},{"jornada":"106","fecha":"2021-03-31","hora_prevista":"18:00:00","grupo_id":"17","nomCasa":"Islandia","nomFuera":"Francia","clasificado":"0","goles_local":"0","goles_visitante":"2","nomEli":"Octavos de Final","nomGrupo":"Grupo C"},{"jornada":"106","fecha":"2021-03-31","hora_prevista":"18:00:00","grupo_id":"17","nomCasa":"Dinamarca","nomFuera":"Rusia","clasificado":"0","goles_local":"3","goles_visitante":"0","nomEli":"Octavos de Final","nomGrupo":"Grupo C"},{"jornada":"106","fecha":"2021-03-31","hora_prevista":"18:00:00","grupo_id":"18","nomCasa":"Croacia","nomFuera":"Inglaterra","clasificado":"0","goles_local":"1","goles_visitante":"2","nomEli":"Octavos de Final","nomGrupo":"Grupo D"},{"jornada":"106","fecha":"2021-03-31","hora_prevista":"18:00:00","grupo_id":"18","nomCasa":"Suiza","nomFuera":"Portugal","clasificado":"0","goles_local":"0","goles_visitante":"3","nomEli":"Octavos de Final","nomGrupo":"Grupo D"},{"jornada":"106","fecha":"2021-03-30","hora_prevista":"18:00:00","grupo_id":"15","nomCasa":"Alemania","nomFuera":"Rumanía","clasificado":"0","goles_local":"0","goles_visitante":"0","nomEli":"Octavos de Final","nomGrupo":"Grupo A"},{"jornada":"106","fecha":"2021-03-30","hora_prevista":"21:00:00","grupo_id":"16","nomCasa":"Italia","nomFuera":"Eslovenia","clasificado":"0","goles_local":"4","goles_visitante":"0","nomEli":"Octavos de Final","nomGrupo":"Grupo B"},{"jornada":"106","fecha":"2021-03-30","hora_prevista":"21:00:00","grupo_id":"16","nomCasa":"España","nomFuera":"Chequia","clasificado":"0","goles_local":"2","goles_visitante":"0","nomEli":"Octavos de Final","nomGrupo":"Grupo B"},{"jornada":"106","fecha":"2021-03-30","hora_prevista":"18:00:00","grupo_id":"15","nomCasa":"Países Bajos","nomFuera":"Hungría","clasificado":"0","goles_local":"6","goles_visitante":"1","nomEli":"Octavos de Final","nomGrupo":"Grupo A"},{"jornada":"106","fecha":"2021-03-28","hora_prevista":"15:00:00","grupo_id":"17","nomCasa":"Islandia","nomFuera":"Dinamarca","clasificado":"0","goles_local":"0","goles_visitante":"2","nomEli":"Octavos de Final","nomGrupo":"Grupo C"},{"jornada":"106","fecha":"2021-03-28","hora_prevista":"21:00:00","grupo_id":"17","nomCasa":"Rusia","nomFuera":"Francia","clasificado":"0","goles_local":"0","goles_visitante":"2","nomEli":"Octavos de Final","nomGrupo":"Grupo C"},{"jornada":"106","fecha":"2021-03-28","hora_prevista":"21:00:00","grupo_id":"18","nomCasa":"Portugal","nomFuera":"Inglaterra","clasificado":"0","goles_local":"2","goles_visitante":"0","nomEli":"Octavos de Final","nomGrupo":"Grupo D"},{"jornada":"106","fecha":"2021-03-28","hora_prevista":"18:00:00","grupo_id":"18","nomCasa":"Croacia","nomFuera":"Suiza","clasificado":"0","goles_local":"3","goles_visitante":"2","nomEli":"Octavos de Final","nomGrupo":"Grupo D"},{"jornada":"106","fecha":"2021-03-27","hora_prevista":"21:00:00","grupo_id":"15","nomCasa":"Alemania","nomFuera":"Países Bajos","clasificado":"0","goles_local":"1","goles_visitante":"1","nomEli":"Octavos de Final","nomGrupo":"Grupo A"},{"jornada":"106","fecha":"2021-03-27","hora_prevista":"21:00:00","grupo_id":"16","nomCasa":"España","nomFuera":"Italia","clasificado":"0","goles_local":"0","goles_visitante":"0","nomEli":"Octavos de Final","nomGrupo":"Grupo B"},{"jornada":"106","fecha":"2021-03-27","hora_prevista":"18:00:00","grupo_id":"16","nomCasa":"Eslovenia","nomFuera":"Chequia","clasificado":"0","goles_local":"1","goles_visitante":"1","nomEli":"Octavos de Final","nomGrupo":"Grupo B"},{"jornada":"106","fecha":"2021-03-27","hora_prevista":"18:00:00","grupo_id":"15","nomCasa":"Hungría","nomFuera":"Rumanía","clasificado":"0","goles_local":"1","goles_visitante":"2","nomEli":"Octavos de Final","nomGrupo":"Grupo A"},{"jornada":"106","fecha":"2021-03-25","hora_prevista":"21:00:00","grupo_id":"17","nomCasa":"Francia","nomFuera":"Dinamarca","clasificado":"0","goles_local":"0","goles_visitante":"1","nomEli":"Octavos de Final","nomGrupo":"Grupo C"},{"jornada":"106","fecha":"2021-03-25","hora_prevista":"21:00:00","grupo_id":"18","nomCasa":"Portugal","nomFuera":"Croacia","clasificado":"0","goles_local":"1","goles_visitante":"0","nomEli":"Octavos de Final","nomGrupo":"Grupo D"},{"jornada":"106","fecha":"2021-03-25","hora_prevista":"18:00:00","grupo_id":"17","nomCasa":"Rusia","nomFuera":"Islandia","clasificado":"0","goles_local":"4","goles_visitante":"1","nomEli":"Octavos de Final","nomGrupo":"Grupo C"},{"jornada":"106","fecha":"2021-03-25","hora_prevista":"15:00:00","grupo_id":"18","nomCasa":"Inglaterra","nomFuera":"Suiza","clasificado":"0","goles_local":"0","goles_visitante":"1","nomEli":"Octavos de Final","nomGrupo":"Grupo D"},{"jornada":"106","fecha":"2021-03-24","hora_prevista":"21:00:00","grupo_id":"15","nomCasa":"Hungría","nomFuera":"Alemania","clasificado":"0","goles_local":"0","goles_visitante":"3","nomEli":"Octavos de Final","nomGrupo":"Grupo A"},{"jornada":"106","fecha":"2021-03-24","hora_prevista":"21:00:00","grupo_id":"15","nomCasa":"Rumanía","nomFuera":"Países Bajos","clasificado":"0","goles_local":"1","goles_visitante":"1","nomEli":"Octavos de Final","nomGrupo":"Grupo A"},{"jornada":"106","fecha":"2021-03-24","hora_prevista":"18:00:00","grupo_id":"16","nomCasa":"Chequia","nomFuera":"Italia","clasificado":"0","goles_local":"1","goles_visitante":"1","nomEli":"Octavos de Final","nomGrupo":"Grupo B"},{"jornada":"106","fecha":"2021-03-24","hora_prevista":"18:00:00","grupo_id":"16","nomCasa":"Eslovenia","nomFuera":"España","clasificado":"0","goles_local":"0","goles_visitante":"3","nomEli":"Octavos de Final","nomGrupo":"Grupo B"},{"jornada":"6","fecha":"2020-11-18","hora_prevista":"20:30:00","grupo_id":"12","nomCasa":"Portugal","nomFuera":"Países Bajos","clasificado":"0","goles_local":"2","goles_visitante":"1","nomEli":" Ronda de Clasificación","nomGrupo":"Grupo 7"},{"jornada":"6","fecha":"2020-11-18","hora_prevista":"17:30:00","grupo_id":"2","nomCasa":"Italia","nomFuera":"Suecia","clasificado":"0","goles_local":"4","goles_visitante":"1","nomEli":" Ronda de Clasificación","nomGrupo":"Grupo 1"},{"jornada":"6","fecha":"2020-11-18","hora_prevista":"17:30:00","grupo_id":"2","nomCasa":"Luxemburgo","nomFuera":"Irlanda","clasificado":"0","goles_local":"1","goles_visitante":"2","nomEli":" Ronda de Clasificación","nomGrupo":"Grupo 1"},{"jornada":"6","fecha":"2020-11-17","hora_prevista":"17:00:00","grupo_id":"9","nomCasa":"Grecia","nomFuera":"Escocia","clasificado":"0","goles_local":"1","goles_visitante":"0","nomEli":" Ronda de Clasificación","nomGrupo":"Grupo 4"},{"jornada":"6","fecha":"2020-11-17","hora_prevista":"17:00:00","grupo_id":"8","nomCasa":"Turquía","nomFuera":"Kosovo","clasificado":"0","goles_local":"3","goles_visitante":"0","nomEli":" Ronda de Clasificación","nomGrupo":"Grupo 3"},{"jornada":"6","fecha":"2020-11-17","hora_prevista":"17:00:00","grupo_id":"7","nomCasa":"Eslovaquia","nomFuera":"Liechtenstein","clasificado":"0","goles_local":"6","goles_visitante":"0","nomEli":" Ronda de Clasificación","nomGrupo":"Grupo 2"},{"jornada":"6","fecha":"2020-11-17","hora_prevista":"15:00:00","grupo_id":"13","nomCasa":"Malta","nomFuera":"Finlandia","clasificado":"0","goles_local":"0","goles_visitante":"1","nomEli":" Ronda de Clasificación","nomGrupo":"Grupo 8"},{"jornada":"6","fecha":"2020-11-17","hora_prevista":"18:45:00","grupo_id":"11","nomCasa":"España","nomFuera":"Israel","clasificado":"0","goles_local":"3","goles_visitante":"0","nomEli":" Ronda de Clasificación","nomGrupo":"Grupo 6"},{"jornada":"6","fecha":"2020-11-17","hora_prevista":"13:30:00","grupo_id":"11","nomCasa":"Macedonia del Norte","nomFuera":"Montenegro","clasificado":"0","goles_local":"2","goles_visitante":"1","nomEli":" Ronda de Clasificación","nomGrupo":"Grupo 6"},{"jornada":"6","fecha":"2020-11-17","hora_prevista":"12:00:00","grupo_id":"11","nomCasa":"Kazajistán","nomFuera":"Feroe","clasificado":"0","goles_local":"2","goles_visitante":"3","nomEli":" Ronda de Clasificación","nomGrupo":"Grupo 6"},{"jornada":"6","fecha":"2020-11-17","hora_prevista":"17:00:00","grupo_id":"9","nomCasa":"Croacia","nomFuera":"Lituania","clasificado":"0","goles_local":"7","goles_visitante":"0","nomEli":" Ronda de Clasificación","nomGrupo":"Grupo 4"},{"jornada":"6","fecha":"2020-11-17","hora_prevista":"17:30:00","grupo_id":"10","nomCasa":"Polonia","nomFuera":"Letonia","clasificado":"0","goles_local":"3","goles_visitante":"1","nomEli":" Ronda de Clasificación","nomGrupo":"Grupo 5"},{"jornada":"6","fecha":"2020-11-17","hora_prevista":"17:30:00","grupo_id":"10","nomCasa":"Bulgaria","nomFuera":"Estonia","clasificado":"0","goles_local":"3","goles_visitante":"0","nomEli":" Ronda de Clasificación","nomGrupo":"Grupo 5"},{"jornada":"6","fecha":"2020-11-17","hora_prevista":"17:30:00","grupo_id":"13","nomCasa":"Ucrania","nomFuera":"Irlanda del Norte","clasificado":"0","goles_local":"3","goles_visitante":"0","nomEli":" Ronda de Clasificación","nomGrupo":"Grupo 8"},{"jornada":"6","fecha":"2020-11-17","hora_prevista":"18:15:00","grupo_id":"14","nomCasa":"Bosnia y Herzegovina","nomFuera":"Bélgica","clasificado":"0","goles_local":"3","goles_visitante":"2","nomEli":" Ronda de Clasificación","nomGrupo":"Grupo 9"},{"jornada":"6","fecha":"2020-11-17","hora_prevista":"18:15:00","grupo_id":"14","nomCasa":"Alemania","nomFuera":"Gales","clasificado":"0","goles_local":"2","goles_visitante":"1","nomEli":" Ronda de Clasificación","nomGrupo":"Grupo 9"},{"jornada":"6","fecha":"2020-11-17","hora_prevista":"19:30:00","grupo_id":"13","nomCasa":"Rumanía","nomFuera":"Dinamarca","clasificado":"0","goles_local":"1","goles_visitante":"1","nomEli":" Ronda de Clasificación","nomGrupo":"Grupo 8"},{"jornada":"6","fecha":"2020-11-17","hora_prevista":"20:25:00","grupo_id":"8","nomCasa":"Inglaterra","nomFuera":"Albania","clasificado":"0","goles_local":"5","goles_visitante":"0","nomEli":" Ronda de Clasificación","nomGrupo":"Grupo 3"},{"jornada":"6","fecha":"2020-11-17","hora_prevista":"20:25:00","grupo_id":"8","nomCasa":"Austria","nomFuera":"Andorra","clasificado":"0","goles_local":"4","goles_visitante":"0","nomEli":" Ronda de Clasificación","nomGrupo":"Grupo 3"},{"jornada":"6","fecha":"2020-11-16","hora_prevista":"21:00:00","grupo_id":"7","nomCasa":"Francia","nomFuera":"Suiza","clasificado":"0","goles_local":"3","goles_visitante":"1","nomEli":" Ronda de Clasificación","nomGrupo":"Grupo 2"},{"jornada":"6","fecha":"2020-11-15","hora_prevista":"20:30:00","grupo_id":"12","nomCasa":"Portugal","nomFuera":"Chipre","clasificado":"0","goles_local":"2","goles_visitante":"1","nomEli":" Ronda de Clasificación","nomGrupo":"Grupo 7"},{"jornada":"6","fecha":"2020-11-15","hora_prevista":"17:30:00","grupo_id":"2","nomCasa":"Luxemburgo","nomFuera":"Italia","clasificado":"0","goles_local":"0","goles_visitante":"4","nomEli":" Ronda de Clasificación","nomGrupo":"Grupo 1"},{"jornada":"6","fecha":"2020-11-15","hora_prevista":"14:30:00","grupo_id":"12","nomCasa":"Países Bajos","nomFuera":"Bielorrusia","clasificado":"0","goles_local":"5","goles_visitante":"0","nomEli":" Ronda de Clasificación","nomGrupo":"Grupo 7"},{"jornada":"6","fecha":"2020-11-15","hora_prevista":"13:30:00","grupo_id":"2","nomCasa":"Irlanda","nomFuera":"Islandia","clasificado":"0","goles_local":"1","goles_visitante":"2","nomEli":" Ronda de Clasificación","nomGrupo":"Grupo 1"},{"jornada":"6","fecha":"2020-11-13","hora_prevista":"17:00:00","grupo_id":"13","nomCasa":"Malta","nomFuera":"Ucrania","clasificado":"0","goles_local":"1","goles_visitante":"4","nomEli":" Ronda de Clasificación","nomGrupo":"Grupo 8"},{"jornada":"6","fecha":"2020-11-13","hora_prevista":"17:30:00","grupo_id":"9","nomCasa":"Lituania","nomFuera":"San Marino","clasificado":"0","goles_local":"3","goles_visitante":"0","nomEli":" Ronda de Clasificación","nomGrupo":"Grupo 4"},{"jornada":"6","fecha":"2020-11-13","hora_prevista":"18:00:00","grupo_id":"8","nomCasa":"Turquía","nomFuera":"Austria","clasificado":"0","goles_local":"3","goles_visitante":"2","nomEli":" Ronda de Clasificación","nomGrupo":"Grupo 3"},{"jornada":"6","fecha":"2020-11-13","hora_prevista":"18:00:00","grupo_id":"9","nomCasa":"Grecia","nomFuera":"Chequia","clasificado":"0","goles_local":"0","goles_visitante":"2","nomEli":" Ronda de Clasificación","nomGrupo":"Grupo 4"},{"jornada":"6","fecha":"2020-11-13","hora_prevista":"18:00:00","grupo_id":"14","nomCasa":"Gales","nomFuera":"Moldavia","clasificado":"0","goles_local":"3","goles_visitante":"0","nomEli":" Ronda de Clasificación","nomGrupo":"Grupo 9"},{"jornada":"6","fecha":"2020-11-13","hora_prevista":"19:00:00","grupo_id":"8","nomCasa":"Kosovo","nomFuera":"Albania","clasificado":"0","goles_local":"0","goles_visitante":"1","nomEli":" Ronda de Clasificación","nomGrupo":"Grupo 3"},{"jornada":"6","fecha":"2020-11-13","hora_prevista":"20:30:00","grupo_id":"8","nomCasa":"Inglaterra","nomFuera":"Andorra","clasificado":"0","goles_local":"3","goles_visitante":"1","nomEli":" Ronda de Clasificación","nomGrupo":"Grupo 3"},{"jornada":"6","fecha":"2020-11-12","hora_prevista":"20:30:00","grupo_id":"12","nomCasa":"Portugal","nomFuera":"Bielorrusia","clasificado":"0","goles_local":"3","goles_visitante":"0","nomEli":" Ronda de Clasificación","nomGrupo":"Grupo 7"},{"jornada":"6","fecha":"2020-11-12","hora_prevista":"11:00:00","grupo_id":"7","nomCasa":"Georgia","nomFuera":"Eslovaquia","clasificado":"0","goles_local":"2","goles_visitante":"1","nomEli":" Ronda de Clasificación","nomGrupo":"Grupo 2"},{"jornada":"6","fecha":"2020-11-12","hora_prevista":"14:15:00","grupo_id":"2","nomCasa":"Islandia","nomFuera":"Italia","clasificado":"0","goles_local":"1","goles_visitante":"2","nomEli":" Ronda de Clasificación","nomGrupo":"Grupo 1"},{"jornada":"6","fecha":"2020-11-12","hora_prevista":"16:00:00","grupo_id":"9","nomCasa":"Escocia","nomFuera":"Croacia","clasificado":"0","goles_local":"2","goles_visitante":"2","nomEli":" Ronda de Clasificación","nomGrupo":"Grupo 4"},{"jornada":"6","fecha":"2020-11-12","hora_prevista":"18:30:00","grupo_id":"11","nomCasa":"Israel","nomFuera":"Macedonia del Norte","clasificado":"0","goles_local":"1","goles_visitante":"1","nomEli":" Ronda de Clasificación","nomGrupo":"Grupo 6"},{"jornada":"6","fecha":"2020-11-12","hora_prevista":"19:00:00","grupo_id":"7","nomCasa":"Suiza","nomFuera":"Azerbaiyán","clasificado":"0","goles_local":"2","goles_visitante":"1","nomEli":" Ronda de Clasificación","nomGrupo":"Grupo 2"},{"jornada":"6","fecha":"2020-11-12","hora_prevista":"19:00:00","grupo_id":"11","nomCasa":"España","nomFuera":"Feroe","clasificado":"0","goles_local":"2","goles_visitante":"0","nomEli":" Ronda de Clasificación","nomGrupo":"Grupo 6"},{"jornada":"6","fecha":"2020-11-12","hora_prevista":"20:45:00","grupo_id":"7","nomCasa":"Liechtenstein","nomFuera":"Francia","clasificado":"0","goles_local":"0","goles_visitante":"5","nomEli":" Ronda de Clasificación","nomGrupo":"Grupo 2"},{"jornada":"6","fecha":"2020-10-13","hora_prevista":"17:30:00","grupo_id":"9","nomCasa":"San Marino","nomFuera":"Escocia","clasificado":"0","goles_local":"0","goles_visitante":"7","nomEli":" Ronda de Clasificación","nomGrupo":"Grupo 4"},{"jornada":"6","fecha":"2020-10-13","hora_prevista":"17:30:00","grupo_id":"9","nomCasa":"Lituania","nomFuera":"Chequia","clasificado":"0","goles_local":"0","goles_visitante":"1","nomEli":" Ronda de Clasificación","nomGrupo":"Grupo 4"},{"jornada":"6","fecha":"2020-10-13","hora_prevista":"17:30:00","grupo_id":"2","nomCasa":"Italia","nomFuera":"Irlanda","clasificado":"0","goles_local":"2","goles_visitante":"0","nomEli":" Ronda de Clasificación","nomGrupo":"Grupo 1"},{"jornada":"6","fecha":"2020-10-13","hora_prevista":"17:00:00","grupo_id":"7","nomCasa":"Georgia","nomFuera":"Azerbaiyán","clasificado":"0","goles_local":"1","goles_visitante":"0","nomEli":" Ronda de Clasificación","nomGrupo":"Grupo 2"},{"jornada":"6","fecha":"2020-10-13","hora_prevista":"17:00:00","grupo_id":"2","nomCasa":"Luxemburgo","nomFuera":"Islandia","clasificado":"0","goles_local":"0","goles_visitante":"2","nomEli":" Ronda de Clasificación","nomGrupo":"Grupo 1"},{"jornada":"6","fecha":"2020-10-13","hora_prevista":"16:00:00","grupo_id":"14","nomCasa":"Moldavia","nomFuera":"Bélgica","clasificado":"0","goles_local":"1","goles_visitante":"0","nomEli":" Ronda de Clasificación","nomGrupo":"Grupo 9"},{"jornada":"6","fecha":"2020-10-13","hora_prevista":"16:00:00","grupo_id":"10","nomCasa":"Letonia","nomFuera":"Rusia","clasificado":"0","goles_local":"1","goles_visitante":"4","nomEli":" Ronda de Clasificación","nomGrupo":"Grupo 5"},{"jornada":"6","fecha":"2020-10-13","hora_prevista":"16:00:00","grupo_id":"9","nomCasa":"Grecia","nomFuera":"Croacia","clasificado":"0","goles_local":"0","goles_visitante":"1","nomEli":" Ronda de Clasificación","nomGrupo":"Grupo 4"},{"jornada":"6","fecha":"2020-10-13","hora_prevista":"15:00:00","grupo_id":"10","nomCasa":"Estonia","nomFuera":"Serbia","clasificado":"0","goles_local":"0","goles_visitante":"0","nomEli":" Ronda de Clasificación","nomGrupo":"Grupo 5"},{"jornada":"6","fecha":"2020-10-13","hora_prevista":"14:30:00","grupo_id":"11","nomCasa":"Macedonia del Norte","nomFuera":"Israel","clasificado":"0","goles_local":"1","goles_visitante":"1","nomEli":" Ronda de Clasificación","nomGrupo":"Grupo 6"},{"jornada":"6","fecha":"2020-10-13","hora_prevista":"18:00:00","grupo_id":"7","nomCasa":"Suiza","nomFuera":"Liechtenstein","clasificado":"0","goles_local":"3","goles_visitante":"0","nomEli":" Ronda de Clasificación","nomGrupo":"Grupo 2"},{"jornada":"6","fecha":"2020-10-13","hora_prevista":"18:00:00","grupo_id":"10","nomCasa":"Polonia","nomFuera":"Bulgaria","clasificado":"0","goles_local":"1","goles_visitante":"1","nomEli":" Ronda de Clasificación","nomGrupo":"Grupo 5"},{"jornada":"6","fecha":"2020-10-13","hora_prevista":"19:00:00","grupo_id":"13","nomCasa":"Rumanía","nomFuera":"Malta","clasificado":"0","goles_local":"4","goles_visitante":"1","nomEli":" Ronda de Clasificación","nomGrupo":"Grupo 8"},{"jornada":"6","fecha":"2020-10-13","hora_prevista":"20:30:00","grupo_id":"8","nomCasa":"Inglaterra","nomFuera":"Turquía","clasificado":"0","goles_local":"2","goles_visitante":"1","nomEli":" Ronda de Clasificación","nomGrupo":"Grupo 3"},{"jornada":"6","fecha":"2020-10-13","hora_prevista":"19:00:00","grupo_id":"13","nomCasa":"Irlanda del Norte","nomFuera":"Ucrania","clasificado":"0","goles_local":"1","goles_visitante":"0","nomEli":" Ronda de Clasificación","nomGrupo":"Grupo 8"},{"jornada":"6","fecha":"2020-10-13","hora_prevista":"19:00:00","grupo_id":"12","nomCasa":"Gibraltar","nomFuera":"Portugal","clasificado":"0","goles_local":"0","goles_visitante":"3","nomEli":" Ronda de Clasificación","nomGrupo":"Grupo 7"},{"jornada":"6","fecha":"2020-10-13","hora_prevista":"19:00:00","grupo_id":"8","nomCasa":"Kosovo","nomFuera":"Andorra","clasificado":"0","goles_local":"1","goles_visitante":"0","nomEli":" Ronda de Clasificación","nomGrupo":"Grupo 3"},{"jornada":"6","fecha":"2020-10-13","hora_prevista":"18:45:00","grupo_id":"11","nomCasa":"España","nomFuera":"Kazajistán","clasificado":"0","goles_local":"3","goles_visitante":"0","nomEli":" Ronda de Clasificación","nomGrupo":"Grupo 6"},{"jornada":"6","fecha":"2020-10-13","hora_prevista":"18:30:00","grupo_id":"2","nomCasa":"Suecia","nomFuera":"Armenia","clasificado":"0","goles_local":"10","goles_visitante":"0","nomEli":" Ronda de Clasificación","nomGrupo":"Grupo 1"},{"jornada":"6","fecha":"2020-10-13","hora_prevista":"18:15:00","grupo_id":"14","nomCasa":"Alemania","nomFuera":"Bosnia y Herzegovina","clasificado":"0","goles_local":"1","goles_visitante":"0","nomEli":" Ronda de Clasificación","nomGrupo":"Grupo 9"},{"jornada":"6","fecha":"2020-10-13","hora_prevista":"18:00:00","grupo_id":"13","nomCasa":"Dinamarca","nomFuera":"Finlandia","clasificado":"0","goles_local":"2","goles_visitante":"1","nomEli":" Ronda de Clasificación","nomGrupo":"Grupo 8"},{"jornada":"6","fecha":"2020-10-13","hora_prevista":"18:00:00","grupo_id":"12","nomCasa":"Chipre","nomFuera":"Países Bajos","clasificado":"0","goles_local":"0","goles_visitante":"7","nomEli":" Ronda de Clasificación","nomGrupo":"Grupo 7"},{"jornada":"6","fecha":"2020-10-13","hora_prevista":"18:00:00","grupo_id":"11","nomCasa":"Feroe","nomFuera":"Montenegro","clasificado":"0","goles_local":"1","goles_visitante":"0","nomEli":" Ronda de Clasificación","nomGrupo":"Grupo 6"},{"jornada":"6","fecha":"2020-10-12","hora_prevista":"21:00:00","grupo_id":"7","nomCasa":"Francia","nomFuera":"Eslovaquia","clasificado":"0","goles_local":"1","goles_visitante":"0","nomEli":" Ronda de Clasificación","nomGrupo":"Grupo 2"},{"jornada":"6","fecha":"2020-10-09","hora_prevista":"18:00:00","grupo_id":"10","nomCasa":"Serbia","nomFuera":"Polonia","clasificado":"0","goles_local":"1","goles_visitante":"0","nomEli":" Ronda de Clasificación","nomGrupo":"Grupo 5"},{"jornada":"6","fecha":"2020-10-09","hora_prevista":"18:00:00","grupo_id":"7","nomCasa":"Georgia","nomFuera":"Suiza","clasificado":"0","goles_local":"0","goles_visitante":"3","nomEli":" Ronda de Clasificación","nomGrupo":"Grupo 2"},{"jornada":"6","fecha":"2020-10-09","hora_prevista":"17:45:00","grupo_id":"10","nomCasa":"Bulgaria","nomFuera":"Letonia","clasificado":"0","goles_local":"1","goles_visitante":"0","nomEli":" Ronda de Clasificación","nomGrupo":"Grupo 5"},{"jornada":"6","fecha":"2020-10-09","hora_prevista":"17:00:00","grupo_id":"12","nomCasa":"Bielorrusia","nomFuera":"Chipre","clasificado":"0","goles_local":"1","goles_visitante":"2","nomEli":" Ronda de Clasificación","nomGrupo":"Grupo 7"},{"jornada":"6","fecha":"2020-10-09","hora_prevista":"17:00:00","grupo_id":"10","nomCasa":"Rusia","nomFuera":"Estonia","clasificado":"0","goles_local":"4","goles_visitante":"0","nomEli":" Ronda de Clasificación","nomGrupo":"Grupo 5"},{"jornada":"6","fecha":"2020-10-09","hora_prevista":"18:00:00","grupo_id":"13","nomCasa":"Malta","nomFuera":"Dinamarca","clasificado":"0","goles_local":"1","goles_visitante":"3","nomEli":" Ronda de Clasificación","nomGrupo":"Grupo 8"},{"jornada":"6","fecha":"2020-10-09","hora_prevista":"18:15:00","grupo_id":"14","nomCasa":"Moldavia","nomFuera":"Alemania","clasificado":"0","goles_local":"0","goles_visitante":"5","nomEli":" Ronda de Clasificación","nomGrupo":"Grupo 9"},{"jornada":"6","fecha":"2020-10-09","hora_prevista":"18:30:00","grupo_id":"2","nomCasa":"Suecia","nomFuera":"Luxemburgo","clasificado":"0","goles_local":"4","goles_visitante":"0","nomEli":" Ronda de Clasificación","nomGrupo":"Grupo 1"},{"jornada":"6","fecha":"2020-10-09","hora_prevista":"17:30:00","grupo_id":"13","nomCasa":"Ucrania","nomFuera":"Rumanía","clasificado":"0","goles_local":"1","goles_visitante":"0","nomEli":" Ronda de Clasificación","nomGrupo":"Grupo 8"},{"jornada":"6","fecha":"2020-10-09","hora_prevista":"20:30:00","grupo_id":"12","nomCasa":"Portugal","nomFuera":"Noruega","clasificado":"0","goles_local":"4","goles_visitante":"1","nomEli":" Ronda de Clasificación","nomGrupo":"Grupo 7"},{"jornada":"6","fecha":"2020-10-09","hora_prevista":"20:00:00","grupo_id":"14","nomCasa":"Bélgica","nomFuera":"Gales","clasificado":"0","goles_local":"5","goles_visitante":"0","nomEli":" Ronda de Clasificación","nomGrupo":"Grupo 9"},{"jornada":"6","fecha":"2020-10-09","hora_prevista":"19:00:00","grupo_id":"13","nomCasa":"Irlanda del Norte","nomFuera":"Finlandia","clasificado":"0","goles_local":"2","goles_visitante":"3","nomEli":" Ronda de Clasificación","nomGrupo":"Grupo 8"},{"jornada":"6","fecha":"2020-10-09","hora_prevista":"19:00:00","grupo_id":"8","nomCasa":"Kosovo","nomFuera":"Austria","clasificado":"0","goles_local":"0","goles_visitante":"1","nomEli":" Ronda de Clasificación","nomGrupo":"Grupo 3"},{"jornada":"6","fecha":"2020-10-09","hora_prevista":"18:30:00","grupo_id":"9","nomCasa":"Escocia","nomFuera":"Chequia","clasificado":"0","goles_local":"2","goles_visitante":"0","nomEli":" Ronda de Clasificación","nomGrupo":"Grupo 4"},{"jornada":"6","fecha":"2020-10-08","hora_prevista":"13:00:00","grupo_id":"11","nomCasa":"Kazajistán","nomFuera":"Macedonia del Norte","clasificado":"0","goles_local":"1","goles_visitante":"4","nomEli":" Ronda de Clasificación","nomGrupo":"Grupo 6"},{"jornada":"6","fecha":"2020-10-08","hora_prevista":"16:30:00","grupo_id":"7","nomCasa":"Eslovaquia","nomFuera":"Azerbaiyán","clasificado":"0","goles_local":"2","goles_visitante":"1","nomEli":" Ronda de Clasificación","nomGrupo":"Grupo 2"},{"jornada":"6","fecha":"2020-10-08","hora_prevista":"17:30:00","grupo_id":"9","nomCasa":"Lituania","nomFuera":"Grecia","clasificado":"0","goles_local":"2","goles_visitante":"0","nomEli":" Ronda de Clasificación","nomGrupo":"Grupo 4"},{"jornada":"6","fecha":"2020-10-08","hora_prevista":"18:00:00","grupo_id":"9","nomCasa":"Croacia","nomFuera":"San Marino","clasificado":"0","goles_local":"10","goles_visitante":"0","nomEli":" Ronda de Clasificación","nomGrupo":"Grupo 4"},{"jornada":"6","fecha":"2020-10-08","hora_prevista":"18:00:00","grupo_id":"11","nomCasa":"Montenegro","nomFuera":"Israel","clasificado":"0","goles_local":"1","goles_visitante":"2","nomEli":" Ronda de Clasificación","nomGrupo":"Grupo 6"},{"jornada":"6","fecha":"2020-10-08","hora_prevista":"18:45:00","grupo_id":"11","nomCasa":"Feroe","nomFuera":"España","clasificado":"0","goles_local":"0","goles_visitante":"2","nomEli":" Ronda de Clasificación","nomGrupo":"Grupo 6"},{"jornada":"6","fecha":"2020-10-08","hora_prevista":"21:00:00","grupo_id":"7","nomCasa":"Francia","nomFuera":"Liechtenstein","clasificado":"0","goles_local":"5","goles_visitante":"0","nomEli":" Ronda de Clasificación","nomGrupo":"Grupo 2"},{"jornada":"6","fecha":"2020-10-08","hora_prevista":"20:00:00","grupo_id":"12","nomCasa":"Países Bajos","nomFuera":"Gibraltar","clasificado":"0","goles_local":"5","goles_visitante":"0","nomEli":" Ronda de Clasificación","nomGrupo":"Grupo 7"},{"jornada":"6","fecha":"2020-10-07","hora_prevista":"15:00:00","grupo_id":"8","nomCasa":"Andorra","nomFuera":"Inglaterra","clasificado":"0","goles_local":"3","goles_visitante":"3","nomEli":" Ronda de Clasificación","nomGrupo":"Grupo 3"},{"jornada":"6","fecha":"2020-09-08","hora_prevista":"18:00:00","grupo_id":"13","nomCasa":"Irlanda del Norte","nomFuera":"Dinamarca","clasificado":"0","goles_local":"0","goles_visitante":"1","nomEli":" Ronda de Clasificación","nomGrupo":"Grupo 8"},{"jornada":"6","fecha":"2020-09-08","hora_prevista":"18:00:00","grupo_id":"13","nomCasa":"Finlandia","nomFuera":"Ucrania","clasificado":"0","goles_local":"0","goles_visitante":"2","nomEli":" Ronda de Clasificación","nomGrupo":"Grupo 8"},{"jornada":"6","fecha":"2020-09-08","hora_prevista":"18:00:00","grupo_id":"10","nomCasa":"Polonia","nomFuera":"Rusia","clasificado":"0","goles_local":"1","goles_visitante":"0","nomEli":" Ronda de Clasificación","nomGrupo":"Grupo 5"},{"jornada":"6","fecha":"2020-09-08","hora_prevista":"17:30:00","grupo_id":"9","nomCasa":"Lituania","nomFuera":"Escocia","clasificado":"0","goles_local":"0","goles_visitante":"1","nomEli":" Ronda de Clasificación","nomGrupo":"Grupo 4"},{"jornada":"6","fecha":"2020-09-08","hora_prevista":"17:00:00","grupo_id":"7","nomCasa":"Liechtenstein","nomFuera":"Georgia","clasificado":"0","goles_local":"0","goles_visitante":"2","nomEli":" Ronda de Clasificación","nomGrupo":"Grupo 2"},{"jornada":"6","fecha":"2020-09-08","hora_prevista":"17:00:00","grupo_id":"2","nomCasa":"Luxemburgo","nomFuera":"Armenia","clasificado":"0","goles_local":"2","goles_visitante":"1","nomEli":" Ronda de Clasificación","nomGrupo":"Grupo 1"},{"jornada":"6","fecha":"2020-09-08","hora_prevista":"16:00:00","grupo_id":"14","nomCasa":"Bélgica","nomFuera":"Alemania","clasificado":"0","goles_local":"4","goles_visitante":"1","nomEli":" Ronda de Clasificación","nomGrupo":"Grupo 9"},{"jornada":"6","fecha":"2020-09-08","hora_prevista":"16:00:00","grupo_id":"10","nomCasa":"Letonia","nomFuera":"Estonia","clasificado":"0","goles_local":"1","goles_visitante":"1","nomEli":" Ronda de Clasificación","nomGrupo":"Grupo 5"},{"jornada":"6","fecha":"2020-09-08","hora_prevista":"18:00:00","grupo_id":"13","nomCasa":"Malta","nomFuera":"Rumanía","clasificado":"0","goles_local":"0","goles_visitante":"3","nomEli":" Ronda de Clasificación","nomGrupo":"Grupo 8"},{"jornada":"6","fecha":"2020-09-08","hora_prevista":"18:00:00","grupo_id":"14","nomCasa":"Moldavia","nomFuera":"Bosnia y Herzegovina","clasificado":"0","goles_local":"1","goles_visitante":"1","nomEli":" Ronda de Clasificación","nomGrupo":"Grupo 9"},{"jornada":"6","fecha":"2020-09-08","hora_prevista":"20:30:00","grupo_id":"8","nomCasa":"Austria","nomFuera":"Inglaterra","clasificado":"0","goles_local":"1","goles_visitante":"2","nomEli":" Ronda de Clasificación","nomGrupo":"Grupo 3"},{"jornada":"6","fecha":"2020-09-08","hora_prevista":"15:00:00","grupo_id":"11","nomCasa":"Feroe","nomFuera":"Macedonia del Norte","clasificado":"0","goles_local":"1","goles_visitante":"2","nomEli":" Ronda de Clasificación","nomGrupo":"Grupo 6"},{"jornada":"6","fecha":"2020-09-08","hora_prevista":"20:15:00","grupo_id":"7","nomCasa":"Eslovaquia","nomFuera":"Suiza","clasificado":"0","goles_local":"1","goles_visitante":"2","nomEli":" Ronda de Clasificación","nomGrupo":"Grupo 2"},{"jornada":"6","fecha":"2020-09-08","hora_prevista":"20:00:00","grupo_id":"12","nomCasa":"Países Bajos","nomFuera":"Noruega","clasificado":"0","goles_local":"2","goles_visitante":"0","nomEli":" Ronda de Clasificación","nomGrupo":"Grupo 7"},{"jornada":"6","fecha":"2020-09-08","hora_prevista":"20:00:00","grupo_id":"10","nomCasa":"Serbia","nomFuera":"Bulgaria","clasificado":"0","goles_local":"1","goles_visitante":"2","nomEli":" Ronda de Clasificación","nomGrupo":"Grupo 5"},{"jornada":"6","fecha":"2020-09-08","hora_prevista":"18:40:00","grupo_id":"11","nomCasa":"Israel","nomFuera":"Kazajistán","clasificado":"0","goles_local":"1","goles_visitante":"2","nomEli":" Ronda de Clasificación","nomGrupo":"Grupo 6"},{"jornada":"6","fecha":"2020-09-08","hora_prevista":"19:00:00","grupo_id":"8","nomCasa":"Albania","nomFuera":"Andorra","clasificado":"0","goles_local":"3","goles_visitante":"1","nomEli":" Ronda de Clasificación","nomGrupo":"Grupo 3"},{"jornada":"6","fecha":"2020-09-08","hora_prevista":"18:30:00","grupo_id":"2","nomCasa":"Suecia","nomFuera":"Italia","clasificado":"0","goles_local":"3","goles_visitante":"0","nomEli":" Ronda de Clasificación","nomGrupo":"Grupo 1"},{"jornada":"6","fecha":"2020-09-07","hora_prevista":"19:00:00","grupo_id":"7","nomCasa":"Azerbaiyán","nomFuera":"Francia","clasificado":"0","goles_local":"1","goles_visitante":"2","nomEli":" Ronda de Clasificación","nomGrupo":"Grupo 2"},{"jornada":"6","fecha":"2020-09-07","hora_prevista":"18:00:00","grupo_id":"9","nomCasa":"Chequia","nomFuera":"Croacia","clasificado":"0","goles_local":"0","goles_visitante":"0","nomEli":" Ronda de Clasificación","nomGrupo":"Grupo 4"},{"jornada":"6","fecha":"2020-09-06","hora_prevista":"20:30:00","grupo_id":"9","nomCasa":"San Marino","nomFuera":"Grecia","clasificado":"0","goles_local":"0","goles_visitante":"1","nomEli":" Ronda de Clasificación","nomGrupo":"Grupo 4"},{"jornada":"6","fecha":"2020-09-04","hora_prevista":"19:30:00","grupo_id":"8","nomCasa":"Turquía","nomFuera":"Andorra","clasificado":"0","goles_local":"1","goles_visitante":"0","nomEli":" Ronda de Clasificación","nomGrupo":"Grupo 3"},{"jornada":"6","fecha":"2020-09-04","hora_prevista":"19:00:00","grupo_id":"8","nomCasa":"Kosovo","nomFuera":"Inglaterra","clasificado":"0","goles_local":"0","goles_visitante":"6","nomEli":" Ronda de Clasificación","nomGrupo":"Grupo 3"},{"jornada":"6","fecha":"2020-09-04","hora_prevista":"19:00:00","grupo_id":"7","nomCasa":"Georgia","nomFuera":"Francia","clasificado":"0","goles_local":"0","goles_visitante":"2","nomEli":" Ronda de Clasificación","nomGrupo":"Grupo 2"},{"jornada":"6","fecha":"2020-09-04","hora_prevista":"19:00:00","grupo_id":"7","nomCasa":"Suiza","nomFuera":"Eslovaquia","clasificado":"0","goles_local":"4","goles_visitante":"1","nomEli":" Ronda de Clasificación","nomGrupo":"Grupo 2"},{"jornada":"6","fecha":"2020-09-04","hora_prevista":"18:30:00","grupo_id":"8","nomCasa":"Austria","nomFuera":"Albania","clasificado":"0","goles_local":"1","goles_visitante":"5","nomEli":" Ronda de Clasificación","nomGrupo":"Grupo 3"},{"jornada":"6","fecha":"2020-09-04","hora_prevista":"18:30:00","grupo_id":"2","nomCasa":"Islandia","nomFuera":"Suecia","clasificado":"0","goles_local":"1","goles_visitante":"0","nomEli":" Ronda de Clasificación","nomGrupo":"Grupo 1"},{"jornada":"6","fecha":"2020-09-04","hora_prevista":"18:00:00","grupo_id":"13","nomCasa":"Malta","nomFuera":"Irlanda del Norte","clasificado":"0","goles_local":"0","goles_visitante":"2","nomEli":" Ronda de Clasificación","nomGrupo":"Grupo 8"},{"jornada":"6","fecha":"2020-09-04","hora_prevista":"16:00:00","grupo_id":"10","nomCasa":"Letonia","nomFuera":"Serbia","clasificado":"0","goles_local":"2","goles_visitante":"2","nomEli":" Ronda de Clasificación","nomGrupo":"Grupo 5"},{"jornada":"6","fecha":"2020-09-04","hora_prevista":"16:30:00","grupo_id":"14","nomCasa":"Bosnia y Herzegovina","nomFuera":"Gales","clasificado":"0","goles_local":"1","goles_visitante":"0","nomEli":" Ronda de Clasificación","nomGrupo":"Grupo 9"},{"jornada":"6","fecha":"2020-09-04","hora_prevista":"18:00:00","grupo_id":"10","nomCasa":"Rusia","nomFuera":"Bulgaria","clasificado":"0","goles_local":"2","goles_visitante":"0","nomEli":" Ronda de Clasificación","nomGrupo":"Grupo 5"},{"jornada":"6","fecha":"2020-09-04","hora_prevista":"18:00:00","grupo_id":"10","nomCasa":"Estonia","nomFuera":"Polonia","clasificado":"0","goles_local":"0","goles_visitante":"6","nomEli":" Ronda de Clasificación","nomGrupo":"Grupo 5"},{"jornada":"6","fecha":"2020-09-04","hora_prevista":"18:00:00","grupo_id":"12","nomCasa":"Bielorrusia","nomFuera":"Países Bajos","clasificado":"0","goles_local":"0","goles_visitante":"7","nomEli":" Ronda de Clasificación","nomGrupo":"Grupo 7"},{"jornada":"6","fecha":"2020-09-04","hora_prevista":"18:00:00","grupo_id":"12","nomCasa":"Chipre","nomFuera":"Portugal","clasificado":"0","goles_local":"0","goles_visitante":"4","nomEli":" Ronda de Clasificación","nomGrupo":"Grupo 7"},{"jornada":"6","fecha":"2020-09-04","hora_prevista":"18:00:00","grupo_id":"12","nomCasa":"Noruega","nomFuera":"Gibraltar","clasificado":"0","goles_local":"6","goles_visitante":"0","nomEli":" Ronda de Clasificación","nomGrupo":"Grupo 7"},{"jornada":"6","fecha":"2020-09-04","hora_prevista":"18:00:00","grupo_id":"13","nomCasa":"Finlandia","nomFuera":"Rumanía","clasificado":"0","goles_local":"1","goles_visitante":"3","nomEli":" Ronda de Clasificación","nomGrupo":"Grupo 8"},{"jornada":"6","fecha":"2020-09-04","hora_prevista":"18:00:00","grupo_id":"13","nomCasa":"Dinamarca","nomFuera":"Ucrania","clasificado":"0","goles_local":"1","goles_visitante":"1","nomEli":" Ronda de Clasificación","nomGrupo":"Grupo 8"},{"jornada":"6","fecha":"2020-09-03","hora_prevista":"19:00:00","grupo_id":"9","nomCasa":"Croacia","nomFuera":"Grecia","clasificado":"0","goles_local":"5","goles_visitante":"0","nomEli":" Ronda de Clasificación","nomGrupo":"Grupo 4"},{"jornada":"6","fecha":"2020-09-03","hora_prevista":"18:45:00","grupo_id":"11","nomCasa":"Macedonia del Norte","nomFuera":"España","clasificado":"0","goles_local":"0","goles_visitante":"1","nomEli":" Ronda de Clasificación","nomGrupo":"Grupo 6"},{"jornada":"6","fecha":"2020-09-03","hora_prevista":"18:15:00","grupo_id":"14","nomCasa":"Alemania","nomFuera":"Moldavia","clasificado":"0","goles_local":"4","goles_visitante":"1","nomEli":" Ronda de Clasificación","nomGrupo":"Grupo 9"},{"jornada":"6","fecha":"2020-09-03","hora_prevista":"15:00:00","grupo_id":"11","nomCasa":"Kazajistán","nomFuera":"Montenegro","clasificado":"0","goles_local":"0","goles_visitante":"4","nomEli":" Ronda de Clasificación","nomGrupo":"Grupo 6"},{"jornada":"6","fecha":"2020-09-02","hora_prevista":"18:00:00","grupo_id":"11","nomCasa":"Feroe","nomFuera":"Israel","clasificado":"0","goles_local":"3","goles_visitante":"1","nomEli":" Ronda de Clasificación","nomGrupo":"Grupo 6"},{"jornada":"6","fecha":"2020-09-02","hora_prevista":"20:30:00","grupo_id":"9","nomCasa":"San Marino","nomFuera":"Chequia","clasificado":"0","goles_local":"0","goles_visitante":"6","nomEli":" Ronda de Clasificación","nomGrupo":"Grupo 4"},{"jornada":"6","fecha":"2019-11-19","hora_prevista":"17:00:00","grupo_id":"14","nomCasa":"Gales","nomFuera":"Bosnia y Herzegovina","clasificado":"0","goles_local":"1","goles_visitante":"0","nomEli":" Ronda de Clasificación","nomGrupo":"Grupo 9"},{"jornada":"6","fecha":"2019-11-19","hora_prevista":"18:00:00","grupo_id":"8","nomCasa":"Andorra","nomFuera":"Turquía","clasificado":"0","goles_local":"2","goles_visitante":"0","nomEli":" Ronda de Clasificación","nomGrupo":"Grupo 3"},{"jornada":"6","fecha":"2019-11-19","hora_prevista":"18:00:00","grupo_id":"13","nomCasa":"Dinamarca","nomFuera":"Malta","clasificado":"0","goles_local":"5","goles_visitante":"1","nomEli":" Ronda de Clasificación","nomGrupo":"Grupo 8"},{"jornada":"6","fecha":"2019-11-19","hora_prevista":"21:00:00","grupo_id":"2","nomCasa":"Italia","nomFuera":"Armenia","clasificado":"0","goles_local":"6","goles_visitante":"0","nomEli":" Ronda de Clasificación","nomGrupo":"Grupo 1"},{"jornada":"6","fecha":"2019-11-19","hora_prevista":"18:30:00","grupo_id":"11","nomCasa":"Israel","nomFuera":"España","clasificado":"0","goles_local":"1","goles_visitante":"1","nomEli":" Ronda de Clasificación","nomGrupo":"Grupo 6"},{"jornada":"6","fecha":"2019-11-19","hora_prevista":"18:30:00","grupo_id":"12","nomCasa":"Noruega","nomFuera":"Portugal","clasificado":"0","goles_local":"2","goles_visitante":"3","nomEli":" Ronda de Clasificación","nomGrupo":"Grupo 7"},{"jornada":"6","fecha":"2019-11-19","hora_prevista":"18:30:00","grupo_id":"13","nomCasa":"Irlanda del Norte","nomFuera":"Rumanía","clasificado":"0","goles_local":"0","goles_visitante":"0","nomEli":" Ronda de Clasificación","nomGrupo":"Grupo 8"},{"jornada":"6","fecha":"2019-11-19","hora_prevista":"19:00:00","grupo_id":"7","nomCasa":"Suiza","nomFuera":"Francia","clasificado":"0","goles_local":"3","goles_visitante":"1","nomEli":" Ronda de Clasificación","nomGrupo":"Grupo 2"},{"jornada":"6","fecha":"2019-11-19","hora_prevista":"19:00:00","grupo_id":"10","nomCasa":"Serbia","nomFuera":"Rusia","clasificado":"0","goles_local":"0","goles_visitante":"2","nomEli":" Ronda de Clasificación","nomGrupo":"Grupo 5"},{"jornada":"6","fecha":"2019-11-19","hora_prevista":"20:00:00","grupo_id":"12","nomCasa":"Gibraltar","nomFuera":"Bielorrusia","clasificado":"0","goles_local":"0","goles_visitante":"2","nomEli":" Ronda de Clasificación","nomGrupo":"Grupo 7"},{"jornada":"6","fecha":"2019-11-19","hora_prevista":"21:00:00","grupo_id":"2","nomCasa":"Irlanda","nomFuera":"Suecia","clasificado":"0","goles_local":"4","goles_visitante":"1","nomEli":" Ronda de Clasificación","nomGrupo":"Grupo 1"},{"jornada":"6","fecha":"2019-11-18","hora_prevista":"18:00:00","grupo_id":"7","nomCasa":"Eslovaquia","nomFuera":"Georgia","clasificado":"0","goles_local":"3","goles_visitante":"2","nomEli":" Ronda de Clasificación","nomGrupo":"Grupo 2"},{"jornada":"6","fecha":"2019-11-18","hora_prevista":"18:00:00","grupo_id":"9","nomCasa":"Croacia","nomFuera":"Chequia","clasificado":"0","goles_local":"1","goles_visitante":"2","nomEli":" Ronda de Clasificación","nomGrupo":"Grupo 4"},{"jornada":"6","fecha":"2019-11-17","hora_prevista":"16:00:00","grupo_id":"14","nomCasa":"Alemania","nomFuera":"Bélgica","clasificado":"0","goles_local":"2","goles_visitante":"3","nomEli":" Ronda de Clasificación","nomGrupo":"Grupo 9"},{"jornada":"6","fecha":"2019-11-16","hora_prevista":"18:30:00","grupo_id":"2","nomCasa":"Italia","nomFuera":"Islandia","clasificado":"0","goles_local":"3","goles_visitante":"0","nomEli":" Ronda de Clasificación","nomGrupo":"Grupo 1"},{"jornada":"6","fecha":"2019-11-15","hora_prevista":"13:30:00","grupo_id":"12","nomCasa":"Chipre","nomFuera":"Noruega","clasificado":"0","goles_local":"1","goles_visitante":"2","nomEli":" Ronda de Clasificación","nomGrupo":"Grupo 7"},{"jornada":"6","fecha":"2019-11-15","hora_prevista":"16:00:00","grupo_id":"10","nomCasa":"Rusia","nomFuera":"Letonia","clasificado":"0","goles_local":"2","goles_visitante":"0","nomEli":" Ronda de Clasificación","nomGrupo":"Grupo 5"},{"jornada":"6","fecha":"2019-11-15","hora_prevista":"17:00:00","grupo_id":"10","nomCasa":"Bulgaria","nomFuera":"Polonia","clasificado":"0","goles_local":"3","goles_visitante":"0","nomEli":" Ronda de Clasificación","nomGrupo":"Grupo 5"},{"jornada":"6","fecha":"2019-11-15","hora_prevista":"17:30:00","grupo_id":"13","nomCasa":"Ucrania","nomFuera":"Dinamarca","clasificado":"0","goles_local":"2","goles_visitante":"3","nomEli":" Ronda de Clasificación","nomGrupo":"Grupo 8"},{"jornada":"6","fecha":"2019-11-15","hora_prevista":"18:00:00","grupo_id":"8","nomCasa":"Austria","nomFuera":"Kosovo","clasificado":"0","goles_local":"4","goles_visitante":"0","nomEli":" Ronda de Clasificación","nomGrupo":"Grupo 3"},{"jornada":"6","fecha":"2019-11-15","hora_prevista":"19:00:00","grupo_id":"10","nomCasa":"Serbia","nomFuera":"Estonia","clasificado":"0","goles_local":"6","goles_visitante":"0","nomEli":" Ronda de Clasificación","nomGrupo":"Grupo 5"},{"jornada":"6","fecha":"2019-11-15","hora_prevista":"19:00:00","grupo_id":"8","nomCasa":"Albania","nomFuera":"Inglaterra","clasificado":"0","goles_local":"0","goles_visitante":"3","nomEli":" Ronda de Clasificación","nomGrupo":"Grupo 3"},{"jornada":"6","fecha":"2019-11-15","hora_prevista":"20:00:00","grupo_id":"9","nomCasa":"Escocia","nomFuera":"Grecia","clasificado":"0","goles_local":"0","goles_visitante":"1","nomEli":" Ronda de Clasificación","nomGrupo":"Grupo 4"},{"jornada":"6","fecha":"2019-11-15","hora_prevista":"21:00:00","grupo_id":"7","nomCasa":"Francia","nomFuera":"Georgia","clasificado":"0","goles_local":"3","goles_visitante":"2","nomEli":" Ronda de Clasificación","nomGrupo":"Grupo 2"},{"jornada":"6","fecha":"2019-11-14","hora_prevista":"13:00:00","grupo_id":"2","nomCasa":"Armenia","nomFuera":"Irlanda","clasificado":"0","goles_local":"0","goles_visitante":"1","nomEli":" Ronda de Clasificación","nomGrupo":"Grupo 1"},{"jornada":"6","fecha":"2019-11-14","hora_prevista":"15:00:00","grupo_id":"7","nomCasa":"Azerbaiyán","nomFuera":"Liechtenstein","clasificado":"0","goles_local":"1","goles_visitante":"0","nomEli":" Ronda de Clasificación","nomGrupo":"Grupo 2"},{"jornada":"6","fecha":"2019-11-14","hora_prevista":"17:30:00","grupo_id":"9","nomCasa":"Lituania","nomFuera":"Croacia","clasificado":"0","goles_local":"1","goles_visitante":"3","nomEli":" Ronda de Clasificación","nomGrupo":"Grupo 4"},{"jornada":"6","fecha":"2019-11-14","hora_prevista":"18:00:00","grupo_id":"9","nomCasa":"Chequia","nomFuera":"San Marino","clasificado":"0","goles_local":"6","goles_visitante":"0","nomEli":" Ronda de Clasificación","nomGrupo":"Grupo 4"},{"jornada":"6","fecha":"2019-11-14","hora_prevista":"19:00:00","grupo_id":"11","nomCasa":"Israel","nomFuera":"Montenegro","clasificado":"0","goles_local":"0","goles_visitante":"0","nomEli":" Ronda de Clasificación","nomGrupo":"Grupo 6"},{"jornada":"6","fecha":"2019-11-14","hora_prevista":"19:00:00","grupo_id":"12","nomCasa":"Gibraltar","nomFuera":"Países Bajos","clasificado":"0","goles_local":"0","goles_visitante":"6","nomEli":" Ronda de Clasificación","nomGrupo":"Grupo 7"},{"jornada":"6","fecha":"2019-11-14","hora_prevista":"19:00:00","grupo_id":"13","nomCasa":"Rumanía","nomFuera":"Finlandia","clasificado":"0","goles_local":"4","goles_visitante":"1","nomEli":" Ronda de Clasificación","nomGrupo":"Grupo 8"},{"jornada":"6","fecha":"2019-11-14","hora_prevista":"19:45:00","grupo_id":"11","nomCasa":"España","nomFuera":"Macedonia del Norte","clasificado":"0","goles_local":"3","goles_visitante":"0","nomEli":" Ronda de Clasificación","nomGrupo":"Grupo 6"},{"jornada":"6","fecha":"2019-10-15","hora_prevista":"18:00:00","grupo_id":"14","nomCasa":"Bosnia y Herzegovina","nomFuera":"Alemania","clasificado":"0","goles_local":"0","goles_visitante":"2","nomEli":" Ronda de Clasificación","nomGrupo":"Grupo 9"},{"jornada":"6","fecha":"2019-10-15","hora_prevista":"18:00:00","grupo_id":"10","nomCasa":"Polonia","nomFuera":"Serbia","clasificado":"0","goles_local":"1","goles_visitante":"0","nomEli":" Ronda de Clasificación","nomGrupo":"Grupo 5"},{"jornada":"6","fecha":"2019-10-15","hora_prevista":"18:00:00","grupo_id":"7","nomCasa":"Azerbaiyán","nomFuera":"Suiza","clasificado":"0","goles_local":"0","goles_visitante":"1","nomEli":" Ronda de Clasificación","nomGrupo":"Grupo 2"},{"jornada":"6","fecha":"2019-10-15","hora_prevista":"17:00:00","grupo_id":"10","nomCasa":"Letonia","nomFuera":"Bulgaria","clasificado":"0","goles_local":"0","goles_visitante":"0","nomEli":" Ronda de Clasificación","nomGrupo":"Grupo 5"},{"jornada":"6","fecha":"2019-10-15","hora_prevista":"17:00:00","grupo_id":"2","nomCasa":"Islandia","nomFuera":"Irlanda","clasificado":"0","goles_local":"1","goles_visitante":"0","nomEli":" Ronda de Clasificación","nomGrupo":"Grupo 1"},{"jornada":"6","fecha":"2019-10-15","hora_prevista":"14:30:00","grupo_id":"12","nomCasa":"Chipre","nomFuera":"Bielorrusia","clasificado":"0","goles_local":"1","goles_visitante":"1","nomEli":" Ronda de Clasificación","nomGrupo":"Grupo 7"},{"jornada":"6","fecha":"2019-10-15","hora_prevista":"14:30:00","grupo_id":"11","nomCasa":"Macedonia del Norte","nomFuera":"Kazajistán","clasificado":"0","goles_local":"1","goles_visitante":"1","nomEli":" Ronda de Clasificación","nomGrupo":"Grupo 6"},{"jornada":"6","fecha":"2019-10-15","hora_prevista":"18:15:00","grupo_id":"10","nomCasa":"Estonia","nomFuera":"Rusia","clasificado":"0","goles_local":"0","goles_visitante":"5","nomEli":" Ronda de Clasificación","nomGrupo":"Grupo 5"},{"jornada":"6","fecha":"2019-10-15","hora_prevista":"18:30:00","grupo_id":"12","nomCasa":"Noruega","nomFuera":"Países Bajos","clasificado":"0","goles_local":"0","goles_visitante":"4","nomEli":" Ronda de Clasificación","nomGrupo":"Grupo 7"},{"jornada":"6","fecha":"2019-10-15","hora_prevista":"21:00:00","grupo_id":"7","nomCasa":"Eslovaquia","nomFuera":"Francia","clasificado":"0","goles_local":"3","goles_visitante":"5","nomEli":" Ronda de Clasificación","nomGrupo":"Grupo 2"},{"jornada":"6","fecha":"2019-10-15","hora_prevista":"20:45:00","grupo_id":"8","nomCasa":"Inglaterra","nomFuera":"Austria","clasificado":"0","goles_local":"5","goles_visitante":"1","nomEli":" Ronda de Clasificación","nomGrupo":"Grupo 3"},{"jornada":"6","fecha":"2019-10-15","hora_prevista":"20:00:00","grupo_id":"14","nomCasa":"Bélgica","nomFuera":"Moldavia","clasificado":"0","goles_local":"4","goles_visitante":"1","nomEli":" Ronda de Clasificación","nomGrupo":"Grupo 9"},{"jornada":"6","fecha":"2019-10-15","hora_prevista":"19:00:00","grupo_id":"8","nomCasa":"Albania","nomFuera":"Kosovo","clasificado":"0","goles_local":"2","goles_visitante":"1","nomEli":" Ronda de Clasificación","nomGrupo":"Grupo 3"},{"jornada":"6","fecha":"2019-10-15","hora_prevista":"19:00:00","grupo_id":"2","nomCasa":"Luxemburgo","nomFuera":"Suecia","clasificado":"0","goles_local":"0","goles_visitante":"3","nomEli":" Ronda de Clasificación","nomGrupo":"Grupo 1"},{"jornada":"6","fecha":"2019-10-15","hora_prevista":"18:45:00","grupo_id":"11","nomCasa":"Montenegro","nomFuera":"España","clasificado":"0","goles_local":"0","goles_visitante":"2","nomEli":" Ronda de Clasificación","nomGrupo":"Grupo 6"},{"jornada":"6","fecha":"2019-10-15","hora_prevista":"18:35:00","grupo_id":"11","nomCasa":"Israel","nomFuera":"Feroe","clasificado":"0","goles_local":"3","goles_visitante":"1","nomEli":" Ronda de Clasificación","nomGrupo":"Grupo 6"},{"jornada":"6","fecha":"2019-10-14","hora_prevista":"17:00:00","grupo_id":"9","nomCasa":"Chequia","nomFuera":"Escocia","clasificado":"0","goles_local":"0","goles_visitante":"0","nomEli":" Ronda de Clasificación","nomGrupo":"Grupo 4"},{"jornada":"6","fecha":"2019-10-14","hora_prevista":"18:00:00","grupo_id":"13","nomCasa":"Finlandia","nomFuera":"Dinamarca","clasificado":"0","goles_local":"0","goles_visitante":"1","nomEli":" Ronda de Clasificación","nomGrupo":"Grupo 8"},{"jornada":"6","fecha":"2019-10-14","hora_prevista":"18:30:00","grupo_id":"2","nomCasa":"Armenia","nomFuera":"Italia","clasificado":"0","goles_local":"0","goles_visitante":"1","nomEli":" Ronda de Clasificación","nomGrupo":"Grupo 1"},{"jornada":"6","fecha":"2019-10-14","hora_prevista":"19:00:00","grupo_id":"9","nomCasa":"San Marino","nomFuera":"Croacia","clasificado":"0","goles_local":"0","goles_visitante":"7","nomEli":" Ronda de Clasificación","nomGrupo":"Grupo 4"},{"jornada":"6","fecha":"2019-10-14","hora_prevista":"19:30:00","grupo_id":"13","nomCasa":"Rumanía","nomFuera":"Irlanda del Norte","clasificado":"0","goles_local":"3","goles_visitante":"0","nomEli":" Ronda de Clasificación","nomGrupo":"Grupo 8"},{"jornada":"6","fecha":"2019-10-12","hora_prevista":"15:45:00","grupo_id":"2","nomCasa":"Suecia","nomFuera":"Islandia","clasificado":"0","goles_local":"5","goles_visitante":"0","nomEli":" Ronda de Clasificación","nomGrupo":"Grupo 1"},{"jornada":"6","fecha":"2019-10-11","hora_prevista":"13:00:00","grupo_id":"2","nomCasa":"Armenia","nomFuera":"Luxemburgo","clasificado":"0","goles_local":"2","goles_visitante":"0","nomEli":" Ronda de Clasificación","nomGrupo":"Grupo 1"},{"jornada":"6","fecha":"2019-10-11","hora_prevista":"16:00:00","grupo_id":"10","nomCasa":"Rusia","nomFuera":"Polonia","clasificado":"0","goles_local":"2","goles_visitante":"2","nomEli":" Ronda de Clasificación","nomGrupo":"Grupo 5"},{"jornada":"6","fecha":"2019-10-11","hora_prevista":"16:00:00","grupo_id":"14","nomCasa":"Moldavia","nomFuera":"Gales","clasificado":"0","goles_local":"2","goles_visitante":"1","nomEli":" Ronda de Clasificación","nomGrupo":"Grupo 9"},{"jornada":"6","fecha":"2019-10-11","hora_prevista":"17:00:00","grupo_id":"12","nomCasa":"Bielorrusia","nomFuera":"Noruega","clasificado":"0","goles_local":"1","goles_visitante":"1","nomEli":" Ronda de Clasificación","nomGrupo":"Grupo 7"},{"jornada":"6","fecha":"2019-10-11","hora_prevista":"18:00:00","grupo_id":"10","nomCasa":"Bulgaria","nomFuera":"Serbia","clasificado":"0","goles_local":"0","goles_visitante":"1","nomEli":" Ronda de Clasificación","nomGrupo":"Grupo 5"},{"jornada":"6","fecha":"2019-10-11","hora_prevista":"18:15:00","grupo_id":"10","nomCasa":"Estonia","nomFuera":"Letonia","clasificado":"0","goles_local":"2","goles_visitante":"1","nomEli":" Ronda de Clasificación","nomGrupo":"Grupo 5"},{"jornada":"6","fecha":"2019-10-11","hora_prevista":"18:30:00","grupo_id":"12","nomCasa":"Países Bajos","nomFuera":"Portugal","clasificado":"0","goles_local":"4","goles_visitante":"2","nomEli":" Ronda de Clasificación","nomGrupo":"Grupo 7"},{"jornada":"6","fecha":"2019-10-11","hora_prevista":"19:00:00","grupo_id":"7","nomCasa":"Suiza","nomFuera":"Georgia","clasificado":"0","goles_local":"2","goles_visitante":"1","nomEli":" Ronda de Clasificación","nomGrupo":"Grupo 2"},{"jornada":"6","fecha":"2019-10-11","hora_prevista":"20:30:00","grupo_id":"8","nomCasa":"Austria","nomFuera":"Turquía","clasificado":"0","goles_local":"3","goles_visitante":"0","nomEli":" Ronda de Clasificación","nomGrupo":"Grupo 3"},{"jornada":"6","fecha":"2019-10-10","hora_prevista":"17:00:00","grupo_id":"9","nomCasa":"Chequia","nomFuera":"Grecia","clasificado":"0","goles_local":"1","goles_visitante":"1","nomEli":" Ronda de Clasificación","nomGrupo":"Grupo 4"},{"jornada":"6","fecha":"2019-10-10","hora_prevista":"17:00:00","grupo_id":"11","nomCasa":"Montenegro","nomFuera":"Macedonia del Norte","clasificado":"0","goles_local":"1","goles_visitante":"2","nomEli":" Ronda de Clasificación","nomGrupo":"Grupo 6"},{"jornada":"6","fecha":"2019-10-10","hora_prevista":"18:00:00","grupo_id":"13","nomCasa":"Dinamarca","nomFuera":"Irlanda del Norte","clasificado":"0","goles_local":"2","goles_visitante":"1","nomEli":" Ronda de Clasificación","nomGrupo":"Grupo 8"},{"jornada":"6","fecha":"2019-10-10","hora_prevista":"18:00:00","grupo_id":"13","nomCasa":"Finlandia","nomFuera":"Malta","clasificado":"0","goles_local":"4","goles_visitante":"0","nomEli":" Ronda de Clasificación","nomGrupo":"Grupo 8"},{"jornada":"6","fecha":"2019-10-10","hora_prevista":"18:15:00","grupo_id":"9","nomCasa":"Escocia","nomFuera":"Lituania","clasificado":"0","goles_local":"0","goles_visitante":"0","nomEli":" Ronda de Clasificación","nomGrupo":"Grupo 4"},{"jornada":"6","fecha":"2019-10-10","hora_prevista":"19:30:00","grupo_id":"13","nomCasa":"Rumanía","nomFuera":"Ucrania","clasificado":"0","goles_local":"3","goles_visitante":"0","nomEli":" Ronda de Clasificación","nomGrupo":"Grupo 8"},{"jornada":"6","fecha":"2019-10-10","hora_prevista":"21:00:00","grupo_id":"7","nomCasa":"Francia","nomFuera":"Azerbaiyán","clasificado":"0","goles_local":"5","goles_visitante":"0","nomEli":" Ronda de Clasificación","nomGrupo":"Grupo 2"},{"jornada":"6","fecha":"2019-10-10","hora_prevista":"21:05:00","grupo_id":"2","nomCasa":"Irlanda","nomFuera":"Italia","clasificado":"0","goles_local":"0","goles_visitante":"0","nomEli":" Ronda de Clasificación","nomGrupo":"Grupo 1"},{"jornada":"6","fecha":"2019-10-09","hora_prevista":"18:00:00","grupo_id":"7","nomCasa":"Liechtenstein","nomFuera":"Eslovaquia","clasificado":"0","goles_local":"2","goles_visitante":"4","nomEli":" Ronda de Clasificación","nomGrupo":"Grupo 2"},{"jornada":"6","fecha":"2019-09-10","hora_prevista":"18:30:00","grupo_id":"2","nomCasa":"Italia","nomFuera":"Luxemburgo","clasificado":"0","goles_local":"5","goles_visitante":"0","nomEli":" Ronda de Clasificación","nomGrupo":"Grupo 1"},{"jornada":"6","fecha":"2019-09-10","hora_prevista":"18:30:00","grupo_id":"2","nomCasa":"Suecia","nomFuera":"Irlanda","clasificado":"0","goles_local":"1","goles_visitante":"3","nomEli":" Ronda de Clasificación","nomGrupo":"Grupo 1"},{"jornada":"6","fecha":"2019-09-10","hora_prevista":"18:00:00","grupo_id":"13","nomCasa":"Finlandia","nomFuera":"Irlanda del Norte","clasificado":"0","goles_local":"1","goles_visitante":"1","nomEli":" Ronda de Clasificación","nomGrupo":"Grupo 8"},{"jornada":"6","fecha":"2019-09-10","hora_prevista":"18:00:00","grupo_id":"10","nomCasa":"Polonia","nomFuera":"Estonia","clasificado":"0","goles_local":"4","goles_visitante":"0","nomEli":" Ronda de Clasificación","nomGrupo":"Grupo 5"},{"jornada":"6","fecha":"2019-09-10","hora_prevista":"17:30:00","grupo_id":"13","nomCasa":"Ucrania","nomFuera":"Malta","clasificado":"0","goles_local":"4","goles_visitante":"0","nomEli":" Ronda de Clasificación","nomGrupo":"Grupo 8"},{"jornada":"6","fecha":"2019-09-10","hora_prevista":"16:30:00","grupo_id":"9","nomCasa":"Grecia","nomFuera":"Lituania","clasificado":"0","goles_local":"1","goles_visitante":"0","nomEli":" Ronda de Clasificación","nomGrupo":"Grupo 4"},{"jornada":"6","fecha":"2019-09-10","hora_prevista":"16:00:00","grupo_id":"11","nomCasa":"Macedonia del Norte","nomFuera":"Feroe","clasificado":"0","goles_local":"7","goles_visitante":"1","nomEli":" Ronda de Clasificación","nomGrupo":"Grupo 6"},{"jornada":"6","fecha":"2019-09-10","hora_prevista":"15:00:00","grupo_id":"11","nomCasa":"Kazajistán","nomFuera":"Israel","clasificado":"0","goles_local":"1","goles_visitante":"2","nomEli":" Ronda de Clasificación","nomGrupo":"Grupo 6"},{"jornada":"6","fecha":"2019-09-10","hora_prevista":"18:30:00","grupo_id":"7","nomCasa":"Azerbaiyán","nomFuera":"Georgia","clasificado":"0","goles_local":"0","goles_visitante":"3","nomEli":" Ronda de Clasificación","nomGrupo":"Grupo 2"},{"jornada":"6","fecha":"2019-09-10","hora_prevista":"18:30:00","grupo_id":"7","nomCasa":"Liechtenstein","nomFuera":"Suiza","clasificado":"0","goles_local":"0","goles_visitante":"5","nomEli":" Ronda de Clasificación","nomGrupo":"Grupo 2"},{"jornada":"6","fecha":"2019-09-10","hora_prevista":"18:30:00","grupo_id":"13","nomCasa":"Dinamarca","nomFuera":"Rumanía","clasificado":"0","goles_local":"2","goles_visitante":"1","nomEli":" Ronda de Clasificación","nomGrupo":"Grupo 8"},{"jornada":"6","fecha":"2019-09-10","hora_prevista":"20:00:00","grupo_id":"14","nomCasa":"Bélgica","nomFuera":"Bosnia y Herzegovina","clasificado":"0","goles_local":"0","goles_visitante":"0","nomEli":" Ronda de Clasificación","nomGrupo":"Grupo 9"},{"jornada":"6","fecha":"2019-09-10","hora_prevista":"20:00:00","grupo_id":"14","nomCasa":"Gales","nomFuera":"Alemania","clasificado":"0","goles_local":"1","goles_visitante":"5","nomEli":" Ronda de Clasificación","nomGrupo":"Grupo 9"},{"jornada":"6","fecha":"2019-09-10","hora_prevista":"20:00:00","grupo_id":"9","nomCasa":"Croacia","nomFuera":"Escocia","clasificado":"0","goles_local":"1","goles_visitante":"2","nomEli":" Ronda de Clasificación","nomGrupo":"Grupo 4"},{"jornada":"6","fecha":"2019-09-10","hora_prevista":"19:45:00","grupo_id":"11","nomCasa":"España","nomFuera":"Montenegro","clasificado":"0","goles_local":"2","goles_visitante":"0","nomEli":" Ronda de Clasificación","nomGrupo":"Grupo 6"},{"jornada":"6","fecha":"2019-09-10","hora_prevista":"19:30:00","grupo_id":"10","nomCasa":"Bulgaria","nomFuera":"Rusia","clasificado":"0","goles_local":"0","goles_visitante":"0","nomEli":" Ronda de Clasificación","nomGrupo":"Grupo 5"},{"jornada":"6","fecha":"2019-09-10","hora_prevista":"19:00:00","grupo_id":"12","nomCasa":"Países Bajos","nomFuera":"Chipre","clasificado":"0","goles_local":"5","goles_visitante":"1","nomEli":" Ronda de Clasificación","nomGrupo":"Grupo 7"},{"jornada":"6","fecha":"2019-09-10","hora_prevista":"19:00:00","grupo_id":"12","nomCasa":"Bielorrusia","nomFuera":"Portugal","clasificado":"0","goles_local":"0","goles_visitante":"2","nomEli":" Ronda de Clasificación","nomGrupo":"Grupo 7"},{"jornada":"6","fecha":"2019-09-10","hora_prevista":"19:00:00","grupo_id":"10","nomCasa":"Serbia","nomFuera":"Letonia","clasificado":"0","goles_local":"1","goles_visitante":"1","nomEli":" Ronda de Clasificación","nomGrupo":"Grupo 5"},{"jornada":"6","fecha":"2019-09-09","hora_prevista":"16:00:00","grupo_id":"8","nomCasa":"Albania","nomFuera":"Austria","clasificado":"0","goles_local":"0","goles_visitante":"4","nomEli":" Ronda de Clasificación","nomGrupo":"Grupo 3"},{"jornada":"6","fecha":"2019-09-09","hora_prevista":"19:00:00","grupo_id":"2","nomCasa":"Islandia","nomFuera":"Armenia","clasificado":"0","goles_local":"6","goles_visitante":"1","nomEli":" Ronda de Clasificación","nomGrupo":"Grupo 1"},{"jornada":"6","fecha":"2019-09-09","hora_prevista":"20:45:00","grupo_id":"8","nomCasa":"Inglaterra","nomFuera":"Kosovo","clasificado":"0","goles_local":"2","goles_visitante":"0","nomEli":" Ronda de Clasificación","nomGrupo":"Grupo 3"},{"jornada":"6","fecha":"2019-09-06","hora_prevista":"15:00:00","grupo_id":"11","nomCasa":"Kazajistán","nomFuera":"España","clasificado":"0","goles_local":"0","goles_visitante":"1","nomEli":" Ronda de Clasificación","nomGrupo":"Grupo 6"},{"jornada":"6","fecha":"2019-09-06","hora_prevista":"16:00:00","grupo_id":"10","nomCasa":"Letonia","nomFuera":"Polonia","clasificado":"0","goles_local":"0","goles_visitante":"1","nomEli":" Ronda de Clasificación","nomGrupo":"Grupo 5"},{"jornada":"6","fecha":"2019-09-06","hora_prevista":"17:30:00","grupo_id":"13","nomCasa":"Ucrania","nomFuera":"Finlandia","clasificado":"0","goles_local":"0","goles_visitante":"2","nomEli":" Ronda de Clasificación","nomGrupo":"Grupo 8"},{"jornada":"6","fecha":"2019-09-06","hora_prevista":"18:00:00","grupo_id":"9","nomCasa":"Chequia","nomFuera":"Lituania","clasificado":"0","goles_local":"2","goles_visitante":"0","nomEli":" Ronda de Clasificación","nomGrupo":"Grupo 4"},{"jornada":"6","fecha":"2019-09-06","hora_prevista":"18:00:00","grupo_id":"10","nomCasa":"Rusia","nomFuera":"Serbia","clasificado":"0","goles_local":"1","goles_visitante":"0","nomEli":" Ronda de Clasificación","nomGrupo":"Grupo 5"},{"jornada":"6","fecha":"2019-09-06","hora_prevista":"18:00:00","grupo_id":"14","nomCasa":"Gales","nomFuera":"Bélgica","clasificado":"0","goles_local":"1","goles_visitante":"0","nomEli":" Ronda de Clasificación","nomGrupo":"Grupo 9"},{"jornada":"6","fecha":"2019-09-06","hora_prevista":"18:30:00","grupo_id":"7","nomCasa":"Azerbaiyán","nomFuera":"Eslovaquia","clasificado":"0","goles_local":"2","goles_visitante":"1","nomEli":" Ronda de Clasificación","nomGrupo":"Grupo 2"},{"jornada":"6","fecha":"2019-09-06","hora_prevista":"19:00:00","grupo_id":"2","nomCasa":"Islandia","nomFuera":"Luxemburgo","clasificado":"0","goles_local":"3","goles_visitante":"0","nomEli":" Ronda de Clasificación","nomGrupo":"Grupo 1"},{"jornada":"6","fecha":"2019-09-06","hora_prevista":"19:00:00","grupo_id":"12","nomCasa":"Noruega","nomFuera":"Chipre","clasificado":"0","goles_local":"2","goles_visitante":"1","nomEli":" Ronda de Clasificación","nomGrupo":"Grupo 7"},{"jornada":"6","fecha":"2019-09-06","hora_prevista":"19:45:00","grupo_id":"8","nomCasa":"Turquía","nomFuera":"Inglaterra","clasificado":"0","goles_local":"2","goles_visitante":"3","nomEli":" Ronda de Clasificación","nomGrupo":"Grupo 3"},{"jornada":"6","fecha":"2019-09-06","hora_prevista":"20:00:00","grupo_id":"11","nomCasa":"Montenegro","nomFuera":"Feroe","clasificado":"0","goles_local":"3","goles_visitante":"0","nomEli":" Ronda de Clasificación","nomGrupo":"Grupo 6"},{"jornada":"6","fecha":"2019-09-06","hora_prevista":"20:30:00","grupo_id":"13","nomCasa":"Irlanda del Norte","nomFuera":"Malta","clasificado":"0","goles_local":"0","goles_visitante":"0","nomEli":" Ronda de Clasificación","nomGrupo":"Grupo 8"},{"jornada":"6","fecha":"2019-09-06","hora_prevista":"21:00:00","grupo_id":"2","nomCasa":"Irlanda","nomFuera":"Armenia","clasificado":"0","goles_local":"1","goles_visitante":"0","nomEli":" Ronda de Clasificación","nomGrupo":"Grupo 1"},{"jornada":"6","fecha":"2019-09-05","hora_prevista":"16:30:00","grupo_id":"10","nomCasa":"Estonia","nomFuera":"Bulgaria","clasificado":"0","goles_local":"0","goles_visitante":"4","nomEli":" Ronda de Clasificación","nomGrupo":"Grupo 5"},{"jornada":"6","fecha":"2019-09-05","hora_prevista":"17:00:00","grupo_id":"7","nomCasa":"Georgia","nomFuera":"Liechtenstein","clasificado":"0","goles_local":"4","goles_visitante":"0","nomEli":" Ronda de Clasificación","nomGrupo":"Grupo 2"},{"jornada":"6","fecha":"2019-09-05","hora_prevista":"18:00:00","grupo_id":"8","nomCasa":"Andorra","nomFuera":"Austria","clasificado":"0","goles_local":"1","goles_visitante":"3","nomEli":" Ronda de Clasificación","nomGrupo":"Grupo 3"},{"jornada":"6","fecha":"2019-09-05","hora_prevista":"20:30:00","grupo_id":"9","nomCasa":"Escocia","nomFuera":"San Marino","clasificado":"0","goles_local":"2","goles_visitante":"0","nomEli":" Ronda de Clasificación","nomGrupo":"Grupo 4"},{"jornada":"6","fecha":"2019-09-05","hora_prevista":"21:45:00","grupo_id":"12","nomCasa":"Portugal","nomFuera":"Gibraltar","clasificado":"0","goles_local":"4","goles_visitante":"0","nomEli":" Ronda de Clasificación","nomGrupo":"Grupo 7"},{"jornada":"6","fecha":"2019-06-11","hora_prevista":"20:00:00","grupo_id":"8","nomCasa":"Kosovo","nomFuera":"Turquía","clasificado":"0","goles_local":"3","goles_visitante":"1","nomEli":" Ronda de Clasificación","nomGrupo":"Grupo 3"},{"jornada":"6","fecha":"2019-06-11","hora_prevista":"20:30:00","grupo_id":"11","nomCasa":"Montenegro","nomFuera":"Kazajistán","clasificado":"0","goles_local":"1","goles_visitante":"2","nomEli":" Ronda de Clasificación","nomGrupo":"Grupo 6"},{"jornada":"6","fecha":"2019-06-10","hora_prevista":"18:00:00","grupo_id":"9","nomCasa":"Grecia","nomFuera":"San Marino","clasificado":"0","goles_local":"5","goles_visitante":"0","nomEli":" Ronda de Clasificación","nomGrupo":"Grupo 4"},{"jornada":"6","fecha":"2019-06-08","hora_prevista":"13:00:00","grupo_id":"12","nomCasa":"Bielorrusia","nomFuera":"Gibraltar","clasificado":"0","goles_local":"10","goles_visitante":"0","nomEli":" Ronda de Clasificación","nomGrupo":"Grupo 7"},{"jornada":"6","fecha":"2019-06-07","hora_prevista":"19:30:00","grupo_id":"8","nomCasa":"Turquía","nomFuera":"Albania","clasificado":"0","goles_local":"2","goles_visitante":"2","nomEli":" Ronda de Clasificación","nomGrupo":"Grupo 3"},{"jornada":"6","fecha":"2019-06-06","hora_prevista":"18:00:00","grupo_id":"11","nomCasa":"Feroe","nomFuera":"Kazajistán","clasificado":"0","goles_local":"1","goles_visitante":"3","nomEli":" Ronda de Clasificación","nomGrupo":"Grupo 6"},{"jornada":"6","fecha":"2019-06-06","hora_prevista":"18:30:00","grupo_id":"8","nomCasa":"Andorra","nomFuera":"Kosovo","clasificado":"0","goles_local":"0","goles_visitante":"4","nomEli":" Ronda de Clasificación","nomGrupo":"Grupo 3"},{"jornada":"6","fecha":"2019-06-06","hora_prevista":"19:00:00","grupo_id":"7","nomCasa":"Liechtenstein","nomFuera":"Azerbaiyán","clasificado":"0","goles_local":"1","goles_visitante":"0","nomEli":" Ronda de Clasificación","nomGrupo":"Grupo 2"},{"jornada":"6","fecha":"2019-06-05","hora_prevista":"20:30:00","grupo_id":"9","nomCasa":"San Marino","nomFuera":"Lituania","clasificado":"0","goles_local":"0","goles_visitante":"3","nomEli":" Ronda de Clasificación","nomGrupo":"Grupo 4"},{"jornada":"6","fecha":"2019-03-26","hora_prevista":"18:30:00","grupo_id":"8","nomCasa":"Andorra","nomFuera":"Albania","clasificado":"0","goles_local":"2","goles_visitante":"2","nomEli":" Ronda de Clasificación","nomGrupo":"Grupo 3"},{"jornada":"6","fecha":"2019-03-26","hora_prevista":"17:00:00","grupo_id":"14","nomCasa":"Bosnia y Herzegovina","nomFuera":"Moldavia","clasificado":"0","goles_local":"4","goles_visitante":"0","nomEli":" Ronda de Clasificación","nomGrupo":"Grupo 9"},{"jornada":"6","fecha":"2019-03-24","hora_prevista":"17:00:00","grupo_id":"2","nomCasa":"Irlanda","nomFuera":"Luxemburgo","clasificado":"0","goles_local":"3","goles_visitante":"0","nomEli":" Ronda de Clasificación","nomGrupo":"Grupo 1"},{"jornada":"6","fecha":"2019-03-23","hora_prevista":"19:00:00","grupo_id":"8","nomCasa":"Albania","nomFuera":"Turquía","clasificado":"0","goles_local":"1","goles_visitante":"2","nomEli":" Ronda de Clasificación","nomGrupo":"Grupo 3"},{"jornada":"6","fecha":"2019-03-20","hora_prevista":"14:30:00","grupo_id":"12","nomCasa":"Chipre","nomFuera":"Gibraltar","clasificado":"0","goles_local":"1","goles_visitante":"0","nomEli":" Ronda de Clasificación","nomGrupo":"Grupo 7"}]