[{"jornada":"84","fecha":"2022-05-29","hora_prevista":"17:30:00","grupo_id":null,"nomCasa":"Huddersfield Town FC","nomFuera":"Nottingham Forest FC","clasificado":"2","goles_local":"0","goles_visitante":"1","nomEli":"Final","nomGrupo":null},{"jornada":"154","fecha":"2022-05-17","hora_prevista":"20:45:00","grupo_id":null,"nomCasa":"Nottingham Forest FC","nomFuera":"Sheffield United FC","clasificado":"1","goles_local":"1","goles_visitante":"2","nomEli":"Semifinales - Vuelta","nomGrupo":null},{"jornada":"154","fecha":"2022-05-16","hora_prevista":"20:45:00","grupo_id":null,"nomCasa":"Huddersfield Town FC","nomFuera":"Luton Town FC","clasificado":"1","goles_local":"1","goles_visitante":"0","nomEli":"Semifinales - Vuelta","nomGrupo":null},{"jornada":"151","fecha":"2022-05-14","hora_prevista":"16:00:00","grupo_id":null,"nomCasa":"Sheffield United FC","nomFuera":"Nottingham Forest FC","clasificado":"0","goles_local":"1","goles_visitante":"2","nomEli":"Semifinales - Ida","nomGrupo":null},{"jornada":"151","fecha":"2022-05-13","hora_prevista":"20:45:00","grupo_id":null,"nomCasa":"Luton Town FC","nomFuera":"Huddersfield Town FC","clasificado":"0","goles_local":"1","goles_visitante":"1","nomEli":"Semifinales - Ida","nomGrupo":null}]