[{"jornada":"84","fecha":"2021-05-29","hora_prevista":"13:00:00","grupo_id":null,"nomCasa":"Caernarfon Town FC","nomFuera":"Newtown AFC","clasificado":"2","goles_local":"3","goles_visitante":"5","nomEli":"Final","nomGrupo":null},{"jornada":"148","fecha":"2021-05-23","hora_prevista":"13:15:00","grupo_id":null,"nomCasa":"Penybont FC","nomFuera":"Newtown AFC","clasificado":"2","goles_local":"0","goles_visitante":"1","nomEli":"Semifinales","nomGrupo":null},{"jornada":"148","fecha":"2021-05-22","hora_prevista":"18:30:00","grupo_id":null,"nomCasa":"Barry Town United FC","nomFuera":"Caernarfon Town FC","clasificado":"2","goles_local":"1","goles_visitante":"3","nomEli":"Semifinales","nomGrupo":null}]