[{"jornada":"87","fecha":"2022-05-29","hora_prevista":"14:30:00","grupo_id":null,"nomCasa":"AZ Alkmaar","nomFuera":"SBV Vitesse","clasificado":"1","goles_local":"6","goles_visitante":"1","nomEli":"Final - Vuelta","nomGrupo":null},{"jornada":"85","fecha":"2022-05-26","hora_prevista":"20:00:00","grupo_id":null,"nomCasa":"SBV Vitesse","nomFuera":"AZ Alkmaar","clasificado":"0","goles_local":"2","goles_visitante":"1","nomEli":"Final - Ida","nomGrupo":null},{"jornada":"154","fecha":"2022-05-22","hora_prevista":"14:30:00","grupo_id":null,"nomCasa":"AZ Alkmaar","nomFuera":"SC Heerenveen","clasificado":"1","goles_local":"2","goles_visitante":"0","nomEli":"Semifinales - Vuelta","nomGrupo":null},{"jornada":"154","fecha":"2022-05-22","hora_prevista":"18:00:00","grupo_id":null,"nomCasa":"SBV Vitesse","nomFuera":"FC Utrecht","clasificado":"1","goles_local":"3","goles_visitante":"0","nomEli":"Semifinales - Vuelta","nomGrupo":null},{"jornada":"151","fecha":"2022-05-19","hora_prevista":"18:45:00","grupo_id":null,"nomCasa":"SC Heerenveen","nomFuera":"AZ Alkmaar","clasificado":"0","goles_local":"3","goles_visitante":"2","nomEli":"Semifinales - Ida","nomGrupo":null},{"jornada":"151","fecha":"2022-05-19","hora_prevista":"21:00:00","grupo_id":null,"nomCasa":"FC Utrecht","nomFuera":"SBV Vitesse","clasificado":"0","goles_local":"3","goles_visitante":"1","nomEli":"Semifinales - Ida","nomGrupo":null}]