[{"jornada":"87","fecha":"2022-05-29","hora_prevista":"18:00:00","grupo_id":null,"nomCasa":"ADO Den Haag","nomFuera":"SBV Excelsior","clasificado":"2","goles_local":"4","goles_visitante":"4","nomEli":"Final - Vuelta","nomGrupo":null},{"jornada":"85","fecha":"2022-05-24","hora_prevista":"20:00:00","grupo_id":null,"nomCasa":"SBV Excelsior","nomFuera":"ADO Den Haag","clasificado":"0","goles_local":"1","goles_visitante":"1","nomEli":"Final - Ida","nomGrupo":null},{"jornada":"154","fecha":"2022-05-21","hora_prevista":"20:00:00","grupo_id":null,"nomCasa":"Heracles Almelo","nomFuera":"SBV Excelsior","clasificado":"2","goles_local":"1","goles_visitante":"3","nomEli":"Semifinales - Vuelta","nomGrupo":null},{"jornada":"154","fecha":"2022-05-21","hora_prevista":"16:30:00","grupo_id":null,"nomCasa":"FC Eindhoven","nomFuera":"ADO Den Haag","clasificado":"2","goles_local":"1","goles_visitante":"2","nomEli":"Semifinales - Vuelta","nomGrupo":null},{"jornada":"151","fecha":"2022-05-18","hora_prevista":"18:45:00","grupo_id":null,"nomCasa":"SBV Excelsior","nomFuera":"Heracles Almelo","clasificado":"0","goles_local":"3","goles_visitante":"0","nomEli":"Semifinales - Ida","nomGrupo":null},{"jornada":"151","fecha":"2022-05-17","hora_prevista":"20:00:00","grupo_id":null,"nomCasa":"ADO Den Haag","nomFuera":"FC Eindhoven","clasificado":"0","goles_local":"2","goles_visitante":"1","nomEli":"Semifinales - Ida","nomGrupo":null},{"jornada":"55","fecha":"2022-05-14","hora_prevista":"20:00:00","grupo_id":null,"nomCasa":"Roda JC","nomFuera":"SBV Excelsior","clasificado":"2","goles_local":"0","goles_visitante":"2","nomEli":"Cuartos de Final - Vuelta","nomGrupo":null},{"jornada":"55","fecha":"2022-05-14","hora_prevista":"16:30:00","grupo_id":null,"nomCasa":"ADO Den Haag","nomFuera":"NAC Breda","clasificado":"1","goles_local":"2","goles_visitante":"1","nomEli":"Cuartos de Final - Vuelta","nomGrupo":null},{"jornada":"55","fecha":"2022-05-13","hora_prevista":"20:00:00","grupo_id":null,"nomCasa":"FC Eindhoven","nomFuera":"VBV De Graafschap","clasificado":"1","goles_local":"3","goles_visitante":"1","nomEli":"Cuartos de Final - Vuelta","nomGrupo":null},{"jornada":"3","fecha":"2022-05-10","hora_prevista":"21:00:00","grupo_id":null,"nomCasa":"SBV Excelsior","nomFuera":"Roda JC","clasificado":"0","goles_local":"2","goles_visitante":"2","nomEli":" Cuartos de Final - Ida","nomGrupo":null},{"jornada":"3","fecha":"2022-05-10","hora_prevista":"18:45:00","grupo_id":null,"nomCasa":"NAC Breda","nomFuera":"ADO Den Haag","clasificado":"0","goles_local":"1","goles_visitante":"2","nomEli":" Cuartos de Final - Ida","nomGrupo":null},{"jornada":"3","fecha":"2022-05-09","hora_prevista":"20:00:00","grupo_id":null,"nomCasa":"VBV De Graafschap","nomFuera":"FC Eindhoven","clasificado":"0","goles_local":"1","goles_visitante":"1","nomEli":" Cuartos de Final - Ida","nomGrupo":null}]