[{"jornada":"93","fecha":"2022-05-28","hora_prevista":"13:00:00","grupo_id":null,"nomCasa":"FC Khimki","nomFuera":"FC SKA-Khabarovsk","clasificado":"1","goles_local":"3","goles_visitante":"0","nomEli":"Finales - Vuelta","nomGrupo":null},{"jornada":"93","fecha":"2022-05-28","hora_prevista":"15:00:00","grupo_id":null,"nomCasa":"FC Ufa","nomFuera":"FC Orenburg","clasificado":"2","goles_local":"1","goles_visitante":"2","nomEli":"Finales - Vuelta","nomGrupo":null},{"jornada":"91","fecha":"2022-05-25","hora_prevista":"11:30:00","grupo_id":null,"nomCasa":"FC SKA-Khabarovsk","nomFuera":"FC Khimki","clasificado":"0","goles_local":"1","goles_visitante":"0","nomEli":"Finales - Ida","nomGrupo":null},{"jornada":"91","fecha":"2022-05-25","hora_prevista":"16:30:00","grupo_id":null,"nomCasa":"FC Orenburg","nomFuera":"FC Ufa","clasificado":"0","goles_local":"2","goles_visitante":"2","nomEli":"Finales - Ida","nomGrupo":null}]