[{"jornada":"218","fecha":"2021-05-31","hora_prevista":"20:00:00","grupo_id":"39","nomCasa":"Manzanares FS","nomFuera":"CD El Ejido Futsal","clasificado":"1","goles_local":"2","goles_visitante":"1","nomEli":"Final","nomGrupo":"Tercer partido"},{"jornada":"218","fecha":"2021-05-29","hora_prevista":"19:00:00","grupo_id":"38","nomCasa":"Manzanares FS","nomFuera":"CD El Ejido Futsal","clasificado":"0","goles_local":"3","goles_visitante":"3","nomEli":"Final","nomGrupo":"Segundo partido"},{"jornada":"218","fecha":"2021-05-22","hora_prevista":"20:00:00","grupo_id":"37","nomCasa":"CD El Ejido Futsal","nomFuera":"Manzanares FS","clasificado":"0","goles_local":"4","goles_visitante":"3","nomEli":"Final","nomGrupo":"Primer partido"},{"jornada":"149","fecha":"2021-05-15","hora_prevista":"19:00:00","grupo_id":"38","nomCasa":"Noia Portus Apostoli","nomFuera":"CD El Ejido Futsal","clasificado":"2","goles_local":"1","goles_visitante":"2","nomEli":"Semifinales","nomGrupo":"Segundo partido"},{"jornada":"149","fecha":"2021-05-15","hora_prevista":"19:30:00","grupo_id":"38","nomCasa":"Manzanares FS","nomFuera":"Unión África Ceutí","clasificado":"1","goles_local":"3","goles_visitante":"2","nomEli":"Semifinales","nomGrupo":"Segundo partido"},{"jornada":"149","fecha":"2021-05-08","hora_prevista":"17:00:00","grupo_id":"37","nomCasa":"Unión África Ceutí","nomFuera":"Manzanares FS","clasificado":"0","goles_local":"1","goles_visitante":"2","nomEli":"Semifinales","nomGrupo":"Primer partido"},{"jornada":"149","fecha":"2021-05-08","hora_prevista":"18:00:00","grupo_id":"37","nomCasa":"CD El Ejido Futsal","nomFuera":"Noia Portus Apostoli","clasificado":"0","goles_local":"8","goles_visitante":"1","nomEli":"Semifinales","nomGrupo":"Primer partido"}]