[{"jornada":"87","fecha":"2021-05-30","hora_prevista":"18:00:00","grupo_id":null,"nomCasa":"FC Nantes","nomFuera":"Toulouse FC","clasificado":"1","goles_local":"0","goles_visitante":"1","nomEli":"Final - Vuelta","nomGrupo":null},{"jornada":"85","fecha":"2021-05-27","hora_prevista":"20:45:00","grupo_id":null,"nomCasa":"Toulouse FC","nomFuera":"FC Nantes","clasificado":"0","goles_local":"1","goles_visitante":"2","nomEli":"Final - Ida","nomGrupo":null},{"jornada":"145","fecha":"2021-05-21","hora_prevista":"20:45:00","grupo_id":null,"nomCasa":"Toulouse FC","nomFuera":"Grenoble Foot 38","clasificado":"1","goles_local":"3","goles_visitante":"0","nomEli":"Semifinal","nomGrupo":null},{"jornada":"48","fecha":"2021-05-18","hora_prevista":"20:45:00","grupo_id":null,"nomCasa":"Grenoble Foot 38","nomFuera":"Paris FC","clasificado":"1","goles_local":"2","goles_visitante":"0","nomEli":"Cuartos de Final","nomGrupo":null}]