[{"jornada":"218","fecha":"2021-06-30","hora_prevista":"20:00:00","grupo_id":"39","nomCasa":"Barça","nomFuera":"Levante UD FS","clasificado":"1","goles_local":"2","goles_visitante":"2","nomEli":"Final","nomGrupo":"Tercer partido"},{"jornada":"218","fecha":"2021-06-27","hora_prevista":"20:00:00","grupo_id":"38","nomCasa":"Levante UD FS","nomFuera":"Barça","clasificado":"0","goles_local":"3","goles_visitante":"4","nomEli":"Final","nomGrupo":"Segundo partido"},{"jornada":"218","fecha":"2021-06-24","hora_prevista":"20:30:00","grupo_id":"37","nomCasa":"Barça","nomFuera":"Levante UD FS","clasificado":"0","goles_local":"2","goles_visitante":"2","nomEli":"Final","nomGrupo":"Primer partido"},{"jornada":"149","fecha":"2021-06-20","hora_prevista":"21:00:00","grupo_id":"39","nomCasa":"Levante UD FS","nomFuera":"Viña Albali Valdepeñas","clasificado":"1","goles_local":"4","goles_visitante":"1","nomEli":"Semifinales","nomGrupo":"Tercer partido"},{"jornada":"149","fecha":"2021-06-16","hora_prevista":"20:30:00","grupo_id":"38","nomCasa":"Viña Albali Valdepeñas","nomFuera":"Levante UD FS","clasificado":"0","goles_local":"1","goles_visitante":"1","nomEli":"Semifinales","nomGrupo":"Segundo partido"},{"jornada":"149","fecha":"2021-06-16","hora_prevista":"20:00:00","grupo_id":"38","nomCasa":"Barça","nomFuera":"Palma Futsal","clasificado":"1","goles_local":"6","goles_visitante":"4","nomEli":"Semifinales","nomGrupo":"Segundo partido"},{"jornada":"149","fecha":"2021-06-12","hora_prevista":"20:30:00","grupo_id":"37","nomCasa":"Palma Futsal","nomFuera":"Barça","clasificado":"0","goles_local":"2","goles_visitante":"3","nomEli":"Semifinales","nomGrupo":"Primer partido"},{"jornada":"149","fecha":"2021-06-12","hora_prevista":"18:30:00","grupo_id":"37","nomCasa":"Levante UD FS","nomFuera":"Viña Albali Valdepeñas","clasificado":"0","goles_local":"6","goles_visitante":"3","nomEli":"Semifinales","nomGrupo":"Primer partido"},{"jornada":"49","fecha":"2021-06-09","hora_prevista":"20:00:00","grupo_id":"39","nomCasa":"Barça","nomFuera":"Movistar Inter","clasificado":"1","goles_local":"5","goles_visitante":"2","nomEli":"Cuartos de Final","nomGrupo":"Tercer partido"},{"jornada":"49","fecha":"2021-06-08","hora_prevista":"20:30:00","grupo_id":"39","nomCasa":"ElPozo Murcia Costa Cálida","nomFuera":"Viña Albali Valdepeñas","clasificado":"2","goles_local":"5","goles_visitante":"5","nomEli":"Cuartos de Final","nomGrupo":"Tercer partido"},{"jornada":"49","fecha":"2021-06-08","hora_prevista":"20:30:00","grupo_id":"39","nomCasa":"Palma Futsal","nomFuera":"Fútbol Emotion Zaragoza","clasificado":"1","goles_local":"9","goles_visitante":"3","nomEli":"Cuartos de Final","nomGrupo":"Tercer partido"},{"jornada":"49","fecha":"2021-06-06","hora_prevista":"20:00:00","grupo_id":"38","nomCasa":"Movistar Inter","nomFuera":"Barça","clasificado":"0","goles_local":"3","goles_visitante":"3","nomEli":"Cuartos de Final","nomGrupo":"Segundo partido"},{"jornada":"49","fecha":"2021-06-05","hora_prevista":"20:30:00","grupo_id":"38","nomCasa":"Viña Albali Valdepeñas","nomFuera":"ElPozo Murcia Costa Cálida","clasificado":"0","goles_local":"1","goles_visitante":"0","nomEli":"Cuartos de Final","nomGrupo":"Segundo partido"},{"jornada":"49","fecha":"2021-06-05","hora_prevista":"20:00:00","grupo_id":"38","nomCasa":"Levante UD FS","nomFuera":"Jimbee Cartagena FS","clasificado":"1","goles_local":"2","goles_visitante":"1","nomEli":"Cuartos de Final","nomGrupo":"Segundo partido"},{"jornada":"49","fecha":"2021-06-05","hora_prevista":"18:30:00","grupo_id":"38","nomCasa":"Fútbol Emotion Zaragoza","nomFuera":"Palma Futsal","clasificado":"0","goles_local":"3","goles_visitante":"2","nomEli":"Cuartos de Final","nomGrupo":"Segundo partido"},{"jornada":"49","fecha":"2021-06-02","hora_prevista":"21:00:00","grupo_id":"37","nomCasa":"Jimbee Cartagena FS","nomFuera":"Levante UD FS","clasificado":"0","goles_local":"1","goles_visitante":"5","nomEli":"Cuartos de Final","nomGrupo":"Primer partido"},{"jornada":"49","fecha":"2021-06-02","hora_prevista":"20:00:00","grupo_id":"37","nomCasa":"Barça","nomFuera":"Movistar Inter","clasificado":"0","goles_local":"2","goles_visitante":"5","nomEli":"Cuartos de Final","nomGrupo":"Primer partido"},{"jornada":"49","fecha":"2021-06-02","hora_prevista":"20:00:00","grupo_id":"37","nomCasa":"Palma Futsal","nomFuera":"Fútbol Emotion Zaragoza","clasificado":"0","goles_local":"8","goles_visitante":"2","nomEli":"Cuartos de Final","nomGrupo":"Primer partido"},{"jornada":"49","fecha":"2021-06-02","hora_prevista":"20:30:00","grupo_id":"37","nomCasa":"ElPozo Murcia Costa Cálida","nomFuera":"Viña Albali Valdepeñas","clasificado":"0","goles_local":"4","goles_visitante":"3","nomEli":"Cuartos de Final","nomGrupo":"Primer partido"}]