[{"jornada":"84","fecha":"2022-05-26","hora_prevista":"20:45:00","grupo_id":null,"nomCasa":"SP La Fiorita","nomFuera":"SP Tre Penne","clasificado":"1","goles_local":"2","goles_visitante":"0","nomEli":"Final","nomGrupo":null},{"jornada":"163","fecha":"2022-05-25","hora_prevista":"20:45:00","grupo_id":null,"nomCasa":"SS Pennarossa","nomFuera":"SP Tre Fiori","clasificado":"2","goles_local":"1","goles_visitante":"2","nomEli":"Tercer y Cuarto Puesto","nomGrupo":null},{"jornada":"154","fecha":"2022-05-22","hora_prevista":"18:30:00","grupo_id":null,"nomCasa":"SP Tre Fiori","nomFuera":"SP Tre Penne","clasificado":"2","goles_local":"1","goles_visitante":"2","nomEli":"Semifinales - Vuelta","nomGrupo":null},{"jornada":"154","fecha":"2022-05-22","hora_prevista":"15:00:00","grupo_id":null,"nomCasa":"SS Pennarossa","nomFuera":"SP La Fiorita","clasificado":"2","goles_local":"1","goles_visitante":"0","nomEli":"Semifinales - Vuelta","nomGrupo":null},{"jornada":"151","fecha":"2022-05-18","hora_prevista":"20:45:00","grupo_id":null,"nomCasa":"SP Tre Penne","nomFuera":"SP Tre Fiori","clasificado":"0","goles_local":"1","goles_visitante":"0","nomEli":"Semifinales - Ida","nomGrupo":null},{"jornada":"151","fecha":"2022-05-18","hora_prevista":"20:45:00","grupo_id":null,"nomCasa":"SP La Fiorita","nomFuera":"SS Pennarossa","clasificado":"0","goles_local":"2","goles_visitante":"1","nomEli":"Semifinales - Ida","nomGrupo":null},{"jornada":"55","fecha":"2022-05-15","hora_prevista":"15:00:00","grupo_id":null,"nomCasa":"SS Pennarossa","nomFuera":"Virtus FC","clasificado":"1","goles_local":"1","goles_visitante":"1","nomEli":"Cuartos de Final - Vuelta","nomGrupo":null},{"jornada":"55","fecha":"2022-05-15","hora_prevista":"15:00:00","grupo_id":null,"nomCasa":"AC Libertas","nomFuera":"SP Tre Penne","clasificado":"2","goles_local":"1","goles_visitante":"0","nomEli":"Cuartos de Final - Vuelta","nomGrupo":null},{"jornada":"55","fecha":"2022-05-15","hora_prevista":"15:00:00","grupo_id":null,"nomCasa":"SC Faetano","nomFuera":"SP Tre Fiori","clasificado":"2","goles_local":"1","goles_visitante":"1","nomEli":"Cuartos de Final - Vuelta","nomGrupo":null},{"jornada":"55","fecha":"2022-05-15","hora_prevista":"15:00:00","grupo_id":null,"nomCasa":"FC Fiorentino","nomFuera":"SP La Fiorita","clasificado":"2","goles_local":"0","goles_visitante":"2","nomEli":"Cuartos de Final - Vuelta","nomGrupo":null},{"jornada":"3","fecha":"2022-05-11","hora_prevista":"20:45:00","grupo_id":null,"nomCasa":"SP Tre Fiori","nomFuera":"SC Faetano","clasificado":"0","goles_local":"1","goles_visitante":"1","nomEli":" Cuartos de Final - Ida","nomGrupo":null},{"jornada":"3","fecha":"2022-05-11","hora_prevista":"20:45:00","grupo_id":null,"nomCasa":"SP La Fiorita","nomFuera":"FC Fiorentino","clasificado":"0","goles_local":"0","goles_visitante":"1","nomEli":" Cuartos de Final - Ida","nomGrupo":null},{"jornada":"3","fecha":"2022-05-11","hora_prevista":"20:45:00","grupo_id":null,"nomCasa":"SP Tre Penne","nomFuera":"AC Libertas","clasificado":"0","goles_local":"2","goles_visitante":"0","nomEli":" Cuartos de Final - Ida","nomGrupo":null},{"jornada":"3","fecha":"2022-05-11","hora_prevista":"20:45:00","grupo_id":null,"nomCasa":"Virtus FC","nomFuera":"SS Pennarossa","clasificado":"0","goles_local":"0","goles_visitante":"1","nomEli":" Cuartos de Final - Ida","nomGrupo":null},{"jornada":"110","fecha":"2022-05-07","hora_prevista":"15:00:00","grupo_id":null,"nomCasa":"SS San Giovanni","nomFuera":"SC Faetano","clasificado":"2","goles_local":"1","goles_visitante":"2","nomEli":"Octavos de Final - Vuelta","nomGrupo":null},{"jornada":"110","fecha":"2022-05-07","hora_prevista":"15:00:00","grupo_id":null,"nomCasa":"SS Murata","nomFuera":"SS Pennarossa","clasificado":"2","goles_local":"1","goles_visitante":"2","nomEli":"Octavos de Final - Vuelta","nomGrupo":null},{"jornada":"110","fecha":"2022-05-07","hora_prevista":"15:00:00","grupo_id":null,"nomCasa":"FC Fiorentino","nomFuera":"SS Folgore","clasificado":"1","goles_local":"1","goles_visitante":"2","nomEli":"Octavos de Final - Vuelta","nomGrupo":null},{"jornada":"110","fecha":"2022-05-07","hora_prevista":"15:00:00","grupo_id":null,"nomCasa":"FC Domagnano","nomFuera":"AC Libertas","clasificado":"2","goles_local":"0","goles_visitante":"3","nomEli":"Octavos de Final - Vuelta","nomGrupo":null},{"jornada":"109","fecha":"2022-05-03","hora_prevista":"20:45:00","grupo_id":null,"nomCasa":"SS Folgore","nomFuera":"FC Fiorentino","clasificado":"0","goles_local":"0","goles_visitante":"2","nomEli":"Octavos de Final - Ida","nomGrupo":null},{"jornada":"109","fecha":"2022-05-03","hora_prevista":"20:45:00","grupo_id":null,"nomCasa":"AC Libertas","nomFuera":"FC Domagnano","clasificado":"0","goles_local":"5","goles_visitante":"0","nomEli":"Octavos de Final - Ida","nomGrupo":null},{"jornada":"109","fecha":"2022-05-03","hora_prevista":"20:45:00","grupo_id":null,"nomCasa":"SS Pennarossa","nomFuera":"SS Murata","clasificado":"0","goles_local":"1","goles_visitante":"1","nomEli":"Octavos de Final - Ida","nomGrupo":null},{"jornada":"109","fecha":"2022-05-03","hora_prevista":"20:45:00","grupo_id":null,"nomCasa":"SC Faetano","nomFuera":"SS San Giovanni","clasificado":"0","goles_local":"1","goles_visitante":"1","nomEli":"Octavos de Final - Ida","nomGrupo":null}]