[{"jornada":"87","fecha":"2022-06-25","hora_prevista":"20:00:00","grupo_id":null,"nomCasa":"Unami CP","nomFuera":"Turégano CF","clasificado":"1","goles_local":"2","goles_visitante":"1","nomEli":"Final - Vuelta","nomGrupo":null},{"jornada":"85","fecha":"2022-06-18","hora_prevista":"19:00:00","grupo_id":null,"nomCasa":"Turégano CF","nomFuera":"Unami CP","clasificado":"0","goles_local":"2","goles_visitante":"1","nomEli":"Final - Ida","nomGrupo":null},{"jornada":"154","fecha":"2022-06-12","hora_prevista":"18:00:00","grupo_id":null,"nomCasa":"CD Villaralbo","nomFuera":"Turégano CF","clasificado":"2","goles_local":"3","goles_visitante":"1","nomEli":"Semifinales - Vuelta","nomGrupo":null},{"jornada":"154","fecha":"2022-06-11","hora_prevista":"19:00:00","grupo_id":null,"nomCasa":"Unami CP","nomFuera":"CD Mojados","clasificado":"1","goles_local":"3","goles_visitante":"3","nomEli":"Semifinales - Vuelta","nomGrupo":null},{"jornada":"151","fecha":"2022-06-04","hora_prevista":"18:00:00","grupo_id":null,"nomCasa":"CD Mojados","nomFuera":"Unami CP","clasificado":"0","goles_local":"1","goles_visitante":"3","nomEli":"Semifinales - Ida","nomGrupo":null},{"jornada":"151","fecha":"2022-06-04","hora_prevista":"18:30:00","grupo_id":null,"nomCasa":"Turégano CF","nomFuera":"CD Villaralbo","clasificado":"0","goles_local":"2","goles_visitante":"0","nomEli":"Semifinales - Ida","nomGrupo":null}]