[{"jornada":"84","fecha":"2021-06-13","hora_prevista":"16:00:00","grupo_id":null,"nomCasa":"Atlético Navalcarnero","nomFuera":"Pescados Rubén Burela FS","clasificado":"2","goles_local":"2","goles_visitante":"4","nomEli":"Final","nomGrupo":null},{"jornada":"148","fecha":"2021-06-12","hora_prevista":"11:00:00","grupo_id":null,"nomCasa":"Atlético Navalcarnero","nomFuera":"AD Alcorcón FS","clasificado":"1","goles_local":"5","goles_visitante":"2","nomEli":"Semifinales","nomGrupo":null},{"jornada":"148","fecha":"2021-06-12","hora_prevista":"13:30:00","grupo_id":null,"nomCasa":"Pescados Rubén Burela FS","nomFuera":"STV Roldán FS","clasificado":"1","goles_local":"5","goles_visitante":"1","nomEli":"Semifinales","nomGrupo":null}]