[{"jornada":"195","fecha":"2021-06-20","hora_prevista":"17:00:00","grupo_id":null,"nomCasa":"Nalón CF","nomFuera":"UP Langreo B","clasificado":"2","goles_local":"1","goles_visitante":"3","nomEli":"Repesca","nomGrupo":null},{"jornada":"90","fecha":"2021-06-18","hora_prevista":"18:45:00","grupo_id":null,"nomCasa":"Nalón CF","nomFuera":"Deportivo Roces","clasificado":"2","goles_local":"0","goles_visitante":"2","nomEli":"Finales","nomGrupo":null},{"jornada":"90","fecha":"2021-06-18","hora_prevista":"20:45:00","grupo_id":null,"nomCasa":"Luarca CF","nomFuera":"UP Langreo B","clasificado":"1","goles_local":"1","goles_visitante":"0","nomEli":"Finales","nomGrupo":null}]