[{"jornada":"87","fecha":"2022-05-29","hora_prevista":"20:30:00","grupo_id":null,"nomCasa":"Pisa SC","nomFuera":"AC Monza","clasificado":"2","goles_local":"3","goles_visitante":"4","nomEli":"Final - Vuelta","nomGrupo":null},{"jornada":"85","fecha":"2022-05-26","hora_prevista":"20:30:00","grupo_id":null,"nomCasa":"AC Monza","nomFuera":"Pisa SC","clasificado":"0","goles_local":"2","goles_visitante":"1","nomEli":"Final - Ida","nomGrupo":null},{"jornada":"154","fecha":"2022-05-22","hora_prevista":"21:00:00","grupo_id":null,"nomCasa":"AC Monza","nomFuera":"Brescia Calcio","clasificado":"1","goles_local":"2","goles_visitante":"1","nomEli":"Semifinales - Vuelta","nomGrupo":null},{"jornada":"154","fecha":"2022-05-21","hora_prevista":"18:00:00","grupo_id":null,"nomCasa":"Pisa SC","nomFuera":"Benevento Calcio","clasificado":"1","goles_local":"1","goles_visitante":"0","nomEli":"Semifinales - Vuelta","nomGrupo":null},{"jornada":"151","fecha":"2022-05-18","hora_prevista":"20:00:00","grupo_id":null,"nomCasa":"Brescia Calcio","nomFuera":"AC Monza","clasificado":"0","goles_local":"1","goles_visitante":"2","nomEli":"Semifinales - Ida","nomGrupo":null},{"jornada":"151","fecha":"2022-05-17","hora_prevista":"20:30:00","grupo_id":null,"nomCasa":"Benevento Calcio","nomFuera":"Pisa SC","clasificado":"0","goles_local":"1","goles_visitante":"0","nomEli":"Semifinales - Ida","nomGrupo":null},{"jornada":"48","fecha":"2022-05-14","hora_prevista":"18:00:00","grupo_id":null,"nomCasa":"Brescia Calcio","nomFuera":"AC Perugia Calcio","clasificado":"1","goles_local":"3","goles_visitante":"2","nomEli":"Cuartos de Final","nomGrupo":null},{"jornada":"48","fecha":"2022-05-13","hora_prevista":"20:30:00","grupo_id":null,"nomCasa":"Ascoli Calcio","nomFuera":"Benevento Calcio","clasificado":"2","goles_local":"0","goles_visitante":"1","nomEli":"Cuartos de Final","nomGrupo":null}]