[{"jornada":"84","fecha":"2021-09-05","hora_prevista":"19:00:00","grupo_id":null,"nomCasa":"SD Solares-Medio Cudeyo","nomFuera":"CDE Atlético Mineros","clasificado":"1","goles_local":"1","goles_visitante":"1","nomEli":"Final","nomGrupo":null},{"jornada":"148","fecha":"2021-08-29","hora_prevista":"19:00:00","grupo_id":null,"nomCasa":"CD Bezana","nomFuera":"CDE Atlético Mineros","clasificado":"2","goles_local":"0","goles_visitante":"2","nomEli":"Semifinales","nomGrupo":null},{"jornada":"148","fecha":"2021-08-28","hora_prevista":"18:00:00","grupo_id":null,"nomCasa":"SD Solares-Medio Cudeyo","nomFuera":"CD Revilla","clasificado":"1","goles_local":"1","goles_visitante":"0","nomEli":"Semifinales","nomGrupo":null},{"jornada":"48","fecha":"2021-08-25","hora_prevista":"20:45:00","grupo_id":null,"nomCasa":"CD Revilla","nomFuera":"FC Rinconeda Polanco","clasificado":"1","goles_local":"4","goles_visitante":"3","nomEli":"Cuartos de Final","nomGrupo":null},{"jornada":"48","fecha":"2021-08-22","hora_prevista":"18:00:00","grupo_id":null,"nomCasa":"CD Barquereño","nomFuera":"CDE Atlético Mineros","clasificado":"2","goles_local":"1","goles_visitante":"3","nomEli":"Cuartos de Final","nomGrupo":null},{"jornada":"48","fecha":"2021-08-22","hora_prevista":"19:00:00","grupo_id":null,"nomCasa":"CD Bezana","nomFuera":"Ribamontán al Mar CF","clasificado":"1","goles_local":"2","goles_visitante":"0","nomEli":"Cuartos de Final","nomGrupo":null},{"jornada":"48","fecha":"2021-08-21","hora_prevista":"18:00:00","grupo_id":null,"nomCasa":"SD Solares-Medio Cudeyo","nomFuera":"SD Nueva Montaña","clasificado":"1","goles_local":"2","goles_visitante":"1","nomEli":"Cuartos de Final","nomGrupo":null}]