[{"jornada":"84","fecha":"2021-09-10","hora_prevista":"21:30:00","grupo_id":null,"nomCasa":"Atarfe Industrial CF","nomFuera":"CD Rincón","clasificado":"1","goles_local":"0","goles_visitante":"0","nomEli":"Final","nomGrupo":null},{"jornada":"154","fecha":"2021-09-05","hora_prevista":"21:30:00","grupo_id":null,"nomCasa":"Arenas de Armilla CyD","nomFuera":"CD Rincón","clasificado":"2","goles_local":"0","goles_visitante":"3","nomEli":"Semifinales - Vuelta","nomGrupo":null},{"jornada":"154","fecha":"2021-09-05","hora_prevista":"19:30:00","grupo_id":null,"nomCasa":"Begíjar CF","nomFuera":"Atarfe Industrial CF","clasificado":"2","goles_local":"2","goles_visitante":"1","nomEli":"Semifinales - Vuelta","nomGrupo":null},{"jornada":"151","fecha":"2021-08-29","hora_prevista":"21:30:00","grupo_id":null,"nomCasa":"CD Rincón","nomFuera":"Arenas de Armilla CyD","clasificado":"0","goles_local":"3","goles_visitante":"2","nomEli":"Semifinales - Ida","nomGrupo":null},{"jornada":"151","fecha":"2021-08-29","hora_prevista":"20:00:00","grupo_id":null,"nomCasa":"Atarfe Industrial CF","nomFuera":"Begíjar CF","clasificado":"0","goles_local":"4","goles_visitante":"0","nomEli":"Semifinales - Ida","nomGrupo":null}]