[{"jornada":"84","fecha":"2021-09-10","hora_prevista":"19:30:00","grupo_id":null,"nomCasa":"Chiclana CF","nomFuera":"Atlético Espeleño","clasificado":"2","goles_local":"1","goles_visitante":"1","nomEli":"Final","nomGrupo":null},{"jornada":"154","fecha":"2021-09-05","hora_prevista":"21:30:00","grupo_id":null,"nomCasa":"CD Guadalcacín","nomFuera":"Atlético Espeleño","clasificado":"2","goles_local":"1","goles_visitante":"3","nomEli":"Semifinales - Vuelta","nomGrupo":null},{"jornada":"154","fecha":"2021-09-05","hora_prevista":"21:30:00","grupo_id":null,"nomCasa":"Chiclana CF","nomFuera":"Montilla CF","clasificado":"1","goles_local":"1","goles_visitante":"0","nomEli":"Semifinales - Vuelta","nomGrupo":null},{"jornada":"151","fecha":"2021-08-29","hora_prevista":"20:00:00","grupo_id":null,"nomCasa":"Montilla CF","nomFuera":"Chiclana CF","clasificado":"0","goles_local":"2","goles_visitante":"1","nomEli":"Semifinales - Ida","nomGrupo":null},{"jornada":"151","fecha":"2021-08-28","hora_prevista":"19:30:00","grupo_id":null,"nomCasa":"Atlético Espeleño","nomFuera":"CD Guadalcacín","clasificado":"0","goles_local":"4","goles_visitante":"0","nomEli":"Semifinales - Ida","nomGrupo":null}]