[{"jornada":"84","fecha":"2022-05-08","hora_prevista":"18:00:00","grupo_id":null,"nomCasa":"Ourense CF","nomFuera":"CD Barco","clasificado":"1","goles_local":"1","goles_visitante":"0","nomEli":"Final","nomGrupo":null},{"jornada":"148","fecha":"2022-05-01","hora_prevista":"12:00:00","grupo_id":null,"nomCasa":"Ourense CF","nomFuera":"RC Deportivo Fabril","clasificado":"1","goles_local":"1","goles_visitante":"0","nomEli":"Semifinales","nomGrupo":null},{"jornada":"148","fecha":"2022-05-01","hora_prevista":"18:45:00","grupo_id":null,"nomCasa":"UD Somozas","nomFuera":"CD Barco","clasificado":"2","goles_local":"2","goles_visitante":"3","nomEli":"Semifinales","nomGrupo":null}]