[{"jornada":"84","fecha":"2022-05-15","hora_prevista":"19:15:00","grupo_id":null,"nomCasa":"Real Sporting de Gijón B","nomFuera":"CD Lealtad de Villaviciosa","clasificado":"2","goles_local":"0","goles_visitante":"1","nomEli":"Final","nomGrupo":null},{"jornada":"148","fecha":"2022-05-08","hora_prevista":"12:00:00","grupo_id":null,"nomCasa":"Real Sporting de Gijón B","nomFuera":"Caudal Deportivo","clasificado":"1","goles_local":"2","goles_visitante":"1","nomEli":"Semifinales","nomGrupo":null},{"jornada":"148","fecha":"2022-05-08","hora_prevista":"18:00:00","grupo_id":null,"nomCasa":"CD Lealtad de Villaviciosa","nomFuera":"CD Llanes","clasificado":"1","goles_local":"3","goles_visitante":"2","nomEli":"Semifinales","nomGrupo":null}]