[{"jornada":"84","fecha":"2022-05-14","hora_prevista":"19:00:00","grupo_id":null,"nomCasa":"CF Vimenor","nomFuera":"UM Escobedo","clasificado":"2","goles_local":"1","goles_visitante":"3","nomEli":"Final","nomGrupo":null},{"jornada":"148","fecha":"2022-05-08","hora_prevista":"19:00:00","grupo_id":null,"nomCasa":"UM Escobedo","nomFuera":"CD Naval","clasificado":"1","goles_local":"2","goles_visitante":"1","nomEli":"Semifinales","nomGrupo":null},{"jornada":"148","fecha":"2022-05-07","hora_prevista":"19:00:00","grupo_id":null,"nomCasa":"CF Vimenor","nomFuera":"SD Torina","clasificado":"1","goles_local":"3","goles_visitante":"1","nomEli":"Semifinales","nomGrupo":null}]