[{"jornada":"84","fecha":"2022-05-15","hora_prevista":"11:30:00","grupo_id":null,"nomCasa":"SD Beasain","nomFuera":"Club Portugalete","clasificado":"1","goles_local":"2","goles_visitante":"1","nomEli":"Final","nomGrupo":null},{"jornada":"148","fecha":"2022-05-08","hora_prevista":"17:30:00","grupo_id":null,"nomCasa":"SD Beasain","nomFuera":"CD Basconia","clasificado":"1","goles_local":"3","goles_visitante":"0","nomEli":"Semifinales","nomGrupo":null},{"jornada":"148","fecha":"2022-05-07","hora_prevista":"18:30:00","grupo_id":null,"nomCasa":"Club Portugalete","nomFuera":"Barakaldo CF","clasificado":"1","goles_local":"0","goles_visitante":"0","nomEli":"Semifinales","nomGrupo":null}]