[{"jornada":"84","fecha":"2022-05-15","hora_prevista":"19:00:00","grupo_id":null,"nomCasa":"UE Olot","nomFuera":"Girona FC B","clasificado":"1","goles_local":"1","goles_visitante":"1","nomEli":"Final","nomGrupo":null},{"jornada":"148","fecha":"2022-05-08","hora_prevista":"18:05:00","grupo_id":null,"nomCasa":"CP San Cristóbal","nomFuera":"Girona FC B","clasificado":"2","goles_local":"0","goles_visitante":"1","nomEli":"Semifinales","nomGrupo":null},{"jornada":"148","fecha":"2022-05-07","hora_prevista":"18:00:00","grupo_id":null,"nomCasa":"UE Olot","nomFuera":"UE Sant Andreu","clasificado":"1","goles_local":"1","goles_visitante":"0","nomEli":"Semifinales","nomGrupo":null}]