[{"jornada":"84","fecha":"2022-05-15","hora_prevista":"19:00:00","grupo_id":null,"nomCasa":"Atlético Saguntino","nomFuera":"Atzeneta UE","clasificado":"1","goles_local":"1","goles_visitante":"0","nomEli":"Final","nomGrupo":null},{"jornada":"148","fecha":"2022-05-07","hora_prevista":"18:00:00","grupo_id":null,"nomCasa":"Atlético Saguntino","nomFuera":"Torrent CF","clasificado":"1","goles_local":"2","goles_visitante":"1","nomEli":"Semifinales","nomGrupo":null},{"jornada":"148","fecha":"2022-05-07","hora_prevista":"21:00:00","grupo_id":null,"nomCasa":"Atzeneta UE","nomFuera":"CD Acero","clasificado":"1","goles_local":"2","goles_visitante":"0","nomEli":"Semifinales","nomGrupo":null}]