[{"jornada":"84","fecha":"2022-05-15","hora_prevista":"12:00:00","grupo_id":null,"nomCasa":"AD Alcorcón B","nomFuera":"CDB Paracuellos Antamira","clasificado":"1","goles_local":"1","goles_visitante":"0","nomEli":"Final","nomGrupo":null},{"jornada":"148","fecha":"2022-05-08","hora_prevista":"12:00:00","grupo_id":null,"nomCasa":"Las Rozas CF","nomFuera":"CDB Paracuellos Antamira","clasificado":"2","goles_local":"1","goles_visitante":"3","nomEli":"Semifinales","nomGrupo":null},{"jornada":"148","fecha":"2022-05-08","hora_prevista":"18:00:00","grupo_id":null,"nomCasa":"CDE Madrid 2021-FP","nomFuera":"AD Alcorcón B","clasificado":"2","goles_local":"2","goles_visitante":"3","nomEli":"Semifinales","nomGrupo":null}]