[{"jornada":"84","fecha":"2022-05-14","hora_prevista":"18:30:00","grupo_id":null,"nomCasa":"CD Mirandés B","nomFuera":"Atlético Tordesillas","clasificado":"2","goles_local":"1","goles_visitante":"2","nomEli":"Final","nomGrupo":null},{"jornada":"148","fecha":"2022-05-08","hora_prevista":"18:30:00","grupo_id":null,"nomCasa":"Real Ávila CF","nomFuera":"CD Mirandés B","clasificado":"2","goles_local":"1","goles_visitante":"3","nomEli":"Semifinales","nomGrupo":null},{"jornada":"148","fecha":"2022-05-07","hora_prevista":"18:30:00","grupo_id":null,"nomCasa":"SD Almazán","nomFuera":"Atlético Tordesillas","clasificado":"2","goles_local":"0","goles_visitante":"1","nomEli":"Semifinales","nomGrupo":null}]