[{"jornada":"84","fecha":"2022-05-15","hora_prevista":"18:00:00","grupo_id":null,"nomCasa":"CD Huétor Tájar","nomFuera":"UD Almería B","clasificado":"2","goles_local":"1","goles_visitante":"2","nomEli":"Final","nomGrupo":null},{"jornada":"148","fecha":"2022-05-08","hora_prevista":"18:00:00","grupo_id":null,"nomCasa":"CD Huétor Tájar","nomFuera":"Club Atlético Malagueño","clasificado":"1","goles_local":"2","goles_visitante":"1","nomEli":"Semifinales","nomGrupo":null},{"jornada":"148","fecha":"2022-05-08","hora_prevista":"12:00:00","grupo_id":null,"nomCasa":"Marbella FC","nomFuera":"UD Almería B","clasificado":"2","goles_local":"1","goles_visitante":"2","nomEli":"Semifinales","nomGrupo":null}]