[{"jornada":"84","fecha":"2022-05-15","hora_prevista":"12:00:00","grupo_id":null,"nomCasa":"CD Utrera","nomFuera":"CD Ciudad de Lucena","clasificado":"1","goles_local":"1","goles_visitante":"1","nomEli":"Final","nomGrupo":null},{"jornada":"148","fecha":"2022-05-07","hora_prevista":"18:30:00","grupo_id":null,"nomCasa":"CD Utrera","nomFuera":"CD Gerena","clasificado":"1","goles_local":"2","goles_visitante":"1","nomEli":"Semifinales","nomGrupo":null},{"jornada":"148","fecha":"2022-05-07","hora_prevista":"12:00:00","grupo_id":null,"nomCasa":"Xerez CD","nomFuera":"CD Ciudad de Lucena","clasificado":"2","goles_local":"2","goles_visitante":"3","nomEli":"Semifinales","nomGrupo":null}]