[{"jornada":"84","fecha":"2022-05-15","hora_prevista":"12:00:00","grupo_id":null,"nomCasa":"CD Manacor","nomFuera":"UD Poblense","clasificado":"1","goles_local":"2","goles_visitante":"1","nomEli":"Final","nomGrupo":null},{"jornada":"148","fecha":"2022-05-08","hora_prevista":"12:00:00","grupo_id":null,"nomCasa":"CD Manacor","nomFuera":"CD Llosetense","clasificado":"1","goles_local":"4","goles_visitante":"1","nomEli":"Semifinales","nomGrupo":null},{"jornada":"148","fecha":"2022-05-08","hora_prevista":"17:00:00","grupo_id":null,"nomCasa":"UD Poblense","nomFuera":"CF Platges de Calvià","clasificado":"1","goles_local":"1","goles_visitante":"1","nomEli":"Semifinales","nomGrupo":null}]