[{"jornada":"84","fecha":"2022-05-14","hora_prevista":"18:00:00","grupo_id":null,"nomCasa":"CD Tenerife B","nomFuera":"UD Villa de Santa Brígida","clasificado":"1","goles_local":"4","goles_visitante":"0","nomEli":"Final","nomGrupo":null},{"jornada":"148","fecha":"2022-05-07","hora_prevista":"12:30:00","grupo_id":null,"nomCasa":"CD Tenerife B","nomFuera":"Arucas CF","clasificado":"1","goles_local":"2","goles_visitante":"1","nomEli":"Semifinales","nomGrupo":null},{"jornada":"148","fecha":"2022-05-07","hora_prevista":"18:00:00","grupo_id":null,"nomCasa":"UD Las Palmas C","nomFuera":"UD Villa de Santa Brígida","clasificado":"2","goles_local":"2","goles_visitante":"4","nomEli":"Semifinales","nomGrupo":null}]