[{"jornada":"93","fecha":"2022-06-03","hora_prevista":"20:00:00","grupo_id":null,"nomCasa":"FK Podgorica","nomFuera":"FK Arsenal Tivat","clasificado":"2","goles_local":"1","goles_visitante":"1","nomEli":"Finales - Vuelta","nomGrupo":null},{"jornada":"93","fecha":"2022-06-03","hora_prevista":"18:00:00","grupo_id":null,"nomCasa":"FK Rudar Pljevlja","nomFuera":"OFK Mladost Donja Gorica","clasificado":"1","goles_local":"1","goles_visitante":"2","nomEli":"Finales - Vuelta","nomGrupo":null},{"jornada":"91","fecha":"2022-05-30","hora_prevista":"17:30:00","grupo_id":null,"nomCasa":"FK Arsenal Tivat","nomFuera":"FK Podgorica","clasificado":"0","goles_local":"4","goles_visitante":"0","nomEli":"Finales - Ida","nomGrupo":null},{"jornada":"91","fecha":"2022-05-30","hora_prevista":"17:30:00","grupo_id":null,"nomCasa":"OFK Mladost Donja Gorica","nomFuera":"FK Rudar Pljevlja","clasificado":"0","goles_local":"1","goles_visitante":"4","nomEli":"Finales - Ida","nomGrupo":null}]