[{"jornada":"84","fecha":"2022-05-15","hora_prevista":"19:00:00","grupo_id":null,"nomCasa":"FC Cartagena B","nomFuera":"Racing Murcia FC","clasificado":"1","goles_local":"1","goles_visitante":"0","nomEli":"Final","nomGrupo":null},{"jornada":"148","fecha":"2022-05-08","hora_prevista":"19:45:00","grupo_id":null,"nomCasa":"FC Cartagena B","nomFuera":"FC La Unión Atlético","clasificado":"1","goles_local":"1","goles_visitante":"0","nomEli":"Semifinales","nomGrupo":null},{"jornada":"148","fecha":"2022-05-08","hora_prevista":"17:00:00","grupo_id":null,"nomCasa":"Racing Murcia FC","nomFuera":"UCAM Murcia CF B","clasificado":"1","goles_local":"1","goles_visitante":"0","nomEli":"Semifinales","nomGrupo":null}]