[{"jornada":"84","fecha":"2022-05-08","hora_prevista":"19:00:00","grupo_id":null,"nomCasa":"Moralo CP","nomFuera":"AD Llerenense","clasificado":"2","goles_local":"0","goles_visitante":"1","nomEli":"Final","nomGrupo":null},{"jornada":"148","fecha":"2022-05-01","hora_prevista":"19:00:00","grupo_id":null,"nomCasa":"AD Llerenense","nomFuera":"Jerez CF","clasificado":"1","goles_local":"1","goles_visitante":"1","nomEli":"Semifinales","nomGrupo":null},{"jornada":"148","fecha":"2022-04-30","hora_prevista":"19:00:00","grupo_id":null,"nomCasa":"Moralo CP","nomFuera":"Arroyo CP","clasificado":"1","goles_local":"3","goles_visitante":"0","nomEli":"Semifinales","nomGrupo":null}]