[{"jornada":"84","fecha":"2022-05-14","hora_prevista":"18:00:00","grupo_id":null,"nomCasa":"CD Subiza Cendea de Galar","nomFuera":"UDC Txantrea KKE","clasificado":"2","goles_local":"1","goles_visitante":"2","nomEli":"Final","nomGrupo":null},{"jornada":"148","fecha":"2022-05-07","hora_prevista":"16:30:00","grupo_id":null,"nomCasa":"CD Subiza Cendea de Galar","nomFuera":"CD Cantolagua","clasificado":"1","goles_local":"2","goles_visitante":"1","nomEli":"Semifinales","nomGrupo":null},{"jornada":"148","fecha":"2022-05-07","hora_prevista":"19:45:00","grupo_id":null,"nomCasa":"UDC Txantrea KKE","nomFuera":"CD Huarte","clasificado":"1","goles_local":"3","goles_visitante":"1","nomEli":"Semifinales","nomGrupo":null}]