[{"jornada":"84","fecha":"2022-05-15","hora_prevista":"18:00:00","grupo_id":null,"nomCasa":"CD Alfaro","nomFuera":"CD Varea","clasificado":"1","goles_local":"1","goles_visitante":"0","nomEli":"Final","nomGrupo":null},{"jornada":"148","fecha":"2022-05-08","hora_prevista":"18:00:00","grupo_id":null,"nomCasa":"CD Anguiano","nomFuera":"CD Varea","clasificado":"2","goles_local":"1","goles_visitante":"2","nomEli":"Semifinales","nomGrupo":null},{"jornada":"148","fecha":"2022-05-07","hora_prevista":"18:00:00","grupo_id":null,"nomCasa":"CD Alfaro","nomFuera":"Casalarreina CF","clasificado":"1","goles_local":"3","goles_visitante":"0","nomEli":"Semifinales","nomGrupo":null}]