[{"jornada":"84","fecha":"2022-05-14","hora_prevista":"19:30:00","grupo_id":null,"nomCasa":"CD Quintanar del Rey ","nomFuera":"CP Villarrobledo","clasificado":"1","goles_local":"1","goles_visitante":"0","nomEli":"Final","nomGrupo":null},{"jornada":"148","fecha":"2022-05-08","hora_prevista":"19:00:00","grupo_id":null,"nomCasa":"CD Illescas","nomFuera":"CP Villarrobledo","clasificado":"2","goles_local":"0","goles_visitante":"1","nomEli":"Semifinales","nomGrupo":null},{"jornada":"148","fecha":"2022-05-07","hora_prevista":"19:00:00","grupo_id":null,"nomCasa":"CD Quintanar del Rey ","nomFuera":"CD Torrijos","clasificado":"1","goles_local":"1","goles_visitante":"1","nomEli":"Semifinales","nomGrupo":null}]