[{"jornada":"84","fecha":"2022-05-15","hora_prevista":"17:00:00","grupo_id":null,"nomCasa":"Utebo FC","nomFuera":"CF Illueca","clasificado":"1","goles_local":"2","goles_visitante":"0","nomEli":"Final","nomGrupo":null},{"jornada":"148","fecha":"2022-05-08","hora_prevista":"12:00:00","grupo_id":null,"nomCasa":"CF Illueca","nomFuera":"CD Binéfar","clasificado":"1","goles_local":"1","goles_visitante":"1","nomEli":"Semifinales","nomGrupo":null},{"jornada":"148","fecha":"2022-05-08","hora_prevista":"17:00:00","grupo_id":null,"nomCasa":"Utebo FC","nomFuera":"CD Robres","clasificado":"1","goles_local":"4","goles_visitante":"2","nomEli":"Semifinales","nomGrupo":null}]