[{"jornada":"84","fecha":"2022-05-29","hora_prevista":"18:00:00","grupo_id":null,"nomCasa":"Comillas CF","nomFuera":"Racing Rioja CF B","clasificado":"1","goles_local":"1","goles_visitante":"0","nomEli":"Final","nomGrupo":null},{"jornada":"148","fecha":"2022-05-22","hora_prevista":"17:00:00","grupo_id":null,"nomCasa":"Comillas CF","nomFuera":"CD Autol","clasificado":"1","goles_local":"3","goles_visitante":"2","nomEli":"Semifinales","nomGrupo":null},{"jornada":"148","fecha":"2022-05-21","hora_prevista":"18:00:00","grupo_id":null,"nomCasa":"CD Alberite","nomFuera":"Racing Rioja CF B","clasificado":"2","goles_local":"2","goles_visitante":"4","nomEli":"Semifinales","nomGrupo":null},{"jornada":"48","fecha":"2022-05-15","hora_prevista":"17:00:00","grupo_id":null,"nomCasa":"CD Pradejón","nomFuera":"Racing Rioja CF B","clasificado":"2","goles_local":"0","goles_visitante":"2","nomEli":"Cuartos de Final","nomGrupo":null},{"jornada":"48","fecha":"2022-05-15","hora_prevista":"18:00:00","grupo_id":null,"nomCasa":"CD Alberite","nomFuera":"CP Calasancio","clasificado":"1","goles_local":"3","goles_visitante":"0","nomEli":"Cuartos de Final","nomGrupo":null},{"jornada":"48","fecha":"2022-05-15","hora_prevista":"17:30:00","grupo_id":null,"nomCasa":"CD Autol","nomFuera":"CD Aldeano","clasificado":"1","goles_local":"1","goles_visitante":"0","nomEli":"Cuartos de Final","nomGrupo":null},{"jornada":"48","fecha":"2022-05-14","hora_prevista":"18:30:00","grupo_id":null,"nomCasa":"Comillas CF","nomFuera":"CD Tedeón","clasificado":"1","goles_local":"2","goles_visitante":"1","nomEli":"Cuartos de Final","nomGrupo":null}]