[{"jornada":"90","fecha":"2022-05-29","hora_prevista":"18:00:00","grupo_id":null,"nomCasa":"SCR Peña Deportiva","nomFuera":"Real Murcia CF","clasificado":"2","goles_local":"1","goles_visitante":"2","nomEli":"Finales","nomGrupo":null},{"jornada":"90","fecha":"2022-05-29","hora_prevista":"18:00:00","grupo_id":null,"nomCasa":"AD Unión Adarve ","nomFuera":"AD Ceuta FC","clasificado":"2","goles_local":"0","goles_visitante":"2","nomEli":"Finales","nomGrupo":null},{"jornada":"90","fecha":"2022-05-29","hora_prevista":"18:00:00","grupo_id":null,"nomCasa":"AD Mérida","nomFuera":"CD Teruel","clasificado":"1","goles_local":"2","goles_visitante":"0","nomEli":"Finales","nomGrupo":null},{"jornada":"90","fecha":"2022-05-28","hora_prevista":"18:00:00","grupo_id":null,"nomCasa":"CF La Nucía","nomFuera":"Arenas Club","clasificado":"1","goles_local":"2","goles_visitante":"1","nomEli":"Finales","nomGrupo":null},{"jornada":"90","fecha":"2022-05-28","hora_prevista":"18:00:00","grupo_id":null,"nomCasa":"Sestao River Club","nomFuera":"CD Eldense","clasificado":"2","goles_local":"0","goles_visitante":"1","nomEli":"Finales","nomGrupo":null},{"jornada":"148","fecha":"2022-05-22","hora_prevista":"19:30:00","grupo_id":null,"nomCasa":"CP Cacereño","nomFuera":"CD Teruel","clasificado":"2","goles_local":"0","goles_visitante":"4","nomEli":"Semifinales","nomGrupo":null},{"jornada":"148","fecha":"2022-05-22","hora_prevista":"19:30:00","grupo_id":null,"nomCasa":"CDA Navalcarnero","nomFuera":"AD Ceuta FC","clasificado":"2","goles_local":"0","goles_visitante":"2","nomEli":"Semifinales","nomGrupo":null},{"jornada":"148","fecha":"2022-05-22","hora_prevista":"19:30:00","grupo_id":null,"nomCasa":"SCR Peña Deportiva","nomFuera":"Coruxo FC","clasificado":"1","goles_local":"2","goles_visitante":"0","nomEli":"Semifinales","nomGrupo":null},{"jornada":"148","fecha":"2022-05-22","hora_prevista":"19:30:00","grupo_id":null,"nomCasa":"Real Sociedad de Fútbol C","nomFuera":"CD Eldense","clasificado":"2","goles_local":"0","goles_visitante":"1","nomEli":"Semifinales","nomGrupo":null},{"jornada":"148","fecha":"2022-05-22","hora_prevista":"19:30:00","grupo_id":null,"nomCasa":"Real Murcia CF","nomFuera":"Rayo Cantabria","clasificado":"1","goles_local":"1","goles_visitante":"0","nomEli":"Semifinales","nomGrupo":null},{"jornada":"148","fecha":"2022-05-21","hora_prevista":"21:30:00","grupo_id":null,"nomCasa":"AD Mérida","nomFuera":"CD Palencia Cristo Atlético","clasificado":"1","goles_local":"2","goles_visitante":"1","nomEli":"Semifinales","nomGrupo":null},{"jornada":"148","fecha":"2022-05-21","hora_prevista":"21:30:00","grupo_id":null,"nomCasa":"AD Unión Adarve ","nomFuera":"Hércules de Alicante CF","clasificado":"1","goles_local":"1","goles_visitante":"1","nomEli":"Semifinales","nomGrupo":null},{"jornada":"148","fecha":"2022-05-21","hora_prevista":"21:30:00","grupo_id":null,"nomCasa":"CF La Nucía","nomFuera":"CD Coria","clasificado":"1","goles_local":"2","goles_visitante":"0","nomEli":"Semifinales","nomGrupo":null},{"jornada":"148","fecha":"2022-05-21","hora_prevista":"19:30:00","grupo_id":null,"nomCasa":"Sestao River Club","nomFuera":"Club Lleida Esportiu","clasificado":"1","goles_local":"0","goles_visitante":"0","nomEli":"Semifinales","nomGrupo":null},{"jornada":"148","fecha":"2022-05-21","hora_prevista":"19:30:00","grupo_id":null,"nomCasa":"RCD Espanyol B","nomFuera":"Arenas Club","clasificado":"2","goles_local":"2","goles_visitante":"4","nomEli":"Semifinales","nomGrupo":null}]