[{"jornada":"90","fecha":"2022-05-22","hora_prevista":"12:00:00","grupo_id":null,"nomCasa":"UE Olot","nomFuera":"CD Tenerife B","clasificado":"1","goles_local":"1","goles_visitante":"0","nomEli":"Finales","nomGrupo":null},{"jornada":"90","fecha":"2022-05-22","hora_prevista":"12:00:00","grupo_id":null,"nomCasa":"SD Beasain","nomFuera":"UDC Txantrea KKE","clasificado":"1","goles_local":"3","goles_visitante":"0","nomEli":"Finales","nomGrupo":null},{"jornada":"90","fecha":"2022-05-22","hora_prevista":"19:30:00","grupo_id":null,"nomCasa":"Atlético Saguntino","nomFuera":"UM Escobedo","clasificado":"1","goles_local":"3","goles_visitante":"0","nomEli":"Finales","nomGrupo":null},{"jornada":"90","fecha":"2022-05-22","hora_prevista":"19:30:00","grupo_id":null,"nomCasa":"CD Quintanar del Rey ","nomFuera":"FC Cartagena B","clasificado":"2","goles_local":"1","goles_visitante":"2","nomEli":"Finales","nomGrupo":null},{"jornada":"90","fecha":"2022-05-21","hora_prevista":"12:00:00","grupo_id":null,"nomCasa":"CD Utrera","nomFuera":"Atlético Tordesillas","clasificado":"1","goles_local":"3","goles_visitante":"1","nomEli":"Finales","nomGrupo":null},{"jornada":"90","fecha":"2022-05-21","hora_prevista":"12:00:00","grupo_id":null,"nomCasa":"CD Manacor","nomFuera":"AD Alcorcón B","clasificado":"2","goles_local":"0","goles_visitante":"2","nomEli":"Finales","nomGrupo":null},{"jornada":"90","fecha":"2022-05-21","hora_prevista":"19:00:00","grupo_id":null,"nomCasa":"Utebo FC","nomFuera":"UD Almería B","clasificado":"1","goles_local":"1","goles_visitante":"1","nomEli":"Finales","nomGrupo":null},{"jornada":"90","fecha":"2022-05-21","hora_prevista":"19:00:00","grupo_id":null,"nomCasa":"CD Alfaro","nomFuera":"CD Lealtad de Villaviciosa","clasificado":"1","goles_local":"0","goles_visitante":"0","nomEli":"Finales","nomGrupo":null},{"jornada":"90","fecha":"2022-05-21","hora_prevista":"22:30:00","grupo_id":null,"nomCasa":"Ourense CF","nomFuera":"AD Llerenense","clasificado":"1","goles_local":"4","goles_visitante":"0","nomEli":"Finales","nomGrupo":null}]