[{"jornada":"93","fecha":"2022-05-22","hora_prevista":"16:00:00","grupo_id":null,"nomCasa":"Bohemians Praha 1905","nomFuera":"SFC Opava","clasificado":"1","goles_local":"2","goles_visitante":"0","nomEli":"Finales - Vuelta","nomGrupo":null},{"jornada":"93","fecha":"2022-05-22","hora_prevista":"16:00:00","grupo_id":null,"nomCasa":"FC Vlasim","nomFuera":"FK Teplice","clasificado":"2","goles_local":"2","goles_visitante":"2","nomEli":"Finales - Vuelta","nomGrupo":null},{"jornada":"91","fecha":"2022-05-19","hora_prevista":"17:00:00","grupo_id":null,"nomCasa":"SFC Opava","nomFuera":"Bohemians Praha 1905","clasificado":"0","goles_local":"0","goles_visitante":"1","nomEli":"Finales - Ida","nomGrupo":null},{"jornada":"91","fecha":"2022-05-19","hora_prevista":"17:00:00","grupo_id":null,"nomCasa":"FK Teplice","nomFuera":"FC Vlasim","clasificado":"0","goles_local":"3","goles_visitante":"0","nomEli":"Finales - Ida","nomGrupo":null}]