[{"jornada":"90","fecha":"2022-06-11","hora_prevista":"18:00:00","grupo_id":null,"nomCasa":"RC Deportivo de La Coruña","nomFuera":"Albacete Balompié","clasificado":"2","goles_local":"1","goles_visitante":"2","nomEli":"Finales","nomGrupo":null},{"jornada":"90","fecha":"2022-06-11","hora_prevista":"21:00:00","grupo_id":null,"nomCasa":"Villarreal CF B","nomFuera":"Gimnàstic de Tarragona","clasificado":"1","goles_local":"2","goles_visitante":"0","nomEli":"Finales","nomGrupo":null},{"jornada":"148","fecha":"2022-06-05","hora_prevista":"18:00:00","grupo_id":null,"nomCasa":"Racing Club Ferrol","nomFuera":"Gimnàstic de Tarragona","clasificado":"2","goles_local":"0","goles_visitante":"1","nomEli":"Semifinales","nomGrupo":null},{"jornada":"148","fecha":"2022-06-05","hora_prevista":"18:00:00","grupo_id":null,"nomCasa":"Villarreal CF B","nomFuera":"UD Logroñés","clasificado":"1","goles_local":"3","goles_visitante":"1","nomEli":"Semifinales","nomGrupo":null},{"jornada":"148","fecha":"2022-06-04","hora_prevista":"21:00:00","grupo_id":null,"nomCasa":"RC Deportivo de La Coruña","nomFuera":"Linares Deportivo","clasificado":"1","goles_local":"4","goles_visitante":"0","nomEli":"Semifinales","nomGrupo":null},{"jornada":"148","fecha":"2022-06-04","hora_prevista":"18:00:00","grupo_id":null,"nomCasa":"Albacete Balompié","nomFuera":"CF Rayo Majadahonda","clasificado":"1","goles_local":"2","goles_visitante":"1","nomEli":"Semifinales","nomGrupo":null}]