[{"jornada":"84","fecha":"2022-05-29","hora_prevista":"19:00:00","grupo_id":null,"nomCasa":"EFCD Algar","nomFuera":"CD Lumbreras","clasificado":"1","goles_local":"1","goles_visitante":"0","nomEli":"Final","nomGrupo":null},{"jornada":"148","fecha":"2022-05-27","hora_prevista":"18:00:00","grupo_id":null,"nomCasa":"CD Lumbreras","nomFuera":"EF Altorreal","clasificado":"1","goles_local":"3","goles_visitante":"0","nomEli":"Semifinales","nomGrupo":null},{"jornada":"148","fecha":"2022-05-27","hora_prevista":"21:00:00","grupo_id":null,"nomCasa":"EFCD Algar","nomFuera":"EF Esperanza ","clasificado":"1","goles_local":"5","goles_visitante":"2","nomEli":"Semifinales","nomGrupo":null}]