[{"jornada":"84","fecha":"2022-05-21","hora_prevista":"20:00:00","grupo_id":null,"nomCasa":"SC Freiburg","nomFuera":"RB Leipzig","clasificado":"2","goles_local":"1","goles_visitante":"1","nomEli":"Final","nomGrupo":null},{"jornada":"148","fecha":"2022-04-20","hora_prevista":"20:45:00","grupo_id":null,"nomCasa":"RB Leipzig","nomFuera":"1. FC Union Berlin","clasificado":"1","goles_local":"2","goles_visitante":"1","nomEli":"Semifinales","nomGrupo":null},{"jornada":"148","fecha":"2022-04-19","hora_prevista":"20:45:00","grupo_id":null,"nomCasa":"Hamburger SV","nomFuera":"SC Freiburg","clasificado":"2","goles_local":"1","goles_visitante":"3","nomEli":"Semifinales","nomGrupo":null}]