[{"jornada":"84","fecha":"2022-02-27","hora_prevista":"17:30:00","grupo_id":null,"nomCasa":"Chelsea FC","nomFuera":"Liverpool FC","clasificado":"2","goles_local":"0","goles_visitante":"0","nomEli":"Final","nomGrupo":null},{"jornada":"154","fecha":"2022-01-20","hora_prevista":"20:45:00","grupo_id":null,"nomCasa":"Arsenal FC","nomFuera":"Liverpool FC","clasificado":"2","goles_local":"0","goles_visitante":"2","nomEli":"Semifinales - Vuelta","nomGrupo":null},{"jornada":"151","fecha":"2022-01-13","hora_prevista":"20:45:00","grupo_id":null,"nomCasa":"Liverpool FC","nomFuera":"Arsenal FC","clasificado":"0","goles_local":"0","goles_visitante":"0","nomEli":"Semifinales - Ida","nomGrupo":null},{"jornada":"154","fecha":"2022-01-12","hora_prevista":"20:45:00","grupo_id":null,"nomCasa":"Tottenham Hotspur FC","nomFuera":"Chelsea FC","clasificado":"2","goles_local":"0","goles_visitante":"1","nomEli":"Semifinales - Vuelta","nomGrupo":null},{"jornada":"151","fecha":"2022-01-05","hora_prevista":"20:45:00","grupo_id":null,"nomCasa":"Chelsea FC","nomFuera":"Tottenham Hotspur FC","clasificado":"0","goles_local":"2","goles_visitante":"0","nomEli":"Semifinales - Ida","nomGrupo":null}]