[{"jornada":"84","fecha":"2021-11-28","hora_prevista":"16:00:00","grupo_id":null,"nomCasa":"Saint Patrick´s Athletic FC","nomFuera":"Bohemian FC","clasificado":"1","goles_local":"1","goles_visitante":"1","nomEli":"Final","nomGrupo":null},{"jornada":"148","fecha":"2021-10-22","hora_prevista":"20:45:00","grupo_id":null,"nomCasa":"Saint Patrick´s Athletic FC","nomFuera":"Dundalk FC","clasificado":"1","goles_local":"3","goles_visitante":"1","nomEli":"Semifinales","nomGrupo":null},{"jornada":"148","fecha":"2021-10-22","hora_prevista":"20:45:00","grupo_id":null,"nomCasa":"Bohemian FC","nomFuera":"Waterford United FC","clasificado":"1","goles_local":"1","goles_visitante":"0","nomEli":"Semifinales","nomGrupo":null}]