[{"jornada":"84","fecha":"2022-05-01","hora_prevista":"16:00:00","grupo_id":null,"nomCasa":"FK Bodo\/Glimt","nomFuera":"Molde FK","clasificado":"2","goles_local":"0","goles_visitante":"1","nomEli":"Final","nomGrupo":null},{"jornada":"148","fecha":"2022-04-21","hora_prevista":"20:10:00","grupo_id":null,"nomCasa":"FK Bodo\/Glimt","nomFuera":"Viking FK","clasificado":"1","goles_local":"2","goles_visitante":"1","nomEli":"Semifinales","nomGrupo":null},{"jornada":"148","fecha":"2022-04-06","hora_prevista":"18:00:00","grupo_id":null,"nomCasa":"Molde FK","nomFuera":"Stromsgodset IF","clasificado":"1","goles_local":"3","goles_visitante":"0","nomEli":"Semifinales","nomGrupo":null}]