[{"jornada":"84","fecha":"2021-10-24","hora_prevista":"13:00:00","grupo_id":null,"nomCasa":"Rigas FS","nomFuera":"FK Liepaja","clasificado":"1","goles_local":"1","goles_visitante":"0","nomEli":"Final","nomGrupo":null},{"jornada":"148","fecha":"2021-09-19","hora_prevista":"14:00:00","grupo_id":null,"nomCasa":"FK Liepaja","nomFuera":"Valmiera FC","clasificado":"1","goles_local":"2","goles_visitante":"0","nomEli":"Semifinales","nomGrupo":null},{"jornada":"148","fecha":"2021-09-19","hora_prevista":"17:00:00","grupo_id":null,"nomCasa":"Rigas FS","nomFuera":"Riga FC","clasificado":"1","goles_local":"3","goles_visitante":"1","nomEli":"Semifinales","nomGrupo":null}]