[{"jornada":"84","fecha":"2022-11-01","hora_prevista":"18:00:00","grupo_id":null,"nomCasa":"FH Hafnarfjördur","nomFuera":"Víkingur Reykjavík","clasificado":"2","goles_local":"2","goles_visitante":"3","nomEli":"Final","nomGrupo":null},{"jornada":"148","fecha":"2022-09-01","hora_prevista":"19:00:00","grupo_id":null,"nomCasa":"FH Hafnarfjördur","nomFuera":"KA Akureyri","clasificado":"1","goles_local":"2","goles_visitante":"1","nomEli":"Semifinales","nomGrupo":null},{"jornada":"148","fecha":"2022-08-31","hora_prevista":"21:45:00","grupo_id":null,"nomCasa":"Breidablik UBK","nomFuera":"Víkingur Reykjavík","clasificado":"2","goles_local":"0","goles_visitante":"3","nomEli":"Semifinales","nomGrupo":null}]