[{"jornada":"84","fecha":"2022-05-21","hora_prevista":"18:00:00","grupo_id":null,"nomCasa":"Nõmme Kalju FC","nomFuera":"Paide Linnameeskond","clasificado":"2","goles_local":"0","goles_visitante":"1","nomEli":"Final","nomGrupo":null},{"jornada":"148","fecha":"2022-05-15","hora_prevista":"13:30:00","grupo_id":null,"nomCasa":"JK Narva Trans","nomFuera":"Nõmme Kalju FC","clasificado":"2","goles_local":"0","goles_visitante":"1","nomEli":"Semifinales","nomGrupo":null},{"jornada":"148","fecha":"2022-05-05","hora_prevista":"18:00:00","grupo_id":null,"nomCasa":"FC Flora Tallinn","nomFuera":"Paide Linnameeskond","clasificado":"2","goles_local":"0","goles_visitante":"0","nomEli":"Semifinales","nomGrupo":null}]