[{"jornada":"84","fecha":"2022-05-21","hora_prevista":"18:00:00","grupo_id":null,"nomCasa":"FC BATE Borisov","nomFuera":"FC Gomel","clasificado":"2","goles_local":"1","goles_visitante":"2","nomEli":"Final","nomGrupo":null},{"jornada":"154","fecha":"2022-04-27","hora_prevista":"16:00:00","grupo_id":null,"nomCasa":"FC Vitebsk","nomFuera":"FC Gomel","clasificado":"2","goles_local":"1","goles_visitante":"0","nomEli":"Semifinales - Vuelta","nomGrupo":null},{"jornada":"154","fecha":"2022-04-27","hora_prevista":"18:30:00","grupo_id":null,"nomCasa":"FC BATE Borisov","nomFuera":"FC Neman Grodno","clasificado":"1","goles_local":"2","goles_visitante":"0","nomEli":"Semifinales - Vuelta","nomGrupo":null},{"jornada":"151","fecha":"2022-04-07","hora_prevista":"16:00:00","grupo_id":null,"nomCasa":"FC Gomel","nomFuera":"FC Vitebsk","clasificado":"0","goles_local":"2","goles_visitante":"0","nomEli":"Semifinales - Ida","nomGrupo":null},{"jornada":"151","fecha":"2022-04-06","hora_prevista":"16:00:00","grupo_id":null,"nomCasa":"FC Neman Grodno","nomFuera":"FC BATE Borisov","clasificado":"0","goles_local":"2","goles_visitante":"1","nomEli":"Semifinales - Ida","nomGrupo":null}]