[{"jornada":"84","fecha":"2022-05-26","hora_prevista":"15:00:00","grupo_id":null,"nomCasa":"Hammarby IF","nomFuera":"Malmö FF","clasificado":"2","goles_local":"0","goles_visitante":"0","nomEli":"Final","nomGrupo":null},{"jornada":"148","fecha":"2022-03-20","hora_prevista":"14:00:00","grupo_id":null,"nomCasa":"Djurgardens IF","nomFuera":"Malmö FF","clasificado":"2","goles_local":"0","goles_visitante":"1","nomEli":"Semifinales","nomGrupo":null},{"jornada":"148","fecha":"2022-03-19","hora_prevista":"16:00:00","grupo_id":null,"nomCasa":"Hammarby IF","nomFuera":"IF Elfsborg","clasificado":"1","goles_local":"1","goles_visitante":"0","nomEli":"Semifinales","nomGrupo":null}]