[{"jornada":"84","fecha":"2022-10-29","hora_prevista":"20:00:00","grupo_id":null,"nomCasa":"KÍ Klaksvík","nomFuera":"Víkingur","clasificado":"2","goles_local":"0","goles_visitante":"1","nomEli":"Final","nomGrupo":null},{"jornada":"154","fecha":"2022-10-05","hora_prevista":"20:00:00","grupo_id":null,"nomCasa":"HB Tórshavn","nomFuera":"Víkingur","clasificado":"2","goles_local":"0","goles_visitante":"1","nomEli":"Semifinales - Vuelta","nomGrupo":null},{"jornada":"154","fecha":"2022-10-05","hora_prevista":"19:30:00","grupo_id":null,"nomCasa":"KÍ Klaksvík","nomFuera":"07 Vestur","clasificado":"1","goles_local":"4","goles_visitante":"0","nomEli":"Semifinales - Vuelta","nomGrupo":null},{"jornada":"151","fecha":"2022-09-07","hora_prevista":"19:00:00","grupo_id":null,"nomCasa":"Víkingur","nomFuera":"HB Tórshavn","clasificado":"0","goles_local":"2","goles_visitante":"2","nomEli":"Semifinales - Ida","nomGrupo":null},{"jornada":"151","fecha":"2022-09-07","hora_prevista":"20:00:00","grupo_id":null,"nomCasa":"07 Vestur","nomFuera":"KÍ Klaksvík","clasificado":"0","goles_local":"2","goles_visitante":"2","nomEli":"Semifinales - Ida","nomGrupo":null}]