[{"jornada":"84","fecha":"2022-05-01","hora_prevista":"17:00:00","grupo_id":null,"nomCasa":"FC Salzburg","nomFuera":"SV Ried","clasificado":"1","goles_local":"3","goles_visitante":"0","nomEli":"Final","nomGrupo":null},{"jornada":"148","fecha":"2022-03-16","hora_prevista":"18:00:00","grupo_id":null,"nomCasa":"Wolfsberger AC","nomFuera":"FC Salzburg","clasificado":"2","goles_local":"1","goles_visitante":"1","nomEli":"Semifinales","nomGrupo":null},{"jornada":"148","fecha":"2022-03-02","hora_prevista":"18:00:00","grupo_id":null,"nomCasa":"SV Ried","nomFuera":"TSV Hartberg","clasificado":"1","goles_local":"2","goles_visitante":"1","nomEli":"Semifinales","nomGrupo":null}]