[{"jornada":"84","fecha":"2022-11-12","hora_prevista":"10:00:00","grupo_id":null,"nomCasa":"FC Akzhayik","nomFuera":"FC Ordabasy Shymkent","clasificado":"2","goles_local":"4","goles_visitante":"5","nomEli":"Final","nomGrupo":null},{"jornada":"148","fecha":"2022-10-19","hora_prevista":"12:00:00","grupo_id":null,"nomCasa":"FC Akzhayik","nomFuera":"FC Taraz","clasificado":"1","goles_local":"5","goles_visitante":"3","nomEli":"Semifinales","nomGrupo":null},{"jornada":"148","fecha":"2022-10-19","hora_prevista":"15:00:00","grupo_id":null,"nomCasa":"FC Astana","nomFuera":"FC Ordabasy Shymkent","clasificado":"2","goles_local":"2","goles_visitante":"3","nomEli":"Semifinales","nomGrupo":null}]