[{"jornada":"84","fecha":"2022-04-17","hora_prevista":"18:00:00","grupo_id":null,"nomCasa":"PSV Eindhoven","nomFuera":"AFC Ajax","clasificado":"1","goles_local":"2","goles_visitante":"1","nomEli":"Final","nomGrupo":null},{"jornada":"148","fecha":"2022-03-03","hora_prevista":"20:00:00","grupo_id":null,"nomCasa":"AZ Alkmaar","nomFuera":"AFC Ajax","clasificado":"2","goles_local":"0","goles_visitante":"2","nomEli":"Semifinales","nomGrupo":null},{"jornada":"148","fecha":"2022-03-02","hora_prevista":"20:00:00","grupo_id":null,"nomCasa":"Go Ahead Eagles","nomFuera":"PSV Eindhoven","clasificado":"2","goles_local":"1","goles_visitante":"2","nomEli":"Semifinales","nomGrupo":null}]