[{"jornada":"84","fecha":"2022-04-18","hora_prevista":"15:00:00","grupo_id":null,"nomCasa":"KAA Gent","nomFuera":"RSC Anderlecht","clasificado":"1","goles_local":"0","goles_visitante":"0","nomEli":"Final","nomGrupo":null},{"jornada":"154","fecha":"2022-03-03","hora_prevista":"20:45:00","grupo_id":null,"nomCasa":"RSC Anderlecht","nomFuera":"KAS Eupen","clasificado":"1","goles_local":"3","goles_visitante":"1","nomEli":"Semifinales - Vuelta","nomGrupo":null},{"jornada":"154","fecha":"2022-03-02","hora_prevista":"20:45:00","grupo_id":null,"nomCasa":"Club Brugge KV","nomFuera":"KAA Gent","clasificado":"2","goles_local":"0","goles_visitante":"3","nomEli":"Semifinales - Vuelta","nomGrupo":null},{"jornada":"151","fecha":"2022-02-03","hora_prevista":"20:45:00","grupo_id":null,"nomCasa":"KAS Eupen","nomFuera":"RSC Anderlecht","clasificado":"0","goles_local":"2","goles_visitante":"2","nomEli":"Semifinales - Ida","nomGrupo":null},{"jornada":"151","fecha":"2022-02-02","hora_prevista":"20:45:00","grupo_id":null,"nomCasa":"KAA Gent","nomFuera":"Club Brugge KV","clasificado":"0","goles_local":"0","goles_visitante":"1","nomEli":"Semifinales - Ida","nomGrupo":null}]