[{"jornada":"84","fecha":"2022-05-02","hora_prevista":"16:00:00","grupo_id":null,"nomCasa":"KKS Lech Poznan","nomFuera":"KS Raków Czestochowa","clasificado":"2","goles_local":"1","goles_visitante":"3","nomEli":"Final","nomGrupo":null},{"jornada":"148","fecha":"2022-04-06","hora_prevista":"18:00:00","grupo_id":null,"nomCasa":"KS Raków Czestochowa","nomFuera":"Legia Warszawa","clasificado":"1","goles_local":"1","goles_visitante":"0","nomEli":"Semifinales","nomGrupo":null},{"jornada":"148","fecha":"2022-04-05","hora_prevista":"18:00:00","grupo_id":null,"nomCasa":"GKS Olimpia Grudziadz","nomFuera":"KKS Lech Poznan","clasificado":"2","goles_local":"0","goles_visitante":"3","nomEli":"Semifinales","nomGrupo":null}]