[{"jornada":"84","fecha":"2022-05-19","hora_prevista":"19:30:00","grupo_id":null,"nomCasa":"ACS Sepsi OSK","nomFuera":"FC Voluntari","clasificado":"1","goles_local":"2","goles_visitante":"1","nomEli":"Final","nomGrupo":null},{"jornada":"154","fecha":"2022-05-12","hora_prevista":"18:30:00","grupo_id":null,"nomCasa":"Universitatea Craiova 1948 CS","nomFuera":"ACS Sepsi OSK","clasificado":"2","goles_local":"0","goles_visitante":"1","nomEli":"Semifinales - Vuelta","nomGrupo":null},{"jornada":"154","fecha":"2022-05-11","hora_prevista":"18:30:00","grupo_id":null,"nomCasa":"FC Arges Pitesti","nomFuera":"FC Voluntari","clasificado":"2","goles_local":"0","goles_visitante":"1","nomEli":"Semifinales - Vuelta","nomGrupo":null},{"jornada":"151","fecha":"2022-04-20","hora_prevista":"18:30:00","grupo_id":null,"nomCasa":"ACS Sepsi OSK","nomFuera":"Universitatea Craiova 1948 CS","clasificado":"0","goles_local":"2","goles_visitante":"1","nomEli":"Semifinales - Ida","nomGrupo":null},{"jornada":"151","fecha":"2022-04-19","hora_prevista":"19:00:00","grupo_id":null,"nomCasa":"FC Voluntari","nomFuera":"FC Arges Pitesti","clasificado":"0","goles_local":"2","goles_visitante":"0","nomEli":"Semifinales - Ida","nomGrupo":null}]