[{"jornada":"84","fecha":"2022-05-26","hora_prevista":"15:00:00","grupo_id":null,"nomCasa":"Odense BK","nomFuera":"FC Midtjylland","clasificado":"2","goles_local":"0","goles_visitante":"0","nomEli":"Final","nomGrupo":null},{"jornada":"154","fecha":"2022-05-05","hora_prevista":"18:00:00","grupo_id":null,"nomCasa":"Odense BK","nomFuera":"Sonderjysk Elitesport","clasificado":"1","goles_local":"3","goles_visitante":"0","nomEli":"Semifinales - Vuelta","nomGrupo":null},{"jornada":"154","fecha":"2022-05-04","hora_prevista":"18:00:00","grupo_id":null,"nomCasa":"FC Midtjylland","nomFuera":"Vejle BK","clasificado":"1","goles_local":"3","goles_visitante":"1","nomEli":"Semifinales - Vuelta","nomGrupo":null},{"jornada":"151","fecha":"2022-04-28","hora_prevista":"18:30:00","grupo_id":null,"nomCasa":"Vejle BK","nomFuera":"FC Midtjylland","clasificado":"0","goles_local":"0","goles_visitante":"1","nomEli":"Semifinales - Ida","nomGrupo":null},{"jornada":"151","fecha":"2022-04-27","hora_prevista":"18:00:00","grupo_id":null,"nomCasa":"Sonderjysk Elitesport","nomFuera":"Odense BK","clasificado":"0","goles_local":"1","goles_visitante":"2","nomEli":"Semifinales - Ida","nomGrupo":null}]