[{"jornada":"84","fecha":"2022-05-14","hora_prevista":"17:45:00","grupo_id":null,"nomCasa":"Chelsea FC","nomFuera":"Liverpool FC","clasificado":"2","goles_local":"0","goles_visitante":"0","nomEli":"Final","nomGrupo":null},{"jornada":"148","fecha":"2022-04-17","hora_prevista":"17:30:00","grupo_id":null,"nomCasa":"Chelsea FC","nomFuera":"Crystal Palace FC","clasificado":"1","goles_local":"2","goles_visitante":"0","nomEli":"Semifinales","nomGrupo":null},{"jornada":"148","fecha":"2022-04-16","hora_prevista":"16:30:00","grupo_id":null,"nomCasa":"Manchester City FC","nomFuera":"Liverpool FC","clasificado":"2","goles_local":"2","goles_visitante":"3","nomEli":"Semifinales","nomGrupo":null}]