[{"jornada":"84","fecha":"2020-07-08","hora_prevista":"20:30:00","grupo_id":null,"nomCasa":"FC Dynamo Kyiv","nomFuera":"FC Vorskla Poltava","clasificado":"1","goles_local":"1","goles_visitante":"1","nomEli":"Final","nomGrupo":null},{"jornada":"148","fecha":"2020-06-24","hora_prevista":"18:30:00","grupo_id":null,"nomCasa":"FC Mariupol","nomFuera":"FC Vorskla Poltava","clasificado":"2","goles_local":"1","goles_visitante":"1","nomEli":"Semifinales","nomGrupo":null},{"jornada":"148","fecha":"2020-06-17","hora_prevista":"13:00:00","grupo_id":null,"nomCasa":"FC Minaj","nomFuera":"FC Dynamo Kyiv","clasificado":"2","goles_local":"0","goles_visitante":"2","nomEli":"Semifinales","nomGrupo":null}]