[{"jornada":"84","fecha":"2022-05-15","hora_prevista":"14:00:00","grupo_id":null,"nomCasa":"FC Lugano","nomFuera":"FC Sankt Gallen","clasificado":"1","goles_local":"4","goles_visitante":"1","nomEli":"Final","nomGrupo":null},{"jornada":"148","fecha":"2022-04-21","hora_prevista":"19:00:00","grupo_id":null,"nomCasa":"Yverdon Sport FC","nomFuera":"FC Sankt Gallen","clasificado":"2","goles_local":"0","goles_visitante":"2","nomEli":"Semifinales","nomGrupo":null},{"jornada":"148","fecha":"2022-04-21","hora_prevista":"19:45:00","grupo_id":null,"nomCasa":"FC Lugano","nomFuera":"FC Luzern","clasificado":"1","goles_local":"2","goles_visitante":"2","nomEli":"Semifinales","nomGrupo":null}]