[{"jornada":"84","fecha":"2022-05-29","hora_prevista":"16:00:00","grupo_id":null,"nomCasa":"FC Spartak Moskva","nomFuera":"FC Dinamo Moskva","clasificado":"1","goles_local":"2","goles_visitante":"1","nomEli":"Final","nomGrupo":null},{"jornada":"148","fecha":"2022-05-11","hora_prevista":"18:30:00","grupo_id":null,"nomCasa":"FC Spartak Moskva","nomFuera":"FC Yenisey Krasnoyarsk","clasificado":"1","goles_local":"3","goles_visitante":"0","nomEli":"Semifinales","nomGrupo":null},{"jornada":"148","fecha":"2022-05-10","hora_prevista":"15:30:00","grupo_id":null,"nomCasa":"FC Dinamo Moskva","nomFuera":"FC Alania Vladikavkaz","clasificado":"1","goles_local":"3","goles_visitante":"0","nomEli":"Semifinales","nomGrupo":null}]