[{"jornada":"84","fecha":"2022-05-11","hora_prevista":"21:00:00","grupo_id":null,"nomCasa":"Juventus FC","nomFuera":"FC Internazionale Milano","clasificado":"2","goles_local":"2","goles_visitante":"4","nomEli":"Final","nomGrupo":null},{"jornada":"154","fecha":"2022-04-20","hora_prevista":"21:00:00","grupo_id":null,"nomCasa":"Juventus FC","nomFuera":"ACF Fiorentina","clasificado":"1","goles_local":"2","goles_visitante":"0","nomEli":"Semifinales - Vuelta","nomGrupo":null},{"jornada":"154","fecha":"2022-04-19","hora_prevista":"21:00:00","grupo_id":null,"nomCasa":"FC Internazionale Milano","nomFuera":"AC Milan","clasificado":"1","goles_local":"3","goles_visitante":"0","nomEli":"Semifinales - Vuelta","nomGrupo":null},{"jornada":"151","fecha":"2022-03-02","hora_prevista":"21:00:00","grupo_id":null,"nomCasa":"ACF Fiorentina","nomFuera":"Juventus FC","clasificado":"0","goles_local":"0","goles_visitante":"1","nomEli":"Semifinales - Ida","nomGrupo":null},{"jornada":"151","fecha":"2022-03-01","hora_prevista":"21:00:00","grupo_id":null,"nomCasa":"AC Milan","nomFuera":"FC Internazionale Milano","clasificado":"0","goles_local":"0","goles_visitante":"0","nomEli":"Semifinales - Ida","nomGrupo":null}]