[{"jornada":"84","fecha":"2022-05-21","hora_prevista":"16:00:00","grupo_id":null,"nomCasa":"Rangers FC","nomFuera":"Heart of Midlothian FC","clasificado":"1","goles_local":"2","goles_visitante":"0","nomEli":"Final","nomGrupo":null},{"jornada":"148","fecha":"2022-04-17","hora_prevista":"15:00:00","grupo_id":null,"nomCasa":"Celtic FC","nomFuera":"Rangers FC","clasificado":"2","goles_local":"1","goles_visitante":"2","nomEli":"Semifinales","nomGrupo":null},{"jornada":"148","fecha":"2022-04-16","hora_prevista":"13:15:00","grupo_id":null,"nomCasa":"Heart of Midlothian FC","nomFuera":"Hibernian FC","clasificado":"1","goles_local":"2","goles_visitante":"1","nomEli":"Semifinales","nomGrupo":null}]