[{"jornada":"84","fecha":"2022-05-26","hora_prevista":"19:00:00","grupo_id":null,"nomCasa":"HNK Hajduk Split","nomFuera":"HNK Rijeka","clasificado":"1","goles_local":"3","goles_visitante":"1","nomEli":"Final","nomGrupo":null},{"jornada":"148","fecha":"2022-03-09","hora_prevista":"18:00:00","grupo_id":null,"nomCasa":"HNK Rijeka","nomFuera":"NK Osijek","clasificado":"1","goles_local":"3","goles_visitante":"2","nomEli":"Semifinales","nomGrupo":null},{"jornada":"148","fecha":"2022-03-02","hora_prevista":"17:30:00","grupo_id":null,"nomCasa":"HNK Hajduk Split","nomFuera":"HNK Gorica","clasificado":"1","goles_local":"2","goles_visitante":"1","nomEli":"Semifinales","nomGrupo":null}]