[{"jornada":"84","fecha":"2022-05-11","hora_prevista":"19:30:00","grupo_id":null,"nomCasa":"Ferencvárosi TC","nomFuera":"Paksi FC","clasificado":"1","goles_local":"3","goles_visitante":"0","nomEli":"Final","nomGrupo":null},{"jornada":"148","fecha":"2022-04-20","hora_prevista":"20:00:00","grupo_id":null,"nomCasa":"Győri ETO FC","nomFuera":"Ferencvárosi TC","clasificado":"2","goles_local":"1","goles_visitante":"4","nomEli":"Semifinales","nomGrupo":null},{"jornada":"148","fecha":"2022-04-19","hora_prevista":"20:00:00","grupo_id":null,"nomCasa":"Paksi FC","nomFuera":"Újpest FC","clasificado":"1","goles_local":"3","goles_visitante":"0","nomEli":"Semifinales","nomGrupo":null}]