[{"jornada":"84","fecha":"2022-05-20","hora_prevista":"18:00:00","grupo_id":null,"nomCasa":"FK Sileks","nomFuera":"FK Makedonija Gjorce Petrov","clasificado":"2","goles_local":"0","goles_visitante":"0","nomEli":"Final","nomGrupo":null},{"jornada":"148","fecha":"2022-04-20","hora_prevista":"16:00:00","grupo_id":null,"nomCasa":"FK Pelister","nomFuera":"FK Sileks","clasificado":"2","goles_local":"0","goles_visitante":"1","nomEli":"Semifinales","nomGrupo":null},{"jornada":"148","fecha":"2022-04-20","hora_prevista":"16:00:00","grupo_id":null,"nomCasa":"FC Struga Trim-Lum","nomFuera":"FK Makedonija Gjorce Petrov","clasificado":"2","goles_local":"0","goles_visitante":"0","nomEli":"Semifinales","nomGrupo":null}]