[{"jornada":"84","fecha":"2022-05-11","hora_prevista":"20:30:00","grupo_id":null,"nomCasa":"FC Koper","nomFuera":"NK Bravo","clasificado":"1","goles_local":"3","goles_visitante":"1","nomEli":"Final","nomGrupo":null},{"jornada":"148","fecha":"2022-04-21","hora_prevista":"20:15:00","grupo_id":null,"nomCasa":"FC Koper","nomFuera":"NK Celje","clasificado":"1","goles_local":"1","goles_visitante":"0","nomEli":"Semifinales","nomGrupo":null},{"jornada":"148","fecha":"2022-04-20","hora_prevista":"16:00:00","grupo_id":null,"nomCasa":"NK Bravo","nomFuera":"NK Domzale","clasificado":"1","goles_local":"3","goles_visitante":"2","nomEli":"Semifinales","nomGrupo":null}]