[{"jornada":"84","fecha":"2021-10-23","hora_prevista":"17:00:00","grupo_id":null,"nomCasa":"FK Zalgiris Vilnius","nomFuera":"FK Panevezys","clasificado":"1","goles_local":"5","goles_visitante":"1","nomEli":"Final","nomGrupo":null},{"jornada":"148","fecha":"2021-09-29","hora_prevista":"18:00:00","grupo_id":null,"nomCasa":"FK Zalgiris Vilnius","nomFuera":"FC Hegelmann Litauen","clasificado":"1","goles_local":"4","goles_visitante":"0","nomEli":"Semifinales","nomGrupo":null},{"jornada":"148","fecha":"2021-09-28","hora_prevista":"17:30:00","grupo_id":null,"nomCasa":"FK Babrungas","nomFuera":"FK Panevezys","clasificado":"2","goles_local":"1","goles_visitante":"3","nomEli":"Semifinales","nomGrupo":null}]