[{"jornada":"84","fecha":"2022-05-22","hora_prevista":"18:15:00","grupo_id":null,"nomCasa":"FC Porto","nomFuera":"CD Tondela","clasificado":"1","goles_local":"3","goles_visitante":"1","nomEli":"Final","nomGrupo":null},{"jornada":"154","fecha":"2022-04-21","hora_prevista":"21:15:00","grupo_id":null,"nomCasa":"FC Porto","nomFuera":"Sporting Clube de Portugal","clasificado":"1","goles_local":"1","goles_visitante":"0","nomEli":"Semifinales - Vuelta","nomGrupo":null},{"jornada":"154","fecha":"2022-04-20","hora_prevista":"21:15:00","grupo_id":null,"nomCasa":"CD Mafra","nomFuera":"CD Tondela","clasificado":"2","goles_local":"1","goles_visitante":"1","nomEli":"Semifinales - Vuelta","nomGrupo":null},{"jornada":"151","fecha":"2022-03-03","hora_prevista":"21:15:00","grupo_id":null,"nomCasa":"CD Tondela","nomFuera":"CD Mafra","clasificado":"0","goles_local":"3","goles_visitante":"0","nomEli":"Semifinales - Ida","nomGrupo":null},{"jornada":"151","fecha":"2022-03-02","hora_prevista":"21:45:00","grupo_id":null,"nomCasa":"Sporting Clube de Portugal","nomFuera":"FC Porto","clasificado":"0","goles_local":"1","goles_visitante":"2","nomEli":"Semifinales - Ida","nomGrupo":null}]