[{"jornada":"84","fecha":"2021-12-08","hora_prevista":"14:00:00","grupo_id":null,"nomCasa":"FC Samgurali","nomFuera":"FC Saburtalo Tbilisi","clasificado":"2","goles_local":"0","goles_visitante":"1","nomEli":"Final","nomGrupo":null},{"jornada":"148","fecha":"2021-11-24","hora_prevista":"15:00:00","grupo_id":null,"nomCasa":"FC Saburtalo Tbilisi","nomFuera":"FC Dinamo Batumi","clasificado":"1","goles_local":"2","goles_visitante":"1","nomEli":"Semifinales","nomGrupo":null},{"jornada":"148","fecha":"2021-11-24","hora_prevista":"10:00:00","grupo_id":null,"nomCasa":"FC Shukura Kobuleti","nomFuera":"FC Samgurali","clasificado":"2","goles_local":"2","goles_visitante":"3","nomEli":"Semifinales","nomGrupo":null}]