[{"jornada":"84","fecha":"2022-05-21","hora_prevista":"19:00:00","grupo_id":null,"nomCasa":"FC Sfintul Gheorghe","nomFuera":"FC Sheriff Tiraspol","clasificado":"2","goles_local":"0","goles_visitante":"1","nomEli":"Final","nomGrupo":null},{"jornada":"148","fecha":"2022-04-26","hora_prevista":"15:00:00","grupo_id":null,"nomCasa":"FC Dinamo-Auto","nomFuera":"FC Sheriff Tiraspol","clasificado":"2","goles_local":"2","goles_visitante":"3","nomEli":"Semifinales","nomGrupo":null},{"jornada":"148","fecha":"2022-04-26","hora_prevista":"18:00:00","grupo_id":null,"nomCasa":"FC Milsami Orhei","nomFuera":"FC Sfintul Gheorghe","clasificado":"2","goles_local":"0","goles_visitante":"2","nomEli":"Semifinales","nomGrupo":null}]