[{"jornada":"84","fecha":"2022-04-30","hora_prevista":"20:45:00","grupo_id":null,"nomCasa":"SP Tre Fiori","nomFuera":"SS Folgore","clasificado":"1","goles_local":"3","goles_visitante":"1","nomEli":"Final","nomGrupo":null},{"jornada":"154","fecha":"2022-04-27","hora_prevista":"20:45:00","grupo_id":null,"nomCasa":"SP Tre Fiori","nomFuera":"SP La Fiorita","clasificado":"1","goles_local":"2","goles_visitante":"3","nomEli":"Semifinales - Vuelta","nomGrupo":null},{"jornada":"154","fecha":"2022-04-27","hora_prevista":"20:45:00","grupo_id":null,"nomCasa":"FC Domagnano","nomFuera":"SS Folgore","clasificado":"2","goles_local":"1","goles_visitante":"1","nomEli":"Semifinales - Vuelta","nomGrupo":null},{"jornada":"151","fecha":"2022-04-24","hora_prevista":"15:00:00","grupo_id":null,"nomCasa":"SP La Fiorita","nomFuera":"SP Tre Fiori","clasificado":"0","goles_local":"0","goles_visitante":"3","nomEli":"Semifinales - Ida","nomGrupo":null},{"jornada":"151","fecha":"2022-04-24","hora_prevista":"15:00:00","grupo_id":null,"nomCasa":"SS Folgore","nomFuera":"FC Domagnano","clasificado":"0","goles_local":"2","goles_visitante":"0","nomEli":"Semifinales - Ida","nomGrupo":null}]