[{"jornada":"84","fecha":"2022-05-15","hora_prevista":"17:00:00","grupo_id":null,"nomCasa":"Valletta FC","nomFuera":"Floriana FC","clasificado":"2","goles_local":"1","goles_visitante":"2","nomEli":"Final","nomGrupo":null},{"jornada":"148","fecha":"2022-05-11","hora_prevista":"19:30:00","grupo_id":null,"nomCasa":"Floriana FC","nomFuera":"Hibernians FC","clasificado":"1","goles_local":"2","goles_visitante":"1","nomEli":"Semifinales","nomGrupo":null},{"jornada":"148","fecha":"2022-05-10","hora_prevista":"19:30:00","grupo_id":null,"nomCasa":"Santa Lucia FC","nomFuera":"Valletta FC","clasificado":"2","goles_local":"0","goles_visitante":"1","nomEli":"Semifinales","nomGrupo":null}]