[{"jornada":"84","fecha":"2022-05-26","hora_prevista":"18:00:00","grupo_id":null,"nomCasa":"FK Crvena Zvezda","nomFuera":"FK Partizan","clasificado":"1","goles_local":"2","goles_visitante":"1","nomEli":"Final","nomGrupo":null},{"jornada":"148","fecha":"2022-05-11","hora_prevista":"16:30:00","grupo_id":null,"nomCasa":"FK Partizan","nomFuera":"FK Vojvodina","clasificado":"1","goles_local":"2","goles_visitante":"1","nomEli":"Semifinales","nomGrupo":null},{"jornada":"148","fecha":"2022-05-11","hora_prevista":"18:30:00","grupo_id":null,"nomCasa":"FK Crvena Zvezda","nomFuera":"FK Novi Pazar","clasificado":"1","goles_local":"8","goles_visitante":"0","nomEli":"Semifinales","nomGrupo":null}]