[{"jornada":"84","fecha":"2022-05-31","hora_prevista":"19:00:00","grupo_id":null,"nomCasa":"KF Vllaznia","nomFuera":"KF Laçi","clasificado":"1","goles_local":"2","goles_visitante":"1","nomEli":"Final","nomGrupo":null},{"jornada":"154","fecha":"2022-04-13","hora_prevista":"17:45:00","grupo_id":null,"nomCasa":"KF Vllaznia","nomFuera":"FK Partizani","clasificado":"1","goles_local":"1","goles_visitante":"1","nomEli":"Semifinales - Vuelta","nomGrupo":null},{"jornada":"154","fecha":"2022-04-13","hora_prevista":"14:45:00","grupo_id":null,"nomCasa":"KF Laçi","nomFuera":"KF Teuta","clasificado":"1","goles_local":"1","goles_visitante":"1","nomEli":"Semifinales - Vuelta","nomGrupo":null},{"jornada":"151","fecha":"2022-03-31","hora_prevista":"17:45:00","grupo_id":null,"nomCasa":"FK Partizani","nomFuera":"KF Vllaznia","clasificado":"0","goles_local":"0","goles_visitante":"0","nomEli":"Semifinales - Ida","nomGrupo":null},{"jornada":"151","fecha":"2022-03-30","hora_prevista":"17:45:00","grupo_id":null,"nomCasa":"KF Teuta","nomFuera":"KF Laçi","clasificado":"0","goles_local":"1","goles_visitante":"2","nomEli":"Semifinales - Ida","nomGrupo":null}]