[{"jornada":"84","fecha":"2022-05-19","hora_prevista":"19:00:00","grupo_id":null,"nomCasa":"FK Sarajevo","nomFuera":"FK Velez","clasificado":"2","goles_local":"0","goles_visitante":"0","nomEli":"Final","nomGrupo":null},{"jornada":"154","fecha":"2022-04-20","hora_prevista":"14:00:00","grupo_id":null,"nomCasa":"FK Igman Konjic","nomFuera":"FK Sarajevo","clasificado":"2","goles_local":"0","goles_visitante":"2","nomEli":"Semifinales - Vuelta","nomGrupo":null},{"jornada":"154","fecha":"2022-04-20","hora_prevista":"16:00:00","grupo_id":null,"nomCasa":"FK Tuzla City","nomFuera":"FK Velez","clasificado":"2","goles_local":"0","goles_visitante":"1","nomEli":"Semifinales - Vuelta","nomGrupo":null},{"jornada":"151","fecha":"2022-04-06","hora_prevista":"16:00:00","grupo_id":null,"nomCasa":"FK Sarajevo","nomFuera":"FK Igman Konjic","clasificado":"0","goles_local":"2","goles_visitante":"0","nomEli":"Semifinales - Ida","nomGrupo":null},{"jornada":"151","fecha":"2022-04-06","hora_prevista":"18:00:00","grupo_id":null,"nomCasa":"FK Velez","nomFuera":"FK Tuzla City","clasificado":"0","goles_local":"4","goles_visitante":"0","nomEli":"Semifinales - Ida","nomGrupo":null}]