[{"jornada":"84","fecha":"2022-05-15","hora_prevista":"16:00:00","grupo_id":null,"nomCasa":"PFC CSKA-Sofia JSC","nomFuera":"PFC Levski Sofia","clasificado":"2","goles_local":"0","goles_visitante":"1","nomEli":"Final","nomGrupo":null},{"jornada":"154","fecha":"2022-04-22","hora_prevista":"18:00:00","grupo_id":null,"nomCasa":"PFC Levski Sofia","nomFuera":"PFC Ludogorets 1945","clasificado":"1","goles_local":"1","goles_visitante":"0","nomEli":"Semifinales - Vuelta","nomGrupo":null},{"jornada":"154","fecha":"2022-04-21","hora_prevista":"18:00:00","grupo_id":null,"nomCasa":"PFC CSKA-Sofia JSC","nomFuera":"PFC Slavia Sofia","clasificado":"1","goles_local":"0","goles_visitante":"2","nomEli":"Semifinales - Vuelta","nomGrupo":null},{"jornada":"151","fecha":"2022-04-13","hora_prevista":"18:00:00","grupo_id":null,"nomCasa":"PFC Ludogorets 1945","nomFuera":"PFC Levski Sofia","clasificado":"0","goles_local":"2","goles_visitante":"3","nomEli":"Semifinales - Ida","nomGrupo":null},{"jornada":"151","fecha":"2022-04-12","hora_prevista":"18:00:00","grupo_id":null,"nomCasa":"PFC Slavia Sofia","nomFuera":"PFC CSKA-Sofia JSC","clasificado":"0","goles_local":"0","goles_visitante":"2","nomEli":"Semifinales - Ida","nomGrupo":null}]