[{"jornada":"84","fecha":"2022-05-01","hora_prevista":"17:00:00","grupo_id":null,"nomCasa":"Penybont FC","nomFuera":"The New Saints FC","clasificado":"2","goles_local":"2","goles_visitante":"3","nomEli":"Final","nomGrupo":null},{"jornada":"148","fecha":"2022-03-20","hora_prevista":"15:15:00","grupo_id":null,"nomCasa":"The New Saints FC","nomFuera":"Colwyn Bay FC","clasificado":"1","goles_local":"1","goles_visitante":"0","nomEli":"Semifinales","nomGrupo":null},{"jornada":"148","fecha":"2022-03-18","hora_prevista":"20:45:00","grupo_id":null,"nomCasa":"Penybont FC","nomFuera":"Bala Town FC","clasificado":"1","goles_local":"0","goles_visitante":"0","nomEli":"Semifinales","nomGrupo":null}]