[{"jornada":"84","fecha":"2022-05-21","hora_prevista":"19:00:00","grupo_id":null,"nomCasa":"Panathinaikos FC","nomFuera":"PAOK FC","clasificado":"1","goles_local":"1","goles_visitante":"0","nomEli":"Final","nomGrupo":null},{"jornada":"154","fecha":"2022-04-27","hora_prevista":"19:00:00","grupo_id":null,"nomCasa":"Olympiacos FC","nomFuera":"PAOK FC","clasificado":"2","goles_local":"1","goles_visitante":"1","nomEli":"Semifinales - Vuelta","nomGrupo":null},{"jornada":"154","fecha":"2022-04-27","hora_prevista":"17:00:00","grupo_id":null,"nomCasa":"PAS Lamia","nomFuera":"Panathinaikos FC","clasificado":"2","goles_local":"0","goles_visitante":"2","nomEli":"Semifinales - Vuelta","nomGrupo":null},{"jornada":"151","fecha":"2022-04-21","hora_prevista":"18:30:00","grupo_id":null,"nomCasa":"PAOK FC","nomFuera":"Olympiacos FC","clasificado":"0","goles_local":"0","goles_visitante":"0","nomEli":"Semifinales - Ida","nomGrupo":null},{"jornada":"151","fecha":"2022-04-20","hora_prevista":"18:00:00","grupo_id":null,"nomCasa":"Panathinaikos FC","nomFuera":"PAS Lamia","clasificado":"0","goles_local":"1","goles_visitante":"0","nomEli":"Semifinales - Ida","nomGrupo":null}]