[{"jornada":"84","fecha":"2022-05-27","hora_prevista":"20:00:00","grupo_id":null,"nomCasa":"F91 Dudelange","nomFuera":"Racing FC Union","clasificado":"2","goles_local":"2","goles_visitante":"3","nomEli":"Final","nomGrupo":null},{"jornada":"148","fecha":"2022-05-11","hora_prevista":"19:00:00","grupo_id":null,"nomCasa":"UT Pétange","nomFuera":"Racing FC Union","clasificado":"2","goles_local":"0","goles_visitante":"1","nomEli":"Semifinales","nomGrupo":null},{"jornada":"148","fecha":"2022-05-11","hora_prevista":"20:00:00","grupo_id":null,"nomCasa":"CS Fola Esch","nomFuera":"F91 Dudelange","clasificado":"2","goles_local":"4","goles_visitante":"5","nomEli":"Semifinales","nomGrupo":null}]