[{"jornada":"84","fecha":"2021-11-26","hora_prevista":"20:45:00","grupo_id":null,"nomCasa":"Waterford United FC","nomFuera":"University College Dublin AFC","clasificado":"2","goles_local":"1","goles_visitante":"2","nomEli":"Final","nomGrupo":null},{"jornada":"145","fecha":"2021-11-19","hora_prevista":"20:45:00","grupo_id":null,"nomCasa":"Bray Wanderers FC","nomFuera":"University College Dublin AFC","clasificado":"2","goles_local":"0","goles_visitante":"2","nomEli":"Semifinal","nomGrupo":null},{"jornada":"55","fecha":"2021-11-07","hora_prevista":"18:00:00","grupo_id":null,"nomCasa":"Galway United FC","nomFuera":"Bray Wanderers FC","clasificado":"2","goles_local":"0","goles_visitante":"1","nomEli":"Cuartos de Final - Vuelta","nomGrupo":null},{"jornada":"55","fecha":"2021-11-07","hora_prevista":"18:00:00","grupo_id":null,"nomCasa":"University College Dublin AFC","nomFuera":"Treaty United FC","clasificado":"1","goles_local":"1","goles_visitante":"2","nomEli":"Cuartos de Final - Vuelta","nomGrupo":null},{"jornada":"3","fecha":"2021-11-03","hora_prevista":"20:45:00","grupo_id":null,"nomCasa":"Bray Wanderers FC","nomFuera":"Galway United FC","clasificado":"0","goles_local":"0","goles_visitante":"0","nomEli":" Cuartos de Final - Ida","nomGrupo":null},{"jornada":"3","fecha":"2021-11-03","hora_prevista":"20:45:00","grupo_id":null,"nomCasa":"Treaty United FC","nomFuera":"University College Dublin AFC","clasificado":"0","goles_local":"0","goles_visitante":"3","nomEli":" Cuartos de Final - Ida","nomGrupo":null}]