[{"jornada":"84","fecha":"2022-05-29","hora_prevista":"20:30:00","grupo_id":null,"nomCasa":"FK Buducnost Podgorica","nomFuera":"FK Decic","clasificado":"1","goles_local":"1","goles_visitante":"0","nomEli":"Final","nomGrupo":null},{"jornada":"154","fecha":"2022-05-04","hora_prevista":"17:00:00","grupo_id":null,"nomCasa":"FK Decic","nomFuera":"FK Iskra","clasificado":"1","goles_local":"2","goles_visitante":"1","nomEli":"Semifinales - Vuelta","nomGrupo":null},{"jornada":"154","fecha":"2022-05-04","hora_prevista":"19:00:00","grupo_id":null,"nomCasa":"FK Sutjeska","nomFuera":"FK Buducnost Podgorica","clasificado":"2","goles_local":"1","goles_visitante":"2","nomEli":"Semifinales - Vuelta","nomGrupo":null},{"jornada":"151","fecha":"2022-04-20","hora_prevista":"16:00:00","grupo_id":null,"nomCasa":"FK Iskra","nomFuera":"FK Decic","clasificado":"0","goles_local":"1","goles_visitante":"1","nomEli":"Semifinales - Ida","nomGrupo":null},{"jornada":"151","fecha":"2022-04-20","hora_prevista":"18:00:00","grupo_id":null,"nomCasa":"FK Buducnost Podgorica","nomFuera":"FK Sutjeska","clasificado":"0","goles_local":"3","goles_visitante":"0","nomEli":"Semifinales - Ida","nomGrupo":null}]