[{"jornada":"84","fecha":"2022-05-26","hora_prevista":"19:45:00","grupo_id":null,"nomCasa":"Kayserispor SK","nomFuera":"Sivasspor Kulübü","clasificado":"2","goles_local":"2","goles_visitante":"3","nomEli":"Final","nomGrupo":null},{"jornada":"154","fecha":"2022-05-11","hora_prevista":"19:30:00","grupo_id":null,"nomCasa":"Sivasspor Kulübü","nomFuera":"Aytemiz Alanyaspor","clasificado":"1","goles_local":"1","goles_visitante":"1","nomEli":"Semifinales - Vuelta","nomGrupo":null},{"jornada":"154","fecha":"2022-05-10","hora_prevista":"19:30:00","grupo_id":null,"nomCasa":"Kayserispor SK","nomFuera":"Trabzonspor AS","clasificado":"1","goles_local":"4","goles_visitante":"2","nomEli":"Semifinales - Vuelta","nomGrupo":null},{"jornada":"151","fecha":"2022-04-20","hora_prevista":"19:30:00","grupo_id":null,"nomCasa":"Aytemiz Alanyaspor","nomFuera":"Sivasspor Kulübü","clasificado":"0","goles_local":"1","goles_visitante":"2","nomEli":"Semifinales - Ida","nomGrupo":null},{"jornada":"151","fecha":"2022-04-19","hora_prevista":"19:30:00","grupo_id":null,"nomCasa":"Trabzonspor AS","nomFuera":"Kayserispor SK","clasificado":"0","goles_local":"1","goles_visitante":"0","nomEli":"Semifinales - Ida","nomGrupo":null}]