[{"jornada":"84","fecha":"2022-05-08","hora_prevista":"17:00:00","grupo_id":null,"nomCasa":"Noravank FC","nomFuera":"FC Urartu","clasificado":"1","goles_local":"2","goles_visitante":"0","nomEli":"Final","nomGrupo":null},{"jornada":"148","fecha":"2022-04-03","hora_prevista":"16:00:00","grupo_id":null,"nomCasa":"FC Urartu","nomFuera":"FC Van","clasificado":"1","goles_local":"3","goles_visitante":"0","nomEli":"Semifinales","nomGrupo":null},{"jornada":"148","fecha":"2022-04-02","hora_prevista":"16:00:00","grupo_id":null,"nomCasa":"FC Ararat","nomFuera":"Noravank FC","clasificado":"2","goles_local":"1","goles_visitante":"2","nomEli":"Semifinales","nomGrupo":null}]