[{"jornada":"84","fecha":"2022-05-27","hora_prevista":"17:00:00","grupo_id":null,"nomCasa":"Qarabag FK","nomFuera":"Zira FK","clasificado":"1","goles_local":"1","goles_visitante":"1","nomEli":"Final","nomGrupo":null},{"jornada":"154","fecha":"2022-04-29","hora_prevista":"15:30:00","grupo_id":null,"nomCasa":"Qarabag FK","nomFuera":"Gabala SC","clasificado":"1","goles_local":"5","goles_visitante":"0","nomEli":"Semifinales - Vuelta","nomGrupo":null},{"jornada":"154","fecha":"2022-04-29","hora_prevista":"18:30:00","grupo_id":null,"nomCasa":"Neftçi PFK","nomFuera":"Zira FK","clasificado":"2","goles_local":"0","goles_visitante":"0","nomEli":"Semifinales - Vuelta","nomGrupo":null},{"jornada":"151","fecha":"2022-04-20","hora_prevista":"15:30:00","grupo_id":null,"nomCasa":"Gabala SC","nomFuera":"Qarabag FK","clasificado":"0","goles_local":"1","goles_visitante":"3","nomEli":"Semifinales - Ida","nomGrupo":null},{"jornada":"151","fecha":"2022-04-20","hora_prevista":"18:00:00","grupo_id":null,"nomCasa":"Zira FK","nomFuera":"Neftçi PFK","clasificado":"0","goles_local":"0","goles_visitante":"0","nomEli":"Semifinales - Ida","nomGrupo":null}]