[{"jornada":"84","fecha":"2022-05-25","hora_prevista":"18:00:00","grupo_id":null,"nomCasa":"AC Omonia","nomFuera":"Ethnikos Achnas FC","clasificado":"1","goles_local":"0","goles_visitante":"0","nomEli":"Final","nomGrupo":null},{"jornada":"154","fecha":"2022-05-04","hora_prevista":"18:00:00","grupo_id":null,"nomCasa":"Ethnikos Achnas FC","nomFuera":"AEK Larnaca FC","clasificado":"1","goles_local":"3","goles_visitante":"1","nomEli":"Semifinales - Vuelta","nomGrupo":null},{"jornada":"154","fecha":"2022-05-04","hora_prevista":"18:00:00","grupo_id":null,"nomCasa":"AC Omonia","nomFuera":"Anorthosis Famagusta FC","clasificado":"1","goles_local":"1","goles_visitante":"1","nomEli":"Semifinales - Vuelta","nomGrupo":null},{"jornada":"151","fecha":"2022-04-26","hora_prevista":"17:00:00","grupo_id":null,"nomCasa":"AEK Larnaca FC","nomFuera":"Ethnikos Achnas FC","clasificado":"0","goles_local":"1","goles_visitante":"2","nomEli":"Semifinales - Ida","nomGrupo":null},{"jornada":"151","fecha":"2022-04-26","hora_prevista":"18:00:00","grupo_id":null,"nomCasa":"Anorthosis Famagusta FC","nomFuera":"AC Omonia","clasificado":"0","goles_local":"0","goles_visitante":"2","nomEli":"Semifinales - Ida","nomGrupo":null}]