[{"jornada":"84","fecha":"2022-05-07","hora_prevista":"21:00:00","grupo_id":null,"nomCasa":"OGC Nice","nomFuera":"FC Nantes","clasificado":"2","goles_local":"0","goles_visitante":"1","nomEli":"Final","nomGrupo":null},{"jornada":"148","fecha":"2022-03-02","hora_prevista":"21:15:00","grupo_id":null,"nomCasa":"FC Nantes","nomFuera":"AS Monaco FC","clasificado":"1","goles_local":"2","goles_visitante":"2","nomEli":"Semifinales","nomGrupo":null},{"jornada":"148","fecha":"2022-03-01","hora_prevista":"21:00:00","grupo_id":null,"nomCasa":"OGC Nice","nomFuera":"FC Versailles 78","clasificado":"1","goles_local":"2","goles_visitante":"0","nomEli":"Semifinales","nomGrupo":null}]