[{"jornada":"84","fecha":"2022-05-07","hora_prevista":"15:30:00","grupo_id":null,"nomCasa":"Ballymena United FC","nomFuera":"Crusaders FC","clasificado":"2","goles_local":"1","goles_visitante":"2","nomEli":"Final","nomGrupo":null},{"jornada":"148","fecha":"2022-04-26","hora_prevista":"20:45:00","grupo_id":null,"nomCasa":"Newry City AFC","nomFuera":"Ballymena United FC","clasificado":"2","goles_local":"0","goles_visitante":"1","nomEli":"Semifinales","nomGrupo":null},{"jornada":"148","fecha":"2022-04-01","hora_prevista":"20:45:00","grupo_id":null,"nomCasa":"Cliftonville FC","nomFuera":"Crusaders FC","clasificado":"2","goles_local":"1","goles_visitante":"2","nomEli":"Semifinales","nomGrupo":null}]