[{"jornada":"84","fecha":"2022-05-24","hora_prevista":"19:30:00","grupo_id":null,"nomCasa":"Hapoel Beer Sheva FC","nomFuera":"Maccabi Haifa FC","clasificado":"1","goles_local":"2","goles_visitante":"2","nomEli":"Final","nomGrupo":null},{"jornada":"148","fecha":"2022-04-20","hora_prevista":"19:30:00","grupo_id":null,"nomCasa":"Maccabi Tel-Aviv FC","nomFuera":"Hapoel Beer Sheva FC","clasificado":"2","goles_local":"1","goles_visitante":"3","nomEli":"Semifinales","nomGrupo":null},{"jornada":"148","fecha":"2022-04-19","hora_prevista":"19:30:00","grupo_id":null,"nomCasa":"Maccabi Haifa FC","nomFuera":"Hapoel Haifa FC","clasificado":"1","goles_local":"2","goles_visitante":"0","nomEli":"Semifinales","nomGrupo":null}]