[{"jornada":"84","fecha":"2022-05-29","hora_prevista":"17:00:00","grupo_id":null,"nomCasa":"Athletic Club d´Escaldes","nomFuera":"UE Extremenya","clasificado":"1","goles_local":"4","goles_visitante":"1","nomEli":"Final","nomGrupo":null},{"jornada":"148","fecha":"2022-04-07","hora_prevista":"20:45:00","grupo_id":null,"nomCasa":"Athletic Club d´Escaldes","nomFuera":"Inter Club d´Escaldes","clasificado":"1","goles_local":"2","goles_visitante":"2","nomEli":"Semifinales","nomGrupo":null},{"jornada":"148","fecha":"2022-04-06","hora_prevista":"20:45:00","grupo_id":null,"nomCasa":"UE Engordany","nomFuera":"UE Extremenya","clasificado":"2","goles_local":"1","goles_visitante":"1","nomEli":"Semifinales","nomGrupo":null}]