[{"jornada":"84","fecha":"2021-05-08","hora_prevista":"14:00:00","grupo_id":null,"nomCasa":"HJK Helsinki","nomFuera":"Kuopion Palloseura","clasificado":"2","goles_local":"0","goles_visitante":"0","nomEli":"Final","nomGrupo":null},{"jornada":"148","fecha":"2021-04-10","hora_prevista":"17:00:00","grupo_id":null,"nomCasa":"HJK Helsinki","nomFuera":"FC Inter Turku","clasificado":"1","goles_local":"4","goles_visitante":"0","nomEli":"Semifinales","nomGrupo":null},{"jornada":"148","fecha":"2021-04-10","hora_prevista":"14:00:00","grupo_id":null,"nomCasa":"Kuopion Palloseura","nomFuera":"FC Honka Espoo","clasificado":"1","goles_local":"2","goles_visitante":"1","nomEli":"Semifinales","nomGrupo":null}]