[{"jornada":"84","fecha":"2022-04-25","hora_prevista":"18:00:00","grupo_id":null,"nomCasa":"FC Salzburg","nomFuera":"SL Benfica","clasificado":"2","goles_local":"0","goles_visitante":"6","nomEli":"Final","nomGrupo":null},{"jornada":"148","fecha":"2022-04-22","hora_prevista":"18:00:00","grupo_id":null,"nomCasa":"Club Atlético de Madrid","nomFuera":"FC Salzburg","clasificado":"2","goles_local":"0","goles_visitante":"5","nomEli":"Semifinales","nomGrupo":null},{"jornada":"148","fecha":"2022-04-22","hora_prevista":"14:00:00","grupo_id":null,"nomCasa":"Juventus FC","nomFuera":"SL Benfica","clasificado":"2","goles_local":"2","goles_visitante":"2","nomEli":"Semifinales","nomGrupo":null},{"jornada":"48","fecha":"2022-04-13","hora_prevista":"16:00:00","grupo_id":null,"nomCasa":"Sporting Clube de Portugal","nomFuera":"SL Benfica","clasificado":"2","goles_local":"0","goles_visitante":"4","nomEli":"Cuartos de Final","nomGrupo":null},{"jornada":"105","fecha":"2022-04-07","hora_prevista":"14:00:00","grupo_id":null,"nomCasa":"FC Dynamo Kyiv","nomFuera":"Sporting Clube de Portugal","clasificado":"2","goles_local":"1","goles_visitante":"2","nomEli":"Octavos de Final","nomGrupo":null},{"jornada":"48","fecha":"2022-03-16","hora_prevista":"14:00:00","grupo_id":null,"nomCasa":"Paris Saint-Germain FC","nomFuera":"FC Salzburg","clasificado":"2","goles_local":"1","goles_visitante":"3","nomEli":"Cuartos de Final","nomGrupo":null},{"jornada":"48","fecha":"2022-03-16","hora_prevista":"16:30:00","grupo_id":null,"nomCasa":"BV Borussia 09 Dortmund","nomFuera":"Club Atlético de Madrid","clasificado":"2","goles_local":"0","goles_visitante":"1","nomEli":"Cuartos de Final","nomGrupo":null},{"jornada":"48","fecha":"2022-03-15","hora_prevista":"16:00:00","grupo_id":null,"nomCasa":"Juventus FC","nomFuera":"Liverpool FC","clasificado":"1","goles_local":"2","goles_visitante":"0","nomEli":"Cuartos de Final","nomGrupo":null},{"jornada":"105","fecha":"2022-03-02","hora_prevista":"14:00:00","grupo_id":null,"nomCasa":"FC Midtjylland","nomFuera":"SL Benfica","clasificado":"2","goles_local":"2","goles_visitante":"3","nomEli":"Octavos de Final","nomGrupo":null},{"jornada":"105","fecha":"2022-03-02","hora_prevista":"15:00:00","grupo_id":null,"nomCasa":"Liverpool FC","nomFuera":"KRC Genk","clasificado":"1","goles_local":"1","goles_visitante":"1","nomEli":"Octavos de Final","nomGrupo":null},{"jornada":"105","fecha":"2022-03-02","hora_prevista":"21:00:00","grupo_id":null,"nomCasa":"Real Madrid CF","nomFuera":"Club Atlético de Madrid","clasificado":"2","goles_local":"2","goles_visitante":"3","nomEli":"Octavos de Final","nomGrupo":null},{"jornada":"105","fecha":"2022-03-02","hora_prevista":"14:00:00","grupo_id":null,"nomCasa":"AZ Alkmaar","nomFuera":"Juventus FC","clasificado":"2","goles_local":"0","goles_visitante":"0","nomEli":"Octavos de Final","nomGrupo":null},{"jornada":"105","fecha":"2022-03-02","hora_prevista":"16:30:00","grupo_id":null,"nomCasa":"MSK Zilina","nomFuera":"FC Salzburg","clasificado":"2","goles_local":"1","goles_visitante":"1","nomEli":"Octavos de Final","nomGrupo":null},{"jornada":"105","fecha":"2022-03-01","hora_prevista":"21:00:00","grupo_id":null,"nomCasa":"Manchester United FC","nomFuera":"BV Borussia 09 Dortmund","clasificado":"2","goles_local":"2","goles_visitante":"2","nomEli":"Octavos de Final","nomGrupo":null},{"jornada":"105","fecha":"2022-03-01","hora_prevista":"18:00:00","grupo_id":null,"nomCasa":"Paris Saint-Germain FC","nomFuera":"Sevilla FC","clasificado":"1","goles_local":"2","goles_visitante":"0","nomEli":"Octavos de Final","nomGrupo":null},{"jornada":"195","fecha":"2022-02-09","hora_prevista":"16:00:00","grupo_id":null,"nomCasa":"KRC Genk","nomFuera":"Chelsea FC","clasificado":"1","goles_local":"5","goles_visitante":"1","nomEli":"Repesca","nomGrupo":null},{"jornada":"195","fecha":"2022-02-09","hora_prevista":"13:00:00","grupo_id":null,"nomCasa":"FC Midtjylland","nomFuera":"Club Brugge KV","clasificado":"1","goles_local":"3","goles_visitante":"2","nomEli":"Repesca","nomGrupo":null},{"jornada":"195","fecha":"2022-02-09","hora_prevista":"19:00:00","grupo_id":null,"nomCasa":"RC Deportivo de La Coruña","nomFuera":"FC Dynamo Kyiv","clasificado":"2","goles_local":"2","goles_visitante":"2","nomEli":"Repesca","nomGrupo":null},{"jornada":"195","fecha":"2022-02-09","hora_prevista":"18:00:00","grupo_id":null,"nomCasa":"HNK Hajduk Split","nomFuera":"Club Atlético de Madrid","clasificado":"2","goles_local":"0","goles_visitante":"0","nomEli":"Repesca","nomGrupo":null},{"jornada":"195","fecha":"2022-02-08","hora_prevista":"16:30:00","grupo_id":null,"nomCasa":"MSK Zilina","nomFuera":"FC Internazionale Milano","clasificado":"1","goles_local":"3","goles_visitante":"1","nomEli":"Repesca","nomGrupo":null},{"jornada":"195","fecha":"2022-02-08","hora_prevista":"14:30:00","grupo_id":null,"nomCasa":"AZ Alkmaar","nomFuera":"Villarreal CF","clasificado":"1","goles_local":"3","goles_visitante":"3","nomEli":"Repesca","nomGrupo":null},{"jornada":"195","fecha":"2022-02-08","hora_prevista":"16:00:00","grupo_id":null,"nomCasa":"Rangers FC","nomFuera":"Sevilla FC","clasificado":"2","goles_local":"0","goles_visitante":"1","nomEli":"Repesca","nomGrupo":null},{"jornada":"195","fecha":"2022-02-08","hora_prevista":"18:00:00","grupo_id":null,"nomCasa":"Empoli FC","nomFuera":"BV Borussia 09 Dortmund","clasificado":"2","goles_local":"3","goles_visitante":"5","nomEli":"Repesca","nomGrupo":null},{"jornada":"4","fecha":"2021-12-08","hora_prevista":"10:00:00","grupo_id":"25","nomCasa":"FC Zenit","nomFuera":"Chelsea FC","clasificado":"0","goles_local":"1","goles_visitante":"1","nomEli":" Dieciseisavos de Final","nomGrupo":"Grupo H"},{"jornada":"4","fecha":"2021-12-08","hora_prevista":"15:00:00","grupo_id":"25","nomCasa":"Juventus FC","nomFuera":"Malmö FF","clasificado":"0","goles_local":"4","goles_visitante":"1","nomEli":" Dieciseisavos de Final","nomGrupo":"Grupo H"},{"jornada":"4","fecha":"2021-12-08","hora_prevista":"16:00:00","grupo_id":"23","nomCasa":"VfL Wolfsburg","nomFuera":"LOSC Lille","clasificado":"0","goles_local":"0","goles_visitante":"3","nomEli":" Dieciseisavos de Final","nomGrupo":"Grupo G"},{"jornada":"4","fecha":"2021-12-08","hora_prevista":"13:00:00","grupo_id":"21","nomCasa":"Atalanta BC","nomFuera":"Villarreal CF","clasificado":"0","goles_local":"2","goles_visitante":"2","nomEli":" Dieciseisavos de Final","nomGrupo":"Grupo F"},{"jornada":"4","fecha":"2021-12-08","hora_prevista":"16:00:00","grupo_id":"21","nomCasa":"Manchester United FC","nomFuera":"BSC Young Boys","clasificado":"0","goles_local":"2","goles_visitante":"1","nomEli":" Dieciseisavos de Final","nomGrupo":"Grupo F"},{"jornada":"4","fecha":"2021-12-08","hora_prevista":"16:00:00","grupo_id":"19","nomCasa":"FC Bayern München","nomFuera":"FC Barcelona","clasificado":"0","goles_local":"3","goles_visitante":"2","nomEli":" Dieciseisavos de Final","nomGrupo":"Grupo E"},{"jornada":"4","fecha":"2021-12-08","hora_prevista":"13:00:00","grupo_id":"19","nomCasa":"SL Benfica","nomFuera":"FC Dynamo Kyiv","clasificado":"0","goles_local":"1","goles_visitante":"0","nomEli":" Dieciseisavos de Final","nomGrupo":"Grupo E"},{"jornada":"4","fecha":"2021-12-08","hora_prevista":"14:00:00","grupo_id":"23","nomCasa":"FC Salzburg","nomFuera":"Sevilla FC","clasificado":"0","goles_local":"2","goles_visitante":"0","nomEli":" Dieciseisavos de Final","nomGrupo":"Grupo G"},{"jornada":"143","fecha":"2021-12-08","hora_prevista":"16:00:00","grupo_id":null,"nomCasa":"Maccabi Haifa FC","nomFuera":"RC Deportivo de La Coruña","clasificado":"2","goles_local":"3","goles_visitante":"0","nomEli":"Segunda Eliminatoria - Vuelta","nomGrupo":null},{"jornada":"4","fecha":"2021-12-07","hora_prevista":"11:00:00","grupo_id":"18","nomCasa":"FC Shakhtar Donetsk","nomFuera":"FC Sheriff Tiraspol","clasificado":"0","goles_local":"6","goles_visitante":"0","nomEli":" Dieciseisavos de Final","nomGrupo":"Grupo D"},{"jornada":"143","fecha":"2021-12-07","hora_prevista":"20:30:00","grupo_id":null,"nomCasa":"Rangers FC","nomFuera":"PFC Septemvri Sofia","clasificado":"1","goles_local":"3","goles_visitante":"0","nomEli":"Segunda Eliminatoria - Vuelta","nomGrupo":null},{"jornada":"4","fecha":"2021-12-07","hora_prevista":"16:00:00","grupo_id":"18","nomCasa":"Real Madrid CF","nomFuera":"FC Internazionale Milano","clasificado":"0","goles_local":"2","goles_visitante":"1","nomEli":" Dieciseisavos de Final","nomGrupo":"Grupo D"},{"jornada":"4","fecha":"2021-12-07","hora_prevista":"14:30:00","grupo_id":"17","nomCasa":"AFC Ajax","nomFuera":"Sporting Clube de Portugal","clasificado":"0","goles_local":"2","goles_visitante":"3","nomEli":" Dieciseisavos de Final","nomGrupo":"Grupo C"},{"jornada":"4","fecha":"2021-12-07","hora_prevista":"14:00:00","grupo_id":"17","nomCasa":"BV Borussia 09 Dortmund","nomFuera":"Besiktas JK","clasificado":"0","goles_local":"6","goles_visitante":"2","nomEli":" Dieciseisavos de Final","nomGrupo":"Grupo C"},{"jornada":"4","fecha":"2021-12-07","hora_prevista":"14:30:00","grupo_id":"16","nomCasa":"AC Milan","nomFuera":"Liverpool FC","clasificado":"0","goles_local":"1","goles_visitante":"1","nomEli":" Dieciseisavos de Final","nomGrupo":"Grupo B"},{"jornada":"4","fecha":"2021-12-07","hora_prevista":"15:30:00","grupo_id":"16","nomCasa":"FC Porto","nomFuera":"Club Atlético de Madrid","clasificado":"0","goles_local":"1","goles_visitante":"2","nomEli":" Dieciseisavos de Final","nomGrupo":"Grupo B"},{"jornada":"4","fecha":"2021-12-07","hora_prevista":"13:00:00","grupo_id":"15","nomCasa":"RB Leipzig","nomFuera":"Manchester City FC","clasificado":"0","goles_local":"0","goles_visitante":"1","nomEli":" Dieciseisavos de Final","nomGrupo":"Grupo A"},{"jornada":"4","fecha":"2021-12-07","hora_prevista":"14:00:00","grupo_id":"15","nomCasa":"Paris Saint-Germain FC","nomFuera":"Club Brugge KV","clasificado":"0","goles_local":"3","goles_visitante":"2","nomEli":" Dieciseisavos de Final","nomGrupo":"Grupo A"},{"jornada":"4","fecha":"2021-11-24","hora_prevista":"16:00:00","grupo_id":"16","nomCasa":"Club Atlético de Madrid","nomFuera":"AC Milan","clasificado":"0","goles_local":"3","goles_visitante":"0","nomEli":" Dieciseisavos de Final","nomGrupo":"Grupo B"},{"jornada":"4","fecha":"2021-11-24","hora_prevista":"15:00:00","grupo_id":"15","nomCasa":"Club Brugge KV","nomFuera":"RB Leipzig","clasificado":"0","goles_local":"4","goles_visitante":"1","nomEli":" Dieciseisavos de Final","nomGrupo":"Grupo A"},{"jornada":"143","fecha":"2021-11-24","hora_prevista":"12:00:00","grupo_id":null,"nomCasa":"FC Minsk","nomFuera":"HNK Hajduk Split","clasificado":"2","goles_local":"1","goles_visitante":"1","nomEli":"Segunda Eliminatoria - Vuelta","nomGrupo":null},{"jornada":"143","fecha":"2021-11-24","hora_prevista":"10:00:00","grupo_id":null,"nomCasa":"FC Kairat Almaty","nomFuera":"MSK Zilina","clasificado":"2","goles_local":"1","goles_visitante":"0","nomEli":"Segunda Eliminatoria - Vuelta","nomGrupo":null},{"jornada":"4","fecha":"2021-11-24","hora_prevista":"14:00:00","grupo_id":"16","nomCasa":"Liverpool FC","nomFuera":"FC Porto","clasificado":"0","goles_local":"4","goles_visitante":"0","nomEli":" Dieciseisavos de Final","nomGrupo":"Grupo B"},{"jornada":"4","fecha":"2021-11-24","hora_prevista":"16:00:00","grupo_id":"17","nomCasa":"Sporting Clube de Portugal","nomFuera":"BV Borussia 09 Dortmund","clasificado":"0","goles_local":"3","goles_visitante":"2","nomEli":" Dieciseisavos de Final","nomGrupo":"Grupo C"},{"jornada":"4","fecha":"2021-11-24","hora_prevista":"12:30:00","grupo_id":"17","nomCasa":"Besiktas JK","nomFuera":"AFC Ajax","clasificado":"0","goles_local":"0","goles_visitante":"1","nomEli":" Dieciseisavos de Final","nomGrupo":"Grupo C"},{"jornada":"4","fecha":"2021-11-24","hora_prevista":"11:00:00","grupo_id":"18","nomCasa":"FC Sheriff Tiraspol","nomFuera":"Real Madrid CF","clasificado":"0","goles_local":"0","goles_visitante":"1","nomEli":" Dieciseisavos de Final","nomGrupo":"Grupo D"},{"jornada":"4","fecha":"2021-11-24","hora_prevista":"14:00:00","grupo_id":"18","nomCasa":"FC Internazionale Milano","nomFuera":"FC Shakhtar Donetsk","clasificado":"0","goles_local":"1","goles_visitante":"0","nomEli":" Dieciseisavos de Final","nomGrupo":"Grupo D"},{"jornada":"4","fecha":"2021-11-24","hora_prevista":"16:00:00","grupo_id":"15","nomCasa":"Manchester City FC","nomFuera":"Paris Saint-Germain FC","clasificado":"0","goles_local":"1","goles_visitante":"3","nomEli":" Dieciseisavos de Final","nomGrupo":"Grupo A"},{"jornada":"142","fecha":"2021-11-24","hora_prevista":"14:00:00","grupo_id":null,"nomCasa":"PFC Septemvri Sofia","nomFuera":"Rangers FC","clasificado":"0","goles_local":"2","goles_visitante":"4","nomEli":"Segunda Eliminatoria - Ida","nomGrupo":null},{"jornada":"143","fecha":"2021-11-23","hora_prevista":"14:00:00","grupo_id":null,"nomCasa":"FC Midtjylland","nomFuera":"Trabzonspor AS","clasificado":"1","goles_local":"5","goles_visitante":"0","nomEli":"Segunda Eliminatoria - Vuelta","nomGrupo":null},{"jornada":"143","fecha":"2021-11-23","hora_prevista":"18:00:00","grupo_id":null,"nomCasa":"KRC Genk","nomFuera":"MTK Budapest","clasificado":"1","goles_local":"1","goles_visitante":"0","nomEli":"Segunda Eliminatoria - Vuelta","nomGrupo":null},{"jornada":"4","fecha":"2021-11-23","hora_prevista":"16:00:00","grupo_id":"25","nomCasa":"Chelsea FC","nomFuera":"Juventus FC","clasificado":"0","goles_local":"1","goles_visitante":"3","nomEli":" Dieciseisavos de Final","nomGrupo":"Grupo H"},{"jornada":"4","fecha":"2021-11-23","hora_prevista":"16:00:00","grupo_id":"19","nomCasa":"FC Barcelona","nomFuera":"SL Benfica","clasificado":"0","goles_local":"0","goles_visitante":"3","nomEli":" Dieciseisavos de Final","nomGrupo":"Grupo E"},{"jornada":"4","fecha":"2021-11-23","hora_prevista":"15:00:00","grupo_id":"19","nomCasa":"FC Dynamo Kyiv","nomFuera":"FC Bayern München","clasificado":"0","goles_local":"2","goles_visitante":"1","nomEli":" Dieciseisavos de Final","nomGrupo":"Grupo E"},{"jornada":"4","fecha":"2021-11-23","hora_prevista":"14:00:00","grupo_id":"21","nomCasa":"BSC Young Boys","nomFuera":"Atalanta BC","clasificado":"0","goles_local":"2","goles_visitante":"3","nomEli":" Dieciseisavos de Final","nomGrupo":"Grupo F"},{"jornada":"4","fecha":"2021-11-23","hora_prevista":"14:30:00","grupo_id":"23","nomCasa":"LOSC Lille","nomFuera":"FC Salzburg","clasificado":"0","goles_local":"1","goles_visitante":"0","nomEli":" Dieciseisavos de Final","nomGrupo":"Grupo G"},{"jornada":"4","fecha":"2021-11-23","hora_prevista":"14:00:00","grupo_id":"23","nomCasa":"Sevilla FC","nomFuera":"VfL Wolfsburg","clasificado":"0","goles_local":"2","goles_visitante":"0","nomEli":" Dieciseisavos de Final","nomGrupo":"Grupo G"},{"jornada":"4","fecha":"2021-11-23","hora_prevista":"15:00:00","grupo_id":"25","nomCasa":"Malmö FF","nomFuera":"FC Zenit","clasificado":"0","goles_local":"1","goles_visitante":"3","nomEli":" Dieciseisavos de Final","nomGrupo":"Grupo H"},{"jornada":"143","fecha":"2021-11-23","hora_prevista":"19:00:00","grupo_id":null,"nomCasa":"Empoli FC","nomFuera":"FK Crvena Zvezda","clasificado":"1","goles_local":"5","goles_visitante":"0","nomEli":"Segunda Eliminatoria - Vuelta","nomGrupo":null},{"jornada":"143","fecha":"2021-11-23","hora_prevista":"16:00:00","grupo_id":null,"nomCasa":"AZ Alkmaar","nomFuera":"Angers SCO","clasificado":"1","goles_local":"0","goles_visitante":"1","nomEli":"Segunda Eliminatoria - Vuelta","nomGrupo":null},{"jornada":"4","fecha":"2021-11-23","hora_prevista":"14:00:00","grupo_id":"21","nomCasa":"Villarreal CF","nomFuera":"Manchester United FC","clasificado":"0","goles_local":"1","goles_visitante":"2","nomEli":" Dieciseisavos de Final","nomGrupo":"Grupo F"},{"jornada":"142","fecha":"2021-11-03","hora_prevista":"16:00:00","grupo_id":null,"nomCasa":"HNK Hajduk Split","nomFuera":"FC Minsk","clasificado":"0","goles_local":"3","goles_visitante":"0","nomEli":"Segunda Eliminatoria - Ida","nomGrupo":null},{"jornada":"142","fecha":"2021-11-03","hora_prevista":"16:00:00","grupo_id":null,"nomCasa":"MTK Budapest","nomFuera":"KRC Genk","clasificado":"0","goles_local":"1","goles_visitante":"2","nomEli":"Segunda Eliminatoria - Ida","nomGrupo":null},{"jornada":"142","fecha":"2021-11-03","hora_prevista":"20:00:00","grupo_id":null,"nomCasa":"RC Deportivo de La Coruña","nomFuera":"Maccabi Haifa FC","clasificado":"0","goles_local":"5","goles_visitante":"1","nomEli":"Segunda Eliminatoria - Ida","nomGrupo":null},{"jornada":"142","fecha":"2021-11-03","hora_prevista":"18:00:00","grupo_id":null,"nomCasa":"Angers SCO","nomFuera":"AZ Alkmaar","clasificado":"0","goles_local":"0","goles_visitante":"1","nomEli":"Segunda Eliminatoria - Ida","nomGrupo":null},{"jornada":"142","fecha":"2021-11-03","hora_prevista":"16:30:00","grupo_id":null,"nomCasa":"FK Crvena Zvezda","nomFuera":"Empoli FC","clasificado":"0","goles_local":"1","goles_visitante":"1","nomEli":"Segunda Eliminatoria - Ida","nomGrupo":null},{"jornada":"142","fecha":"2021-11-03","hora_prevista":"16:30:00","grupo_id":null,"nomCasa":"MSK Zilina","nomFuera":"FC Kairat Almaty","clasificado":"0","goles_local":"3","goles_visitante":"2","nomEli":"Segunda Eliminatoria - Ida","nomGrupo":null},{"jornada":"4","fecha":"2021-11-03","hora_prevista":"14:00:00","grupo_id":"18","nomCasa":"Real Madrid CF","nomFuera":"FC Shakhtar Donetsk","clasificado":"0","goles_local":"1","goles_visitante":"0","nomEli":" Dieciseisavos de Final","nomGrupo":"Grupo D"},{"jornada":"4","fecha":"2021-11-03","hora_prevista":"15:30:00","grupo_id":"17","nomCasa":"BV Borussia 09 Dortmund","nomFuera":"AFC Ajax","clasificado":"0","goles_local":"0","goles_visitante":"1","nomEli":" Dieciseisavos de Final","nomGrupo":"Grupo C"},{"jornada":"4","fecha":"2021-11-03","hora_prevista":"16:00:00","grupo_id":"17","nomCasa":"Sporting Clube de Portugal","nomFuera":"Besiktas JK","clasificado":"0","goles_local":"1","goles_visitante":"2","nomEli":" Dieciseisavos de Final","nomGrupo":"Grupo C"},{"jornada":"4","fecha":"2021-11-03","hora_prevista":"11:00:00","grupo_id":"18","nomCasa":"FC Sheriff Tiraspol","nomFuera":"FC Internazionale Milano","clasificado":"0","goles_local":"2","goles_visitante":"4","nomEli":" Dieciseisavos de Final","nomGrupo":"Grupo D"},{"jornada":"4","fecha":"2021-11-03","hora_prevista":"16:00:00","grupo_id":"16","nomCasa":"Liverpool FC","nomFuera":"Club Atlético de Madrid","clasificado":"0","goles_local":"2","goles_visitante":"0","nomEli":" Dieciseisavos de Final","nomGrupo":"Grupo B"},{"jornada":"4","fecha":"2021-11-03","hora_prevista":"14:30:00","grupo_id":"16","nomCasa":"AC Milan","nomFuera":"FC Porto","clasificado":"0","goles_local":"0","goles_visitante":"1","nomEli":" Dieciseisavos de Final","nomGrupo":"Grupo B"},{"jornada":"4","fecha":"2021-11-03","hora_prevista":"14:00:00","grupo_id":"15","nomCasa":"RB Leipzig","nomFuera":"Paris Saint-Germain FC","clasificado":"0","goles_local":"1","goles_visitante":"4","nomEli":" Dieciseisavos de Final","nomGrupo":"Grupo A"},{"jornada":"4","fecha":"2021-11-03","hora_prevista":"14:00:00","grupo_id":"15","nomCasa":"Manchester City FC","nomFuera":"Club Brugge KV","clasificado":"0","goles_local":"3","goles_visitante":"5","nomEli":" Dieciseisavos de Final","nomGrupo":"Grupo A"},{"jornada":"4","fecha":"2021-11-02","hora_prevista":"16:00:00","grupo_id":"19","nomCasa":"FC Bayern München","nomFuera":"SL Benfica","clasificado":"0","goles_local":"0","goles_visitante":"2","nomEli":" Dieciseisavos de Final","nomGrupo":"Grupo E"},{"jornada":"4","fecha":"2021-11-02","hora_prevista":"13:00:00","grupo_id":"25","nomCasa":"Malmö FF","nomFuera":"Chelsea FC","clasificado":"0","goles_local":"0","goles_visitante":"5","nomEli":" Dieciseisavos de Final","nomGrupo":"Grupo H"},{"jornada":"142","fecha":"2021-11-02","hora_prevista":"12:00:00","grupo_id":null,"nomCasa":"Trabzonspor AS","nomFuera":"FC Midtjylland","clasificado":"0","goles_local":"2","goles_visitante":"5","nomEli":"Segunda Eliminatoria - Ida","nomGrupo":null},{"jornada":"4","fecha":"2021-11-02","hora_prevista":"15:00:00","grupo_id":"25","nomCasa":"Juventus FC","nomFuera":"FC Zenit","clasificado":"0","goles_local":"4","goles_visitante":"2","nomEli":" Dieciseisavos de Final","nomGrupo":"Grupo H"},{"jornada":"4","fecha":"2021-11-02","hora_prevista":"14:00:00","grupo_id":"21","nomCasa":"Atalanta BC","nomFuera":"Manchester United FC","clasificado":"0","goles_local":"1","goles_visitante":"2","nomEli":" Dieciseisavos de Final","nomGrupo":"Grupo F"},{"jornada":"4","fecha":"2021-11-02","hora_prevista":"15:00:00","grupo_id":"19","nomCasa":"FC Dynamo Kyiv","nomFuera":"FC Barcelona","clasificado":"0","goles_local":"4","goles_visitante":"1","nomEli":" Dieciseisavos de Final","nomGrupo":"Grupo E"},{"jornada":"4","fecha":"2021-11-02","hora_prevista":"16:00:00","grupo_id":"23","nomCasa":"Sevilla FC","nomFuera":"LOSC Lille","clasificado":"0","goles_local":"0","goles_visitante":"0","nomEli":" Dieciseisavos de Final","nomGrupo":"Grupo G"},{"jornada":"4","fecha":"2021-11-02","hora_prevista":"14:00:00","grupo_id":"23","nomCasa":"VfL Wolfsburg","nomFuera":"FC Salzburg","clasificado":"0","goles_local":"1","goles_visitante":"2","nomEli":" Dieciseisavos de Final","nomGrupo":"Grupo G"},{"jornada":"4","fecha":"2021-11-02","hora_prevista":"17:00:00","grupo_id":"21","nomCasa":"Villarreal CF","nomFuera":"BSC Young Boys","clasificado":"0","goles_local":"3","goles_visitante":"3","nomEli":" Dieciseisavos de Final","nomGrupo":"Grupo F"},{"jornada":"4","fecha":"2021-10-20","hora_prevista":"14:00:00","grupo_id":"19","nomCasa":"FC Barcelona","nomFuera":"FC Dynamo Kyiv","clasificado":"0","goles_local":"0","goles_visitante":"0","nomEli":" Dieciseisavos de Final","nomGrupo":"Grupo E"},{"jornada":"121","fecha":"2021-10-20","hora_prevista":"17:00:00","grupo_id":null,"nomCasa":"HNK Hajduk Split","nomFuera":"KF Shkëndija","clasificado":"1","goles_local":"3","goles_visitante":"1","nomEli":"Primera Eliminatoria - Vuelta","nomGrupo":null},{"jornada":"121","fecha":"2021-10-20","hora_prevista":"17:00:00","grupo_id":null,"nomCasa":"FK Crvena Zvezda","nomFuera":"Saint Patrick´s Athletic FC","clasificado":"1","goles_local":"2","goles_visitante":"0","nomEli":"Primera Eliminatoria - Vuelta","nomGrupo":null},{"jornada":"121","fecha":"2021-10-20","hora_prevista":"16:30:00","grupo_id":null,"nomCasa":"MSK Zilina","nomFuera":"PAOK FC","clasificado":"1","goles_local":"2","goles_visitante":"0","nomEli":"Primera Eliminatoria - Vuelta","nomGrupo":null},{"jornada":"121","fecha":"2021-10-20","hora_prevista":"16:00:00","grupo_id":null,"nomCasa":"Maccabi Haifa FC","nomFuera":"FK Zalgiris Vilnius","clasificado":"1","goles_local":"2","goles_visitante":"0","nomEli":"Primera Eliminatoria - Vuelta","nomGrupo":null},{"jornada":"121","fecha":"2021-10-20","hora_prevista":"14:00:00","grupo_id":null,"nomCasa":"AC Sparta Praha","nomFuera":"MTK Budapest","clasificado":"2","goles_local":"3","goles_visitante":"3","nomEli":"Primera Eliminatoria - Vuelta","nomGrupo":null},{"jornada":"121","fecha":"2021-10-20","hora_prevista":"13:00:00","grupo_id":null,"nomCasa":"FC Minsk","nomFuera":"BFC Daugavpils","clasificado":"1","goles_local":"2","goles_visitante":"0","nomEli":"Primera Eliminatoria - Vuelta","nomGrupo":null},{"jornada":"121","fecha":"2021-10-20","hora_prevista":"13:00:00","grupo_id":null,"nomCasa":"FC Kairat Almaty","nomFuera":"Apoel FC","clasificado":"1","goles_local":"1","goles_visitante":"0","nomEli":"Primera Eliminatoria - Vuelta","nomGrupo":null},{"jornada":"121","fecha":"2021-10-20","hora_prevista":"13:00:00","grupo_id":null,"nomCasa":"Trabzonspor AS","nomFuera":"FK Zvijezda 09","clasificado":"1","goles_local":"2","goles_visitante":"0","nomEli":"Primera Eliminatoria - Vuelta","nomGrupo":null},{"jornada":"121","fecha":"2021-10-20","hora_prevista":"18:00:00","grupo_id":null,"nomCasa":"Angers SCO","nomFuera":"AFK Csikszereda","clasificado":"1","goles_local":"3","goles_visitante":"0","nomEli":"Primera Eliminatoria - Vuelta","nomGrupo":null},{"jornada":"121","fecha":"2021-10-20","hora_prevista":"19:00:00","grupo_id":null,"nomCasa":"Hammarby IF","nomFuera":"Rangers FC","clasificado":"2","goles_local":"1","goles_visitante":"2","nomEli":"Primera Eliminatoria - Vuelta","nomGrupo":null},{"jornada":"121","fecha":"2021-10-20","hora_prevista":"19:00:00","grupo_id":null,"nomCasa":"Empoli FC","nomFuera":"NK Domzale","clasificado":"1","goles_local":"1","goles_visitante":"1","nomEli":"Primera Eliminatoria - Vuelta","nomGrupo":null},{"jornada":"4","fecha":"2021-10-20","hora_prevista":"16:00:00","grupo_id":"19","nomCasa":"SL Benfica","nomFuera":"FC Bayern München","clasificado":"0","goles_local":"4","goles_visitante":"0","nomEli":" Dieciseisavos de Final","nomGrupo":"Grupo E"},{"jornada":"121","fecha":"2021-10-20","hora_prevista":"20:00:00","grupo_id":null,"nomCasa":"RC Deportivo de La Coruña","nomFuera":"MKS Pogon Szczecin","clasificado":"1","goles_local":"4","goles_visitante":"0","nomEli":"Primera Eliminatoria - Vuelta","nomGrupo":null},{"jornada":"4","fecha":"2021-10-20","hora_prevista":"14:00:00","grupo_id":"23","nomCasa":"LOSC Lille","nomFuera":"Sevilla FC","clasificado":"0","goles_local":"0","goles_visitante":"3","nomEli":" Dieciseisavos de Final","nomGrupo":"Grupo G"},{"jornada":"4","fecha":"2021-10-20","hora_prevista":"14:00:00","grupo_id":"23","nomCasa":"FC Salzburg","nomFuera":"VfL Wolfsburg","clasificado":"0","goles_local":"3","goles_visitante":"0","nomEli":" Dieciseisavos de Final","nomGrupo":"Grupo G"},{"jornada":"4","fecha":"2021-10-20","hora_prevista":"16:00:00","grupo_id":"21","nomCasa":"BSC Young Boys","nomFuera":"Villarreal CF","clasificado":"0","goles_local":"1","goles_visitante":"3","nomEli":" Dieciseisavos de Final","nomGrupo":"Grupo F"},{"jornada":"4","fecha":"2021-10-20","hora_prevista":"14:00:00","grupo_id":"21","nomCasa":"Manchester United FC","nomFuera":"Atalanta BC","clasificado":"0","goles_local":"4","goles_visitante":"2","nomEli":" Dieciseisavos de Final","nomGrupo":"Grupo F"},{"jornada":"4","fecha":"2021-10-20","hora_prevista":"13:00:00","grupo_id":"25","nomCasa":"Chelsea FC","nomFuera":"Malmö FF","clasificado":"0","goles_local":"4","goles_visitante":"2","nomEli":" Dieciseisavos de Final","nomGrupo":"Grupo H"},{"jornada":"4","fecha":"2021-10-20","hora_prevista":"13:00:00","grupo_id":"25","nomCasa":"FC Zenit","nomFuera":"Juventus FC","clasificado":"0","goles_local":"0","goles_visitante":"2","nomEli":" Dieciseisavos de Final","nomGrupo":"Grupo H"},{"jornada":"121","fecha":"2021-10-19","hora_prevista":"18:00:00","grupo_id":null,"nomCasa":"KRC Genk","nomFuera":"1. FC Köln","clasificado":"1","goles_local":"3","goles_visitante":"1","nomEli":"Primera Eliminatoria - Vuelta","nomGrupo":null},{"jornada":"121","fecha":"2021-10-19","hora_prevista":"17:00:00","grupo_id":null,"nomCasa":"AZ Alkmaar","nomFuera":"Gabala SC","clasificado":"1","goles_local":"7","goles_visitante":"0","nomEli":"Primera Eliminatoria - Vuelta","nomGrupo":null},{"jornada":"121","fecha":"2021-10-19","hora_prevista":"15:30:00","grupo_id":null,"nomCasa":"FC Midtjylland","nomFuera":"Rosenborg BK","clasificado":"1","goles_local":"10","goles_visitante":"1","nomEli":"Primera Eliminatoria - Vuelta","nomGrupo":null},{"jornada":"121","fecha":"2021-10-19","hora_prevista":"14:30:00","grupo_id":null,"nomCasa":"Akademia e Futibollit","nomFuera":"PFC Septemvri Sofia","clasificado":"2","goles_local":"1","goles_visitante":"1","nomEli":"Primera Eliminatoria - Vuelta","nomGrupo":null},{"jornada":"4","fecha":"2021-10-19","hora_prevista":"13:30:00","grupo_id":"17","nomCasa":"Besiktas JK","nomFuera":"Sporting Clube de Portugal","clasificado":"0","goles_local":"1","goles_visitante":"3","nomEli":" Dieciseisavos de Final","nomGrupo":"Grupo C"},{"jornada":"4","fecha":"2021-10-19","hora_prevista":"12:00:00","grupo_id":"18","nomCasa":"FC Shakhtar Donetsk","nomFuera":"Real Madrid CF","clasificado":"0","goles_local":"3","goles_visitante":"2","nomEli":" Dieciseisavos de Final","nomGrupo":"Grupo D"},{"jornada":"4","fecha":"2021-10-19","hora_prevista":"13:30:00","grupo_id":"15","nomCasa":"Club Brugge KV","nomFuera":"Manchester City FC","clasificado":"0","goles_local":"1","goles_visitante":"1","nomEli":" Dieciseisavos de Final","nomGrupo":"Grupo A"},{"jornada":"4","fecha":"2021-10-19","hora_prevista":"15:00:00","grupo_id":"15","nomCasa":"Paris Saint-Germain FC","nomFuera":"RB Leipzig","clasificado":"0","goles_local":"3","goles_visitante":"0","nomEli":" Dieciseisavos de Final","nomGrupo":"Grupo A"},{"jornada":"4","fecha":"2021-10-19","hora_prevista":"15:30:00","grupo_id":"16","nomCasa":"FC Porto","nomFuera":"AC Milan","clasificado":"0","goles_local":"3","goles_visitante":"1","nomEli":" Dieciseisavos de Final","nomGrupo":"Grupo B"},{"jornada":"4","fecha":"2021-10-19","hora_prevista":"16:00:00","grupo_id":"16","nomCasa":"Club Atlético de Madrid","nomFuera":"Liverpool FC","clasificado":"0","goles_local":"2","goles_visitante":"0","nomEli":" Dieciseisavos de Final","nomGrupo":"Grupo B"},{"jornada":"4","fecha":"2021-10-19","hora_prevista":"14:00:00","grupo_id":"18","nomCasa":"FC Internazionale Milano","nomFuera":"FC Sheriff Tiraspol","clasificado":"0","goles_local":"2","goles_visitante":"1","nomEli":" Dieciseisavos de Final","nomGrupo":"Grupo D"},{"jornada":"4","fecha":"2021-10-19","hora_prevista":"14:00:00","grupo_id":"17","nomCasa":"AFC Ajax","nomFuera":"BV Borussia 09 Dortmund","clasificado":"0","goles_local":"1","goles_visitante":"5","nomEli":" Dieciseisavos de Final","nomGrupo":"Grupo C"},{"jornada":"120","fecha":"2021-09-30","hora_prevista":"18:00:00","grupo_id":null,"nomCasa":"Rosenborg BK","nomFuera":"FC Midtjylland","clasificado":"0","goles_local":"2","goles_visitante":"4","nomEli":"Primera Eliminatoria - Ida","nomGrupo":null},{"jornada":"120","fecha":"2021-09-30","hora_prevista":"14:00:00","grupo_id":null,"nomCasa":"KF Shkëndija","nomFuera":"HNK Hajduk Split","clasificado":"0","goles_local":"0","goles_visitante":"2","nomEli":"Primera Eliminatoria - Ida","nomGrupo":null},{"jornada":"4","fecha":"2021-09-29","hora_prevista":"16:00:00","grupo_id":"23","nomCasa":"VfL Wolfsburg","nomFuera":"Sevilla FC","clasificado":"0","goles_local":"1","goles_visitante":"1","nomEli":" Dieciseisavos de Final","nomGrupo":"Grupo G"},{"jornada":"4","fecha":"2021-09-29","hora_prevista":"14:00:00","grupo_id":"23","nomCasa":"FC Salzburg","nomFuera":"LOSC Lille","clasificado":"0","goles_local":"3","goles_visitante":"1","nomEli":" Dieciseisavos de Final","nomGrupo":"Grupo G"},{"jornada":"4","fecha":"2021-09-29","hora_prevista":"13:00:00","grupo_id":"21","nomCasa":"Atalanta BC","nomFuera":"BSC Young Boys","clasificado":"0","goles_local":"3","goles_visitante":"0","nomEli":" Dieciseisavos de Final","nomGrupo":"Grupo F"},{"jornada":"4","fecha":"2021-09-29","hora_prevista":"16:00:00","grupo_id":"19","nomCasa":"FC Bayern München","nomFuera":"FC Dynamo Kyiv","clasificado":"0","goles_local":"0","goles_visitante":"4","nomEli":" Dieciseisavos de Final","nomGrupo":"Grupo E"},{"jornada":"4","fecha":"2021-09-29","hora_prevista":"16:00:00","grupo_id":"19","nomCasa":"SL Benfica","nomFuera":"FC Barcelona","clasificado":"0","goles_local":"4","goles_visitante":"0","nomEli":" Dieciseisavos de Final","nomGrupo":"Grupo E"},{"jornada":"4","fecha":"2021-09-29","hora_prevista":"14:00:00","grupo_id":"21","nomCasa":"Manchester United FC","nomFuera":"Villarreal CF","clasificado":"0","goles_local":"1","goles_visitante":"4","nomEli":" Dieciseisavos de Final","nomGrupo":"Grupo F"},{"jornada":"4","fecha":"2021-09-29","hora_prevista":"11:00:00","grupo_id":"25","nomCasa":"FC Zenit","nomFuera":"Malmö FF","clasificado":"0","goles_local":"3","goles_visitante":"2","nomEli":" Dieciseisavos de Final","nomGrupo":"Grupo H"},{"jornada":"4","fecha":"2021-09-29","hora_prevista":"16:00:00","grupo_id":"25","nomCasa":"Juventus FC","nomFuera":"Chelsea FC","clasificado":"0","goles_local":"3","goles_visitante":"1","nomEli":" Dieciseisavos de Final","nomGrupo":"Grupo H"},{"jornada":"120","fecha":"2021-09-29","hora_prevista":"17:00:00","grupo_id":null,"nomCasa":"AFK Csikszereda","nomFuera":"Angers SCO","clasificado":"0","goles_local":"0","goles_visitante":"2","nomEli":"Primera Eliminatoria - Ida","nomGrupo":null},{"jornada":"120","fecha":"2021-09-29","hora_prevista":"18:00:00","grupo_id":null,"nomCasa":"1. FC Köln","nomFuera":"KRC Genk","clasificado":"0","goles_local":"2","goles_visitante":"4","nomEli":"Primera Eliminatoria - Ida","nomGrupo":null},{"jornada":"120","fecha":"2021-09-29","hora_prevista":"16:00:00","grupo_id":null,"nomCasa":"PFC Septemvri Sofia","nomFuera":"Akademia e Futibollit","clasificado":"0","goles_local":"3","goles_visitante":"0","nomEli":"Primera Eliminatoria - Ida","nomGrupo":null},{"jornada":"120","fecha":"2021-09-29","hora_prevista":"15:00:00","grupo_id":null,"nomCasa":"Apoel FC","nomFuera":"FC Kairat Almaty","clasificado":"0","goles_local":"1","goles_visitante":"1","nomEli":"Primera Eliminatoria - Ida","nomGrupo":null},{"jornada":"120","fecha":"2021-09-29","hora_prevista":"15:00:00","grupo_id":null,"nomCasa":"FK Zvijezda 09","nomFuera":"Trabzonspor AS","clasificado":"0","goles_local":"0","goles_visitante":"1","nomEli":"Primera Eliminatoria - Ida","nomGrupo":null},{"jornada":"120","fecha":"2021-09-29","hora_prevista":"18:00:00","grupo_id":null,"nomCasa":"PAOK FC","nomFuera":"MSK Zilina","clasificado":"0","goles_local":"1","goles_visitante":"5","nomEli":"Primera Eliminatoria - Ida","nomGrupo":null},{"jornada":"120","fecha":"2021-09-29","hora_prevista":"18:00:00","grupo_id":null,"nomCasa":"MKS Pogon Szczecin","nomFuera":"RC Deportivo de La Coruña","clasificado":"0","goles_local":"3","goles_visitante":"0","nomEli":"Primera Eliminatoria - Ida","nomGrupo":null},{"jornada":"120","fecha":"2021-09-29","hora_prevista":"15:00:00","grupo_id":null,"nomCasa":"Gabala SC","nomFuera":"AZ Alkmaar","clasificado":"0","goles_local":"0","goles_visitante":"4","nomEli":"Primera Eliminatoria - Ida","nomGrupo":null},{"jornada":"120","fecha":"2021-09-29","hora_prevista":"16:00:00","grupo_id":null,"nomCasa":"MTK Budapest","nomFuera":"AC Sparta Praha","clasificado":"0","goles_local":"3","goles_visitante":"1","nomEli":"Primera Eliminatoria - Ida","nomGrupo":null},{"jornada":"120","fecha":"2021-09-29","hora_prevista":"13:00:00","grupo_id":null,"nomCasa":"BFC Daugavpils","nomFuera":"FC Minsk","clasificado":"0","goles_local":"0","goles_visitante":"4","nomEli":"Primera Eliminatoria - Ida","nomGrupo":null},{"jornada":"120","fecha":"2021-09-29","hora_prevista":"19:00:00","grupo_id":null,"nomCasa":"NK Domzale","nomFuera":"Empoli FC","clasificado":"0","goles_local":"1","goles_visitante":"2","nomEli":"Primera Eliminatoria - Ida","nomGrupo":null},{"jornada":"120","fecha":"2021-09-29","hora_prevista":"20:45:00","grupo_id":null,"nomCasa":"Saint Patrick´s Athletic FC","nomFuera":"FK Crvena Zvezda","clasificado":"0","goles_local":"1","goles_visitante":"2","nomEli":"Primera Eliminatoria - Ida","nomGrupo":null},{"jornada":"4","fecha":"2021-09-28","hora_prevista":"16:00:00","grupo_id":"15","nomCasa":"Paris Saint-Germain FC","nomFuera":"Manchester City FC","clasificado":"0","goles_local":"1","goles_visitante":"1","nomEli":" Dieciseisavos de Final","nomGrupo":"Grupo A"},{"jornada":"4","fecha":"2021-09-28","hora_prevista":"14:00:00","grupo_id":"15","nomCasa":"RB Leipzig","nomFuera":"Club Brugge KV","clasificado":"0","goles_local":"1","goles_visitante":"4","nomEli":" Dieciseisavos de Final","nomGrupo":"Grupo A"},{"jornada":"4","fecha":"2021-09-28","hora_prevista":"15:30:00","grupo_id":"17","nomCasa":"BV Borussia 09 Dortmund","nomFuera":"Sporting Clube de Portugal","clasificado":"0","goles_local":"0","goles_visitante":"0","nomEli":" Dieciseisavos de Final","nomGrupo":"Grupo C"},{"jornada":"4","fecha":"2021-09-28","hora_prevista":"14:30:00","grupo_id":"17","nomCasa":"AFC Ajax","nomFuera":"Besiktas JK","clasificado":"0","goles_local":"3","goles_visitante":"1","nomEli":" Dieciseisavos de Final","nomGrupo":"Grupo C"},{"jornada":"4","fecha":"2021-09-28","hora_prevista":"15:30:00","grupo_id":"16","nomCasa":"FC Porto","nomFuera":"Liverpool FC","clasificado":"0","goles_local":"1","goles_visitante":"1","nomEli":" Dieciseisavos de Final","nomGrupo":"Grupo B"},{"jornada":"4","fecha":"2021-09-28","hora_prevista":"14:30:00","grupo_id":"16","nomCasa":"AC Milan","nomFuera":"Club Atlético de Madrid","clasificado":"0","goles_local":"1","goles_visitante":"1","nomEli":" Dieciseisavos de Final","nomGrupo":"Grupo B"},{"jornada":"4","fecha":"2021-09-28","hora_prevista":"12:00:00","grupo_id":"18","nomCasa":"FC Shakhtar Donetsk","nomFuera":"FC Internazionale Milano","clasificado":"0","goles_local":"0","goles_visitante":"1","nomEli":" Dieciseisavos de Final","nomGrupo":"Grupo D"},{"jornada":"120","fecha":"2021-09-28","hora_prevista":"18:00:00","grupo_id":null,"nomCasa":"FK Zalgiris Vilnius","nomFuera":"Maccabi Haifa FC","clasificado":"0","goles_local":"0","goles_visitante":"3","nomEli":"Primera Eliminatoria - Ida","nomGrupo":null},{"jornada":"4","fecha":"2021-09-28","hora_prevista":"16:00:00","grupo_id":"18","nomCasa":"Real Madrid CF","nomFuera":"FC Sheriff Tiraspol","clasificado":"0","goles_local":"4","goles_visitante":"1","nomEli":" Dieciseisavos de Final","nomGrupo":"Grupo D"},{"jornada":"120","fecha":"2021-09-28","hora_prevista":"20:30:00","grupo_id":null,"nomCasa":"Rangers FC","nomFuera":"Hammarby IF","clasificado":"0","goles_local":"3","goles_visitante":"0","nomEli":"Primera Eliminatoria - Ida","nomGrupo":null},{"jornada":"4","fecha":"2021-09-15","hora_prevista":"16:00:00","grupo_id":"18","nomCasa":"FC Internazionale Milano","nomFuera":"Real Madrid CF","clasificado":"0","goles_local":"1","goles_visitante":"1","nomEli":" Dieciseisavos de Final","nomGrupo":"Grupo D"},{"jornada":"4","fecha":"2021-09-15","hora_prevista":"12:00:00","grupo_id":"16","nomCasa":"Club Atlético de Madrid","nomFuera":"FC Porto","clasificado":"0","goles_local":"1","goles_visitante":"2","nomEli":" Dieciseisavos de Final","nomGrupo":"Grupo B"},{"jornada":"4","fecha":"2021-09-15","hora_prevista":"14:00:00","grupo_id":"16","nomCasa":"Liverpool FC","nomFuera":"AC Milan","clasificado":"0","goles_local":"1","goles_visitante":"0","nomEli":" Dieciseisavos de Final","nomGrupo":"Grupo B"},{"jornada":"4","fecha":"2021-09-15","hora_prevista":"16:00:00","grupo_id":"15","nomCasa":"Manchester City FC","nomFuera":"RB Leipzig","clasificado":"0","goles_local":"5","goles_visitante":"1","nomEli":" Dieciseisavos de Final","nomGrupo":"Grupo A"},{"jornada":"4","fecha":"2021-09-15","hora_prevista":"13:30:00","grupo_id":"17","nomCasa":"Besiktas JK","nomFuera":"BV Borussia 09 Dortmund","clasificado":"0","goles_local":"2","goles_visitante":"3","nomEli":" Dieciseisavos de Final","nomGrupo":"Grupo C"},{"jornada":"4","fecha":"2021-09-15","hora_prevista":"12:00:00","grupo_id":"17","nomCasa":"Sporting Clube de Portugal","nomFuera":"AFC Ajax","clasificado":"0","goles_local":"1","goles_visitante":"1","nomEli":" Dieciseisavos de Final","nomGrupo":"Grupo C"},{"jornada":"4","fecha":"2021-09-15","hora_prevista":"11:00:00","grupo_id":"18","nomCasa":"FC Sheriff Tiraspol","nomFuera":"FC Shakhtar Donetsk","clasificado":"0","goles_local":"0","goles_visitante":"5","nomEli":" Dieciseisavos de Final","nomGrupo":"Grupo D"},{"jornada":"4","fecha":"2021-09-15","hora_prevista":"15:00:00","grupo_id":"15","nomCasa":"Club Brugge KV","nomFuera":"Paris Saint-Germain FC","clasificado":"0","goles_local":"2","goles_visitante":"2","nomEli":" Dieciseisavos de Final","nomGrupo":"Grupo A"},{"jornada":"4","fecha":"2021-09-14","hora_prevista":"14:00:00","grupo_id":"21","nomCasa":"BSC Young Boys","nomFuera":"Manchester United FC","clasificado":"0","goles_local":"0","goles_visitante":"1","nomEli":" Dieciseisavos de Final","nomGrupo":"Grupo F"},{"jornada":"4","fecha":"2021-09-14","hora_prevista":"14:00:00","grupo_id":"25","nomCasa":"Chelsea FC","nomFuera":"FC Zenit","clasificado":"0","goles_local":"3","goles_visitante":"1","nomEli":" Dieciseisavos de Final","nomGrupo":"Grupo H"},{"jornada":"4","fecha":"2021-09-14","hora_prevista":"15:00:00","grupo_id":"25","nomCasa":"Malmö FF","nomFuera":"Juventus FC","clasificado":"0","goles_local":"2","goles_visitante":"2","nomEli":" Dieciseisavos de Final","nomGrupo":"Grupo H"},{"jornada":"4","fecha":"2021-09-14","hora_prevista":"15:00:00","grupo_id":"19","nomCasa":"FC Dynamo Kyiv","nomFuera":"SL Benfica","clasificado":"0","goles_local":"4","goles_visitante":"0","nomEli":" Dieciseisavos de Final","nomGrupo":"Grupo E"},{"jornada":"4","fecha":"2021-09-14","hora_prevista":"16:00:00","grupo_id":"19","nomCasa":"FC Barcelona","nomFuera":"FC Bayern München","clasificado":"0","goles_local":"2","goles_visitante":"0","nomEli":" Dieciseisavos de Final","nomGrupo":"Grupo E"},{"jornada":"4","fecha":"2021-09-14","hora_prevista":"14:00:00","grupo_id":"23","nomCasa":"LOSC Lille","nomFuera":"VfL Wolfsburg","clasificado":"0","goles_local":"2","goles_visitante":"0","nomEli":" Dieciseisavos de Final","nomGrupo":"Grupo G"},{"jornada":"4","fecha":"2021-09-14","hora_prevista":"11:30:00","grupo_id":"23","nomCasa":"Sevilla FC","nomFuera":"FC Salzburg","clasificado":"0","goles_local":"2","goles_visitante":"0","nomEli":" Dieciseisavos de Final","nomGrupo":"Grupo G"},{"jornada":"4","fecha":"2021-09-14","hora_prevista":"16:00:00","grupo_id":"21","nomCasa":"Villarreal CF","nomFuera":"Atalanta BC","clasificado":"0","goles_local":"2","goles_visitante":"0","nomEli":" Dieciseisavos de Final","nomGrupo":"Grupo F"}]