[{"jornada":"85","fecha":"2022-05-20","hora_prevista":"21:00:00","grupo_id":null,"nomCasa":"UD Ibarra","nomFuera":"CD Tenerife C","clasificado":"1","goles_local":"2","goles_visitante":"0","nomEli":"Final - Ida","nomGrupo":null},{"jornada":"154","fecha":"2022-05-15","hora_prevista":"13:00:00","grupo_id":null,"nomCasa":"Atlético Victoria","nomFuera":"CD Tenerife C","clasificado":"2","goles_local":"1","goles_visitante":"2","nomEli":"Semifinales - Vuelta","nomGrupo":null},{"jornada":"154","fecha":"2022-05-14","hora_prevista":"19:00:00","grupo_id":null,"nomCasa":"Club Atlético Tacoronte","nomFuera":"UD Ibarra","clasificado":"2","goles_local":"1","goles_visitante":"1","nomEli":"Semifinales - Vuelta","nomGrupo":null},{"jornada":"151","fecha":"2022-05-08","hora_prevista":"13:00:00","grupo_id":null,"nomCasa":"CD Tenerife C","nomFuera":"Atlético Victoria","clasificado":"0","goles_local":"0","goles_visitante":"0","nomEli":"Semifinales - Ida","nomGrupo":null},{"jornada":"151","fecha":"2022-05-07","hora_prevista":"19:00:00","grupo_id":null,"nomCasa":"UD Ibarra","nomFuera":"Club Atlético Tacoronte","clasificado":"0","goles_local":"0","goles_visitante":"0","nomEli":"Semifinales - Ida","nomGrupo":null},{"jornada":"55","fecha":"2022-05-01","hora_prevista":"13:00:00","grupo_id":null,"nomCasa":"Atlético Victoria","nomFuera":"UD Los Llanos de Aridane","clasificado":"1","goles_local":"1","goles_visitante":"0","nomEli":"Cuartos de Final - Vuelta","nomGrupo":null},{"jornada":"55","fecha":"2022-05-01","hora_prevista":"13:00:00","grupo_id":null,"nomCasa":"CD Tenerife C","nomFuera":"UD Guancha","clasificado":"1","goles_local":"4","goles_visitante":"0","nomEli":"Cuartos de Final - Vuelta","nomGrupo":null},{"jornada":"55","fecha":"2022-04-30","hora_prevista":"19:00:00","grupo_id":null,"nomCasa":"Club Atlético Tacoronte","nomFuera":"Atlético Unión de Güímar","clasificado":"1","goles_local":"1","goles_visitante":"1","nomEli":"Cuartos de Final - Vuelta","nomGrupo":null},{"jornada":"55","fecha":"2022-04-30","hora_prevista":"19:00:00","grupo_id":null,"nomCasa":"CD Laguna","nomFuera":"UD Ibarra","clasificado":"2","goles_local":"2","goles_visitante":"3","nomEli":"Cuartos de Final - Vuelta","nomGrupo":null},{"jornada":"3","fecha":"2022-04-24","hora_prevista":"13:00:00","grupo_id":null,"nomCasa":"UD Guancha","nomFuera":"CD Tenerife C","clasificado":"0","goles_local":"2","goles_visitante":"1","nomEli":" Cuartos de Final - Ida","nomGrupo":null},{"jornada":"3","fecha":"2022-04-24","hora_prevista":"13:00:00","grupo_id":null,"nomCasa":"UD Los Llanos de Aridane","nomFuera":"Atlético Victoria","clasificado":"0","goles_local":"0","goles_visitante":"1","nomEli":" Cuartos de Final - Ida","nomGrupo":null},{"jornada":"3","fecha":"2022-04-24","hora_prevista":"13:00:00","grupo_id":null,"nomCasa":"Atlético Unión de Güímar","nomFuera":"Club Atlético Tacoronte","clasificado":"0","goles_local":"1","goles_visitante":"4","nomEli":" Cuartos de Final - Ida","nomGrupo":null},{"jornada":"3","fecha":"2022-04-23","hora_prevista":"20:00:00","grupo_id":null,"nomCasa":"UD Ibarra","nomFuera":"CD Laguna","clasificado":"0","goles_local":"0","goles_visitante":"0","nomEli":" Cuartos de Final - Ida","nomGrupo":null}]