[{"jornada":"87","fecha":"2022-05-23","hora_prevista":"20:45:00","grupo_id":null,"nomCasa":"Saint Johnstone FC","nomFuera":"Inverness CT FC","clasificado":"1","goles_local":"4","goles_visitante":"0","nomEli":"Final - Vuelta","nomGrupo":null},{"jornada":"85","fecha":"2022-05-20","hora_prevista":"20:45:00","grupo_id":null,"nomCasa":"Inverness CT FC","nomFuera":"Saint Johnstone FC","clasificado":"0","goles_local":"2","goles_visitante":"2","nomEli":"Final - Ida","nomGrupo":null},{"jornada":"147","fecha":"2022-05-13","hora_prevista":"20:45:00","grupo_id":null,"nomCasa":"Arbroath FC","nomFuera":"Inverness CT FC","clasificado":"2","goles_local":"0","goles_visitante":"0","nomEli":"Semifinal - Vuelta","nomGrupo":null},{"jornada":"146","fecha":"2022-05-10","hora_prevista":"20:05:00","grupo_id":null,"nomCasa":"Inverness CT FC","nomFuera":"Arbroath FC","clasificado":"0","goles_local":"0","goles_visitante":"0","nomEli":"Semifinal - Ida","nomGrupo":null},{"jornada":"55","fecha":"2022-05-06","hora_prevista":"20:45:00","grupo_id":null,"nomCasa":"Inverness CT FC","nomFuera":"Partick Thistle FC","clasificado":"1","goles_local":"1","goles_visitante":"0","nomEli":"Cuartos de Final - Vuelta","nomGrupo":null},{"jornada":"3","fecha":"2022-05-03","hora_prevista":"20:05:00","grupo_id":null,"nomCasa":"Partick Thistle FC","nomFuera":"Inverness CT FC","clasificado":"0","goles_local":"1","goles_visitante":"2","nomEli":" Cuartos de Final - Ida","nomGrupo":null}]