[{"jornada":"84","fecha":"2022-05-29","hora_prevista":"19:00:00","grupo_id":null,"nomCasa":"CD Santa Amalia","nomFuera":"AD Lobón","clasificado":"1","goles_local":"1","goles_visitante":"1","nomEli":"Final","nomGrupo":null},{"jornada":"154","fecha":"2022-05-22","hora_prevista":"19:30:00","grupo_id":null,"nomCasa":"CD Santa Amalia","nomFuera":"CP Talayuela","clasificado":"1","goles_local":"2","goles_visitante":"2","nomEli":"Semifinales - Vuelta","nomGrupo":null},{"jornada":"154","fecha":"2022-05-22","hora_prevista":"20:00:00","grupo_id":null,"nomCasa":"AD Lobón","nomFuera":"CD San Serván","clasificado":"1","goles_local":"2","goles_visitante":"1","nomEli":"Semifinales - Vuelta","nomGrupo":null},{"jornada":"151","fecha":"2022-05-15","hora_prevista":"18:00:00","grupo_id":null,"nomCasa":"CP Talayuela","nomFuera":"CD Santa Amalia","clasificado":"0","goles_local":"2","goles_visitante":"2","nomEli":"Semifinales - Ida","nomGrupo":null},{"jornada":"151","fecha":"2022-05-14","hora_prevista":"19:00:00","grupo_id":null,"nomCasa":"CD San Serván","nomFuera":"AD Lobón","clasificado":"0","goles_local":"1","goles_visitante":"1","nomEli":"Semifinales - Ida","nomGrupo":null},{"jornada":"143","fecha":"2022-05-08","hora_prevista":"18:00:00","grupo_id":null,"nomCasa":"CD Santa Amalia","nomFuera":"CP Cheles","clasificado":"1","goles_local":"2","goles_visitante":"0","nomEli":"Segunda Eliminatoria - Vuelta","nomGrupo":null},{"jornada":"143","fecha":"2022-05-08","hora_prevista":"19:00:00","grupo_id":null,"nomCasa":"AD Lobón","nomFuera":"CD Usagre","clasificado":"1","goles_local":"5","goles_visitante":"1","nomEli":"Segunda Eliminatoria - Vuelta","nomGrupo":null},{"jornada":"143","fecha":"2022-05-08","hora_prevista":"18:00:00","grupo_id":null,"nomCasa":"CP Talayuela","nomFuera":"CD Guadiana","clasificado":"1","goles_local":"4","goles_visitante":"2","nomEli":"Segunda Eliminatoria - Vuelta","nomGrupo":null},{"jornada":"143","fecha":"2022-05-08","hora_prevista":"18:00:00","grupo_id":null,"nomCasa":"CD San Serván","nomFuera":"CP Guareña","clasificado":"1","goles_local":"4","goles_visitante":"0","nomEli":"Segunda Eliminatoria - Vuelta","nomGrupo":null},{"jornada":"142","fecha":"2022-05-02","hora_prevista":"17:00:00","grupo_id":null,"nomCasa":"CP Cheles","nomFuera":"CD Santa Amalia","clasificado":"0","goles_local":"0","goles_visitante":"2","nomEli":"Segunda Eliminatoria - Ida","nomGrupo":null},{"jornada":"142","fecha":"2022-05-01","hora_prevista":"12:00:00","grupo_id":null,"nomCasa":"CP Guareña","nomFuera":"CD San Serván","clasificado":"0","goles_local":"3","goles_visitante":"1","nomEli":"Segunda Eliminatoria - Ida","nomGrupo":null},{"jornada":"142","fecha":"2022-05-01","hora_prevista":"18:00:00","grupo_id":null,"nomCasa":"CD Usagre","nomFuera":"AD Lobón","clasificado":"0","goles_local":"2","goles_visitante":"1","nomEli":"Segunda Eliminatoria - Ida","nomGrupo":null},{"jornada":"142","fecha":"2022-05-01","hora_prevista":"12:00:00","grupo_id":null,"nomCasa":"CD Guadiana","nomFuera":"CP Talayuela","clasificado":"0","goles_local":"0","goles_visitante":"4","nomEli":"Segunda Eliminatoria - Ida","nomGrupo":null},{"jornada":"121","fecha":"2022-04-24","hora_prevista":"18:15:00","grupo_id":null,"nomCasa":"CP Cheles","nomFuera":"CP Oliva","clasificado":"1","goles_local":"4","goles_visitante":"3","nomEli":"Primera Eliminatoria - Vuelta","nomGrupo":null},{"jornada":"121","fecha":"2022-04-24","hora_prevista":"17:30:00","grupo_id":null,"nomCasa":"Cáceres FC","nomFuera":"CP Guareña","clasificado":"2","goles_local":"1","goles_visitante":"4","nomEli":"Primera Eliminatoria - Vuelta","nomGrupo":null},{"jornada":"121","fecha":"2022-04-24","hora_prevista":"12:00:00","grupo_id":null,"nomCasa":"CD Castuera","nomFuera":"CD Guadiana","clasificado":"2","goles_local":"1","goles_visitante":"3","nomEli":"Primera Eliminatoria - Vuelta","nomGrupo":null},{"jornada":"121","fecha":"2022-04-24","hora_prevista":"18:00:00","grupo_id":null,"nomCasa":"CD Usagre","nomFuera":"CP Chinato","clasificado":"1","goles_local":"4","goles_visitante":"1","nomEli":"Primera Eliminatoria - Vuelta","nomGrupo":null},{"jornada":"120","fecha":"2022-04-17","hora_prevista":"12:00:00","grupo_id":null,"nomCasa":"CP Guareña","nomFuera":"Cáceres FC","clasificado":"0","goles_local":"2","goles_visitante":"3","nomEli":"Primera Eliminatoria - Ida","nomGrupo":null},{"jornada":"120","fecha":"2022-04-17","hora_prevista":"18:00:00","grupo_id":null,"nomCasa":"CP Oliva","nomFuera":"CP Cheles","clasificado":"0","goles_local":"1","goles_visitante":"2","nomEli":"Primera Eliminatoria - Ida","nomGrupo":null},{"jornada":"120","fecha":"2022-04-14","hora_prevista":"12:00:00","grupo_id":null,"nomCasa":"CD Guadiana","nomFuera":"CD Castuera","clasificado":"0","goles_local":"1","goles_visitante":"1","nomEli":"Primera Eliminatoria - Ida","nomGrupo":null},{"jornada":"120","fecha":"2022-04-14","hora_prevista":"18:00:00","grupo_id":null,"nomCasa":"CP Chinato","nomFuera":"CD Usagre","clasificado":"0","goles_local":"1","goles_visitante":"1","nomEli":"Primera Eliminatoria - Ida","nomGrupo":null}]