[{"jornada":"93","fecha":"2022-05-29","hora_prevista":"16:00:00","grupo_id":null,"nomCasa":"FK Radnicki 1923","nomFuera":"FK Zeleznicar Pancevo","clasificado":"1","goles_local":"0","goles_visitante":"1","nomEli":"Finales - Vuelta","nomGrupo":null},{"jornada":"93","fecha":"2022-05-29","hora_prevista":"18:30:00","grupo_id":null,"nomCasa":"FK Novi Pazar","nomFuera":"FK IMT Novi Beograd","clasificado":"1","goles_local":"0","goles_visitante":"2","nomEli":"Finales - Vuelta","nomGrupo":null},{"jornada":"91","fecha":"2022-05-25","hora_prevista":"17:00:00","grupo_id":null,"nomCasa":"FK Zeleznicar Pancevo","nomFuera":"FK Radnicki 1923","clasificado":"0","goles_local":"1","goles_visitante":"3","nomEli":"Finales - Ida","nomGrupo":null},{"jornada":"91","fecha":"2022-05-25","hora_prevista":"19:00:00","grupo_id":null,"nomCasa":"FK IMT Novi Beograd","nomFuera":"FK Novi Pazar","clasificado":"0","goles_local":"1","goles_visitante":"3","nomEli":"Finales - Ida","nomGrupo":null}]