[{"jornada":"84","fecha":"2022-05-21","hora_prevista":"19:00:00","grupo_id":null,"nomCasa":"Águilas FC B","nomFuera":"CD Cieza","clasificado":"2","goles_local":"1","goles_visitante":"4","nomEli":"Final","nomGrupo":null},{"jornada":"148","fecha":"2022-05-15","hora_prevista":"18:00:00","grupo_id":null,"nomCasa":"Águilas FC B","nomFuera":"CD Villa de Fortuna","clasificado":"1","goles_local":"1","goles_visitante":"0","nomEli":"Semifinales","nomGrupo":null},{"jornada":"148","fecha":"2022-05-15","hora_prevista":"19:00:00","grupo_id":null,"nomCasa":"CD Cieza","nomFuera":"EFCD Algar","clasificado":"1","goles_local":"1","goles_visitante":"0","nomEli":"Semifinales","nomGrupo":null},{"jornada":"48","fecha":"2022-05-08","hora_prevista":"18:00:00","grupo_id":null,"nomCasa":"Águilas FC B","nomFuera":"Molinense FC","clasificado":"1","goles_local":"2","goles_visitante":"1","nomEli":"Cuartos de Final","nomGrupo":null},{"jornada":"48","fecha":"2022-05-08","hora_prevista":"11:00:00","grupo_id":null,"nomCasa":"SFC Minerva","nomFuera":"CD Villa de Fortuna","clasificado":"2","goles_local":"0","goles_visitante":"1","nomEli":"Cuartos de Final","nomGrupo":null},{"jornada":"48","fecha":"2022-05-08","hora_prevista":"12:15:00","grupo_id":null,"nomCasa":"EDMF Churra","nomFuera":"EFCD Algar","clasificado":"2","goles_local":"1","goles_visitante":"2","nomEli":"Cuartos de Final","nomGrupo":null},{"jornada":"48","fecha":"2022-05-08","hora_prevista":"19:00:00","grupo_id":null,"nomCasa":"CD Cieza","nomFuera":"Mar Menor CF B","clasificado":"1","goles_local":"4","goles_visitante":"1","nomEli":"Cuartos de Final","nomGrupo":null}]