[{"jornada":"84","fecha":"2022-05-07","hora_prevista":"17:00:00","grupo_id":null,"nomCasa":"Lincoln FC","nomFuera":"FC Bruno´s Magpies","clasificado":"1","goles_local":"2","goles_visitante":"1","nomEli":"Final","nomGrupo":null},{"jornada":"148","fecha":"2022-04-20","hora_prevista":"19:30:00","grupo_id":null,"nomCasa":"Europa FC","nomFuera":"FC Bruno´s Magpies","clasificado":"2","goles_local":"1","goles_visitante":"3","nomEli":"Semifinales","nomGrupo":null},{"jornada":"148","fecha":"2022-04-19","hora_prevista":"19:30:00","grupo_id":null,"nomCasa":"Lincoln FC","nomFuera":"College 1975 FC","clasificado":"1","goles_local":"5","goles_visitante":"0","nomEli":"Semifinales","nomGrupo":null}]