[{"jornada":"93","fecha":"2021-12-12","hora_prevista":"10:00:00","grupo_id":null,"nomCasa":"FC Gagra","nomFuera":"FC Shukura Kobuleti","clasificado":"1","goles_local":"1","goles_visitante":"0","nomEli":"Finales - Vuelta","nomGrupo":null},{"jornada":"93","fecha":"2021-12-12","hora_prevista":"16:00:00","grupo_id":null,"nomCasa":"FC Torpedo Kutaisi","nomFuera":"FC Merani Martvili","clasificado":"1","goles_local":"3","goles_visitante":"0","nomEli":"Finales - Vuelta","nomGrupo":null},{"jornada":"91","fecha":"2021-12-08","hora_prevista":"10:00:00","grupo_id":null,"nomCasa":"FC Merani Martvili","nomFuera":"FC Torpedo Kutaisi","clasificado":"0","goles_local":"2","goles_visitante":"0","nomEli":"Finales - Ida","nomGrupo":null},{"jornada":"91","fecha":"2021-12-08","hora_prevista":"10:00:00","grupo_id":null,"nomCasa":"FC Shukura Kobuleti","nomFuera":"FC Gagra","clasificado":"0","goles_local":"0","goles_visitante":"0","nomEli":"Finales - Ida","nomGrupo":null}]