[{"jornada":"84","fecha":"2022-06-12","hora_prevista":"19:00:00","grupo_id":null,"nomCasa":"CD L´Alcora","nomFuera":"Unión Benetuser-Fabara CF","clasificado":"1","goles_local":"1","goles_visitante":"0","nomEli":"Final","nomGrupo":null},{"jornada":"154","fecha":"2022-05-28","hora_prevista":"18:00:00","grupo_id":null,"nomCasa":"CF Atlético Moncadense","nomFuera":"CD L´Alcora","clasificado":"2","goles_local":"1","goles_visitante":"1","nomEli":"Semifinales - Vuelta","nomGrupo":null},{"jornada":"154","fecha":"2022-05-28","hora_prevista":"18:30:00","grupo_id":null,"nomCasa":"Vilamarxant CF","nomFuera":"Unión Benetuser-Fabara CF","clasificado":"2","goles_local":"1","goles_visitante":"1","nomEli":"Semifinales - Vuelta","nomGrupo":null},{"jornada":"151","fecha":"2022-05-22","hora_prevista":"18:00:00","grupo_id":null,"nomCasa":"CD L´Alcora","nomFuera":"CF Atlético Moncadense","clasificado":"0","goles_local":"3","goles_visitante":"0","nomEli":"Semifinales - Ida","nomGrupo":null},{"jornada":"151","fecha":"2022-05-21","hora_prevista":"19:00:00","grupo_id":null,"nomCasa":"Unión Benetuser-Fabara CF","nomFuera":"Vilamarxant CF","clasificado":"0","goles_local":"2","goles_visitante":"0","nomEli":"Semifinales - Ida","nomGrupo":null},{"jornada":"48","fecha":"2022-04-15","hora_prevista":"11:00:00","grupo_id":null,"nomCasa":"CD Buñol","nomFuera":"CF Atlético Moncadense","clasificado":"2","goles_local":"0","goles_visitante":"0","nomEli":"Cuartos de Final","nomGrupo":null},{"jornada":"48","fecha":"2022-04-14","hora_prevista":"17:00:00","grupo_id":null,"nomCasa":"CD L´Alcora","nomFuera":"CD Burriana","clasificado":"1","goles_local":"2","goles_visitante":"0","nomEli":"Cuartos de Final","nomGrupo":null},{"jornada":"48","fecha":"2022-04-14","hora_prevista":"17:30:00","grupo_id":null,"nomCasa":"CFUD Calpe","nomFuera":"Unión Benetuser-Fabara CF","clasificado":"2","goles_local":"1","goles_visitante":"1","nomEli":"Cuartos de Final","nomGrupo":null},{"jornada":"48","fecha":"2022-04-13","hora_prevista":"20:00:00","grupo_id":null,"nomCasa":"Vilamarxant CF","nomFuera":"UD Quart de Poblet","clasificado":"1","goles_local":"0","goles_visitante":"0","nomEli":"Cuartos de Final","nomGrupo":null}]