[{"jornada":"84","fecha":"2022-05-13","hora_prevista":"20:30:00","grupo_id":null,"nomCasa":"Glentoran FC","nomFuera":"Larne FC","clasificado":"2","goles_local":"2","goles_visitante":"4","nomEli":"Final","nomGrupo":null},{"jornada":"148","fecha":"2022-05-10","hora_prevista":"20:45:00","grupo_id":null,"nomCasa":"Glentoran FC","nomFuera":"Glenavon FC","clasificado":"1","goles_local":"2","goles_visitante":"0","nomEli":"Semifinales","nomGrupo":null},{"jornada":"148","fecha":"2022-05-10","hora_prevista":"20:45:00","grupo_id":null,"nomCasa":"Larne FC","nomFuera":"Coleraine FC","clasificado":"1","goles_local":"2","goles_visitante":"0","nomEli":"Semifinales","nomGrupo":null}]