[{"jornada":"163","fecha":"2021-10-10","hora_prevista":"15:00:00","grupo_id":null,"nomCasa":"Italia","nomFuera":"Bélgica","clasificado":"1","goles_local":"2","goles_visitante":"1","nomEli":"Tercer y Cuarto Puesto","nomGrupo":null},{"jornada":"84","fecha":"2021-10-10","hora_prevista":"20:45:00","grupo_id":null,"nomCasa":"España","nomFuera":"Francia","clasificado":"2","goles_local":"1","goles_visitante":"2","nomEli":"Final","nomGrupo":null},{"jornada":"148","fecha":"2021-10-07","hora_prevista":"20:45:00","grupo_id":null,"nomCasa":"Bélgica","nomFuera":"Francia","clasificado":"2","goles_local":"2","goles_visitante":"3","nomEli":"Semifinales","nomGrupo":null},{"jornada":"148","fecha":"2021-10-06","hora_prevista":"20:45:00","grupo_id":null,"nomCasa":"Italia","nomFuera":"España","clasificado":"2","goles_local":"1","goles_visitante":"2","nomEli":"Semifinales","nomGrupo":null},{"jornada":"95","fecha":"2020-11-18","hora_prevista":"20:45:00","grupo_id":"2","nomCasa":"Polonia","nomFuera":"Países Bajos","clasificado":"0","goles_local":"1","goles_visitante":"2","nomEli":"Liguilla ","nomGrupo":"Grupo 1"},{"jornada":"95","fecha":"2020-11-18","hora_prevista":"20:45:00","grupo_id":"2","nomCasa":"Bosnia y Herzegovina","nomFuera":"Italia","clasificado":"0","goles_local":"0","goles_visitante":"2","nomEli":"Liguilla ","nomGrupo":"Grupo 1"},{"jornada":"95","fecha":"2020-11-18","hora_prevista":"20:45:00","grupo_id":"7","nomCasa":"Bélgica","nomFuera":"Dinamarca","clasificado":"0","goles_local":"4","goles_visitante":"2","nomEli":"Liguilla ","nomGrupo":"Grupo 2"},{"jornada":"95","fecha":"2020-11-18","hora_prevista":"20:45:00","grupo_id":"7","nomCasa":"Inglaterra","nomFuera":"Islandia","clasificado":"0","goles_local":"4","goles_visitante":"0","nomEli":"Liguilla ","nomGrupo":"Grupo 2"},{"jornada":"95","fecha":"2020-11-17","hora_prevista":"20:45:00","grupo_id":"8","nomCasa":"Francia","nomFuera":"Suecia","clasificado":"0","goles_local":"4","goles_visitante":"2","nomEli":"Liguilla ","nomGrupo":"Grupo 3"},{"jornada":"95","fecha":"2020-11-17","hora_prevista":"20:45:00","grupo_id":"9","nomCasa":"España","nomFuera":"Alemania","clasificado":"0","goles_local":"6","goles_visitante":"0","nomEli":"Liguilla ","nomGrupo":"Grupo 4"},{"jornada":"95","fecha":"2020-11-17","hora_prevista":"20:45:00","grupo_id":"9","nomCasa":"Suiza","nomFuera":"Ucrania","clasificado":"0","goles_local":"3","goles_visitante":"0","nomEli":"Liguilla ","nomGrupo":"Grupo 4"},{"jornada":"95","fecha":"2020-11-17","hora_prevista":"20:45:00","grupo_id":"8","nomCasa":"Croacia","nomFuera":"Portugal","clasificado":"0","goles_local":"2","goles_visitante":"3","nomEli":"Liguilla ","nomGrupo":"Grupo 3"},{"jornada":"95","fecha":"2020-11-15","hora_prevista":"20:45:00","grupo_id":"7","nomCasa":"Bélgica","nomFuera":"Inglaterra","clasificado":"0","goles_local":"2","goles_visitante":"0","nomEli":"Liguilla ","nomGrupo":"Grupo 2"},{"jornada":"95","fecha":"2020-11-15","hora_prevista":"20:45:00","grupo_id":"2","nomCasa":"Italia","nomFuera":"Polonia","clasificado":"0","goles_local":"2","goles_visitante":"0","nomEli":"Liguilla ","nomGrupo":"Grupo 1"},{"jornada":"95","fecha":"2020-11-15","hora_prevista":"18:00:00","grupo_id":"2","nomCasa":"Países Bajos","nomFuera":"Bosnia y Herzegovina","clasificado":"0","goles_local":"3","goles_visitante":"1","nomEli":"Liguilla ","nomGrupo":"Grupo 1"},{"jornada":"95","fecha":"2020-11-15","hora_prevista":"20:45:00","grupo_id":"7","nomCasa":"Dinamarca","nomFuera":"Islandia","clasificado":"0","goles_local":"2","goles_visitante":"1","nomEli":"Liguilla ","nomGrupo":"Grupo 2"},{"jornada":"95","fecha":"2020-11-14","hora_prevista":"20:45:00","grupo_id":"8","nomCasa":"Portugal","nomFuera":"Francia","clasificado":"0","goles_local":"0","goles_visitante":"1","nomEli":"Liguilla ","nomGrupo":"Grupo 3"},{"jornada":"95","fecha":"2020-11-14","hora_prevista":"20:45:00","grupo_id":"8","nomCasa":"Suecia","nomFuera":"Croacia","clasificado":"0","goles_local":"2","goles_visitante":"1","nomEli":"Liguilla ","nomGrupo":"Grupo 3"},{"jornada":"95","fecha":"2020-11-14","hora_prevista":"20:45:00","grupo_id":"9","nomCasa":"Suiza","nomFuera":"España","clasificado":"0","goles_local":"1","goles_visitante":"1","nomEli":"Liguilla ","nomGrupo":"Grupo 4"},{"jornada":"95","fecha":"2020-11-14","hora_prevista":"20:45:00","grupo_id":"9","nomCasa":"Alemania","nomFuera":"Ucrania","clasificado":"0","goles_local":"3","goles_visitante":"1","nomEli":"Liguilla ","nomGrupo":"Grupo 4"},{"jornada":"95","fecha":"2020-10-14","hora_prevista":"20:45:00","grupo_id":"7","nomCasa":"Islandia","nomFuera":"Bélgica","clasificado":"0","goles_local":"1","goles_visitante":"2","nomEli":"Liguilla ","nomGrupo":"Grupo 2"},{"jornada":"95","fecha":"2020-10-14","hora_prevista":"20:45:00","grupo_id":"2","nomCasa":"Polonia","nomFuera":"Bosnia y Herzegovina","clasificado":"0","goles_local":"3","goles_visitante":"0","nomEli":"Liguilla ","nomGrupo":"Grupo 1"},{"jornada":"95","fecha":"2020-10-14","hora_prevista":"20:45:00","grupo_id":"2","nomCasa":"Italia","nomFuera":"Países Bajos","clasificado":"0","goles_local":"1","goles_visitante":"1","nomEli":"Liguilla ","nomGrupo":"Grupo 1"},{"jornada":"95","fecha":"2020-10-14","hora_prevista":"20:45:00","grupo_id":"8","nomCasa":"Portugal","nomFuera":"Suecia","clasificado":"0","goles_local":"3","goles_visitante":"0","nomEli":"Liguilla ","nomGrupo":"Grupo 3"},{"jornada":"95","fecha":"2020-10-14","hora_prevista":"20:45:00","grupo_id":"8","nomCasa":"Croacia","nomFuera":"Francia","clasificado":"0","goles_local":"1","goles_visitante":"2","nomEli":"Liguilla ","nomGrupo":"Grupo 3"},{"jornada":"95","fecha":"2020-10-14","hora_prevista":"20:45:00","grupo_id":"7","nomCasa":"Inglaterra","nomFuera":"Dinamarca","clasificado":"0","goles_local":"0","goles_visitante":"1","nomEli":"Liguilla ","nomGrupo":"Grupo 2"},{"jornada":"95","fecha":"2020-10-13","hora_prevista":"20:45:00","grupo_id":"9","nomCasa":"Ucrania","nomFuera":"España","clasificado":"0","goles_local":"1","goles_visitante":"0","nomEli":"Liguilla ","nomGrupo":"Grupo 4"},{"jornada":"95","fecha":"2020-10-13","hora_prevista":"20:45:00","grupo_id":"9","nomCasa":"Alemania","nomFuera":"Suiza","clasificado":"0","goles_local":"3","goles_visitante":"3","nomEli":"Liguilla ","nomGrupo":"Grupo 4"},{"jornada":"95","fecha":"2020-10-11","hora_prevista":"20:45:00","grupo_id":"2","nomCasa":"Polonia","nomFuera":"Italia","clasificado":"0","goles_local":"0","goles_visitante":"0","nomEli":"Liguilla ","nomGrupo":"Grupo 1"},{"jornada":"95","fecha":"2020-10-11","hora_prevista":"18:00:00","grupo_id":"2","nomCasa":"Bosnia y Herzegovina","nomFuera":"Países Bajos","clasificado":"0","goles_local":"0","goles_visitante":"0","nomEli":"Liguilla ","nomGrupo":"Grupo 1"},{"jornada":"95","fecha":"2020-10-11","hora_prevista":"18:00:00","grupo_id":"7","nomCasa":"Inglaterra","nomFuera":"Bélgica","clasificado":"0","goles_local":"2","goles_visitante":"1","nomEli":"Liguilla ","nomGrupo":"Grupo 2"},{"jornada":"95","fecha":"2020-10-11","hora_prevista":"20:45:00","grupo_id":"7","nomCasa":"Islandia","nomFuera":"Dinamarca","clasificado":"0","goles_local":"0","goles_visitante":"3","nomEli":"Liguilla ","nomGrupo":"Grupo 2"},{"jornada":"95","fecha":"2020-10-11","hora_prevista":"20:45:00","grupo_id":"8","nomCasa":"Francia","nomFuera":"Portugal","clasificado":"0","goles_local":"0","goles_visitante":"0","nomEli":"Liguilla ","nomGrupo":"Grupo 3"},{"jornada":"95","fecha":"2020-10-11","hora_prevista":"18:00:00","grupo_id":"8","nomCasa":"Croacia","nomFuera":"Suecia","clasificado":"0","goles_local":"2","goles_visitante":"1","nomEli":"Liguilla ","nomGrupo":"Grupo 3"},{"jornada":"95","fecha":"2020-10-10","hora_prevista":"20:45:00","grupo_id":"9","nomCasa":"España","nomFuera":"Suiza","clasificado":"0","goles_local":"1","goles_visitante":"0","nomEli":"Liguilla ","nomGrupo":"Grupo 4"},{"jornada":"95","fecha":"2020-10-10","hora_prevista":"20:45:00","grupo_id":"9","nomCasa":"Ucrania","nomFuera":"Alemania","clasificado":"0","goles_local":"1","goles_visitante":"2","nomEli":"Liguilla ","nomGrupo":"Grupo 4"},{"jornada":"95","fecha":"2020-09-08","hora_prevista":"20:45:00","grupo_id":"7","nomCasa":"Bélgica","nomFuera":"Islandia","clasificado":"0","goles_local":"5","goles_visitante":"1","nomEli":"Liguilla ","nomGrupo":"Grupo 2"},{"jornada":"95","fecha":"2020-09-08","hora_prevista":"20:45:00","grupo_id":"8","nomCasa":"Francia","nomFuera":"Croacia","clasificado":"0","goles_local":"4","goles_visitante":"2","nomEli":"Liguilla ","nomGrupo":"Grupo 3"},{"jornada":"95","fecha":"2020-09-08","hora_prevista":"20:45:00","grupo_id":"7","nomCasa":"Dinamarca","nomFuera":"Inglaterra","clasificado":"0","goles_local":"0","goles_visitante":"0","nomEli":"Liguilla ","nomGrupo":"Grupo 2"},{"jornada":"95","fecha":"2020-09-08","hora_prevista":"20:45:00","grupo_id":"8","nomCasa":"Suecia","nomFuera":"Portugal","clasificado":"0","goles_local":"0","goles_visitante":"2","nomEli":"Liguilla ","nomGrupo":"Grupo 3"},{"jornada":"95","fecha":"2020-09-07","hora_prevista":"20:45:00","grupo_id":"2","nomCasa":"Países Bajos","nomFuera":"Italia","clasificado":"0","goles_local":"0","goles_visitante":"1","nomEli":"Liguilla ","nomGrupo":"Grupo 1"},{"jornada":"95","fecha":"2020-09-07","hora_prevista":"20:45:00","grupo_id":"2","nomCasa":"Bosnia y Herzegovina","nomFuera":"Polonia","clasificado":"0","goles_local":"1","goles_visitante":"2","nomEli":"Liguilla ","nomGrupo":"Grupo 1"},{"jornada":"95","fecha":"2020-09-06","hora_prevista":"20:45:00","grupo_id":"9","nomCasa":"Suiza","nomFuera":"Alemania","clasificado":"0","goles_local":"1","goles_visitante":"1","nomEli":"Liguilla ","nomGrupo":"Grupo 4"},{"jornada":"95","fecha":"2020-09-06","hora_prevista":"20:45:00","grupo_id":"9","nomCasa":"España","nomFuera":"Ucrania","clasificado":"0","goles_local":"4","goles_visitante":"0","nomEli":"Liguilla ","nomGrupo":"Grupo 4"},{"jornada":"95","fecha":"2020-09-05","hora_prevista":"18:00:00","grupo_id":"7","nomCasa":"Islandia","nomFuera":"Inglaterra","clasificado":"0","goles_local":"0","goles_visitante":"1","nomEli":"Liguilla ","nomGrupo":"Grupo 2"},{"jornada":"95","fecha":"2020-09-05","hora_prevista":"20:45:00","grupo_id":"7","nomCasa":"Dinamarca","nomFuera":"Bélgica","clasificado":"0","goles_local":"0","goles_visitante":"2","nomEli":"Liguilla ","nomGrupo":"Grupo 2"},{"jornada":"95","fecha":"2020-09-05","hora_prevista":"20:45:00","grupo_id":"8","nomCasa":"Suecia","nomFuera":"Francia","clasificado":"0","goles_local":"0","goles_visitante":"1","nomEli":"Liguilla ","nomGrupo":"Grupo 3"},{"jornada":"95","fecha":"2020-09-05","hora_prevista":"20:45:00","grupo_id":"8","nomCasa":"Portugal","nomFuera":"Croacia","clasificado":"0","goles_local":"4","goles_visitante":"1","nomEli":"Liguilla ","nomGrupo":"Grupo 3"},{"jornada":"95","fecha":"2020-09-04","hora_prevista":"20:45:00","grupo_id":"2","nomCasa":"Italia","nomFuera":"Bosnia y Herzegovina","clasificado":"0","goles_local":"1","goles_visitante":"1","nomEli":"Liguilla ","nomGrupo":"Grupo 1"},{"jornada":"95","fecha":"2020-09-04","hora_prevista":"20:45:00","grupo_id":"2","nomCasa":"Países Bajos","nomFuera":"Polonia","clasificado":"0","goles_local":"1","goles_visitante":"0","nomEli":"Liguilla ","nomGrupo":"Grupo 1"},{"jornada":"95","fecha":"2020-09-03","hora_prevista":"20:45:00","grupo_id":"9","nomCasa":"Alemania","nomFuera":"España","clasificado":"0","goles_local":"1","goles_visitante":"1","nomEli":"Liguilla ","nomGrupo":"Grupo 4"},{"jornada":"95","fecha":"2020-09-03","hora_prevista":"20:45:00","grupo_id":"9","nomCasa":"Ucrania","nomFuera":"Suiza","clasificado":"0","goles_local":"2","goles_visitante":"1","nomEli":"Liguilla ","nomGrupo":"Grupo 4"}]