[{"jornada":"95","fecha":"2020-11-18","hora_prevista":"20:45:00","grupo_id":"9","nomCasa":"Irlanda","nomFuera":"Bulgaria","clasificado":"0","goles_local":"0","goles_visitante":"0","nomEli":"Liguilla ","nomGrupo":"Grupo 4"},{"jornada":"95","fecha":"2020-11-18","hora_prevista":"20:45:00","grupo_id":"7","nomCasa":"Israel","nomFuera":"Escocia","clasificado":"0","goles_local":"1","goles_visitante":"0","nomEli":"Liguilla ","nomGrupo":"Grupo 2"},{"jornada":"95","fecha":"2020-11-18","hora_prevista":"20:45:00","grupo_id":"7","nomCasa":"Chequia","nomFuera":"Eslovaquia","clasificado":"0","goles_local":"2","goles_visitante":"0","nomEli":"Liguilla ","nomGrupo":"Grupo 2"},{"jornada":"95","fecha":"2020-11-18","hora_prevista":"20:45:00","grupo_id":"2","nomCasa":"Austria","nomFuera":"Noruega","clasificado":"0","goles_local":"1","goles_visitante":"1","nomEli":"Liguilla ","nomGrupo":"Grupo 1"},{"jornada":"95","fecha":"2020-11-18","hora_prevista":"20:45:00","grupo_id":"2","nomCasa":"Irlanda del Norte","nomFuera":"Rumanía","clasificado":"0","goles_local":"1","goles_visitante":"1","nomEli":"Liguilla ","nomGrupo":"Grupo 1"},{"jornada":"95","fecha":"2020-11-18","hora_prevista":"20:45:00","grupo_id":"8","nomCasa":"Serbia","nomFuera":"Rusia","clasificado":"0","goles_local":"5","goles_visitante":"0","nomEli":"Liguilla ","nomGrupo":"Grupo 3"},{"jornada":"95","fecha":"2020-11-18","hora_prevista":"20:45:00","grupo_id":"9","nomCasa":"Gales","nomFuera":"Finlandia","clasificado":"0","goles_local":"3","goles_visitante":"1","nomEli":"Liguilla ","nomGrupo":"Grupo 4"},{"jornada":"95","fecha":"2020-11-18","hora_prevista":"20:45:00","grupo_id":"8","nomCasa":"Hungría","nomFuera":"Turquía","clasificado":"0","goles_local":"2","goles_visitante":"0","nomEli":"Liguilla ","nomGrupo":"Grupo 3"},{"jornada":"95","fecha":"2020-11-15","hora_prevista":"20:45:00","grupo_id":"7","nomCasa":"Chequia","nomFuera":"Israel","clasificado":"0","goles_local":"1","goles_visitante":"0","nomEli":"Liguilla ","nomGrupo":"Grupo 2"},{"jornada":"95","fecha":"2020-11-15","hora_prevista":"18:00:00","grupo_id":"9","nomCasa":"Gales","nomFuera":"Irlanda","clasificado":"0","goles_local":"1","goles_visitante":"0","nomEli":"Liguilla ","nomGrupo":"Grupo 4"},{"jornada":"95","fecha":"2020-11-15","hora_prevista":"18:00:00","grupo_id":"9","nomCasa":"Bulgaria","nomFuera":"Finlandia","clasificado":"0","goles_local":"1","goles_visitante":"2","nomEli":"Liguilla ","nomGrupo":"Grupo 4"},{"jornada":"95","fecha":"2020-11-15","hora_prevista":"18:00:00","grupo_id":"8","nomCasa":"Turquía","nomFuera":"Rusia","clasificado":"0","goles_local":"3","goles_visitante":"2","nomEli":"Liguilla ","nomGrupo":"Grupo 3"},{"jornada":"95","fecha":"2020-11-15","hora_prevista":"20:45:00","grupo_id":"8","nomCasa":"Hungría","nomFuera":"Serbia","clasificado":"0","goles_local":"1","goles_visitante":"1","nomEli":"Liguilla ","nomGrupo":"Grupo 3"},{"jornada":"95","fecha":"2020-11-15","hora_prevista":"20:45:00","grupo_id":"2","nomCasa":"Austria","nomFuera":"Irlanda del Norte","clasificado":"0","goles_local":"2","goles_visitante":"1","nomEli":"Liguilla ","nomGrupo":"Grupo 1"},{"jornada":"95","fecha":"2020-11-15","hora_prevista":"20:45:00","grupo_id":"2","nomCasa":"Rumanía","nomFuera":"Noruega","clasificado":"0","goles_local":"3","goles_visitante":"0","nomEli":"Liguilla ","nomGrupo":"Grupo 1"},{"jornada":"95","fecha":"2020-11-15","hora_prevista":"15:00:00","grupo_id":"7","nomCasa":"Eslovaquia","nomFuera":"Escocia","clasificado":"0","goles_local":"1","goles_visitante":"0","nomEli":"Liguilla ","nomGrupo":"Grupo 2"},{"jornada":"95","fecha":"2020-10-14","hora_prevista":"20:45:00","grupo_id":"9","nomCasa":"Bulgaria","nomFuera":"Gales","clasificado":"0","goles_local":"0","goles_visitante":"1","nomEli":"Liguilla ","nomGrupo":"Grupo 4"},{"jornada":"95","fecha":"2020-10-14","hora_prevista":"20:45:00","grupo_id":"8","nomCasa":"Rusia","nomFuera":"Hungría","clasificado":"0","goles_local":"0","goles_visitante":"0","nomEli":"Liguilla ","nomGrupo":"Grupo 3"},{"jornada":"95","fecha":"2020-10-14","hora_prevista":"20:45:00","grupo_id":"8","nomCasa":"Turquía","nomFuera":"Serbia","clasificado":"0","goles_local":"2","goles_visitante":"2","nomEli":"Liguilla ","nomGrupo":"Grupo 3"},{"jornada":"95","fecha":"2020-10-14","hora_prevista":"18:00:00","grupo_id":"9","nomCasa":"Finlandia","nomFuera":"Irlanda","clasificado":"0","goles_local":"1","goles_visitante":"0","nomEli":"Liguilla ","nomGrupo":"Grupo 4"},{"jornada":"95","fecha":"2020-10-14","hora_prevista":"20:45:00","grupo_id":"7","nomCasa":"Eslovaquia","nomFuera":"Israel","clasificado":"0","goles_local":"2","goles_visitante":"3","nomEli":"Liguilla ","nomGrupo":"Grupo 2"},{"jornada":"95","fecha":"2020-10-14","hora_prevista":"20:45:00","grupo_id":"2","nomCasa":"Noruega","nomFuera":"Irlanda del Norte","clasificado":"0","goles_local":"1","goles_visitante":"0","nomEli":"Liguilla ","nomGrupo":"Grupo 1"},{"jornada":"95","fecha":"2020-10-14","hora_prevista":"20:45:00","grupo_id":"2","nomCasa":"Rumanía","nomFuera":"Austria","clasificado":"0","goles_local":"0","goles_visitante":"1","nomEli":"Liguilla ","nomGrupo":"Grupo 1"},{"jornada":"95","fecha":"2020-10-14","hora_prevista":"20:45:00","grupo_id":"7","nomCasa":"Escocia","nomFuera":"Chequia","clasificado":"0","goles_local":"1","goles_visitante":"0","nomEli":"Liguilla ","nomGrupo":"Grupo 2"},{"jornada":"95","fecha":"2020-10-11","hora_prevista":"20:45:00","grupo_id":"7","nomCasa":"Israel","nomFuera":"Chequia","clasificado":"0","goles_local":"1","goles_visitante":"2","nomEli":"Liguilla ","nomGrupo":"Grupo 2"},{"jornada":"95","fecha":"2020-10-11","hora_prevista":"18:00:00","grupo_id":"2","nomCasa":"Noruega","nomFuera":"Rumanía","clasificado":"0","goles_local":"4","goles_visitante":"0","nomEli":"Liguilla ","nomGrupo":"Grupo 1"},{"jornada":"95","fecha":"2020-10-11","hora_prevista":"15:00:00","grupo_id":"9","nomCasa":"Irlanda","nomFuera":"Gales","clasificado":"0","goles_local":"0","goles_visitante":"0","nomEli":"Liguilla ","nomGrupo":"Grupo 4"},{"jornada":"95","fecha":"2020-10-11","hora_prevista":"20:45:00","grupo_id":"2","nomCasa":"Irlanda del Norte","nomFuera":"Austria","clasificado":"0","goles_local":"0","goles_visitante":"1","nomEli":"Liguilla ","nomGrupo":"Grupo 1"},{"jornada":"95","fecha":"2020-10-11","hora_prevista":"20:45:00","grupo_id":"7","nomCasa":"Escocia","nomFuera":"Eslovaquia","clasificado":"0","goles_local":"1","goles_visitante":"0","nomEli":"Liguilla ","nomGrupo":"Grupo 2"},{"jornada":"95","fecha":"2020-10-11","hora_prevista":"20:45:00","grupo_id":"8","nomCasa":"Rusia","nomFuera":"Turquía","clasificado":"0","goles_local":"1","goles_visitante":"1","nomEli":"Liguilla ","nomGrupo":"Grupo 3"},{"jornada":"95","fecha":"2020-10-11","hora_prevista":"18:00:00","grupo_id":"9","nomCasa":"Finlandia","nomFuera":"Bulgaria","clasificado":"0","goles_local":"2","goles_visitante":"0","nomEli":"Liguilla ","nomGrupo":"Grupo 4"},{"jornada":"95","fecha":"2020-10-11","hora_prevista":"20:45:00","grupo_id":"8","nomCasa":"Serbia","nomFuera":"Hungría","clasificado":"0","goles_local":"0","goles_visitante":"1","nomEli":"Liguilla ","nomGrupo":"Grupo 3"},{"jornada":"95","fecha":"2020-09-07","hora_prevista":"20:45:00","grupo_id":"7","nomCasa":"Israel","nomFuera":"Eslovaquia","clasificado":"0","goles_local":"1","goles_visitante":"1","nomEli":"Liguilla ","nomGrupo":"Grupo 2"},{"jornada":"95","fecha":"2020-09-07","hora_prevista":"20:45:00","grupo_id":"7","nomCasa":"Chequia","nomFuera":"Escocia","clasificado":"0","goles_local":"1","goles_visitante":"2","nomEli":"Liguilla ","nomGrupo":"Grupo 2"},{"jornada":"95","fecha":"2020-09-07","hora_prevista":"20:45:00","grupo_id":"2","nomCasa":"Irlanda del Norte","nomFuera":"Noruega","clasificado":"0","goles_local":"1","goles_visitante":"5","nomEli":"Liguilla ","nomGrupo":"Grupo 1"},{"jornada":"95","fecha":"2020-09-07","hora_prevista":"20:45:00","grupo_id":"2","nomCasa":"Austria","nomFuera":"Rumanía","clasificado":"0","goles_local":"2","goles_visitante":"3","nomEli":"Liguilla ","nomGrupo":"Grupo 1"},{"jornada":"95","fecha":"2020-09-06","hora_prevista":"18:00:00","grupo_id":"8","nomCasa":"Hungría","nomFuera":"Rusia","clasificado":"0","goles_local":"2","goles_visitante":"3","nomEli":"Liguilla ","nomGrupo":"Grupo 3"},{"jornada":"95","fecha":"2020-09-06","hora_prevista":"18:00:00","grupo_id":"9","nomCasa":"Irlanda","nomFuera":"Finlandia","clasificado":"0","goles_local":"0","goles_visitante":"1","nomEli":"Liguilla ","nomGrupo":"Grupo 4"},{"jornada":"95","fecha":"2020-09-06","hora_prevista":"15:00:00","grupo_id":"9","nomCasa":"Gales","nomFuera":"Bulgaria","clasificado":"0","goles_local":"1","goles_visitante":"0","nomEli":"Liguilla ","nomGrupo":"Grupo 4"},{"jornada":"95","fecha":"2020-09-06","hora_prevista":"20:45:00","grupo_id":"8","nomCasa":"Serbia","nomFuera":"Turquía","clasificado":"0","goles_local":"0","goles_visitante":"0","nomEli":"Liguilla ","nomGrupo":"Grupo 3"},{"jornada":"95","fecha":"2020-09-04","hora_prevista":"20:45:00","grupo_id":"2","nomCasa":"Rumanía","nomFuera":"Irlanda del Norte","clasificado":"0","goles_local":"1","goles_visitante":"1","nomEli":"Liguilla ","nomGrupo":"Grupo 1"},{"jornada":"95","fecha":"2020-09-04","hora_prevista":"20:45:00","grupo_id":"7","nomCasa":"Escocia","nomFuera":"Israel","clasificado":"0","goles_local":"1","goles_visitante":"1","nomEli":"Liguilla ","nomGrupo":"Grupo 2"},{"jornada":"95","fecha":"2020-09-04","hora_prevista":"20:45:00","grupo_id":"2","nomCasa":"Noruega","nomFuera":"Austria","clasificado":"0","goles_local":"1","goles_visitante":"2","nomEli":"Liguilla ","nomGrupo":"Grupo 1"},{"jornada":"95","fecha":"2020-09-04","hora_prevista":"20:45:00","grupo_id":"7","nomCasa":"Eslovaquia","nomFuera":"Chequia","clasificado":"0","goles_local":"1","goles_visitante":"3","nomEli":"Liguilla ","nomGrupo":"Grupo 2"},{"jornada":"95","fecha":"2020-09-03","hora_prevista":"20:45:00","grupo_id":"9","nomCasa":"Finlandia","nomFuera":"Gales","clasificado":"0","goles_local":"0","goles_visitante":"1","nomEli":"Liguilla ","nomGrupo":"Grupo 4"},{"jornada":"95","fecha":"2020-09-03","hora_prevista":"20:45:00","grupo_id":"9","nomCasa":"Bulgaria","nomFuera":"Irlanda","clasificado":"0","goles_local":"1","goles_visitante":"1","nomEli":"Liguilla ","nomGrupo":"Grupo 4"},{"jornada":"95","fecha":"2020-09-03","hora_prevista":"20:45:00","grupo_id":"8","nomCasa":"Rusia","nomFuera":"Serbia","clasificado":"0","goles_local":"3","goles_visitante":"1","nomEli":"Liguilla ","nomGrupo":"Grupo 3"},{"jornada":"95","fecha":"2020-09-03","hora_prevista":"20:45:00","grupo_id":"8","nomCasa":"Turquía","nomFuera":"Hungría","clasificado":"0","goles_local":"0","goles_visitante":"1","nomEli":"Liguilla ","nomGrupo":"Grupo 3"}]