[{"jornada":"64","fecha":"2022-03-29","hora_prevista":"16:00:00","grupo_id":null,"nomCasa":"Kazajistán","nomFuera":"Moldavia","clasificado":"1","goles_local":"0","goles_visitante":"1","nomEli":"Eliminatoria Final - Vuelta","nomGrupo":null},{"jornada":"64","fecha":"2022-03-29","hora_prevista":"18:00:00","grupo_id":null,"nomCasa":"Chipre","nomFuera":"Estonia","clasificado":"1","goles_local":"2","goles_visitante":"0","nomEli":"Eliminatoria Final - Vuelta","nomGrupo":null},{"jornada":"63","fecha":"2022-03-24","hora_prevista":"18:00:00","grupo_id":null,"nomCasa":"Moldavia","nomFuera":"Kazajistán","clasificado":"0","goles_local":"1","goles_visitante":"2","nomEli":"Eliminatoria Final - Ida","nomGrupo":null},{"jornada":"63","fecha":"2022-03-24","hora_prevista":"18:00:00","grupo_id":null,"nomCasa":"Estonia","nomFuera":"Chipre","clasificado":"0","goles_local":"0","goles_visitante":"0","nomEli":"Eliminatoria Final - Ida","nomGrupo":null},{"jornada":"95","fecha":"2020-11-18","hora_prevista":"18:00:00","grupo_id":"7","nomCasa":"Armenia","nomFuera":"Macedonia del Norte","clasificado":"0","goles_local":"1","goles_visitante":"0","nomEli":"Liguilla ","nomGrupo":"Grupo 2"},{"jornada":"95","fecha":"2020-11-18","hora_prevista":"18:00:00","grupo_id":"7","nomCasa":"Georgia","nomFuera":"Estonia","clasificado":"0","goles_local":"0","goles_visitante":"0","nomEli":"Liguilla ","nomGrupo":"Grupo 2"},{"jornada":"95","fecha":"2020-11-18","hora_prevista":"20:45:00","grupo_id":"8","nomCasa":"Kosovo","nomFuera":"Moldavia","clasificado":"0","goles_local":"1","goles_visitante":"0","nomEli":"Liguilla ","nomGrupo":"Grupo 3"},{"jornada":"95","fecha":"2020-11-18","hora_prevista":"20:45:00","grupo_id":"8","nomCasa":"Grecia","nomFuera":"Eslovenia","clasificado":"0","goles_local":"0","goles_visitante":"0","nomEli":"Liguilla ","nomGrupo":"Grupo 3"},{"jornada":"95","fecha":"2020-11-18","hora_prevista":"16:00:00","grupo_id":"9","nomCasa":"Kazajistán","nomFuera":"Lituania","clasificado":"0","goles_local":"1","goles_visitante":"2","nomEli":"Liguilla ","nomGrupo":"Grupo 4"},{"jornada":"95","fecha":"2020-11-18","hora_prevista":"16:00:00","grupo_id":"9","nomCasa":"Albania","nomFuera":"Bielorrusia","clasificado":"0","goles_local":"3","goles_visitante":"2","nomEli":"Liguilla ","nomGrupo":"Grupo 4"},{"jornada":"95","fecha":"2020-11-17","hora_prevista":"20:45:00","grupo_id":"2","nomCasa":"Luxemburgo","nomFuera":"Azerbaiyán","clasificado":"0","goles_local":"0","goles_visitante":"0","nomEli":"Liguilla ","nomGrupo":"Grupo 1"},{"jornada":"95","fecha":"2020-11-17","hora_prevista":"20:45:00","grupo_id":"2","nomCasa":"Montenegro","nomFuera":"Chipre","clasificado":"0","goles_local":"4","goles_visitante":"0","nomEli":"Liguilla ","nomGrupo":"Grupo 1"},{"jornada":"95","fecha":"2020-11-15","hora_prevista":"18:00:00","grupo_id":"9","nomCasa":"Albania","nomFuera":"Kazajistán","clasificado":"0","goles_local":"3","goles_visitante":"1","nomEli":"Liguilla ","nomGrupo":"Grupo 4"},{"jornada":"95","fecha":"2020-11-15","hora_prevista":"20:45:00","grupo_id":"8","nomCasa":"Eslovenia","nomFuera":"Kosovo","clasificado":"0","goles_local":"2","goles_visitante":"1","nomEli":"Liguilla ","nomGrupo":"Grupo 3"},{"jornada":"95","fecha":"2020-11-15","hora_prevista":"20:45:00","grupo_id":"8","nomCasa":"Moldavia","nomFuera":"Grecia","clasificado":"0","goles_local":"0","goles_visitante":"2","nomEli":"Liguilla ","nomGrupo":"Grupo 3"},{"jornada":"95","fecha":"2020-11-15","hora_prevista":"18:00:00","grupo_id":"7","nomCasa":"Georgia","nomFuera":"Armenia","clasificado":"0","goles_local":"1","goles_visitante":"2","nomEli":"Liguilla ","nomGrupo":"Grupo 2"},{"jornada":"95","fecha":"2020-11-15","hora_prevista":"15:00:00","grupo_id":"7","nomCasa":"Macedonia del Norte","nomFuera":"Estonia","clasificado":"0","goles_local":"2","goles_visitante":"1","nomEli":"Liguilla ","nomGrupo":"Grupo 2"},{"jornada":"95","fecha":"2020-11-15","hora_prevista":"18:00:00","grupo_id":"9","nomCasa":"Bielorrusia","nomFuera":"Lituania","clasificado":"0","goles_local":"2","goles_visitante":"0","nomEli":"Liguilla ","nomGrupo":"Grupo 4"},{"jornada":"95","fecha":"2020-11-14","hora_prevista":"18:00:00","grupo_id":"2","nomCasa":"Chipre","nomFuera":"Luxemburgo","clasificado":"0","goles_local":"2","goles_visitante":"1","nomEli":"Liguilla ","nomGrupo":"Grupo 1"},{"jornada":"95","fecha":"2020-11-14","hora_prevista":"18:00:00","grupo_id":"2","nomCasa":"Azerbaiyán","nomFuera":"Montenegro","clasificado":"0","goles_local":"0","goles_visitante":"0","nomEli":"Liguilla ","nomGrupo":"Grupo 1"},{"jornada":"95","fecha":"2020-10-14","hora_prevista":"20:45:00","grupo_id":"8","nomCasa":"Grecia","nomFuera":"Kosovo","clasificado":"0","goles_local":"0","goles_visitante":"0","nomEli":"Liguilla ","nomGrupo":"Grupo 3"},{"jornada":"95","fecha":"2020-10-14","hora_prevista":"20:45:00","grupo_id":"8","nomCasa":"Moldavia","nomFuera":"Eslovenia","clasificado":"0","goles_local":"0","goles_visitante":"4","nomEli":"Liguilla ","nomGrupo":"Grupo 3"},{"jornada":"95","fecha":"2020-10-14","hora_prevista":"18:00:00","grupo_id":"9","nomCasa":"Lituania","nomFuera":"Albania","clasificado":"0","goles_local":"0","goles_visitante":"0","nomEli":"Liguilla ","nomGrupo":"Grupo 4"},{"jornada":"95","fecha":"2020-10-14","hora_prevista":"20:45:00","grupo_id":"9","nomCasa":"Bielorrusia","nomFuera":"Kazajistán","clasificado":"0","goles_local":"2","goles_visitante":"0","nomEli":"Liguilla ","nomGrupo":"Grupo 4"},{"jornada":"95","fecha":"2020-10-14","hora_prevista":"20:45:00","grupo_id":"7","nomCasa":"Estonia","nomFuera":"Armenia","clasificado":"0","goles_local":"1","goles_visitante":"1","nomEli":"Liguilla ","nomGrupo":"Grupo 2"},{"jornada":"95","fecha":"2020-10-14","hora_prevista":"20:45:00","grupo_id":"7","nomCasa":"Macedonia del Norte","nomFuera":"Georgia","clasificado":"0","goles_local":"1","goles_visitante":"1","nomEli":"Liguilla ","nomGrupo":"Grupo 2"},{"jornada":"95","fecha":"2020-10-13","hora_prevista":"18:00:00","grupo_id":"2","nomCasa":"Azerbaiyán","nomFuera":"Chipre","clasificado":"0","goles_local":"0","goles_visitante":"0","nomEli":"Liguilla ","nomGrupo":"Grupo 1"},{"jornada":"95","fecha":"2020-10-13","hora_prevista":"20:45:00","grupo_id":"2","nomCasa":"Montenegro","nomFuera":"Luxemburgo","clasificado":"0","goles_local":"1","goles_visitante":"2","nomEli":"Liguilla ","nomGrupo":"Grupo 1"},{"jornada":"95","fecha":"2020-10-11","hora_prevista":"18:00:00","grupo_id":"9","nomCasa":"Lituania","nomFuera":"Bielorrusia","clasificado":"0","goles_local":"2","goles_visitante":"2","nomEli":"Liguilla ","nomGrupo":"Grupo 4"},{"jornada":"95","fecha":"2020-10-11","hora_prevista":"18:00:00","grupo_id":"7","nomCasa":"Armenia","nomFuera":"Georgia","clasificado":"0","goles_local":"2","goles_visitante":"2","nomEli":"Liguilla ","nomGrupo":"Grupo 2"},{"jornada":"95","fecha":"2020-10-11","hora_prevista":"15:00:00","grupo_id":"9","nomCasa":"Kazajistán","nomFuera":"Albania","clasificado":"0","goles_local":"0","goles_visitante":"0","nomEli":"Liguilla ","nomGrupo":"Grupo 4"},{"jornada":"95","fecha":"2020-10-11","hora_prevista":"20:45:00","grupo_id":"8","nomCasa":"Grecia","nomFuera":"Moldavia","clasificado":"0","goles_local":"2","goles_visitante":"0","nomEli":"Liguilla ","nomGrupo":"Grupo 3"},{"jornada":"95","fecha":"2020-10-11","hora_prevista":"18:00:00","grupo_id":"7","nomCasa":"Estonia","nomFuera":"Macedonia del Norte","clasificado":"0","goles_local":"3","goles_visitante":"3","nomEli":"Liguilla ","nomGrupo":"Grupo 2"},{"jornada":"95","fecha":"2020-10-11","hora_prevista":"20:45:00","grupo_id":"8","nomCasa":"Kosovo","nomFuera":"Eslovenia","clasificado":"0","goles_local":"0","goles_visitante":"1","nomEli":"Liguilla ","nomGrupo":"Grupo 3"},{"jornada":"95","fecha":"2020-10-10","hora_prevista":"15:00:00","grupo_id":"2","nomCasa":"Montenegro","nomFuera":"Azerbaiyán","clasificado":"0","goles_local":"2","goles_visitante":"0","nomEli":"Liguilla ","nomGrupo":"Grupo 1"},{"jornada":"95","fecha":"2020-10-10","hora_prevista":"15:00:00","grupo_id":"2","nomCasa":"Luxemburgo","nomFuera":"Chipre","clasificado":"0","goles_local":"2","goles_visitante":"0","nomEli":"Liguilla ","nomGrupo":"Grupo 1"},{"jornada":"95","fecha":"2020-09-08","hora_prevista":"20:45:00","grupo_id":"2","nomCasa":"Chipre","nomFuera":"Azerbaiyán","clasificado":"0","goles_local":"0","goles_visitante":"1","nomEli":"Liguilla ","nomGrupo":"Grupo 1"},{"jornada":"95","fecha":"2020-09-08","hora_prevista":"20:45:00","grupo_id":"2","nomCasa":"Luxemburgo","nomFuera":"Montenegro","clasificado":"0","goles_local":"0","goles_visitante":"1","nomEli":"Liguilla ","nomGrupo":"Grupo 1"},{"jornada":"95","fecha":"2020-09-08","hora_prevista":"18:00:00","grupo_id":"7","nomCasa":"Georgia","nomFuera":"Macedonia del Norte","clasificado":"0","goles_local":"1","goles_visitante":"1","nomEli":"Liguilla ","nomGrupo":"Grupo 2"},{"jornada":"95","fecha":"2020-09-08","hora_prevista":"18:00:00","grupo_id":"7","nomCasa":"Armenia","nomFuera":"Estonia","clasificado":"0","goles_local":"2","goles_visitante":"0","nomEli":"Liguilla ","nomGrupo":"Grupo 2"},{"jornada":"95","fecha":"2020-09-07","hora_prevista":"20:45:00","grupo_id":"9","nomCasa":"Albania","nomFuera":"Lituania","clasificado":"0","goles_local":"0","goles_visitante":"1","nomEli":"Liguilla ","nomGrupo":"Grupo 4"},{"jornada":"95","fecha":"2020-09-07","hora_prevista":"16:00:00","grupo_id":"9","nomCasa":"Kazajistán","nomFuera":"Bielorrusia","clasificado":"0","goles_local":"1","goles_visitante":"2","nomEli":"Liguilla ","nomGrupo":"Grupo 4"},{"jornada":"95","fecha":"2020-09-06","hora_prevista":"18:00:00","grupo_id":"8","nomCasa":"Eslovenia","nomFuera":"Moldavia","clasificado":"0","goles_local":"1","goles_visitante":"0","nomEli":"Liguilla ","nomGrupo":"Grupo 3"},{"jornada":"95","fecha":"2020-09-06","hora_prevista":"20:45:00","grupo_id":"8","nomCasa":"Kosovo","nomFuera":"Grecia","clasificado":"0","goles_local":"1","goles_visitante":"2","nomEli":"Liguilla ","nomGrupo":"Grupo 3"},{"jornada":"95","fecha":"2020-09-05","hora_prevista":"18:00:00","grupo_id":"7","nomCasa":"Estonia","nomFuera":"Georgia","clasificado":"0","goles_local":"0","goles_visitante":"1","nomEli":"Liguilla ","nomGrupo":"Grupo 2"},{"jornada":"95","fecha":"2020-09-05","hora_prevista":"18:00:00","grupo_id":"2","nomCasa":"Chipre","nomFuera":"Montenegro","clasificado":"0","goles_local":"0","goles_visitante":"2","nomEli":"Liguilla ","nomGrupo":"Grupo 1"},{"jornada":"95","fecha":"2020-09-05","hora_prevista":"18:00:00","grupo_id":"2","nomCasa":"Azerbaiyán","nomFuera":"Luxemburgo","clasificado":"0","goles_local":"1","goles_visitante":"2","nomEli":"Liguilla ","nomGrupo":"Grupo 1"},{"jornada":"95","fecha":"2020-09-05","hora_prevista":"15:00:00","grupo_id":"7","nomCasa":"Macedonia del Norte","nomFuera":"Armenia","clasificado":"0","goles_local":"2","goles_visitante":"1","nomEli":"Liguilla ","nomGrupo":"Grupo 2"},{"jornada":"95","fecha":"2020-09-04","hora_prevista":"18:00:00","grupo_id":"9","nomCasa":"Lituania","nomFuera":"Kazajistán","clasificado":"0","goles_local":"0","goles_visitante":"2","nomEli":"Liguilla ","nomGrupo":"Grupo 4"},{"jornada":"95","fecha":"2020-09-04","hora_prevista":"20:45:00","grupo_id":"9","nomCasa":"Bielorrusia","nomFuera":"Albania","clasificado":"0","goles_local":"0","goles_visitante":"2","nomEli":"Liguilla ","nomGrupo":"Grupo 4"},{"jornada":"95","fecha":"2020-09-03","hora_prevista":"20:45:00","grupo_id":"8","nomCasa":"Eslovenia","nomFuera":"Grecia","clasificado":"0","goles_local":"0","goles_visitante":"0","nomEli":"Liguilla ","nomGrupo":"Grupo 3"},{"jornada":"95","fecha":"2020-09-03","hora_prevista":"20:45:00","grupo_id":"8","nomCasa":"Moldavia","nomFuera":"Kosovo","clasificado":"0","goles_local":"1","goles_visitante":"1","nomEli":"Liguilla ","nomGrupo":"Grupo 3"}]