[{"jornada":"95","fecha":"2020-11-17","hora_prevista":"20:45:00","grupo_id":"7","nomCasa":"Gibraltar","nomFuera":"Liechtenstein","clasificado":"0","goles_local":"1","goles_visitante":"1","nomEli":"Liguilla ","nomGrupo":"Grupo 2"},{"jornada":"95","fecha":"2020-11-17","hora_prevista":"20:45:00","grupo_id":"2","nomCasa":"Andorra","nomFuera":"Letonia","clasificado":"0","goles_local":"0","goles_visitante":"5","nomEli":"Liguilla ","nomGrupo":"Grupo 1"},{"jornada":"95","fecha":"2020-11-17","hora_prevista":"20:45:00","grupo_id":"2","nomCasa":"Malta","nomFuera":"Feroe","clasificado":"0","goles_local":"1","goles_visitante":"1","nomEli":"Liguilla ","nomGrupo":"Grupo 1"},{"jornada":"95","fecha":"2020-11-14","hora_prevista":"15:00:00","grupo_id":"7","nomCasa":"San Marino","nomFuera":"Gibraltar","clasificado":"0","goles_local":"0","goles_visitante":"0","nomEli":"Liguilla ","nomGrupo":"Grupo 2"},{"jornada":"95","fecha":"2020-11-14","hora_prevista":"18:00:00","grupo_id":"2","nomCasa":"Letonia","nomFuera":"Feroe","clasificado":"0","goles_local":"1","goles_visitante":"1","nomEli":"Liguilla ","nomGrupo":"Grupo 1"},{"jornada":"95","fecha":"2020-11-14","hora_prevista":"15:00:00","grupo_id":"2","nomCasa":"Malta","nomFuera":"Andorra","clasificado":"0","goles_local":"3","goles_visitante":"1","nomEli":"Liguilla ","nomGrupo":"Grupo 1"},{"jornada":"95","fecha":"2020-10-13","hora_prevista":"18:00:00","grupo_id":"2","nomCasa":"Letonia","nomFuera":"Malta","clasificado":"0","goles_local":"0","goles_visitante":"1","nomEli":"Liguilla ","nomGrupo":"Grupo 1"},{"jornada":"95","fecha":"2020-10-13","hora_prevista":"20:45:00","grupo_id":"2","nomCasa":"Feroe","nomFuera":"Andorra","clasificado":"0","goles_local":"2","goles_visitante":"0","nomEli":"Liguilla ","nomGrupo":"Grupo 1"},{"jornada":"95","fecha":"2020-10-13","hora_prevista":"20:45:00","grupo_id":"7","nomCasa":"Liechtenstein","nomFuera":"San Marino","clasificado":"0","goles_local":"0","goles_visitante":"0","nomEli":"Liguilla ","nomGrupo":"Grupo 2"},{"jornada":"95","fecha":"2020-10-10","hora_prevista":"20:45:00","grupo_id":"2","nomCasa":"Andorra","nomFuera":"Malta","clasificado":"0","goles_local":"0","goles_visitante":"0","nomEli":"Liguilla ","nomGrupo":"Grupo 1"},{"jornada":"95","fecha":"2020-10-10","hora_prevista":"18:00:00","grupo_id":"2","nomCasa":"Feroe","nomFuera":"Letonia","clasificado":"0","goles_local":"1","goles_visitante":"1","nomEli":"Liguilla ","nomGrupo":"Grupo 1"},{"jornada":"95","fecha":"2020-10-10","hora_prevista":"18:00:00","grupo_id":"7","nomCasa":"Liechtenstein","nomFuera":"Gibraltar","clasificado":"0","goles_local":"0","goles_visitante":"1","nomEli":"Liguilla ","nomGrupo":"Grupo 2"},{"jornada":"95","fecha":"2020-09-08","hora_prevista":"20:45:00","grupo_id":"7","nomCasa":"San Marino","nomFuera":"Liechtenstein","clasificado":"0","goles_local":"0","goles_visitante":"2","nomEli":"Liguilla ","nomGrupo":"Grupo 2"},{"jornada":"95","fecha":"2020-09-06","hora_prevista":"20:45:00","grupo_id":"2","nomCasa":"Malta","nomFuera":"Letonia","clasificado":"0","goles_local":"1","goles_visitante":"1","nomEli":"Liguilla ","nomGrupo":"Grupo 1"},{"jornada":"95","fecha":"2020-09-06","hora_prevista":"15:00:00","grupo_id":"2","nomCasa":"Andorra","nomFuera":"Feroe","clasificado":"0","goles_local":"0","goles_visitante":"1","nomEli":"Liguilla ","nomGrupo":"Grupo 1"},{"jornada":"95","fecha":"2020-09-05","hora_prevista":"15:00:00","grupo_id":"7","nomCasa":"Gibraltar","nomFuera":"San Marino","clasificado":"0","goles_local":"1","goles_visitante":"0","nomEli":"Liguilla ","nomGrupo":"Grupo 2"},{"jornada":"95","fecha":"2020-09-03","hora_prevista":"20:45:00","grupo_id":"2","nomCasa":"Feroe","nomFuera":"Malta","clasificado":"0","goles_local":"3","goles_visitante":"2","nomEli":"Liguilla ","nomGrupo":"Grupo 1"},{"jornada":"95","fecha":"2020-09-03","hora_prevista":"18:00:00","grupo_id":"2","nomCasa":"Letonia","nomFuera":"Andorra","clasificado":"0","goles_local":"0","goles_visitante":"0","nomEli":"Liguilla ","nomGrupo":"Grupo 1"}]