[{"url":"https:\/\/empresite.eleconomista.es\/Actividad\/SUMINISTROS-INDUSTRIALES\/localidad\/VALENCIA\/","paginas":20},{"url":"https:\/\/empresite.eleconomista.es\/Actividad\/SUMINISTROS-INDUSTRIALES\/localidad\/PATERNA-VALENCIA\/","paginas":16},{"url":"https:\/\/empresite.eleconomista.es\/Actividad\/SUMINISTROS-INDUSTRIALES\/localidad\/GANDIA-VALENCIA\/","paginas":13},{"url":"https:\/\/empresite.eleconomista.es\/Actividad\/SUMINISTROS-INDUSTRIALES\/localidad\/TORRENT-VALENCIA\/","paginas":11},{"url":"https:\/\/empresite.eleconomista.es\/Actividad\/SUMINISTROS-INDUSTRIALES\/localidad\/SAGUNTO-SAGUNT-VALENCIA\/","paginas":9},{"url":"https:\/\/empresite.eleconomista.es\/Actividad\/SUMINISTROS-INDUSTRIALES\/localidad\/ALZIRA-VALENCIA\/","paginas":8},{"url":"https:\/\/empresite.eleconomista.es\/Actividad\/SUMINISTROS-INDUSTRIALES\/localidad\/RIBA-ROJA-TURIA-VALENCIA\/","paginas":8},{"url":"https:\/\/empresite.eleconomista.es\/Actividad\/SUMINISTROS-INDUSTRIALES\/localidad\/ALDAIA-VALENCIA\/","paginas":7},{"url":"https:\/\/empresite.eleconomista.es\/Actividad\/SUMINISTROS-INDUSTRIALES\/localidad\/ALAQUAS-VALENCIA\/","paginas":7},{"url":"https:\/\/empresite.eleconomista.es\/Actividad\/SUMINISTROS-INDUSTRIALES\/localidad\/QUART-POBLET-VALENCIA\/","paginas":7},{"url":"https:\/\/empresite.eleconomista.es\/Actividad\/SUMINISTROS-INDUSTRIALES\/localidad\/ONTINYENT-VALENCIA\/","paginas":7},{"url":"https:\/\/empresite.eleconomista.es\/Actividad\/SUMINISTROS-INDUSTRIALES\/localidad\/CATARROJA-VALENCIA\/","paginas":7},{"url":"https:\/\/empresite.eleconomista.es\/Actividad\/SUMINISTROS-INDUSTRIALES\/localidad\/MANISES-VALENCIA\/","paginas":6},{"url":"https:\/\/empresite.eleconomista.es\/Actividad\/SUMINISTROS-INDUSTRIALES\/localidad\/SUECA-VALENCIA\/","paginas":5},{"url":"https:\/\/empresite.eleconomista.es\/Actividad\/SUMINISTROS-INDUSTRIALES\/localidad\/SILLA-VALENCIA\/","paginas":5},{"url":"https:\/\/empresite.eleconomista.es\/Actividad\/SUMINISTROS-INDUSTRIALES\/localidad\/XATIVA-VALENCIA\/","paginas":5},{"url":"https:\/\/empresite.eleconomista.es\/Actividad\/SUMINISTROS-INDUSTRIALES\/localidad\/MISLATA-VALENCIA\/","paginas":5},{"url":"https:\/\/empresite.eleconomista.es\/Actividad\/SUMINISTROS-INDUSTRIALES\/localidad\/POBLA-VALLBONA-VALENCIA\/","paginas":5},{"url":"https:\/\/empresite.eleconomista.es\/Actividad\/SUMINISTROS-INDUSTRIALES\/localidad\/ALBORAYA-VALENCIA\/","paginas":4},{"url":"https:\/\/empresite.eleconomista.es\/Actividad\/SUMINISTROS-INDUSTRIALES\/localidad\/BURJASSOT-VALENCIA\/","paginas":4},{"url":"https:\/\/empresite.eleconomista.es\/Actividad\/SUMINISTROS-INDUSTRIALES\/localidad\/XIRIVELLA-VALENCIA\/","paginas":4},{"url":"https:\/\/empresite.eleconomista.es\/Actividad\/SUMINISTROS-INDUSTRIALES\/localidad\/RAFELBUNOL-RAFELBUNYOL-VALENCIA\/","paginas":4},{"url":"https:\/\/empresite.eleconomista.es\/Actividad\/SUMINISTROS-INDUSTRIALES\/localidad\/CARLET-VALENCIA\/","paginas":4},{"url":"https:\/\/empresite.eleconomista.es\/Actividad\/SUMINISTROS-INDUSTRIALES\/localidad\/PAIPORTA-VALENCIA\/","paginas":4},{"url":"https:\/\/empresite.eleconomista.es\/Actividad\/SUMINISTROS-INDUSTRIALES\/localidad\/OLIVA-VALENCIA\/","paginas":4},{"url":"https:\/\/empresite.eleconomista.es\/Actividad\/SUMINISTROS-INDUSTRIALES\/localidad\/PICASSENT-VALENCIA\/","paginas":4},{"url":"https:\/\/empresite.eleconomista.es\/Actividad\/SUMINISTROS-INDUSTRIALES\/localidad\/BENIPARRELL-VALENCIA\/","paginas":4},{"url":"https:\/\/empresite.eleconomista.es\/Actividad\/SUMINISTROS-INDUSTRIALES\/localidad\/MONCADA-VALENCIA\/","paginas":4},{"url":"https:\/\/empresite.eleconomista.es\/Actividad\/SUMINISTROS-INDUSTRIALES\/localidad\/ALGEMESI-VALENCIA\/","paginas":4}]