[{"url":"https:\/\/empresite.eleconomista.es\/Actividad\/SUMINISTROS-ELECTRICOS\/localidad\/ALICANTE-ALACANT\/","paginas":5},{"url":"https:\/\/empresite.eleconomista.es\/Actividad\/SUMINISTROS-ELECTRICOS\/localidad\/ELCHE-ELX-ALICANTE\/","paginas":4},{"url":"https:\/\/empresite.eleconomista.es\/Actividad\/SUMINISTROS-ELECTRICOS\/localidad\/ORIHUELA-ALICANTE\/","paginas":2},{"url":"https:\/\/empresite.eleconomista.es\/Actividad\/SUMINISTROS-ELECTRICOS\/localidad\/ELDA-ALICANTE\/","paginas":1},{"url":"https:\/\/empresite.eleconomista.es\/Actividad\/SUMINISTROS-ELECTRICOS\/localidad\/ALCOY-ALCOI-ALICANTE\/","paginas":1},{"url":"https:\/\/empresite.eleconomista.es\/Actividad\/SUMINISTROS-ELECTRICOS\/localidad\/CREVILLENT-ALICANTE\/","paginas":1},{"url":"https:\/\/empresite.eleconomista.es\/Actividad\/SUMINISTROS-ELECTRICOS\/localidad\/NOVELDA-ALICANTE\/","paginas":1},{"url":"https:\/\/empresite.eleconomista.es\/Actividad\/SUMINISTROS-ELECTRICOS\/localidad\/PETRER-ALICANTE\/","paginas":1},{"url":"https:\/\/empresite.eleconomista.es\/Actividad\/SUMINISTROS-ELECTRICOS\/localidad\/TORREVIEJA-ALICANTE\/","paginas":1},{"url":"https:\/\/empresite.eleconomista.es\/Actividad\/SUMINISTROS-ELECTRICOS\/localidad\/DENIA-ALICANTE\/","paginas":1},{"url":"https:\/\/empresite.eleconomista.es\/Actividad\/SUMINISTROS-ELECTRICOS\/localidad\/JAVEA-XABIA-ALICANTE\/","paginas":1},{"url":"https:\/\/empresite.eleconomista.es\/Actividad\/SUMINISTROS-ELECTRICOS\/localidad\/SAN-VICENTE-RASPEIG-SANT-VICENT-ALICANTE\/","paginas":1},{"url":"https:\/\/empresite.eleconomista.es\/Actividad\/SUMINISTROS-ELECTRICOS\/localidad\/BENIDORM-ALICANTE\/","paginas":1},{"url":"https:\/\/empresite.eleconomista.es\/Actividad\/SUMINISTROS-ELECTRICOS\/localidad\/IBI-ALICANTE\/","paginas":1},{"url":"https:\/\/empresite.eleconomista.es\/Actividad\/SUMINISTROS-ELECTRICOS\/localidad\/CALPE-CALP-ALICANTE\/","paginas":1},{"url":"https:\/\/empresite.eleconomista.es\/Actividad\/SUMINISTROS-ELECTRICOS\/localidad\/NUCIA-ALICANTE\/","paginas":1},{"url":"https:\/\/empresite.eleconomista.es\/Actividad\/SUMINISTROS-ELECTRICOS\/localidad\/SANTA-POLA-ALICANTE\/","paginas":1},{"url":"https:\/\/empresite.eleconomista.es\/Actividad\/SUMINISTROS-ELECTRICOS\/localidad\/VILLENA-ALICANTE\/","paginas":1},{"url":"https:\/\/empresite.eleconomista.es\/Actividad\/SUMINISTROS-ELECTRICOS\/localidad\/ASPE-ALICANTE\/","paginas":1},{"url":"https:\/\/empresite.eleconomista.es\/Actividad\/SUMINISTROS-ELECTRICOS\/localidad\/BENISSA-ALICANTE\/","paginas":1},{"url":"https:\/\/empresite.eleconomista.es\/Actividad\/SUMINISTROS-ELECTRICOS\/localidad\/COCENTAINA-ALICANTE\/","paginas":1},{"url":"https:\/\/empresite.eleconomista.es\/Actividad\/SUMINISTROS-ELECTRICOS\/localidad\/ALMORADI-ALICANTE\/","paginas":1},{"url":"https:\/\/empresite.eleconomista.es\/Actividad\/SUMINISTROS-ELECTRICOS\/localidad\/ALTEA-ALICANTE\/","paginas":1},{"url":"https:\/\/empresite.eleconomista.es\/Actividad\/SUMINISTROS-ELECTRICOS\/localidad\/BENEJUZAR-ALICANTE\/","paginas":1},{"url":"https:\/\/empresite.eleconomista.es\/Actividad\/SUMINISTROS-ELECTRICOS\/localidad\/CAMPELLO-ALICANTE\/","paginas":1},{"url":"https:\/\/empresite.eleconomista.es\/Actividad\/SUMINISTROS-ELECTRICOS\/localidad\/JIJONA-XIXONA-ALICANTE\/","paginas":1},{"url":"https:\/\/empresite.eleconomista.es\/Actividad\/SUMINISTROS-ELECTRICOS\/localidad\/MONOVAR-MONOVER-ALICANTE\/","paginas":1},{"url":"https:\/\/empresite.eleconomista.es\/Actividad\/SUMINISTROS-ELECTRICOS\/localidad\/SAX-ALICANTE\/","paginas":1},{"url":"https:\/\/empresite.eleconomista.es\/Actividad\/SUMINISTROS-ELECTRICOS\/localidad\/ALFAS-PI-L-ALICANTE\/","paginas":1}]