[{"enlace":"https:\/\/empresite.eleconomista.es\/AUTENTIC-VENDING-2005.html"},{"enlace":"https:\/\/empresite.eleconomista.es\/AUTOMATICS-COSINS.html"},{"enlace":"https:\/\/empresite.eleconomista.es\/JUNTA-AGUAS-DENIA.html"},{"enlace":"https:\/\/empresite.eleconomista.es\/DAROCA-FERRALLAS.html"},{"enlace":"https:\/\/empresite.eleconomista.es\/CERRAJERIA-FORJA-DENIA.html"},{"enlace":"https:\/\/empresite.eleconomista.es\/POWER-SISTEM-CLEAN.html"},{"enlace":"https:\/\/empresite.eleconomista.es\/CERRAJERIA-SEGUI.html"},{"enlace":"https:\/\/empresite.eleconomista.es\/INNOVA-SOLAR-LEVANTE.html"},{"enlace":"https:\/\/empresite.eleconomista.es\/DONSOL.html"},{"enlace":"https:\/\/empresite.eleconomista.es\/INSTALACIONES-COSDA.html"},{"enlace":"https:\/\/empresite.eleconomista.es\/VERA-SUN-ENERGY-CORP.html"},{"enlace":"https:\/\/empresite.eleconomista.es\/ECO-DOSA.html"},{"enlace":"https:\/\/empresite.eleconomista.es\/SOL-ALQUILERES.html"},{"enlace":"https:\/\/empresite.eleconomista.es\/HITO-GESTION-FOTOVOLTAICA.html"},{"enlace":"https:\/\/empresite.eleconomista.es\/M-VIDAL-SUNENERGY-DENIA.html"},{"enlace":"https:\/\/empresite.eleconomista.es\/VENTANAS-GALVANY.html"},{"enlace":"https:\/\/empresite.eleconomista.es\/MATRICERIA-ROYAN.html"},{"enlace":"https:\/\/empresite.eleconomista.es\/GRUPO-CAPITAL-ROTROM.html"},{"enlace":"https:\/\/empresite.eleconomista.es\/PALU-INSTALACIONES-ILUMINACIONES-ELECTRICAS.html"},{"enlace":"https:\/\/empresite.eleconomista.es\/TRIANA-MANAGEMENT.html"},{"enlace":"https:\/\/empresite.eleconomista.es\/INSTALACIONES-MI-SER.html"},{"enlace":"https:\/\/empresite.eleconomista.es\/THEME-PARK-HOLIDAYS.html"},{"enlace":"https:\/\/empresite.eleconomista.es\/ALUMINIS-IPVC-ALUMAR3.html"},{"enlace":"https:\/\/empresite.eleconomista.es\/AMABUITRA.html"},{"enlace":"https:\/\/empresite.eleconomista.es\/GRUPO-8-PELUQUEROS-DENIA.html"},{"enlace":"https:\/\/empresite.eleconomista.es\/TELECONCEPT.html"},{"enlace":"https:\/\/empresite.eleconomista.es\/ELECTROM-DENIA.html"},{"enlace":"https:\/\/empresite.eleconomista.es\/CONSULTING-GESTION-SALOMAR.html"},{"enlace":"https:\/\/empresite.eleconomista.es\/GABINETE-TECNICO-RAUL.html"},{"enlace":"https:\/\/empresite.eleconomista.es\/URBATECTURA.html"}]