[{"enlace":"https:\/\/empresite.eleconomista.es\/DECM-PRIVATE-SYSTEM-OF-INVESTMENTS.html"},{"enlace":"https:\/\/empresite.eleconomista.es\/DISENOS-ESCAYOLAS-SENFOR.html"},{"enlace":"https:\/\/empresite.eleconomista.es\/COMERCIAL-RECICLAJES.html"},{"enlace":"https:\/\/empresite.eleconomista.es\/TECMAFRUT.html"},{"enlace":"https:\/\/empresite.eleconomista.es\/ALZIRENA-INOXIDABLES-ALIMENTARIOS.html"},{"enlace":"https:\/\/empresite.eleconomista.es\/AUTOMOVILES-ALZIRA.html"},{"enlace":"https:\/\/empresite.eleconomista.es\/TALLERES-MOYA-ALZIRA.html"},{"enlace":"https:\/\/empresite.eleconomista.es\/PIPER-2002.html"},{"enlace":"https:\/\/empresite.eleconomista.es\/METALXUQUER.html"},{"enlace":"https:\/\/empresite.eleconomista.es\/ILES-RIBERA.html"},{"enlace":"https:\/\/empresite.eleconomista.es\/VALORIZABLES.html"},{"enlace":"https:\/\/empresite.eleconomista.es\/ENCONTRE-VALENCIA-21.html"},{"enlace":"https:\/\/empresite.eleconomista.es\/MAXFRUT-ALMERIA.html"},{"enlace":"https:\/\/empresite.eleconomista.es\/BIBOCRI.html"},{"enlace":"https:\/\/empresite.eleconomista.es\/SEFRADI.html"},{"enlace":"https:\/\/empresite.eleconomista.es\/HURTADO-BALBANEDA.html"},{"enlace":"https:\/\/empresite.eleconomista.es\/MASANY-SOLAR.html"},{"enlace":"https:\/\/empresite.eleconomista.es\/EUROMONTAJES-SAN-JUAN.html"},{"enlace":"https:\/\/empresite.eleconomista.es\/AREA-MEDITERRANEA-EXCAVACIONS.html"},{"enlace":"https:\/\/empresite.eleconomista.es\/J-LLOPIS-VIDAL.html"},{"enlace":"https:\/\/empresite.eleconomista.es\/CARROCERIAS-CAMARASA-VALENCIA.html"},{"enlace":"https:\/\/empresite.eleconomista.es\/INSTALACIONES-VIADA.html"},{"enlace":"https:\/\/empresite.eleconomista.es\/ESCAYOLAS-FRANCISCO-ARAQUE.html"},{"enlace":"https:\/\/empresite.eleconomista.es\/TODOMOVIL-MABER.html"},{"enlace":"https:\/\/empresite.eleconomista.es\/IS-MOYA-ALZIRA.html"},{"enlace":"https:\/\/empresite.eleconomista.es\/CHIMENEAS-SANTAEULALIA.html"},{"enlace":"https:\/\/empresite.eleconomista.es\/GLOBAL-WASTE-TRADING.html"},{"enlace":"https:\/\/empresite.eleconomista.es\/MARTINEZ-CANO-GESTION.html"},{"enlace":"https:\/\/empresite.eleconomista.es\/CLAUR-ART-CERAMIC.html"},{"enlace":"https:\/\/empresite.eleconomista.es\/ALUALZIMETAL.html"}]