[{"enlace":"https:\/\/empresite.eleconomista.es\/CREATIVA-ENERGIA-SOLAR-CASTILLA-MANCHA-1.html"},{"enlace":"https:\/\/empresite.eleconomista.es\/SUOFI-ABASTIMENT-D-OFICINA.html"},{"enlace":"https:\/\/empresite.eleconomista.es\/SARABIA-ANDRES.html"},{"enlace":"https:\/\/empresite.eleconomista.es\/MATORFE.html"},{"enlace":"https:\/\/empresite.eleconomista.es\/ASCENSORES-COROTEK.html"},{"enlace":"https:\/\/empresite.eleconomista.es\/ESCALERAS-PERGOLAS-PASCUAL-PEREZ.html"},{"enlace":"https:\/\/empresite.eleconomista.es\/PLATEC-ENERGIES.html"},{"enlace":"https:\/\/empresite.eleconomista.es\/MECATHESAL.html"},{"enlace":"https:\/\/empresite.eleconomista.es\/ASTERA.html"},{"enlace":"https:\/\/empresite.eleconomista.es\/SARKIMPSA-IMPORT.html"},{"enlace":"https:\/\/empresite.eleconomista.es\/PALOMATIC.html"},{"enlace":"https:\/\/empresite.eleconomista.es\/JF-SENIA-INFORMATICA.html"},{"enlace":"https:\/\/empresite.eleconomista.es\/GRUPO-XARA-LEVANTE.html"},{"enlace":"https:\/\/empresite.eleconomista.es\/CARPINTERIA-METALICA-ALGEMETAL.html"},{"enlace":"https:\/\/empresite.eleconomista.es\/MATESE-ALGEMESI.html"},{"enlace":"https:\/\/empresite.eleconomista.es\/CHEM-MECANITZATS.html"},{"enlace":"https:\/\/empresite.eleconomista.es\/CHATARRA-ALGEMESI.html"},{"enlace":"https:\/\/empresite.eleconomista.es\/TERMOESTABLES-ALZIRA.html"},{"enlace":"https:\/\/empresite.eleconomista.es\/ELECTRICITAT-JORGE-ORTEGA-ALANDETE.html"},{"enlace":"https:\/\/empresite.eleconomista.es\/JUAN-C-FORNER.html"},{"enlace":"https:\/\/empresite.eleconomista.es\/ROMANI-MAQUINARIA.html"},{"enlace":"https:\/\/empresite.eleconomista.es\/CRISTALERIA-ALGEMESI.html"},{"enlace":"https:\/\/empresite.eleconomista.es\/INSTALACIONES-ELECTRICAS-ALGEMESI.html"},{"enlace":"https:\/\/empresite.eleconomista.es\/COINSTAL.html"},{"enlace":"https:\/\/empresite.eleconomista.es\/CREATIVA-ENERGIA-SOLAR-CASTILLA-MANCHA.html"},{"enlace":"https:\/\/empresite.eleconomista.es\/QUIMIPAPEL-INDUSTRIAL.html"},{"enlace":"https:\/\/empresite.eleconomista.es\/BONO-MORA-CONSTRUCCIONES.html"},{"enlace":"https:\/\/empresite.eleconomista.es\/SIRLEY.html"},{"enlace":"https:\/\/empresite.eleconomista.es\/INSTALACIONES-ELECTRICAS-LAZARO-COPOVI.html"},{"enlace":"https:\/\/empresite.eleconomista.es\/COMERCIAL-MARMOLES-ALCADUF.html"}]