[{"enlace":"https:\/\/empresite.eleconomista.es\/ELECTRICIDAD-RABAL.html"},{"enlace":"https:\/\/empresite.eleconomista.es\/ELECTRICIDAD-VERMO.html"},{"enlace":"https:\/\/empresite.eleconomista.es\/ELECTRICIDAD-CABEZO.html"},{"enlace":"https:\/\/empresite.eleconomista.es\/ELECTRICIDAD-RUFIA.html"},{"enlace":"https:\/\/empresite.eleconomista.es\/ELECTRICIDAD-MARGOM.html"},{"enlace":"https:\/\/empresite.eleconomista.es\/ELECTRICIDAD-JIBER.html"},{"enlace":"https:\/\/empresite.eleconomista.es\/ELECTRICIDAD-VANO.html"},{"enlace":"https:\/\/empresite.eleconomista.es\/ELECTRICIDAD-CHAZARRA.html"},{"enlace":"https:\/\/empresite.eleconomista.es\/ELECTRICIDAD-RUBEN-JOSE.html"},{"enlace":"https:\/\/empresite.eleconomista.es\/TELEVEL-ELECTRICIDAD-TELECOMUNICACIONES.html"},{"enlace":"https:\/\/empresite.eleconomista.es\/EMAM-ELECTRICIDAD-AUTOMATIZACION-INDUSTRIAL.html"},{"enlace":"https:\/\/empresite.eleconomista.es\/QUIRANT-ELECTRICIDAD-TELECOMUNICACIONES.html"},{"enlace":"https:\/\/empresite.eleconomista.es\/ELECTRICIDAD-POMARES-PINOL.html"},{"enlace":"https:\/\/empresite.eleconomista.es\/ELECTRICIDAD-JM-GROUP.html"},{"enlace":"https:\/\/empresite.eleconomista.es\/ELECTRICIDAD-SANTIAGO-ANIORTE.html"},{"enlace":"https:\/\/empresite.eleconomista.es\/TITOS-ELECTRICIDAD-COMUNICACION.html"},{"enlace":"https:\/\/empresite.eleconomista.es\/URBAN-AGULLO-ELECTRICIDAD.html"},{"enlace":"https:\/\/empresite.eleconomista.es\/ELECTRICIDAD-MATEU-HIJOS-COMPANIA.html"},{"enlace":"https:\/\/empresite.eleconomista.es\/ELECTRICIDAD-SANCHEZ-SABUCO.html"},{"enlace":"https:\/\/empresite.eleconomista.es\/ELECTRICIDAD-VICO-GARCIA.html"},{"enlace":"https:\/\/empresite.eleconomista.es\/AIRE-ACONDICIONADO-ELECTRICIDAD-FRILLICE.html"},{"enlace":"https:\/\/empresite.eleconomista.es\/ELECTRICIDAD-FRAN-RENOVABLES.html"},{"enlace":"https:\/\/empresite.eleconomista.es\/ASTUR-ELECTRICIDAD-E-HIDROTECNICA.html"},{"enlace":"https:\/\/empresite.eleconomista.es\/ELECTRICIDAD-ANDARIAS-ARCE.html"},{"enlace":"https:\/\/empresite.eleconomista.es\/INSTALACIONES-ELECTRICIDAD-PAQUETE.html"},{"enlace":"https:\/\/empresite.eleconomista.es\/ELECTRICIDAD-JESUS-JOSE.html"},{"enlace":"https:\/\/empresite.eleconomista.es\/ELECTRICIDAD-JUAN-MARIO-GROUP.html"},{"enlace":"https:\/\/empresite.eleconomista.es\/ELECTRICIDAD-ESTEVE-VALERO.html"},{"enlace":"https:\/\/empresite.eleconomista.es\/ELECTRICIDAD-HERMANOS-IBARRA.html"},{"enlace":"https:\/\/empresite.eleconomista.es\/ELECTRICIDAD-ALSANBO-CONSTRUCCIONES-PEREA-MUNOZ.html"}]