[{"enlace":"https:\/\/empresite.eleconomista.es\/COSTACALIDA-INTERIOR.html"},{"enlace":"https:\/\/empresite.eleconomista.es\/ENVASES-EMBALAJES-MEDITERRANEO.html"},{"enlace":"https:\/\/empresite.eleconomista.es\/JARDINERIA-FLOR-AZAHAR.html"},{"enlace":"https:\/\/empresite.eleconomista.es\/URBANACONS-10.html"},{"enlace":"https:\/\/empresite.eleconomista.es\/EUROHISPANA-BIENES.html"},{"enlace":"https:\/\/empresite.eleconomista.es\/CONSTRUCCIONES-LLORLI.html"},{"enlace":"https:\/\/empresite.eleconomista.es\/CONSTRUCCIONES-REBECA-SANTOS.html"},{"enlace":"https:\/\/empresite.eleconomista.es\/CETEPOL.html"},{"enlace":"https:\/\/empresite.eleconomista.es\/PROMOCIONES-NUEVOS-JARDINES.html"},{"enlace":"https:\/\/empresite.eleconomista.es\/CONSTRUCCIONES-ORIMATA.html"},{"enlace":"https:\/\/empresite.eleconomista.es\/PROCOJAMA.html"},{"enlace":"https:\/\/empresite.eleconomista.es\/CONSTRUCCIONES-MOVIMIENTOS-OVISA.html"},{"enlace":"https:\/\/empresite.eleconomista.es\/URBA-LOGA.html"},{"enlace":"https:\/\/empresite.eleconomista.es\/TORRESUL-ESTRUCTURAS.html"},{"enlace":"https:\/\/empresite.eleconomista.es\/RA-INDES.html"},{"enlace":"https:\/\/empresite.eleconomista.es\/PROMOCIONES-ORISOL.html"},{"enlace":"https:\/\/empresite.eleconomista.es\/QUALITY-EUROPEAN-VILLAS-PCP.html"},{"enlace":"https:\/\/empresite.eleconomista.es\/PLAYASOL-PROPERTIES.html"},{"enlace":"https:\/\/empresite.eleconomista.es\/ASETSPAIN.html"},{"enlace":"https:\/\/empresite.eleconomista.es\/PUERTAS-MOLDURAS-DESAMPARADOS.html"},{"enlace":"https:\/\/empresite.eleconomista.es\/FEJOCAR-VENTANAS.html"},{"enlace":"https:\/\/empresite.eleconomista.es\/SKIBA-GROUP-21.html"},{"enlace":"https:\/\/empresite.eleconomista.es\/CONTROLUM-SEGURIDAD.html"},{"enlace":"https:\/\/empresite.eleconomista.es\/LAMBO-MARKETING.html"},{"enlace":"https:\/\/empresite.eleconomista.es\/INNOVACION-TECNICA-HIELO.html"},{"enlace":"https:\/\/empresite.eleconomista.es\/PECAMU-2012.html"},{"enlace":"https:\/\/empresite.eleconomista.es\/REYBEL-ASOCIADOS.html"},{"enlace":"https:\/\/empresite.eleconomista.es\/LUCIFEX-ENERGIAS.html"},{"enlace":"https:\/\/empresite.eleconomista.es\/COMERCIAL-DAYMAN.html"},{"enlace":"https:\/\/empresite.eleconomista.es\/ROTULOS-CUBIERTAS-VEGA-BAJA.html"}]