[{"enlace":"https:\/\/empresite.eleconomista.es\/ESCOLETA-TINCHO-PINCHO-CARPINCHO.html"},{"enlace":"https:\/\/empresite.eleconomista.es\/DIJO-REPARACIONS.html"},{"enlace":"https:\/\/empresite.eleconomista.es\/FOTOVOLTAICA-REVA-7.html"},{"enlace":"https:\/\/empresite.eleconomista.es\/QUIMICAS-QUIMIPAPEL.html"},{"enlace":"https:\/\/empresite.eleconomista.es\/REPRESENTACIONES-JOVIJU.html"},{"enlace":"https:\/\/empresite.eleconomista.es\/CHE-OPCION-BUEN-PC.html"},{"enlace":"https:\/\/empresite.eleconomista.es\/ALGESON-IBERICA.html"},{"enlace":"https:\/\/empresite.eleconomista.es\/NEUMATICA-VALVULERIA.html"},{"enlace":"https:\/\/empresite.eleconomista.es\/ELECTRICIDAD-FERRIS.html"},{"enlace":"https:\/\/empresite.eleconomista.es\/FUSTERIA-ESTIL-NOU-MIRAVET.html"},{"enlace":"https:\/\/empresite.eleconomista.es\/NATRUFESA.html"},{"enlace":"https:\/\/empresite.eleconomista.es\/ASIMIR-PROMOCIONES.html"},{"enlace":"https:\/\/empresite.eleconomista.es\/CREATIVA-ENERGIA-SOLAR-CASTILLA-MANCHA-2.html"},{"enlace":"https:\/\/empresite.eleconomista.es\/LIMPIEZAS-ALOJA.html"},{"enlace":"https:\/\/empresite.eleconomista.es\/INOX-MEDITERRANEO.html"},{"enlace":"https:\/\/empresite.eleconomista.es\/CARPINTERIA-MARAVILLA.html"},{"enlace":"https:\/\/empresite.eleconomista.es\/JOAQUIN-MACHI-FERRIS.html"},{"enlace":"https:\/\/empresite.eleconomista.es\/SAYMOPACK.html"},{"enlace":"https:\/\/empresite.eleconomista.es\/BENESTAR-COMUNITAT.html"},{"enlace":"https:\/\/empresite.eleconomista.es\/HERMANOS-FERRAGUD-SANTIAGO.html"},{"enlace":"https:\/\/empresite.eleconomista.es\/TINTORERIA-INMACULADA-MOYA.html"},{"enlace":"https:\/\/empresite.eleconomista.es\/SUINYSE.html"},{"enlace":"https:\/\/empresite.eleconomista.es\/COPISTERIA-GINER.html"},{"enlace":"https:\/\/empresite.eleconomista.es\/THESAL-URBANA.html"},{"enlace":"https:\/\/empresite.eleconomista.es\/COPAL-CARBURANTES.html"},{"enlace":"https:\/\/empresite.eleconomista.es\/FERROMAD-CERRAJERIA-LEVANTINA.html"},{"enlace":"https:\/\/empresite.eleconomista.es\/MORCAM-INICIATIVAS-EMPRESARIALES.html"},{"enlace":"https:\/\/empresite.eleconomista.es\/CONSTRUCCIONES-TECNICAS-EIS.html"},{"enlace":"https:\/\/empresite.eleconomista.es\/CONFEBORAL.html"},{"enlace":"https:\/\/empresite.eleconomista.es\/CREATIVA-ENERGIA-SOLAR-CASTILLA-MANCHA-3.html"}]