[{"enlace":"https:\/\/empresite.eleconomista.es\/SUMINISTROS-ELECTRICOS-ALILUZ.html"},{"enlace":"https:\/\/empresite.eleconomista.es\/SUMINISTROS-ELECTRICOS-EURO-ALICANTE.html"},{"enlace":"https:\/\/empresite.eleconomista.es\/SUMINISTROS-ELECTRICOS-SAN-JUAN.html"},{"enlace":"https:\/\/empresite.eleconomista.es\/SUMINISTROS-ELECTRICOS-SAN-BLAS.html"},{"enlace":"https:\/\/empresite.eleconomista.es\/SIRCA-SUMINISTROS.html"},{"enlace":"https:\/\/empresite.eleconomista.es\/MONTAJES-ELECTRICOS-FLORIDA.html"},{"enlace":"https:\/\/empresite.eleconomista.es\/ELECTRO-CANO-MONTAJES-ELECTRICOS.html"},{"enlace":"https:\/\/empresite.eleconomista.es\/DKJC-SERVICIOS-MONTAJES-ELECTRICOS.html"},{"enlace":"https:\/\/empresite.eleconomista.es\/INGENIERIA-MONTAJES-ELECTRICOS-ROS.html"},{"enlace":"https:\/\/empresite.eleconomista.es\/MONTAJES-ELECTRICOS-ORTIZ-MARTINEZ.html"},{"enlace":"https:\/\/empresite.eleconomista.es\/SERVICIOS-INTEGRADOS-ELECTRICOS.html"},{"enlace":"https:\/\/empresite.eleconomista.es\/FERGOM-MONTAJES-SERVICIOS-ELECTRICOS.html"},{"enlace":"https:\/\/empresite.eleconomista.es\/ELECTRIA-MONTAJES-ELECTRICOS.html"},{"enlace":"https:\/\/empresite.eleconomista.es\/MONTAJES-ELECTRICOS-ANDUJAR-GONZALEZ.html"},{"enlace":"https:\/\/empresite.eleconomista.es\/MONTAJES-ELECTRICOS-VAREA.html"},{"enlace":"https:\/\/empresite.eleconomista.es\/AUTOPARTES-SISTEMAS-ELECTRICOS.html"},{"enlace":"https:\/\/empresite.eleconomista.es\/INSTALACANT-MONTAJES-ELECTRICOS.html"},{"enlace":"https:\/\/empresite.eleconomista.es\/SALELEK-MONTAJES-ELECTRICOS.html"},{"enlace":"https:\/\/empresite.eleconomista.es\/FERROTALLER-HERRAJES-ELECTRICOS.html"},{"enlace":"https:\/\/empresite.eleconomista.es\/MONTAJES-ELECTRICOS-EBP.html"},{"enlace":"https:\/\/empresite.eleconomista.es\/MONTAJES-ELECTRICOS-GUEDEA-HIJOS.html"},{"enlace":"https:\/\/empresite.eleconomista.es\/GG-MONTAJES-ELECTRICOS.html"},{"enlace":"https:\/\/empresite.eleconomista.es\/SUMINISTROS-SEYPA.html"},{"enlace":"https:\/\/empresite.eleconomista.es\/SUMINISTROS-LISAN.html"},{"enlace":"https:\/\/empresite.eleconomista.es\/SUMINISTROS-ENTERPRISE.html"},{"enlace":"https:\/\/empresite.eleconomista.es\/EASYMOVE-SUMINISTROS.html"},{"enlace":"https:\/\/empresite.eleconomista.es\/EUROCASA-SUMINISTROS.html"},{"enlace":"https:\/\/empresite.eleconomista.es\/SUMINISTROS-XXI.html"},{"enlace":"https:\/\/empresite.eleconomista.es\/SUMINISTROS-CARBONICO.html"},{"enlace":"https:\/\/empresite.eleconomista.es\/SUMINISTROS-TECNITELEX.html"}]