[{"enlace":"https:\/\/empresite.eleconomista.es\/WACHT-2003.html"},{"enlace":"https:\/\/empresite.eleconomista.es\/CASTELLANA-GRAO.html"},{"enlace":"https:\/\/empresite.eleconomista.es\/IDEYA-MANTENIMIENTO-INSTALACIONES.html"},{"enlace":"https:\/\/empresite.eleconomista.es\/HIDRONEUMATICA-SAFOR.html"},{"enlace":"https:\/\/empresite.eleconomista.es\/NOVAZIMARA.html"},{"enlace":"https:\/\/empresite.eleconomista.es\/COMERCIAL-BRICO-PORT.html"},{"enlace":"https:\/\/empresite.eleconomista.es\/IDYLIA-HOUSE.html"},{"enlace":"https:\/\/empresite.eleconomista.es\/REPRESENTACIONES-MAR-BOR.html"},{"enlace":"https:\/\/empresite.eleconomista.es\/TONAI.html"},{"enlace":"https:\/\/empresite.eleconomista.es\/IL-GIARDINO-DI-AMANZIO.html"},{"enlace":"https:\/\/empresite.eleconomista.es\/GRUPO-SEIS-COALVE-INMOBILIARIAS.html"},{"enlace":"https:\/\/empresite.eleconomista.es\/GAT-GOS-URBANA.html"},{"enlace":"https:\/\/empresite.eleconomista.es\/AIMAR-RED-INMOBILIARIA.html"},{"enlace":"https:\/\/empresite.eleconomista.es\/MEDICO-SU-BANERA.html"},{"enlace":"https:\/\/empresite.eleconomista.es\/BARON-MANAGEMENT.html"},{"enlace":"https:\/\/empresite.eleconomista.es\/SERVICIOS-GOMIS-TORRES.html"},{"enlace":"https:\/\/empresite.eleconomista.es\/PROMOCIONS-SENILL-BORRO.html"},{"enlace":"https:\/\/empresite.eleconomista.es\/GRUPO-EMPRESARIAL-ALBEROLA.html"},{"enlace":"https:\/\/empresite.eleconomista.es\/INMO-BORGIA.html"},{"enlace":"https:\/\/empresite.eleconomista.es\/RESIDENCIAL-MIRALVENT.html"},{"enlace":"https:\/\/empresite.eleconomista.es\/RAUL-SUAREZ-CONSTRUCCIONES-MADERA.html"},{"enlace":"https:\/\/empresite.eleconomista.es\/NAUS-SERPAL.html"},{"enlace":"https:\/\/empresite.eleconomista.es\/BATOLA-PROMOCIONES.html"},{"enlace":"https:\/\/empresite.eleconomista.es\/PROMOCIONES-CONSTRUCCIONES-VASAGAN.html"},{"enlace":"https:\/\/empresite.eleconomista.es\/GRUPO-TRES-SAFOR.html"},{"enlace":"https:\/\/empresite.eleconomista.es\/PROMOCIONES-CONSTRUCCIONES-CATALA-MARI.html"},{"enlace":"https:\/\/empresite.eleconomista.es\/TRANSPORTES-EXCAVACIONES-CAVERSAL.html"},{"enlace":"https:\/\/empresite.eleconomista.es\/CONSTRUCCIONES-DAIMUS.html"},{"enlace":"https:\/\/empresite.eleconomista.es\/RESIDENCIAS-ESPACIOS-DISENOS-GANDIA.html"},{"enlace":"https:\/\/empresite.eleconomista.es\/CONSTRUCCIONES-NOVAGEN.html"}]