[{"enlace":"https:\/\/empresite.eleconomista.es\/ALMAPA-SUMINISTROS.html"},{"enlace":"https:\/\/empresite.eleconomista.es\/SUMINISTROS-HYDRACO.html"},{"enlace":"https:\/\/empresite.eleconomista.es\/SUMINISTROS-MAVICAR.html"},{"enlace":"https:\/\/empresite.eleconomista.es\/SUMINISTROS-BASE.html"},{"enlace":"https:\/\/empresite.eleconomista.es\/ISOLAND-PROYECTOS-INDUSTRIALES.html"},{"enlace":"https:\/\/empresite.eleconomista.es\/SOLUCIONES-INDUSTRIALES-PARA-RECICLADO.html"},{"enlace":"https:\/\/empresite.eleconomista.es\/TALLERES-INDUSTRIALES-MUNDICHAP.html"},{"enlace":"https:\/\/empresite.eleconomista.es\/SERVICIOS-INDUSTRIALES-RULLETA.html"},{"enlace":"https:\/\/empresite.eleconomista.es\/SOLUCIONES-TECNOLOGICAS-INDUSTRIALES-VALTEK.html"},{"enlace":"https:\/\/empresite.eleconomista.es\/ELECTRO-SUMINISTROS-TOELVI-VALENCIANA.html"},{"enlace":"https:\/\/empresite.eleconomista.es\/E-SOLVER-SUMINISTROS-SOLUCIONES.html"},{"enlace":"https:\/\/empresite.eleconomista.es\/COMERCIAL-PROJAR.html"},{"enlace":"https:\/\/empresite.eleconomista.es\/PAPELPINT-DISTRIBUCIONES.html"},{"enlace":"https:\/\/empresite.eleconomista.es\/CRAMARO-ESPANA.html"},{"enlace":"https:\/\/empresite.eleconomista.es\/NOOX-AUTOMOTIVE.html"},{"enlace":"https:\/\/empresite.eleconomista.es\/CAVE-TALLERES.html"},{"enlace":"https:\/\/empresite.eleconomista.es\/AMADO-SALVADOR.html"},{"enlace":"https:\/\/empresite.eleconomista.es\/ARJO-INSTALACIONES.html"},{"enlace":"https:\/\/empresite.eleconomista.es\/MANUEL-SANCHO-SILVESTRE.html"},{"enlace":"https:\/\/empresite.eleconomista.es\/QUART.html"},{"enlace":"https:\/\/empresite.eleconomista.es\/INNOVA-PALET.html"},{"enlace":"https:\/\/empresite.eleconomista.es\/PROMOBER-ACTIVIDADES-INMOBILIARIAS.html"},{"enlace":"https:\/\/empresite.eleconomista.es\/CHIMENEAS-TNC.html"},{"enlace":"https:\/\/empresite.eleconomista.es\/INSTALFRED-LEVANTE.html"},{"enlace":"https:\/\/empresite.eleconomista.es\/ABEBAY-DECORACION.html"},{"enlace":"https:\/\/empresite.eleconomista.es\/EMESVAL.html"},{"enlace":"https:\/\/empresite.eleconomista.es\/HERMANOS-CUBELLS-GIMENO.html"},{"enlace":"https:\/\/empresite.eleconomista.es\/ALBALATE-HIJOS.html"},{"enlace":"https:\/\/empresite.eleconomista.es\/TALLERES-OLMA.html"},{"enlace":"https:\/\/empresite.eleconomista.es\/MONTAJES-ELECTRICOS-DESARROLLOS-ELECTRONICA.html"}]