[{"enlace":"https:\/\/empresite.eleconomista.es\/EUROLIMPIEZA-LEVANTE.html"},{"enlace":"https:\/\/empresite.eleconomista.es\/VAL-CREATIVOS.html"},{"enlace":"https:\/\/empresite.eleconomista.es\/INGENIERIA-SOLAR-INNOVA.html"},{"enlace":"https:\/\/empresite.eleconomista.es\/EUROFRIO-CLIMA.html"},{"enlace":"https:\/\/empresite.eleconomista.es\/ESTRUCTURAS-TEBAR-2007.html"},{"enlace":"https:\/\/empresite.eleconomista.es\/DOTEC-COMVENT.html"},{"enlace":"https:\/\/empresite.eleconomista.es\/AMISTAD-SOLARENERGY.html"},{"enlace":"https:\/\/empresite.eleconomista.es\/ALESTONE.html"},{"enlace":"https:\/\/empresite.eleconomista.es\/ALTERNATIVAS-MEDIOAMBIENTALES.html"},{"enlace":"https:\/\/empresite.eleconomista.es\/AKRA-CLIMAS-MANTENIMIENTOS.html"},{"enlace":"https:\/\/empresite.eleconomista.es\/INVERSIONES-OPENALPA.html"},{"enlace":"https:\/\/empresite.eleconomista.es\/LIMPIEZAS-AMERICA-LEVANTE.html"},{"enlace":"https:\/\/empresite.eleconomista.es\/TAKEUMAN.html"},{"enlace":"https:\/\/empresite.eleconomista.es\/SANCHEZ-TORRE-ELECTRICIDAD.html"},{"enlace":"https:\/\/empresite.eleconomista.es\/CANALIZACIONES-INSTALACIONES-MEDITERRANEO.html"},{"enlace":"https:\/\/empresite.eleconomista.es\/JOSMER-MANTENIMIENTO.html"},{"enlace":"https:\/\/empresite.eleconomista.es\/MAFERANN-PROYECTOS-MANTENIMIENTOS.html"},{"enlace":"https:\/\/empresite.eleconomista.es\/GRETEB-MECANICA-NEGOCIOS.html"},{"enlace":"https:\/\/empresite.eleconomista.es\/MONTAJES-MATAMOTEO.html"},{"enlace":"https:\/\/empresite.eleconomista.es\/INSOCO.html"},{"enlace":"https:\/\/empresite.eleconomista.es\/SERVICIOS-INTEGRALES-SOCIOCOMUNITARIOS-ASESORAMIENTOS.html"},{"enlace":"https:\/\/empresite.eleconomista.es\/FEBRERO-28-ARQUITECTOS-INGENIEROS.html"},{"enlace":"https:\/\/empresite.eleconomista.es\/TECNOSOUD-ESPANA.html"},{"enlace":"https:\/\/empresite.eleconomista.es\/AGUAS-MUNICIPALIZADAS-ALICANTE-EMPRESA-MIXTA.html"},{"enlace":"https:\/\/empresite.eleconomista.es\/CONTROL-OBJETIVOS-OPERACIONES-PROYECTOS-EVALUACIONES-RIESGOS-ASOCIADOS.html"},{"enlace":"https:\/\/empresite.eleconomista.es\/PETRO-ALACANT.html"},{"enlace":"https:\/\/empresite.eleconomista.es\/TEMPORE-CUCINE.html"},{"enlace":"https:\/\/empresite.eleconomista.es\/FORMAYPLAY.html"},{"enlace":"https:\/\/empresite.eleconomista.es\/ORPUNT.html"},{"enlace":"https:\/\/empresite.eleconomista.es\/EUROFERTILIZANTES-VALENCIANOS.html"}]