[{"enlace":"https:\/\/empresite.eleconomista.es\/CARMIHERI.html"},{"enlace":"https:\/\/empresite.eleconomista.es\/TORREMARINA-SURESTE.html"},{"enlace":"https:\/\/empresite.eleconomista.es\/INVERSIONES-SERVICIOS-ALMIRA.html"},{"enlace":"https:\/\/empresite.eleconomista.es\/FOTOCOPIAS-CAMPUS-II.html"},{"enlace":"https:\/\/empresite.eleconomista.es\/ESCAYOLAS-MOLDURAS-DECORACIONES-NINO.html"},{"enlace":"https:\/\/empresite.eleconomista.es\/ESTRUCTURAS-PENJAMO.html"},{"enlace":"https:\/\/empresite.eleconomista.es\/CONSULTORIA-MARTINEZ-CANALES.html"},{"enlace":"https:\/\/empresite.eleconomista.es\/MAILPHONE-ORIHUELA-COSTA.html"},{"enlace":"https:\/\/empresite.eleconomista.es\/HORCHATA-GRANIZADOS-CASES.html"},{"enlace":"https:\/\/empresite.eleconomista.es\/BORDADOS-MURADA.html"},{"enlace":"https:\/\/empresite.eleconomista.es\/HILORIOL.html"},{"enlace":"https:\/\/empresite.eleconomista.es\/PROMOCIONES-MARLLOR.html"},{"enlace":"https:\/\/empresite.eleconomista.es\/ELECTRIFICACIONES-LUMENS-ORIHUELA.html"},{"enlace":"https:\/\/empresite.eleconomista.es\/MONTAJES-ELECTRICOS-ELECTRISUR.html"},{"enlace":"https:\/\/empresite.eleconomista.es\/SOICOS-INVERSIONES.html"},{"enlace":"https:\/\/empresite.eleconomista.es\/TAMEMUR.html"},{"enlace":"https:\/\/empresite.eleconomista.es\/GARCIFERGOM.html"},{"enlace":"https:\/\/empresite.eleconomista.es\/LORENPER-DOS.html"},{"enlace":"https:\/\/empresite.eleconomista.es\/GRUAS-RAIGUERO-LEVANTE.html"},{"enlace":"https:\/\/empresite.eleconomista.es\/RESTAURO-VILMI.html"},{"enlace":"https:\/\/empresite.eleconomista.es\/PACIFIC-SPAIN-INVEST.html"},{"enlace":"https:\/\/empresite.eleconomista.es\/CITRUS-PROPERTIES-INTERNATIONAL.html"},{"enlace":"https:\/\/empresite.eleconomista.es\/OFIORIOL.html"},{"enlace":"https:\/\/empresite.eleconomista.es\/MARENCOR-PROMOCIONES-CONSTRUCCIONES.html"},{"enlace":"https:\/\/empresite.eleconomista.es\/DAROMAIX.html"},{"enlace":"https:\/\/empresite.eleconomista.es\/RELECTRI.html"},{"enlace":"https:\/\/empresite.eleconomista.es\/ESTACIONES-SERVICIO-MARTINEZ-MESEGUER.html"},{"enlace":"https:\/\/empresite.eleconomista.es\/EURO-AGRO-EXPO.html"},{"enlace":"https:\/\/empresite.eleconomista.es\/CONFECCIONES-CAYUVI.html"},{"enlace":"https:\/\/empresite.eleconomista.es\/CERRAMIENTOS-EXCAVACIONES-SURESTE.html"}]