[{"enlace":"https:\/\/empresite.eleconomista.es\/ORTS-PAYA.html"},{"enlace":"https:\/\/empresite.eleconomista.es\/SAYMA-TRANSFORMACIONES.html"},{"enlace":"https:\/\/empresite.eleconomista.es\/SOPLADOS-ENVASES-PICO-GALVAN.html"},{"enlace":"https:\/\/empresite.eleconomista.es\/AMARJAL-ENERGIAS-ALTERNATIVAS.html"},{"enlace":"https:\/\/empresite.eleconomista.es\/BORNAY-COMERCIAL-ER.html"},{"enlace":"https:\/\/empresite.eleconomista.es\/ESDAL.html"},{"enlace":"https:\/\/empresite.eleconomista.es\/ACCESORIOS-REIG-LEAL.html"},{"enlace":"https:\/\/empresite.eleconomista.es\/RECICLADOS-CAUDETE.html"},{"enlace":"https:\/\/empresite.eleconomista.es\/ESTRUCTURAS-METALICAS-MEDITERRANEO.html"},{"enlace":"https:\/\/empresite.eleconomista.es\/L-AMPENYAOR.html"},{"enlace":"https:\/\/empresite.eleconomista.es\/MANIPULADOS-CASTALLA.html"},{"enlace":"https:\/\/empresite.eleconomista.es\/DUSA-HERRAJES.html"},{"enlace":"https:\/\/empresite.eleconomista.es\/ROTULOS-PINTURAS-GAVILAN.html"},{"enlace":"https:\/\/empresite.eleconomista.es\/AUTOREPUESTOS-PACO-ALICANTE.html"},{"enlace":"https:\/\/empresite.eleconomista.es\/HERRAJES-BERMI.html"},{"enlace":"https:\/\/empresite.eleconomista.es\/DECOINOX-CASTALLA-06.html"},{"enlace":"https:\/\/empresite.eleconomista.es\/RODAMIENTOS-SOFI-ROLL.html"},{"enlace":"https:\/\/empresite.eleconomista.es\/TUTTO-AQUA-ARTICULOS-PARA-AGUA-2006.html"},{"enlace":"https:\/\/empresite.eleconomista.es\/NEUMATICOS-HNOS-FERRI.html"},{"enlace":"https:\/\/empresite.eleconomista.es\/HERRAJES-CASTALLA.html"},{"enlace":"https:\/\/empresite.eleconomista.es\/POLIURESAN.html"},{"enlace":"https:\/\/empresite.eleconomista.es\/CRIBAGUI.html"},{"enlace":"https:\/\/empresite.eleconomista.es\/ALUMCASTALLA.html"},{"enlace":"https:\/\/empresite.eleconomista.es\/FERRETTI-SPAIN.html"},{"enlace":"https:\/\/empresite.eleconomista.es\/GESTION-PRODUCTIVA-COMERCIAL.html"},{"enlace":"https:\/\/empresite.eleconomista.es\/ENAIR-D-BORNAY-ENERGY.html"},{"enlace":"https:\/\/empresite.eleconomista.es\/VIUDA-JOSE-MIRAS-HIJOS.html"},{"enlace":"https:\/\/empresite.eleconomista.es\/ROMEROIL.html"},{"enlace":"https:\/\/empresite.eleconomista.es\/GESTION-AMBIENTAL-LEVANTE-3000.html"},{"enlace":"https:\/\/empresite.eleconomista.es\/SEMPERE-RICO.html"}]