[{"enlace":"https:\/\/empresite.eleconomista.es\/RALAPE.html"},{"enlace":"https:\/\/empresite.eleconomista.es\/LIMPIEZAS-ECOLOGICAS-ISAAC-VICTOR.html"},{"enlace":"https:\/\/empresite.eleconomista.es\/MEDITERRANEA-INTEGRAL-CONTROL-SERVICIOS.html"},{"enlace":"https:\/\/empresite.eleconomista.es\/TALLERES-REPARACIONES-MANTENIMIENTOS.html"},{"enlace":"https:\/\/empresite.eleconomista.es\/RESTEMA.html"},{"enlace":"https:\/\/empresite.eleconomista.es\/CUBIERTAS-CUBESPA.html"},{"enlace":"https:\/\/empresite.eleconomista.es\/INVERSIONES-NEWS-SHOP.html"},{"enlace":"https:\/\/empresite.eleconomista.es\/RYNY-SERVICIOS-LIMPIEZA.html"},{"enlace":"https:\/\/empresite.eleconomista.es\/GESISA-CONTRATACIONES-SINIESTROS.html"},{"enlace":"https:\/\/empresite.eleconomista.es\/COTA-0-SERVICIOS-NAUTICOS.html"},{"enlace":"https:\/\/empresite.eleconomista.es\/ACHARAF-EXPORT.html"},{"enlace":"https:\/\/empresite.eleconomista.es\/ORTEGA-GOMEZ-SOLAR.html"},{"enlace":"https:\/\/empresite.eleconomista.es\/ENERGIAS-VASCO-ESPANOLAS.html"},{"enlace":"https:\/\/empresite.eleconomista.es\/LAIRUN-GESTION-INTEGRAL.html"},{"enlace":"https:\/\/empresite.eleconomista.es\/SERVICIOS-MEDITERRANEOS-CALOR-GAS.html"},{"enlace":"https:\/\/empresite.eleconomista.es\/MEDICOMBUS.html"},{"enlace":"https:\/\/empresite.eleconomista.es\/SALMERON-SOLAR.html"},{"enlace":"https:\/\/empresite.eleconomista.es\/AENUM-SOLAR.html"},{"enlace":"https:\/\/empresite.eleconomista.es\/TRANSPORTES-MIOS-2006.html"},{"enlace":"https:\/\/empresite.eleconomista.es\/VIFE-SOLAR.html"},{"enlace":"https:\/\/empresite.eleconomista.es\/CUBIERTAS-ABRISOL.html"},{"enlace":"https:\/\/empresite.eleconomista.es\/LIFANTE-SOLAR.html"},{"enlace":"https:\/\/empresite.eleconomista.es\/CONSTRUCCIONES-OBRA-CIVIL-MALAKI.html"},{"enlace":"https:\/\/empresite.eleconomista.es\/TN-MANUCAR-CARRETILLAS-2006.html"},{"enlace":"https:\/\/empresite.eleconomista.es\/ESTRUCTURAS-GETSEMANI-06.html"},{"enlace":"https:\/\/empresite.eleconomista.es\/MONTAJES-ELECTRICOS-FLORIDA.html"},{"enlace":"https:\/\/empresite.eleconomista.es\/SERVICIOS-CONTROL-ACCESOS-EVEREST.html"},{"enlace":"https:\/\/empresite.eleconomista.es\/ESATUR-FORMACION.html"},{"enlace":"https:\/\/empresite.eleconomista.es\/ESTRUCTURAS-ENCOFRADOS-ELIZAN.html"},{"enlace":"https:\/\/empresite.eleconomista.es\/ELECTROALBODA.html"}]