[{"enlace":"https:\/\/empresite.eleconomista.es\/RECUPERACIONES-RECIMET.html"},{"enlace":"https:\/\/empresite.eleconomista.es\/GENERACION-ENERGIAS-ALTERNATIVAS.html"},{"enlace":"https:\/\/empresite.eleconomista.es\/BANOS-MAMPARAS-COMPLEMENTOS.html"},{"enlace":"https:\/\/empresite.eleconomista.es\/PROCUBIK-ECO-SYSTEMS.html"},{"enlace":"https:\/\/empresite.eleconomista.es\/DOLS-HERRERO-HERMANOS.html"},{"enlace":"https:\/\/empresite.eleconomista.es\/BIO-CONFORT-PROJECT.html"},{"enlace":"https:\/\/empresite.eleconomista.es\/CORTE-PLEGADO-CREVILLENTINO.html"},{"enlace":"https:\/\/empresite.eleconomista.es\/CENTRO-ALAUSA.html"},{"enlace":"https:\/\/empresite.eleconomista.es\/MOLDURAS-CANDELA.html"},{"enlace":"https:\/\/empresite.eleconomista.es\/ORIGINAL-LATEX.html"},{"enlace":"https:\/\/empresite.eleconomista.es\/MANUEL-RIBEIRO-FERREIRA.html"},{"enlace":"https:\/\/empresite.eleconomista.es\/INTEGRACION-SERVICIOS-DISTRIBUCION-ENERGIA.html"},{"enlace":"https:\/\/empresite.eleconomista.es\/SERVILIMP-MEDITERRANEA.html"},{"enlace":"https:\/\/empresite.eleconomista.es\/TACONES-PAYGOR.html"},{"enlace":"https:\/\/empresite.eleconomista.es\/PRODINSA-INVERSIONES-SERVICIOS.html"},{"enlace":"https:\/\/empresite.eleconomista.es\/ESTRUCTURAS-HERMANOS-CASTRO-GELARDO.html"},{"enlace":"https:\/\/empresite.eleconomista.es\/BERNA-BELMONTE.html"},{"enlace":"https:\/\/empresite.eleconomista.es\/COVA-PI-ENERGIA-FOTOVOLTAICA.html"},{"enlace":"https:\/\/empresite.eleconomista.es\/REALENGO-II-FOTOVOLTAICA.html"},{"enlace":"https:\/\/empresite.eleconomista.es\/JUMAFER-CAR.html"},{"enlace":"https:\/\/empresite.eleconomista.es\/PEREZ-FOTOVOLTAICA.html"},{"enlace":"https:\/\/empresite.eleconomista.es\/INVERSIONES-FABELCA-XXI.html"},{"enlace":"https:\/\/empresite.eleconomista.es\/OLMA-SOLUCIONES-ENERGETICAS.html"},{"enlace":"https:\/\/empresite.eleconomista.es\/FOAM-SYSTEM-PLUS.html"},{"enlace":"https:\/\/empresite.eleconomista.es\/LIGHTNESS.html"},{"enlace":"https:\/\/empresite.eleconomista.es\/MELIHUA.html"},{"enlace":"https:\/\/empresite.eleconomista.es\/MAQUINAS-COSER-CORTAR.html"},{"enlace":"https:\/\/empresite.eleconomista.es\/CRISTINA-DAVO.html"},{"enlace":"https:\/\/empresite.eleconomista.es\/REVESTEX-UNITRAMA.html"},{"enlace":"https:\/\/empresite.eleconomista.es\/SORYGAR-GASOLEO.html"}]