[{"enlace":"https:\/\/empresite.eleconomista.es\/BEAPLAST-IBI-SPAIN.html"},{"enlace":"https:\/\/empresite.eleconomista.es\/COMPONENTES-ELECTRONICOS-SART.html"},{"enlace":"https:\/\/empresite.eleconomista.es\/PUERTAS-F-PERONA.html"},{"enlace":"https:\/\/empresite.eleconomista.es\/STILCUADROS.html"},{"enlace":"https:\/\/empresite.eleconomista.es\/VILLENA-VENT.html"},{"enlace":"https:\/\/empresite.eleconomista.es\/CEVIGRUP.html"},{"enlace":"https:\/\/empresite.eleconomista.es\/CUADROS-GALERIA.html"},{"enlace":"https:\/\/empresite.eleconomista.es\/PIMOL-DISENOS-MAQUETAS-MECANIZADOS.html"},{"enlace":"https:\/\/empresite.eleconomista.es\/CONSTRUCCIONES-ALJOSOL.html"},{"enlace":"https:\/\/empresite.eleconomista.es\/ELECTRICIDAD-J-GRANDE.html"},{"enlace":"https:\/\/empresite.eleconomista.es\/MADERAS-LENAS-GISBERT.html"},{"enlace":"https:\/\/empresite.eleconomista.es\/IBES-GESTION-DESARROLLO.html"},{"enlace":"https:\/\/empresite.eleconomista.es\/INDUSTRIAS-FRANCISCO-GUILLEM.html"},{"enlace":"https:\/\/empresite.eleconomista.es\/SANDIBI.html"},{"enlace":"https:\/\/empresite.eleconomista.es\/MEDITERRANEA-ENVASE-PLASTICO.html"},{"enlace":"https:\/\/empresite.eleconomista.es\/NATURCOLOR-PINTURAS.html"},{"enlace":"https:\/\/empresite.eleconomista.es\/DESIGNTOYS.html"},{"enlace":"https:\/\/empresite.eleconomista.es\/MARQUETERIA-LOPEZ.html"},{"enlace":"https:\/\/empresite.eleconomista.es\/ACUARART-DECORACION.html"},{"enlace":"https:\/\/empresite.eleconomista.es\/ESPEJO-SIGLO-XXI.html"},{"enlace":"https:\/\/empresite.eleconomista.es\/NOVEDADES-AGUA.html"},{"enlace":"https:\/\/empresite.eleconomista.es\/ALU-CRIS-SISTEMAS-METALICOS.html"},{"enlace":"https:\/\/empresite.eleconomista.es\/INYECTADOS-NEILA.html"},{"enlace":"https:\/\/empresite.eleconomista.es\/ELECTRICIDAD-FLORENTINO-PAJARES.html"},{"enlace":"https:\/\/empresite.eleconomista.es\/PROYECTOS-INYECCION-ALPA.html"},{"enlace":"https:\/\/empresite.eleconomista.es\/MAXIMA-AMENITIES.html"},{"enlace":"https:\/\/empresite.eleconomista.es\/IBICOMPAC.html"},{"enlace":"https:\/\/empresite.eleconomista.es\/NAVATEC-ASSESSORIA.html"},{"enlace":"https:\/\/empresite.eleconomista.es\/HURST-CORPORATION.html"},{"enlace":"https:\/\/empresite.eleconomista.es\/METALICAS-GAUDI.html"}]