[{"enlace":"https:\/\/empresite.eleconomista.es\/MUFRI.html"},{"enlace":"https:\/\/empresite.eleconomista.es\/CARPINTERIA-METALICA-AGUDO.html"},{"enlace":"https:\/\/empresite.eleconomista.es\/VICENTE-BALAGUER-LOPEZ.html"},{"enlace":"https:\/\/empresite.eleconomista.es\/NABER-COIL.html"},{"enlace":"https:\/\/empresite.eleconomista.es\/INGASA-INSTALACIONES.html"},{"enlace":"https:\/\/empresite.eleconomista.es\/INSTALACIONES-ELECTRICAS-BENIPARRELL.html"},{"enlace":"https:\/\/empresite.eleconomista.es\/FONTETA-CONTROL-MOVIMENTS.html"},{"enlace":"https:\/\/empresite.eleconomista.es\/LACADOS-MOLINA-GIL.html"},{"enlace":"https:\/\/empresite.eleconomista.es\/VAL-CAT-LEVANTE.html"}]