[{"enlace":"https:\/\/empresite.eleconomista.es\/Y-MAN-MAQUINAS-TABACO.html"},{"enlace":"https:\/\/empresite.eleconomista.es\/AMERICAN-FAST-FOOD.html"},{"enlace":"https:\/\/empresite.eleconomista.es\/EMPRESA-MIXTA-MUNICIPAL-ABASTECIMIENTO-SERVICIOS-CALPE.html"},{"enlace":"https:\/\/empresite.eleconomista.es\/INTER-DICAPA.html"},{"enlace":"https:\/\/empresite.eleconomista.es\/CALPE-RESTAURANT-SERVICES.html"},{"enlace":"https:\/\/empresite.eleconomista.es\/CLEIN-TECHNIK-DEITEL.html"},{"enlace":"https:\/\/empresite.eleconomista.es\/M-AM-DIGITAL-SYSTEMS.html"},{"enlace":"https:\/\/empresite.eleconomista.es\/SEIN-MANTENIMIENTOS-SERVICIOS.html"},{"enlace":"https:\/\/empresite.eleconomista.es\/FIRST-LINE-COSTA-BLANCA.html"},{"enlace":"https:\/\/empresite.eleconomista.es\/CARRIO-SERVICE-ENTERPRISES.html"},{"enlace":"https:\/\/empresite.eleconomista.es\/DONHABITAT.html"},{"enlace":"https:\/\/empresite.eleconomista.es\/URBALEX-AM.html"},{"enlace":"https:\/\/empresite.eleconomista.es\/INFORMATICA-COELLO.html"},{"enlace":"https:\/\/empresite.eleconomista.es\/MAVIS-INVESTIMENT.html"},{"enlace":"https:\/\/empresite.eleconomista.es\/JOSE-RIBES-ROSELLO-HIJOS.html"},{"enlace":"https:\/\/empresite.eleconomista.es\/CONDUCTOS-DENIA.html"},{"enlace":"https:\/\/empresite.eleconomista.es\/FEROCAMA-INVEST.html"},{"enlace":"https:\/\/empresite.eleconomista.es\/CENTRO-ESPECIALIZADO-GESTION-SERVICIOS.html"},{"enlace":"https:\/\/empresite.eleconomista.es\/CINESHOP.html"},{"enlace":"https:\/\/empresite.eleconomista.es\/OLTA-MOTOR.html"},{"enlace":"https:\/\/empresite.eleconomista.es\/CALPE-AUTOMOCION.html"},{"enlace":"https:\/\/empresite.eleconomista.es\/AT-YOUR-SERVICE-CALPE.html"},{"enlace":"https:\/\/empresite.eleconomista.es\/CORTAR-LO-SANO.html"},{"enlace":"https:\/\/empresite.eleconomista.es\/EURO-TAKEN.html"},{"enlace":"https:\/\/empresite.eleconomista.es\/FERCRES-CALP.html"},{"enlace":"https:\/\/empresite.eleconomista.es\/CASA-PADRINO.html"},{"enlace":"https:\/\/empresite.eleconomista.es\/OWN-IT-ALL.html"},{"enlace":"https:\/\/empresite.eleconomista.es\/INSTALACIONES-FERIA.html"},{"enlace":"https:\/\/empresite.eleconomista.es\/ESTRUCTURAS-FORJADOS-SORIANO-MASEGOSA.html"},{"enlace":"https:\/\/empresite.eleconomista.es\/RAM-FORJADOS-ESTRUCTURAS.html"}]