[{"enlace":"https:\/\/empresite.eleconomista.es\/SUMINISTROS-INDUSTRIALES-AVELINO-BELEN.html"},{"enlace":"https:\/\/empresite.eleconomista.es\/NUCLEO-SUMINISTROS-INDUSTRIALES.html"},{"enlace":"https:\/\/empresite.eleconomista.es\/SUMINISTROS-DIDAC.html"},{"enlace":"https:\/\/empresite.eleconomista.es\/PUIG-MAQUINARIA-SUMINISTROS.html"},{"enlace":"https:\/\/empresite.eleconomista.es\/SUMINISTROS-AFRIVER.html"},{"enlace":"https:\/\/empresite.eleconomista.es\/SUMINISTROS-FLORECO.html"},{"enlace":"https:\/\/empresite.eleconomista.es\/SUMINISTROS-PENALVA.html"},{"enlace":"https:\/\/empresite.eleconomista.es\/SUMINISTROS-COVETTA.html"},{"enlace":"https:\/\/empresite.eleconomista.es\/HILATURAS-AGRICOLA-INDUSTRIALES.html"},{"enlace":"https:\/\/empresite.eleconomista.es\/SUMINISTROS-HOSTELEROS-TARONJA.html"},{"enlace":"https:\/\/empresite.eleconomista.es\/SUMINISTROS-FERRETEROS-MEDITERRANEO.html"},{"enlace":"https:\/\/empresite.eleconomista.es\/ELECTRO-LLAVE-SUMINISTROS.html"},{"enlace":"https:\/\/empresite.eleconomista.es\/MULTIMEDIA-OFISUD.html"},{"enlace":"https:\/\/empresite.eleconomista.es\/SUMINISTROS-SERVICIOS-PARA-CONSTRUCCION-GONZALVEZ-GALVAN.html"},{"enlace":"https:\/\/empresite.eleconomista.es\/NORMAFLUID.html"},{"enlace":"https:\/\/empresite.eleconomista.es\/HIDROFIMAS-PISCINAS.html"},{"enlace":"https:\/\/empresite.eleconomista.es\/DISTRIBUCIONES-EVALIM.html"},{"enlace":"https:\/\/empresite.eleconomista.es\/ESTRUCTURAS-METALICAS-MARTINEZ-TERRES.html"},{"enlace":"https:\/\/empresite.eleconomista.es\/ZUNDUNG-SURESTE.html"},{"enlace":"https:\/\/empresite.eleconomista.es\/PROMOGUI.html"},{"enlace":"https:\/\/empresite.eleconomista.es\/MANTEXTIL-LEVANTE.html"},{"enlace":"https:\/\/empresite.eleconomista.es\/YUVEN.html"},{"enlace":"https:\/\/empresite.eleconomista.es\/DESMOPUR-COOP-V.html"},{"enlace":"https:\/\/empresite.eleconomista.es\/AREA-MEDITERRANEA-SERVICIOS-INMOBILIARIOS.html"},{"enlace":"https:\/\/empresite.eleconomista.es\/CREVIPACK.html"},{"enlace":"https:\/\/empresite.eleconomista.es\/CREVI-HOUSE.html"},{"enlace":"https:\/\/empresite.eleconomista.es\/CREVIMAS-INVERSIONES.html"},{"enlace":"https:\/\/empresite.eleconomista.es\/MV-APROVECHAMIENTOS-ALTERNATIVOS.html"},{"enlace":"https:\/\/empresite.eleconomista.es\/BUGELN-LEVANTINA.html"},{"enlace":"https:\/\/empresite.eleconomista.es\/PROMOCIONES-VILLA-CREVILLENTE.html"}]