[{"enlace":"https:\/\/empresite.eleconomista.es\/PINTURAS-INDUSTRIALES-BENIDORM-WHITE-COAST-2019.html"},{"enlace":"https:\/\/empresite.eleconomista.es\/ALEXALVA.html"},{"enlace":"https:\/\/empresite.eleconomista.es\/ANASTASIA-TRADING.html"},{"enlace":"https:\/\/empresite.eleconomista.es\/FERRETERIA-ROCA-GARBEN.html"},{"enlace":"https:\/\/empresite.eleconomista.es\/AVILA-ROMA.html"},{"enlace":"https:\/\/empresite.eleconomista.es\/ALHIACER-2000.html"},{"enlace":"https:\/\/empresite.eleconomista.es\/PUNTA-PLANA-GESTION-URBANISTICA.html"},{"enlace":"https:\/\/empresite.eleconomista.es\/AMARRES-GESTION.html"},{"enlace":"https:\/\/empresite.eleconomista.es\/CIRCULO-AVANCE.html"},{"enlace":"https:\/\/empresite.eleconomista.es\/CONSTRUCCIONES-CALAVILA.html"},{"enlace":"https:\/\/empresite.eleconomista.es\/BUADES-MIQUEL.html"},{"enlace":"https:\/\/empresite.eleconomista.es\/FRANCISCO-AVILA-URBANA.html"},{"enlace":"https:\/\/empresite.eleconomista.es\/MASTERQUIM-II.html"},{"enlace":"https:\/\/empresite.eleconomista.es\/CONSTRUCCIONES-VAZQUEZ-VARGAS.html"},{"enlace":"https:\/\/empresite.eleconomista.es\/ESTUDIOS-REFORMAS-CONCLAR.html"},{"enlace":"https:\/\/empresite.eleconomista.es\/ALUVILA.html"},{"enlace":"https:\/\/empresite.eleconomista.es\/CONSTRUCCIONES-BENISEVI.html"},{"enlace":"https:\/\/empresite.eleconomista.es\/MAJOR-VILAJOIOSA.html"},{"enlace":"https:\/\/empresite.eleconomista.es\/HYDROGEN-ENERGY-SYSTEM.html"},{"enlace":"https:\/\/empresite.eleconomista.es\/POWERJET-HOLIDAYS.html"},{"enlace":"https:\/\/empresite.eleconomista.es\/SEU-POLYMERS.html"},{"enlace":"https:\/\/empresite.eleconomista.es\/SEAGROUP-INSTALACIONES.html"},{"enlace":"https:\/\/empresite.eleconomista.es\/ELECTRICIDAD-FRANMA.html"},{"enlace":"https:\/\/empresite.eleconomista.es\/MATUTINA.html"},{"enlace":"https:\/\/empresite.eleconomista.es\/EUROCONSTRUCCIONES-MESTOUR.html"},{"enlace":"https:\/\/empresite.eleconomista.es\/VIAN-ESTRUCTURAS-OBRAS.html"},{"enlace":"https:\/\/empresite.eleconomista.es\/LEVEL-MAQUINARIA-INDUSTRIAL.html"},{"enlace":"https:\/\/empresite.eleconomista.es\/ENERGIA-RENOVABLE-VILA.html"},{"enlace":"https:\/\/empresite.eleconomista.es\/VILASISTEMAS.html"},{"enlace":"https:\/\/empresite.eleconomista.es\/TOT-NET-VILA.html"}]