[{"enlace":"https:\/\/empresite.eleconomista.es\/M-ESTADA.html"},{"enlace":"https:\/\/empresite.eleconomista.es\/TRANSPORTES-EXCAVACIONES-PEREZ-PLUMED.html"},{"enlace":"https:\/\/empresite.eleconomista.es\/ESTACIONES-SERVICIO-GARCIA-SANCHIS.html"},{"enlace":"https:\/\/empresite.eleconomista.es\/COMINSA-15.html"},{"enlace":"https:\/\/empresite.eleconomista.es\/INSTALACIONES-CANGO.html"},{"enlace":"https:\/\/empresite.eleconomista.es\/ELECTRO-PTO-SAGUNTO.html"},{"enlace":"https:\/\/empresite.eleconomista.es\/RADIADORES-SAGUNTO.html"},{"enlace":"https:\/\/empresite.eleconomista.es\/MARMOLES-GRANITOS-ANTONIO-SALGADO.html"},{"enlace":"https:\/\/empresite.eleconomista.es\/HORCISA-2.html"},{"enlace":"https:\/\/empresite.eleconomista.es\/FONTANERIA-NOVA-CANET.html"},{"enlace":"https:\/\/empresite.eleconomista.es\/ASOCIACION-MINUSVALIDOS-SAGUNTO.html"},{"enlace":"https:\/\/empresite.eleconomista.es\/CARPINTERIA-METALICA-FERRER.html"},{"enlace":"https:\/\/empresite.eleconomista.es\/TALLERES-ALUMAR.html"},{"enlace":"https:\/\/empresite.eleconomista.es\/ANISAVI.html"},{"enlace":"https:\/\/empresite.eleconomista.es\/MUSEU-VIVENDA.html"},{"enlace":"https:\/\/empresite.eleconomista.es\/MANTENIMIENTO-INDUSTRIAL-IMESA.html"},{"enlace":"https:\/\/empresite.eleconomista.es\/SAGUNTINA-GAMAAN.html"},{"enlace":"https:\/\/empresite.eleconomista.es\/GOLF-ALMENARA.html"},{"enlace":"https:\/\/empresite.eleconomista.es\/RESER-GESTION.html"},{"enlace":"https:\/\/empresite.eleconomista.es\/TARIN-CEREZUELA-SERVICIOS.html"},{"enlace":"https:\/\/empresite.eleconomista.es\/VENDING-MORVEDRE.html"},{"enlace":"https:\/\/empresite.eleconomista.es\/HIERROS-SPAIN-EXPORT.html"},{"enlace":"https:\/\/empresite.eleconomista.es\/PROYECTOS-MONTAJES-ELECTRICOS-SAGUNTO.html"},{"enlace":"https:\/\/empresite.eleconomista.es\/PLANTA-SOLAR-OTOS-ALBAIDA-NUM-23.html"},{"enlace":"https:\/\/empresite.eleconomista.es\/ACEROS-MONTAJES-ALBAICIN.html"},{"enlace":"https:\/\/empresite.eleconomista.es\/RAIN-INGENIERIA.html"},{"enlace":"https:\/\/empresite.eleconomista.es\/ASTEMFOR-EMPRESA-TRABAJO-TEMPORAL.html"},{"enlace":"https:\/\/empresite.eleconomista.es\/LAGARONBIO.html"},{"enlace":"https:\/\/empresite.eleconomista.es\/PLANTA-SOLAR-OTOS-ALBAIDA-NUM-24.html"},{"enlace":"https:\/\/empresite.eleconomista.es\/PLANTA-SOLAR-OTOS-ALBAIDA-NUM-25.html"}]