[{"enlace":"https:\/\/empresite.eleconomista.es\/JAVIER-MARTINEZ-ZAMORA.html"},{"enlace":"https:\/\/empresite.eleconomista.es\/PROYECTOS-INGENIERIA-INSTALACIONES-COMERCIALES-BARELY.html"},{"enlace":"https:\/\/empresite.eleconomista.es\/IMPAC-FRIO.html"},{"enlace":"https:\/\/empresite.eleconomista.es\/MONTAJES-MARACAIBO.html"},{"enlace":"https:\/\/empresite.eleconomista.es\/AGUAS-PANTANO-TORRENT.html"},{"enlace":"https:\/\/empresite.eleconomista.es\/INTEYCO-2000.html"},{"enlace":"https:\/\/empresite.eleconomista.es\/MARLOSA.html"},{"enlace":"https:\/\/empresite.eleconomista.es\/LLACER-GARCIA-INVERSIONES.html"},{"enlace":"https:\/\/empresite.eleconomista.es\/AUTOS-IZQUIERDO-SU-TALLER-MECANICO.html"},{"enlace":"https:\/\/empresite.eleconomista.es\/ALUMINIO-GLASS.html"},{"enlace":"https:\/\/empresite.eleconomista.es\/MATYPLAS-RUIZ.html"},{"enlace":"https:\/\/empresite.eleconomista.es\/ROBERTO-MIQUEL.html"},{"enlace":"https:\/\/empresite.eleconomista.es\/MOLDURAS-TECNICAS-VALENCIANAS.html"},{"enlace":"https:\/\/empresite.eleconomista.es\/HIERROS-FERRISI.html"},{"enlace":"https:\/\/empresite.eleconomista.es\/HERPLA-ECOLOGIC.html"},{"enlace":"https:\/\/empresite.eleconomista.es\/ASYLIMP-TORRENT.html"},{"enlace":"https:\/\/empresite.eleconomista.es\/ESPEGAL-ENERGY.html"},{"enlace":"https:\/\/empresite.eleconomista.es\/LINDEZ-FERROS-FERRALLES.html"},{"enlace":"https:\/\/empresite.eleconomista.es\/HIDRO-ESPAI-CENTRE-LLAVAT.html"},{"enlace":"https:\/\/empresite.eleconomista.es\/INSTALACIONES-MURO-CORTINA.html"},{"enlace":"https:\/\/empresite.eleconomista.es\/VALENZUELA-SERVICIOS-PAQUETERIA.html"},{"enlace":"https:\/\/empresite.eleconomista.es\/RECREPARK-ATRACCIONES.html"},{"enlace":"https:\/\/empresite.eleconomista.es\/CARIBE-MAR-1800.html"},{"enlace":"https:\/\/empresite.eleconomista.es\/OBJETIU-ESTRUCTURES-ARMADES.html"},{"enlace":"https:\/\/empresite.eleconomista.es\/MARCAL-HIERRO-ALUMINIO.html"},{"enlace":"https:\/\/empresite.eleconomista.es\/FEGARTEK.html"},{"enlace":"https:\/\/empresite.eleconomista.es\/CARPINTERIA-ALUMINIOS-T-VALENCIA.html"},{"enlace":"https:\/\/empresite.eleconomista.es\/INYECCIONES-PLASTICAS-SERPLAST.html"},{"enlace":"https:\/\/empresite.eleconomista.es\/SOPORTES-TECNOMECANICOS-VALENCIA.html"},{"enlace":"https:\/\/empresite.eleconomista.es\/TALLERES-ESTEBAN-GARCIA-SANCHEZ.html"}]