[{"enlace":"https:\/\/empresite.eleconomista.es\/SUMINISTROS-VENTA-REPARACION-MAQUINARIA-TJ.html"},{"enlace":"https:\/\/empresite.eleconomista.es\/GESTION-INTEGRAL-SERVICIOS-OBRAS-SUMINISTROS.html"},{"enlace":"https:\/\/empresite.eleconomista.es\/GENERA-QUATRO-TECNOLOGIA-MONTAJES-ELECTRICOS-UTE-MANTENIMIENTO-CACSA-LEY-181982.html"},{"enlace":"https:\/\/empresite.eleconomista.es\/GENERA-QUATRO-TECNOLOGIA-MONTAJES-ELECTRICOS-UTE-MANTENIMIENTO-ATOCHA-LEY-181982.html"},{"enlace":"https:\/\/empresite.eleconomista.es\/SUMINISTROS-ENGRASES-LAVADO-VEHICULOS-INDUSTRIALES-NAZARET.html"},{"enlace":"https:\/\/empresite.eleconomista.es\/TECNOLOGIA-MONTAJES-ELECTRICOS-CONSTRUCCIONES-VILLEGAS-FULTON-OTP-UTE-RAM-1-LEY-181982.html"},{"enlace":"https:\/\/empresite.eleconomista.es\/TECNOLOGIA-MONTAJES-ELECTRICOS-CONSTRUCCIONES-VILLEGAS-FULTON-OTP-UTE-MANTENIMIENTO-UNIVERSIDAD-BU.html"},{"enlace":"https:\/\/empresite.eleconomista.es\/OPALIA-MEDITERRANEO-ECNOLOGIA-MONTAJES-ELECTRICOS-FULTON-UTE-ADL-MISLATA-LEY-181982.html"},{"enlace":"https:\/\/empresite.eleconomista.es\/STIL-ROBER.html"},{"enlace":"https:\/\/empresite.eleconomista.es\/PRAMA-MANTENIMIENTO-SERVICIOS-INDUSTRIALES.html"},{"enlace":"https:\/\/empresite.eleconomista.es\/HYDRA-POWER.html"},{"enlace":"https:\/\/empresite.eleconomista.es\/MIARCO-VALENCIA.html"},{"enlace":"https:\/\/empresite.eleconomista.es\/CONMUTA-SOLUCIONES.html"},{"enlace":"https:\/\/empresite.eleconomista.es\/ARAUNA-LEVANTE-XXI.html"},{"enlace":"https:\/\/empresite.eleconomista.es\/AUTRIAL.html"},{"enlace":"https:\/\/empresite.eleconomista.es\/TECHOS-MUNOZ-ARNAU-VALENCIA.html"},{"enlace":"https:\/\/empresite.eleconomista.es\/CC-INTERLABORA-LEVANTE.html"},{"enlace":"https:\/\/empresite.eleconomista.es\/CHESTE-GAS.html"},{"enlace":"https:\/\/empresite.eleconomista.es\/LOVAMA-LOGISTICA.html"},{"enlace":"https:\/\/empresite.eleconomista.es\/COMERCIAL-MAPROHELCO.html"},{"enlace":"https:\/\/empresite.eleconomista.es\/KUATRO-CARPETS.html"},{"enlace":"https:\/\/empresite.eleconomista.es\/INTERTRONIC-INTERNACIONAL.html"},{"enlace":"https:\/\/empresite.eleconomista.es\/HIDRAGIM-SUMINISTRES.html"},{"enlace":"https:\/\/empresite.eleconomista.es\/CONTAVAL-AUTOMATISMOS-COMPONENTES-ELECTRONICOS.html"},{"enlace":"https:\/\/empresite.eleconomista.es\/EXETOOL.html"},{"enlace":"https:\/\/empresite.eleconomista.es\/GREGAL-SOLUCIONES-INFORMATICAS.html"}]