[{"enlace":"https:\/\/empresite.eleconomista.es\/SIETTE-ELECTRICIDAD.html"},{"enlace":"https:\/\/empresite.eleconomista.es\/VILLAPLANA-ELECTRICIDAD.html"},{"enlace":"https:\/\/empresite.eleconomista.es\/ELECTRICIDAD-ALKHADRA.html"},{"enlace":"https:\/\/empresite.eleconomista.es\/MARTEN-ELECTRICIDAD.html"},{"enlace":"https:\/\/empresite.eleconomista.es\/ELECTRICIDAD-IMAGA.html"},{"enlace":"https:\/\/empresite.eleconomista.es\/ELECTRICIDAD-VILLALBA.html"},{"enlace":"https:\/\/empresite.eleconomista.es\/FRICOMAN-ELECTRICIDAD.html"},{"enlace":"https:\/\/empresite.eleconomista.es\/TORTOSA-ELECTRICIDAD.html"},{"enlace":"https:\/\/empresite.eleconomista.es\/ELECTRICIDAD-ERCILLA.html"},{"enlace":"https:\/\/empresite.eleconomista.es\/COLOMER-ELECTRICIDAD.html"},{"enlace":"https:\/\/empresite.eleconomista.es\/ELECTRICIDAD-GUDAR.html"},{"enlace":"https:\/\/empresite.eleconomista.es\/SIUTEVAL-ELECTRICIDAD.html"},{"enlace":"https:\/\/empresite.eleconomista.es\/ELECTRICIDAD-COLOMER.html"},{"enlace":"https:\/\/empresite.eleconomista.es\/ELECTRICIDAD-ROLUX.html"},{"enlace":"https:\/\/empresite.eleconomista.es\/ELECTRICIDAD-MORA.html"},{"enlace":"https:\/\/empresite.eleconomista.es\/ELECTRICIDAD-CLIMASTAR.html"},{"enlace":"https:\/\/empresite.eleconomista.es\/SISTELMED-ELECTRICIDAD.html"},{"enlace":"https:\/\/empresite.eleconomista.es\/ELECTRICIDAD-MARZAL.html"},{"enlace":"https:\/\/empresite.eleconomista.es\/ELECTRICIDAD-DUCAL.html"},{"enlace":"https:\/\/empresite.eleconomista.es\/ELECTRICIDAD-CANADA.html"},{"enlace":"https:\/\/empresite.eleconomista.es\/ELECTRICIDAD-SANGAR.html"},{"enlace":"https:\/\/empresite.eleconomista.es\/VALENCIANA-ELECTRICIDAD-ARCOS.html"},{"enlace":"https:\/\/empresite.eleconomista.es\/GENERAL-ELECTRICIDAD-NAVAL-INDUSTRIAL.html"},{"enlace":"https:\/\/empresite.eleconomista.es\/SOLUCIONES-CLIMATIZACION-ELECTRICIDAD.html"},{"enlace":"https:\/\/empresite.eleconomista.es\/STYLE-LEVANTINA-ELECTRICIDAD-2010.html"},{"enlace":"https:\/\/empresite.eleconomista.es\/ELECTRICIDAD-TEBAR-VALENCIA.html"},{"enlace":"https:\/\/empresite.eleconomista.es\/REITELEC-RODRIGUEZ-ELECTRICIDAD-COMUNICACIONES.html"},{"enlace":"https:\/\/empresite.eleconomista.es\/NICOLAU-GARCIA-ELECTRICIDAD.html"},{"enlace":"https:\/\/empresite.eleconomista.es\/ELECTRICIDAD-FUTURA-LEVANTINA.html"},{"enlace":"https:\/\/empresite.eleconomista.es\/ELECTRICIDAD-INSTALACIONES-SUMINISTROS-VALENCIA.html"}]