[{"enlace":"https:\/\/empresite.eleconomista.es\/WNE-PHOTOVOLTAIK-SYSTEME.html"},{"enlace":"https:\/\/empresite.eleconomista.es\/MASTERMATE-LAUNDRY-AND-DRY-CLEANING.html"},{"enlace":"https:\/\/empresite.eleconomista.es\/CONSTRUCCIONES-ROMPET.html"},{"enlace":"https:\/\/empresite.eleconomista.es\/LIGTHART-LIMPIEZAS.html"},{"enlace":"https:\/\/empresite.eleconomista.es\/RINCON-BONANZA-EDUCAR.html"},{"enlace":"https:\/\/empresite.eleconomista.es\/INTERNATIONAL-ELECTRIC-TINAWI.html"},{"enlace":"https:\/\/empresite.eleconomista.es\/TORREVIEJA-GESTION-DIRECTA.html"},{"enlace":"https:\/\/empresite.eleconomista.es\/MONTAJES-ELECTRICOS-TORRESAL.html"},{"enlace":"https:\/\/empresite.eleconomista.es\/DORADO-TROPICALES.html"},{"enlace":"https:\/\/empresite.eleconomista.es\/NAZAR-GASTRO-TECH.html"},{"enlace":"https:\/\/empresite.eleconomista.es\/ESTUCADOS-JIMENEZ-GUEVARA-ASOCIADOS.html"},{"enlace":"https:\/\/empresite.eleconomista.es\/RECICLAJES-VEGABAJA.html"},{"enlace":"https:\/\/empresite.eleconomista.es\/GUMEDAN-VALLE.html"},{"enlace":"https:\/\/empresite.eleconomista.es\/ELECTRICIDAD-PERSEO.html"},{"enlace":"https:\/\/empresite.eleconomista.es\/RADILUZ-INSTALACIONES-ELECTRICAS.html"},{"enlace":"https:\/\/empresite.eleconomista.es\/OBRAS-PUBLICAS-TORREVIEJA.html"},{"enlace":"https:\/\/empresite.eleconomista.es\/LEVANPLASTICS-2008.html"},{"enlace":"https:\/\/empresite.eleconomista.es\/PROFESIONALES-MONTAJE-DEKALI.html"},{"enlace":"https:\/\/empresite.eleconomista.es\/ALUMINIOS-TORRENUEVA.html"},{"enlace":"https:\/\/empresite.eleconomista.es\/TORREVIEJA-2004-MATHY.html"},{"enlace":"https:\/\/empresite.eleconomista.es\/JOHANSSON-LAMMI-SERVICE.html"},{"enlace":"https:\/\/empresite.eleconomista.es\/SIRWAN-BOSKO-CONSTRUCTION.html"},{"enlace":"https:\/\/empresite.eleconomista.es\/DIMAN-ZAFIRO.html"},{"enlace":"https:\/\/empresite.eleconomista.es\/EASY-TRADING-ONLINE.html"},{"enlace":"https:\/\/empresite.eleconomista.es\/LILLEY-HUNT-SERVICES.html"},{"enlace":"https:\/\/empresite.eleconomista.es\/CONSTRUCCIONES-LICERAN.html"},{"enlace":"https:\/\/empresite.eleconomista.es\/ZAZA-CONSTRUCCIONES-COSTA-BLANCA.html"},{"enlace":"https:\/\/empresite.eleconomista.es\/TIMONEL-SERVISOL.html"},{"enlace":"https:\/\/empresite.eleconomista.es\/LETOKASA.html"},{"enlace":"https:\/\/empresite.eleconomista.es\/LETABO-IMPORT-EXPORT.html"}]