[{"enlace":"https:\/\/empresite.eleconomista.es\/PISCINAS-TORRES-ALVADO.html"},{"enlace":"https:\/\/empresite.eleconomista.es\/KOLORSHOP-KOLORADO.html"},{"enlace":"https:\/\/empresite.eleconomista.es\/LIMPIEZAS-MARENC.html"},{"enlace":"https:\/\/empresite.eleconomista.es\/CALI-NOR-ALBIR.html"},{"enlace":"https:\/\/empresite.eleconomista.es\/RECOVER-SERVICES-AET.html"},{"enlace":"https:\/\/empresite.eleconomista.es\/GRANISTANT.html"},{"enlace":"https:\/\/empresite.eleconomista.es\/TRADING-GROUP-FOLMER.html"},{"enlace":"https:\/\/empresite.eleconomista.es\/ALTEA-LUZ.html"},{"enlace":"https:\/\/empresite.eleconomista.es\/NELAD-NAV.html"},{"enlace":"https:\/\/empresite.eleconomista.es\/OPTICA-KRISTAL-ALFAZ.html"},{"enlace":"https:\/\/empresite.eleconomista.es\/GRUPO-ZENTIMAR.html"},{"enlace":"https:\/\/empresite.eleconomista.es\/NATIONALSOFT.html"},{"enlace":"https:\/\/empresite.eleconomista.es\/ALFAZ-PISCINAS.html"},{"enlace":"https:\/\/empresite.eleconomista.es\/SERVIALFAZ.html"},{"enlace":"https:\/\/empresite.eleconomista.es\/FERRALLAS-KIKO.html"},{"enlace":"https:\/\/empresite.eleconomista.es\/INSTALACIONES-ELECTRICAS-JOMAN.html"},{"enlace":"https:\/\/empresite.eleconomista.es\/SPA-TECH-COSTABLANCA.html"},{"enlace":"https:\/\/empresite.eleconomista.es\/ECO-WASH-ALFAS.html"},{"enlace":"https:\/\/empresite.eleconomista.es\/ROMAN-PARDO.html"},{"enlace":"https:\/\/empresite.eleconomista.es\/ALCRICER.html"},{"enlace":"https:\/\/empresite.eleconomista.es\/EUROESTATE-SERVICIOS-INMOBILIARIOS.html"},{"enlace":"https:\/\/empresite.eleconomista.es\/ELECTRICIDAD-GUSTAVO-MORENO.html"},{"enlace":"https:\/\/empresite.eleconomista.es\/EXCLUSIVAS-ESCOBAR.html"},{"enlace":"https:\/\/empresite.eleconomista.es\/IQUE-TRADING.html"},{"enlace":"https:\/\/empresite.eleconomista.es\/PROMOCIONES-ENTREMARES-COSTABLANCA.html"},{"enlace":"https:\/\/empresite.eleconomista.es\/EFEVERIUM.html"},{"enlace":"https:\/\/empresite.eleconomista.es\/PRO-AMBIENTE-ALFAZ.html"},{"enlace":"https:\/\/empresite.eleconomista.es\/SENIC-HOUSES-SPAIN.html"},{"enlace":"https:\/\/empresite.eleconomista.es\/LETUR-INVERSIONES.html"},{"enlace":"https:\/\/empresite.eleconomista.es\/INTERBUREAU-ASESORIA.html"}]