[{"enlace":"https:\/\/empresite.eleconomista.es\/JULIO-MARTINEZ-NAYA.html"},{"enlace":"https:\/\/empresite.eleconomista.es\/AIGUES-MUNICIPALS-PATERNA.html"},{"enlace":"https:\/\/empresite.eleconomista.es\/INSTALACION-FOTOVOLTAICA-ZAHORI-5.html"},{"enlace":"https:\/\/empresite.eleconomista.es\/SOLUCIONES-INTEGRACION-DESARROLLO-SOLAR.html"},{"enlace":"https:\/\/empresite.eleconomista.es\/INSTALACION-FOTOVOLTAICA-ZAHORI-7.html"},{"enlace":"https:\/\/empresite.eleconomista.es\/PLANTA-FOTOVOLTAICA-ZAHORI-XV.html"},{"enlace":"https:\/\/empresite.eleconomista.es\/APLICACIONES-INFORMATICAS-NUEVAS-TECNOLOGIAS.html"},{"enlace":"https:\/\/empresite.eleconomista.es\/INDUSTRIAS-SEYFE.html"},{"enlace":"https:\/\/empresite.eleconomista.es\/GALLEGO-EZQUER.html"},{"enlace":"https:\/\/empresite.eleconomista.es\/TECNO-MECANICA-JOTAMAR.html"},{"enlace":"https:\/\/empresite.eleconomista.es\/NATORYAL.html"},{"enlace":"https:\/\/empresite.eleconomista.es\/TECHNO-SUN.html"},{"enlace":"https:\/\/empresite.eleconomista.es\/MONLE.html"},{"enlace":"https:\/\/empresite.eleconomista.es\/AUTOCENTRO-POLIGONO.html"},{"enlace":"https:\/\/empresite.eleconomista.es\/REHABILITACIONES-ESPECIALES.html"},{"enlace":"https:\/\/empresite.eleconomista.es\/ALCOTRANSA-VALENCIA.html"},{"enlace":"https:\/\/empresite.eleconomista.es\/QUILINOX.html"},{"enlace":"https:\/\/empresite.eleconomista.es\/SERAFER.html"},{"enlace":"https:\/\/empresite.eleconomista.es\/PROMOTORA-MARTINEZ-CANTADOR.html"},{"enlace":"https:\/\/empresite.eleconomista.es\/FLORISTERIA-JARDINERIA-GUMBAU.html"},{"enlace":"https:\/\/empresite.eleconomista.es\/LIMPIEZAS-LAFUENTE.html"},{"enlace":"https:\/\/empresite.eleconomista.es\/CASTELLANOS-CASA-COMIDAS.html"},{"enlace":"https:\/\/empresite.eleconomista.es\/SANICONCEPT.html"},{"enlace":"https:\/\/empresite.eleconomista.es\/HUERTO-SOLAR-CAMPOS-RIO.html"},{"enlace":"https:\/\/empresite.eleconomista.es\/RS-MONLEON-2009.html"},{"enlace":"https:\/\/empresite.eleconomista.es\/INSTALACION-FOTOVOLTAICA-ZAHORI-39.html"},{"enlace":"https:\/\/empresite.eleconomista.es\/SI-GE-CO-ENGINEERING-ESPANA.html"},{"enlace":"https:\/\/empresite.eleconomista.es\/OILDRUM.html"},{"enlace":"https:\/\/empresite.eleconomista.es\/CECOGRUP-COMPRAS-SERVICIOS.html"},{"enlace":"https:\/\/empresite.eleconomista.es\/GRUPO-MEDITERRANEO-CONTROL-GESTION.html"}]