[{"enlace":"https:\/\/empresite.eleconomista.es\/SUMINISTROS-MOSCARDO.html"},{"enlace":"https:\/\/empresite.eleconomista.es\/SUMINISTROS-AIRPRES.html"},{"enlace":"https:\/\/empresite.eleconomista.es\/SUMINISTROS-FENOLLAR.html"},{"enlace":"https:\/\/empresite.eleconomista.es\/SUMINISTROS-CATS-AND-DOGS.html"},{"enlace":"https:\/\/empresite.eleconomista.es\/LUBRIKAN-2020-SUMINISTROS-AUTOMOCION.html"},{"enlace":"https:\/\/empresite.eleconomista.es\/ALCOY-CONTRACT.html"},{"enlace":"https:\/\/empresite.eleconomista.es\/PROMOCIONES-ARACIL-SILVESTRE.html"},{"enlace":"https:\/\/empresite.eleconomista.es\/NAVES-MONTANA.html"},{"enlace":"https:\/\/empresite.eleconomista.es\/REGICARP.html"},{"enlace":"https:\/\/empresite.eleconomista.es\/TROQUELES-PACO.html"},{"enlace":"https:\/\/empresite.eleconomista.es\/LLORENS-ALENTADO.html"},{"enlace":"https:\/\/empresite.eleconomista.es\/IS-GIN-3-DECORACION.html"},{"enlace":"https:\/\/empresite.eleconomista.es\/FERRALLAS-MARIOLA.html"},{"enlace":"https:\/\/empresite.eleconomista.es\/MOLDURAS-COMTAT.html"},{"enlace":"https:\/\/empresite.eleconomista.es\/ANCESTRA-MEDITERRANEA.html"},{"enlace":"https:\/\/empresite.eleconomista.es\/HIPER-CHINA-XXZ.html"},{"enlace":"https:\/\/empresite.eleconomista.es\/DIFERRO-ENERGY-COMPONENTS.html"},{"enlace":"https:\/\/empresite.eleconomista.es\/URBAPROM-HISPANIA.html"},{"enlace":"https:\/\/empresite.eleconomista.es\/TEX-AGUILA.html"},{"enlace":"https:\/\/empresite.eleconomista.es\/RAPID-MAVIT.html"},{"enlace":"https:\/\/empresite.eleconomista.es\/OBRAS-CONTRATAS-A-LOPEZ.html"},{"enlace":"https:\/\/empresite.eleconomista.es\/NUEVAS-TECNOLOGIAS-GM.html"},{"enlace":"https:\/\/empresite.eleconomista.es\/LLORENS-ENGINEERING.html"},{"enlace":"https:\/\/empresite.eleconomista.es\/MUNTATGES-INSTAL-LACIONS-MIL-LIMETRE.html"},{"enlace":"https:\/\/empresite.eleconomista.es\/COMTAT-SOLAR.html"},{"enlace":"https:\/\/empresite.eleconomista.es\/L-ENCANTA-SOLAR.html"},{"enlace":"https:\/\/empresite.eleconomista.es\/ELECTRICIDAD-SANZ.html"},{"enlace":"https:\/\/empresite.eleconomista.es\/TRACKONTECH.html"},{"enlace":"https:\/\/empresite.eleconomista.es\/GERMANICA.html"},{"enlace":"https:\/\/empresite.eleconomista.es\/JOVERTEX.html"}]