[{"enlace":"https:\/\/empresite.eleconomista.es\/CRISTALERIA-PERU.html"},{"enlace":"https:\/\/empresite.eleconomista.es\/FONTANERIA-ANTONIO-SANCHIS.html"},{"enlace":"https:\/\/empresite.eleconomista.es\/MONTAJES-ELECTRICOS-IRAOLA.html"},{"enlace":"https:\/\/empresite.eleconomista.es\/REGICARP-TECNICS.html"},{"enlace":"https:\/\/empresite.eleconomista.es\/CERRAJERIA-MARIOLA.html"},{"enlace":"https:\/\/empresite.eleconomista.es\/PINTURAS-ARTE-NUEVO.html"},{"enlace":"https:\/\/empresite.eleconomista.es\/TOYBA-RENT.html"},{"enlace":"https:\/\/empresite.eleconomista.es\/ELECTRICIDAD-JAIME-SANOGUERA-ALCARAZ.html"},{"enlace":"https:\/\/empresite.eleconomista.es\/SEYMA-ALCOY-DIMAL-SISTEMAS.html"},{"enlace":"https:\/\/empresite.eleconomista.es\/SERVICIOS-GENERALES-SIOS.html"},{"enlace":"https:\/\/empresite.eleconomista.es\/ICE-AND-FRUITS-ALCOY.html"},{"enlace":"https:\/\/empresite.eleconomista.es\/PROMONOVA-ALCOYANA.html"},{"enlace":"https:\/\/empresite.eleconomista.es\/CILCOIL.html"},{"enlace":"https:\/\/empresite.eleconomista.es\/BROWN-BEAUTY.html"},{"enlace":"https:\/\/empresite.eleconomista.es\/CUBIERTAS-METALICAS-MEDITERRANEA.html"},{"enlace":"https:\/\/empresite.eleconomista.es\/PORTALCOI.html"},{"enlace":"https:\/\/empresite.eleconomista.es\/ALUMINIS-JESAN.html"},{"enlace":"https:\/\/empresite.eleconomista.es\/CASTANER-SANTONJA.html"},{"enlace":"https:\/\/empresite.eleconomista.es\/CONALSA.html"},{"enlace":"https:\/\/empresite.eleconomista.es\/CONOMAX.html"},{"enlace":"https:\/\/empresite.eleconomista.es\/DB-LIMPIEZAS.html"},{"enlace":"https:\/\/empresite.eleconomista.es\/INERCIA-2006.html"},{"enlace":"https:\/\/empresite.eleconomista.es\/ENILEC.html"},{"enlace":"https:\/\/empresite.eleconomista.es\/METALICAS-CRIADO.html"},{"enlace":"https:\/\/empresite.eleconomista.es\/CEI-COMERCIAL-ELEMENTOS-PARA-INDUSTRIA.html"},{"enlace":"https:\/\/empresite.eleconomista.es\/STEELMATE-SPAIN.html"},{"enlace":"https:\/\/empresite.eleconomista.es\/ELECTRICIDAD-CANTAGALLET.html"},{"enlace":"https:\/\/empresite.eleconomista.es\/COLOMA-RIBES.html"},{"enlace":"https:\/\/empresite.eleconomista.es\/BALBINO-PASTOR.html"},{"enlace":"https:\/\/empresite.eleconomista.es\/ALCOILIMP.html"}]