[{"enlace":"https:\/\/empresite.eleconomista.es\/LUXELECTRIC-SERVICIOS-ELECTRICOS.html"},{"enlace":"https:\/\/empresite.eleconomista.es\/SERVICIOS-MANTENIMIENTOS-ELECTRICOS-GONZALEZ.html"},{"enlace":"https:\/\/empresite.eleconomista.es\/MONTAJES-ELECTRICOS-DENIA.html"},{"enlace":"https:\/\/empresite.eleconomista.es\/SUMINISTROS-CLIMAFONT.html"},{"enlace":"https:\/\/empresite.eleconomista.es\/SUMINISTROS-PERETO.html"},{"enlace":"https:\/\/empresite.eleconomista.es\/SERVICIOS-ELECTRICOS-MANTENIMIENTOS-DENIA-2006.html"},{"enlace":"https:\/\/empresite.eleconomista.es\/ENNOVA-SUMINISTROS-RENOVABLES.html"},{"enlace":"https:\/\/empresite.eleconomista.es\/SUMINISTROS-HOSTELEROS-BENISSA.html"},{"enlace":"https:\/\/empresite.eleconomista.es\/CENTRAL-DIANENSE-SUMINISTROS-CONSTRUCCION-PLANA.html"},{"enlace":"https:\/\/empresite.eleconomista.es\/COFRET.html"},{"enlace":"https:\/\/empresite.eleconomista.es\/JOSE-PERETO.html"},{"enlace":"https:\/\/empresite.eleconomista.es\/ECOTOUR-HISPANIA.html"},{"enlace":"https:\/\/empresite.eleconomista.es\/NADAL-GESTION.html"},{"enlace":"https:\/\/empresite.eleconomista.es\/TUOCIMED.html"}]