[{"enlace":"https:\/\/empresite.eleconomista.es\/PROMOCIONES-RUME.html"},{"enlace":"https:\/\/empresite.eleconomista.es\/PLASTICOS-LIGA.html"},{"enlace":"https:\/\/empresite.eleconomista.es\/ASFIN-PROFESIONALES.html"},{"enlace":"https:\/\/empresite.eleconomista.es\/SOPLADOS-JUGAR.html"},{"enlace":"https:\/\/empresite.eleconomista.es\/MONPIZZA-SERVICE.html"},{"enlace":"https:\/\/empresite.eleconomista.es\/INSTAL-LACIONS-FUIMA-2006.html"},{"enlace":"https:\/\/empresite.eleconomista.es\/PROJECTATS-SUECA.html"},{"enlace":"https:\/\/empresite.eleconomista.es\/LACATS-ENVERNISSATS-RIBERA-BAIXA.html"},{"enlace":"https:\/\/empresite.eleconomista.es\/UNION-FABRICANTES-GASEOSAS.html"},{"enlace":"https:\/\/empresite.eleconomista.es\/SENDROSES-ENERGY.html"},{"enlace":"https:\/\/empresite.eleconomista.es\/ELECTRO-LENA-3.html"},{"enlace":"https:\/\/empresite.eleconomista.es\/SERVIREIMAN.html"},{"enlace":"https:\/\/empresite.eleconomista.es\/FERSAPAN.html"},{"enlace":"https:\/\/empresite.eleconomista.es\/COMERCIAL-NINGRA.html"},{"enlace":"https:\/\/empresite.eleconomista.es\/BAIXAULI-TORREMOCHA-PATRIMONIAL.html"},{"enlace":"https:\/\/empresite.eleconomista.es\/SUECA-EXPRES.html"},{"enlace":"https:\/\/empresite.eleconomista.es\/JARDINERIA-PISCINA-TECNOLOGIA.html"},{"enlace":"https:\/\/empresite.eleconomista.es\/EXTRUSIONES-GARCU.html"},{"enlace":"https:\/\/empresite.eleconomista.es\/ARQUITECTURA-METALICA-ACP-GROUP.html"},{"enlace":"https:\/\/empresite.eleconomista.es\/DISENOS-JUMA.html"},{"enlace":"https:\/\/empresite.eleconomista.es\/SUCRO-TRONIC.html"},{"enlace":"https:\/\/empresite.eleconomista.es\/GSM-PLANT.html"},{"enlace":"https:\/\/empresite.eleconomista.es\/AREA-SERVICIO-TRANSPORTE-CARRETERA.html"},{"enlace":"https:\/\/empresite.eleconomista.es\/COPYMAR-MAQUINARIA.html"},{"enlace":"https:\/\/empresite.eleconomista.es\/PIEDRAHITA-CARRENO.html"},{"enlace":"https:\/\/empresite.eleconomista.es\/OBRES-PROJECTES-SUCRO.html"},{"enlace":"https:\/\/empresite.eleconomista.es\/INSPIRACION-RENOVADA.html"},{"enlace":"https:\/\/empresite.eleconomista.es\/SUECA-RIBERA-BAIXA-AGRICOLA-RECURSOS.html"},{"enlace":"https:\/\/empresite.eleconomista.es\/MAQUINARIA-CANDEL.html"},{"enlace":"https:\/\/empresite.eleconomista.es\/HERMELANDO-SANCHO.html"}]