[{"enlace":"https:\/\/empresite.eleconomista.es\/MAGIC-WAY-INNOVACIONES.html"},{"enlace":"https:\/\/empresite.eleconomista.es\/MULTI-LUJOOS-ALICANTE.html"},{"enlace":"https:\/\/empresite.eleconomista.es\/AGUAS-HERAYO-ALICANTE.html"},{"enlace":"https:\/\/empresite.eleconomista.es\/OFIDAM-ALICANTE.html"},{"enlace":"https:\/\/empresite.eleconomista.es\/INSPETROL-LEVANTE.html"},{"enlace":"https:\/\/empresite.eleconomista.es\/TECNODIGITAL-COMUNICACIONES-PIMITEL.html"},{"enlace":"https:\/\/empresite.eleconomista.es\/OFIMATICA-MEDITERRANEA.html"},{"enlace":"https:\/\/empresite.eleconomista.es\/SEFITEC-LEVANTE.html"},{"enlace":"https:\/\/empresite.eleconomista.es\/ELECTROJUVER.html"},{"enlace":"https:\/\/empresite.eleconomista.es\/RAYDESPA-DISENY-INNOVACIO-DESENVOLUPAMENT.html"},{"enlace":"https:\/\/empresite.eleconomista.es\/DS-AGENTES-ORNAMENTALES.html"},{"enlace":"https:\/\/empresite.eleconomista.es\/INSTAMANT-LEVANTE.html"},{"enlace":"https:\/\/empresite.eleconomista.es\/GABYDENT-ONLINE.html"},{"enlace":"https:\/\/empresite.eleconomista.es\/SECTOR-BYTES.html"},{"enlace":"https:\/\/empresite.eleconomista.es\/ALICANTE-SEGUNDA-RESIDENCIA.html"},{"enlace":"https:\/\/empresite.eleconomista.es\/DETODONIS.html"},{"enlace":"https:\/\/empresite.eleconomista.es\/DAVO-EQUIPAMIENTOS-AUTOMOCION.html"},{"enlace":"https:\/\/empresite.eleconomista.es\/PRODUCTOS-VIRTUALES-MARIN.html"},{"enlace":"https:\/\/empresite.eleconomista.es\/AENER-AUXILIAR-INFRAESTRUCTURAS.html"},{"enlace":"https:\/\/empresite.eleconomista.es\/MENPAS-VALENCIANA-DISTRIBUCIONES.html"},{"enlace":"https:\/\/empresite.eleconomista.es\/YUSTI-ELECTRICIDAD-ELECTROTECNIA-INTEGRAL.html"},{"enlace":"https:\/\/empresite.eleconomista.es\/NATURQUIM.html"},{"enlace":"https:\/\/empresite.eleconomista.es\/ALIVENDING2005-PUJANTE.html"},{"enlace":"https:\/\/empresite.eleconomista.es\/GARCIA-IVAN-002437932E-SLNE.html"},{"enlace":"https:\/\/empresite.eleconomista.es\/ORDINATEL-PACIFIC.html"}]