[{"enlace":"https:\/\/empresite.eleconomista.es\/ALUMINIOS-CERRAMIENTOS-TORRE-2000.html"},{"enlace":"https:\/\/empresite.eleconomista.es\/CERRAMIENTOS-SURESTE.html"},{"enlace":"https:\/\/empresite.eleconomista.es\/SAVANA-PROPERTY-CONSULTING.html"},{"enlace":"https:\/\/empresite.eleconomista.es\/CONSTRUCCIONES-RIALEX.html"},{"enlace":"https:\/\/empresite.eleconomista.es\/CONTENEDORES-PLASTICOS.html"},{"enlace":"https:\/\/empresite.eleconomista.es\/PROMOCIONES-CONSTRUCCIONES-ANTOV.html"},{"enlace":"https:\/\/empresite.eleconomista.es\/SUNWORLD-SPANISH-PROPERTIES.html"},{"enlace":"https:\/\/empresite.eleconomista.es\/ARMA-CONSTRUCCIONES-MEDITERRANEO.html"},{"enlace":"https:\/\/empresite.eleconomista.es\/SUNSET-BENIDORM.html"},{"enlace":"https:\/\/empresite.eleconomista.es\/TORREVIEJA-GLOBUS.html"},{"enlace":"https:\/\/empresite.eleconomista.es\/FLASH-CAPITAL.html"},{"enlace":"https:\/\/empresite.eleconomista.es\/ELECTRICIDAD-CAYUELAS.html"},{"enlace":"https:\/\/empresite.eleconomista.es\/SPA-MORE.html"},{"enlace":"https:\/\/empresite.eleconomista.es\/VARADEROS-MEDITERRANEO.html"},{"enlace":"https:\/\/empresite.eleconomista.es\/COMPANIA-PERFORACIONES-SERVICIOS-INCATUBOS-LABORES-SUBTERRANEAS.html"},{"enlace":"https:\/\/empresite.eleconomista.es\/CIMEDIAFE.html"},{"enlace":"https:\/\/empresite.eleconomista.es\/EUROJUMA-2010.html"},{"enlace":"https:\/\/empresite.eleconomista.es\/SERVICIOS-INMOBILIARIOS-ADB-TORREVIEJA.html"},{"enlace":"https:\/\/empresite.eleconomista.es\/BOX-PROPERTIES.html"},{"enlace":"https:\/\/empresite.eleconomista.es\/GREEN-TECH-ENERGY.html"},{"enlace":"https:\/\/empresite.eleconomista.es\/CAFETERIA-MORENA-ALICANTE.html"},{"enlace":"https:\/\/empresite.eleconomista.es\/LIMPIEZAS-HOLMEN.html"},{"enlace":"https:\/\/empresite.eleconomista.es\/GRUPO-ANEHMAR-HISPANIA.html"},{"enlace":"https:\/\/empresite.eleconomista.es\/ROBERTO-BANON.html"},{"enlace":"https:\/\/empresite.eleconomista.es\/HAZUQUIQUI.html"},{"enlace":"https:\/\/empresite.eleconomista.es\/SOL-LUNA-MEDITERRANEO.html"},{"enlace":"https:\/\/empresite.eleconomista.es\/IDEAL-REAL-PARK.html"},{"enlace":"https:\/\/empresite.eleconomista.es\/FLANDERS-HOME.html"},{"enlace":"https:\/\/empresite.eleconomista.es\/RICANELI.html"},{"enlace":"https:\/\/empresite.eleconomista.es\/ALDA-IMPEX-CORPORATION.html"}]