[{"enlace":"https:\/\/empresite.eleconomista.es\/FISIOMED-GANDIA.html"},{"enlace":"https:\/\/empresite.eleconomista.es\/PELLICER-MARTIN.html"},{"enlace":"https:\/\/empresite.eleconomista.es\/AB-CONSTRUCCIONES-GESTION-OBRAS-SIMILARES.html"},{"enlace":"https:\/\/empresite.eleconomista.es\/CLASSIC-PROPERTY.html"},{"enlace":"https:\/\/empresite.eleconomista.es\/TECNOLOGIA-TECNICA-FACHADAS.html"},{"enlace":"https:\/\/empresite.eleconomista.es\/GRUPO-TONI-BENITO.html"},{"enlace":"https:\/\/empresite.eleconomista.es\/PROMOPILES.html"},{"enlace":"https:\/\/empresite.eleconomista.es\/PROMOCIONS-INMOBILIARIES-URBANISTIQUES-SAFOR.html"},{"enlace":"https:\/\/empresite.eleconomista.es\/PAPALLONA-VALENCIA-UDGB.html"},{"enlace":"https:\/\/empresite.eleconomista.es\/ROMNEY-CONTRACTS.html"},{"enlace":"https:\/\/empresite.eleconomista.es\/VILA-COLLADO-ELECTRICITAT.html"},{"enlace":"https:\/\/empresite.eleconomista.es\/ELEVADORES-OLIVA.html"},{"enlace":"https:\/\/empresite.eleconomista.es\/VERTYDECOR-INNOVA.html"},{"enlace":"https:\/\/empresite.eleconomista.es\/PERIS-FRASQUET.html"},{"enlace":"https:\/\/empresite.eleconomista.es\/CISTERPE-INFORMATICA.html"},{"enlace":"https:\/\/empresite.eleconomista.es\/SANTAFE-TERRACOTA.html"},{"enlace":"https:\/\/empresite.eleconomista.es\/CITRICOS-SERVICIOS-PILES.html"},{"enlace":"https:\/\/empresite.eleconomista.es\/RESFOTOVOLTAICA.html"},{"enlace":"https:\/\/empresite.eleconomista.es\/ELECTRICIDAD-VERDU-GOMEZ.html"},{"enlace":"https:\/\/empresite.eleconomista.es\/FLEXI-FORCE-IBERICA.html"},{"enlace":"https:\/\/empresite.eleconomista.es\/RECREATIVOS-MINERVA.html"},{"enlace":"https:\/\/empresite.eleconomista.es\/EQUIPO-GESTORES-SAFOR.html"},{"enlace":"https:\/\/empresite.eleconomista.es\/SANTONJA-SEGURIDAD.html"},{"enlace":"https:\/\/empresite.eleconomista.es\/CIVERCO-FRUIT.html"},{"enlace":"https:\/\/empresite.eleconomista.es\/LEVANTINA-TERRAZOS.html"},{"enlace":"https:\/\/empresite.eleconomista.es\/ELECTRO-SILVER.html"},{"enlace":"https:\/\/empresite.eleconomista.es\/TERRA-MARBRE-OLIVA.html"},{"enlace":"https:\/\/empresite.eleconomista.es\/SERRALLERIA-PAUMAR.html"},{"enlace":"https:\/\/empresite.eleconomista.es\/DOMESTICS-JORDA.html"},{"enlace":"https:\/\/empresite.eleconomista.es\/CONSTRUCCIONES-UNIVERSAL-2003.html"}]