[{"enlace":"https:\/\/empresite.eleconomista.es\/NIUMO.html"},{"enlace":"https:\/\/empresite.eleconomista.es\/ARCHI-TOP.html"},{"enlace":"https:\/\/empresite.eleconomista.es\/MARCO-HABITAT.html"},{"enlace":"https:\/\/empresite.eleconomista.es\/COMERCIAL-FRIO-MARRON.html"},{"enlace":"https:\/\/empresite.eleconomista.es\/SOLUCIONES-INOXIDABLE.html"},{"enlace":"https:\/\/empresite.eleconomista.es\/SIVIMAR.html"},{"enlace":"https:\/\/empresite.eleconomista.es\/PROMOCION-EQUIPAMIENTO-SUELO-INDUSTRIAL.html"},{"enlace":"https:\/\/empresite.eleconomista.es\/ANCLAFIX.html"},{"enlace":"https:\/\/empresite.eleconomista.es\/INTERNATIONAL-SANITARY-TRADING.html"},{"enlace":"https:\/\/empresite.eleconomista.es\/ARCOREST.html"},{"enlace":"https:\/\/empresite.eleconomista.es\/ABYDUS-VENTA.html"},{"enlace":"https:\/\/empresite.eleconomista.es\/RELATIVES-VALENCIA.html"},{"enlace":"https:\/\/empresite.eleconomista.es\/REAL-ESTATE-QUIETO.html"},{"enlace":"https:\/\/empresite.eleconomista.es\/PINTRIP-ENVASES.html"},{"enlace":"https:\/\/empresite.eleconomista.es\/REFORMAS-REHABILITACIONES-CONSTRUCCIONES-PROYECTOS-COPROBAS.html"},{"enlace":"https:\/\/empresite.eleconomista.es\/PAMAR-COLOR.html"},{"enlace":"https:\/\/empresite.eleconomista.es\/ELECTRONICA-COMUNICACIONES-VALENCIA.html"},{"enlace":"https:\/\/empresite.eleconomista.es\/BRITISH-ALLIANCE.html"},{"enlace":"https:\/\/empresite.eleconomista.es\/RESPUESTA-GLOBAL-2010.html"},{"enlace":"https:\/\/empresite.eleconomista.es\/EMPROSUR-GESTION.html"},{"enlace":"https:\/\/empresite.eleconomista.es\/COMERCIAL-ENVASES-PICO.html"},{"enlace":"https:\/\/empresite.eleconomista.es\/TORREMIRANDA.html"},{"enlace":"https:\/\/empresite.eleconomista.es\/PROMEDPAL-VALLES.html"},{"enlace":"https:\/\/empresite.eleconomista.es\/MONMAR-ALBATROS.html"},{"enlace":"https:\/\/empresite.eleconomista.es\/SOCISA-IBERIA-2000.html"},{"enlace":"https:\/\/empresite.eleconomista.es\/L-HORTA-GOLF.html"},{"enlace":"https:\/\/empresite.eleconomista.es\/TENDENCIAS-SECTOR.html"},{"enlace":"https:\/\/empresite.eleconomista.es\/BLUEBELL-BUSINESS.html"},{"enlace":"https:\/\/empresite.eleconomista.es\/RUIDEA.html"},{"enlace":"https:\/\/empresite.eleconomista.es\/LOMA-DOS-MIL.html"}]