[{"enlace":"https:\/\/empresite.eleconomista.es\/ALUMINIOS-CEBOLLA.html"},{"enlace":"https:\/\/empresite.eleconomista.es\/ELECTROSUECA.html"},{"enlace":"https:\/\/empresite.eleconomista.es\/MAQUINARIA-RODA.html"},{"enlace":"https:\/\/empresite.eleconomista.es\/MONTAJES-ASCENSORES-MEDITERRANEA.html"},{"enlace":"https:\/\/empresite.eleconomista.es\/FERS-LV.html"},{"enlace":"https:\/\/empresite.eleconomista.es\/ALUCEL-SIGLO-21.html"},{"enlace":"https:\/\/empresite.eleconomista.es\/GRAFICS-SERVEIS-EDITORIALS-INTEGRALS.html"},{"enlace":"https:\/\/empresite.eleconomista.es\/MONTAJES-FUTURA-3000.html"},{"enlace":"https:\/\/empresite.eleconomista.es\/INSTALACIONES-CUADROS-ELECTRICOS-MAT.html"},{"enlace":"https:\/\/empresite.eleconomista.es\/JERONIMO-MARTINEZ-PIQUERES.html"},{"enlace":"https:\/\/empresite.eleconomista.es\/GESINVER-MEDITERRANEO.html"},{"enlace":"https:\/\/empresite.eleconomista.es\/IRANPLAS.html"},{"enlace":"https:\/\/empresite.eleconomista.es\/GRUPLLUNA.html"},{"enlace":"https:\/\/empresite.eleconomista.es\/JONA-SEC-VALENCIA.html"},{"enlace":"https:\/\/empresite.eleconomista.es\/TRADEAL.html"},{"enlace":"https:\/\/empresite.eleconomista.es\/LLINSUAL.html"},{"enlace":"https:\/\/empresite.eleconomista.es\/MANTENIMIENTO-INFRAESTRUCTURAS-PERELLO.html"},{"enlace":"https:\/\/empresite.eleconomista.es\/MODEL-FIBRA.html"},{"enlace":"https:\/\/empresite.eleconomista.es\/INSTALACIONES-HERVAS.html"},{"enlace":"https:\/\/empresite.eleconomista.es\/INSTALACIONES-SAFEVI.html"},{"enlace":"https:\/\/empresite.eleconomista.es\/REFORDISSENY.html"},{"enlace":"https:\/\/empresite.eleconomista.es\/PERSIANAS-RASER.html"},{"enlace":"https:\/\/empresite.eleconomista.es\/PALM-MEDITERRANEO.html"},{"enlace":"https:\/\/empresite.eleconomista.es\/HH-2000-ACCESORIOS-PARA-BANERAS.html"},{"enlace":"https:\/\/empresite.eleconomista.es\/EMONAX.html"},{"enlace":"https:\/\/empresite.eleconomista.es\/INFO-ORDINADORS.html"},{"enlace":"https:\/\/empresite.eleconomista.es\/HERNANDEZ-PERIS-INFORMATICA.html"},{"enlace":"https:\/\/empresite.eleconomista.es\/ESCAYOLAS-GRAUPER.html"},{"enlace":"https:\/\/empresite.eleconomista.es\/FYESU.html"},{"enlace":"https:\/\/empresite.eleconomista.es\/CRISTALERIA-GALVE.html"}]