[{"enlace":"https:\/\/empresite.eleconomista.es\/ELECTRICIDAD-JO-MA.html"},{"enlace":"https:\/\/empresite.eleconomista.es\/ELECTRICIDAD-CLIMATIZACION-PATERNA.html"},{"enlace":"https:\/\/empresite.eleconomista.es\/GREMIO-VALENCIANO-ELECTRICIDAD.html"},{"enlace":"https:\/\/empresite.eleconomista.es\/SIUTEVAL-ELECTRICIDAD-VALENCIA.html"},{"enlace":"https:\/\/empresite.eleconomista.es\/ELECTRICIDAD-G-GUARDIOLA.html"},{"enlace":"https:\/\/empresite.eleconomista.es\/ELECTRICIDAD-AUTOMOVIL-SANJOSE.html"},{"enlace":"https:\/\/empresite.eleconomista.es\/ELECTRICIDAD-TRES-FORQUES.html"},{"enlace":"https:\/\/empresite.eleconomista.es\/VALENCIANA-ELECTRICIDAD-RODRIGO.html"},{"enlace":"https:\/\/empresite.eleconomista.es\/ARGOS-ELECTRICIDAD-ILUMINACION.html"},{"enlace":"https:\/\/empresite.eleconomista.es\/LOPEZ-ROLDAN-HERMANOS-ELECTRICIDAD-ELECTRODOMESTICOS.html"},{"enlace":"https:\/\/empresite.eleconomista.es\/SECOPSA-ELECTRICIDAD-MORA-UTE-L-18-N-82.html"},{"enlace":"https:\/\/empresite.eleconomista.es\/COELECTRIC-SOCIEDAD-COOPERATIVA-VALENCIANA.html"},{"enlace":"https:\/\/empresite.eleconomista.es\/MONTAJES-ELECTRICOS-PEDRO-PARRA.html"},{"enlace":"https:\/\/empresite.eleconomista.es\/GENERCO-GRUPOS-ELECTROGENOS.html"},{"enlace":"https:\/\/empresite.eleconomista.es\/ELECTROMONTAJES-AUTOMATISMOS.html"},{"enlace":"https:\/\/empresite.eleconomista.es\/TALLERES-CHECAR.html"},{"enlace":"https:\/\/empresite.eleconomista.es\/EUROPA-TELEURGE.html"},{"enlace":"https:\/\/empresite.eleconomista.es\/MONTAJES-ELECTRICOS-GANDIA.html"},{"enlace":"https:\/\/empresite.eleconomista.es\/LEDS-SOUND-GROUP-2010.html"},{"enlace":"https:\/\/empresite.eleconomista.es\/LLUMS-DECORATIVES.html"},{"enlace":"https:\/\/empresite.eleconomista.es\/ILUMINACIONES-JUST.html"},{"enlace":"https:\/\/empresite.eleconomista.es\/REFORMAS-CONSTRUCCIONES-NOU-HABITAT.html"},{"enlace":"https:\/\/empresite.eleconomista.es\/MONTAJES-ELECTRICOS-ASELA.html"},{"enlace":"https:\/\/empresite.eleconomista.es\/CASTISER.html"}]