[{"enlace":"https:\/\/empresite.eleconomista.es\/BASPIN.html"},{"enlace":"https:\/\/empresite.eleconomista.es\/SUNENERGY-SPAIN.html"},{"enlace":"https:\/\/empresite.eleconomista.es\/CASA-PROPIEDAD-KARI.html"},{"enlace":"https:\/\/empresite.eleconomista.es\/ORIFRIO-HOSTELERA.html"},{"enlace":"https:\/\/empresite.eleconomista.es\/CERRAMIENTOS-ORIHUELA.html"},{"enlace":"https:\/\/empresite.eleconomista.es\/CONSTRUCCIONES-JOBOPE.html"},{"enlace":"https:\/\/empresite.eleconomista.es\/CERRAMIENTOS-METALICOS-ALUMINIO-MSM.html"},{"enlace":"https:\/\/empresite.eleconomista.es\/CONSTRUCCIONES-MALUE.html"},{"enlace":"https:\/\/empresite.eleconomista.es\/GUILCA-MULTISERVICIOS.html"},{"enlace":"https:\/\/empresite.eleconomista.es\/ROTULOS-SARRIA-SAEZ.html"},{"enlace":"https:\/\/empresite.eleconomista.es\/CONSTRUCCIONES-HNOS-SANCHEZ-POVEDA.html"},{"enlace":"https:\/\/empresite.eleconomista.es\/SERVIPRESTAN-ETT.html"},{"enlace":"https:\/\/empresite.eleconomista.es\/JOCADI-INFRAESTRUCTURAS.html"},{"enlace":"https:\/\/empresite.eleconomista.es\/FRENCHIE-S-CATERING.html"},{"enlace":"https:\/\/empresite.eleconomista.es\/RUBICOR-2000.html"},{"enlace":"https:\/\/empresite.eleconomista.es\/GRUAS-DESGUACE-CAMPEON.html"},{"enlace":"https:\/\/empresite.eleconomista.es\/TAMEMUR-HIERRO.html"},{"enlace":"https:\/\/empresite.eleconomista.es\/AGROBONANZA-AGRICOLA.html"},{"enlace":"https:\/\/empresite.eleconomista.es\/BR-HYDRA-3000.html"},{"enlace":"https:\/\/empresite.eleconomista.es\/MARVI-JARDINEROS.html"},{"enlace":"https:\/\/empresite.eleconomista.es\/ZENIA-REALTY.html"},{"enlace":"https:\/\/empresite.eleconomista.es\/URBASOL-2010-CONSTRUCTORA.html"},{"enlace":"https:\/\/empresite.eleconomista.es\/ANTONIO-PACHECO-HIJOS.html"},{"enlace":"https:\/\/empresite.eleconomista.es\/VETROMAR-CREADA-2000.html"},{"enlace":"https:\/\/empresite.eleconomista.es\/CONSTRUCCIONES-GRUPO-KLIRSOW.html"},{"enlace":"https:\/\/empresite.eleconomista.es\/INDECLIMA-INSTALACIONES-DISENO.html"},{"enlace":"https:\/\/empresite.eleconomista.es\/GRAU-MENARGUES.html"},{"enlace":"https:\/\/empresite.eleconomista.es\/RENOVA-2007.html"},{"enlace":"https:\/\/empresite.eleconomista.es\/DESGUACES-ELICAR.html"},{"enlace":"https:\/\/empresite.eleconomista.es\/LOZAMAN-CONSTRUCCIONES.html"}]