[{"enlace":"https:\/\/empresite.eleconomista.es\/SERVIELEC-ELECTRICIDAD.html"},{"enlace":"https:\/\/empresite.eleconomista.es\/DRINK-SPRING.html"},{"enlace":"https:\/\/empresite.eleconomista.es\/LUMEN-TORREVIEJA-SUR.html"},{"enlace":"https:\/\/empresite.eleconomista.es\/TECNICAS-SERVICIOS-VEGA-BAJA.html"},{"enlace":"https:\/\/empresite.eleconomista.es\/GRUAS-MONTESINOS.html"},{"enlace":"https:\/\/empresite.eleconomista.es\/PROMOCIONES-CONSTRUCCIONES-HISPAMAR-MEDITERRANEO.html"},{"enlace":"https:\/\/empresite.eleconomista.es\/SOLUCIONES-PUNTO.html"},{"enlace":"https:\/\/empresite.eleconomista.es\/GUILLERMO-DAVID-BECERRA.html"},{"enlace":"https:\/\/empresite.eleconomista.es\/GESLEVANTE-ADMINISTRADORES.html"},{"enlace":"https:\/\/empresite.eleconomista.es\/DOWN-TOWN-RESTAURATION.html"},{"enlace":"https:\/\/empresite.eleconomista.es\/GRUPO-CARBALLO-IZURIETA.html"},{"enlace":"https:\/\/empresite.eleconomista.es\/VIROVIACUM.html"},{"enlace":"https:\/\/empresite.eleconomista.es\/KEAKI-FERRETEROS.html"},{"enlace":"https:\/\/empresite.eleconomista.es\/INDUSTRIAL-TECNICA-HOSTELERA-LEVANTE.html"},{"enlace":"https:\/\/empresite.eleconomista.es\/NORDISK-SMIDE.html"},{"enlace":"https:\/\/empresite.eleconomista.es\/ORTS-LIMPIEZAS-INTEGRALES.html"},{"enlace":"https:\/\/empresite.eleconomista.es\/AG-INVERSIONES-SANSACAMA.html"},{"enlace":"https:\/\/empresite.eleconomista.es\/SUPER-HAIR-AND-BEAUTY-CARE.html"},{"enlace":"https:\/\/empresite.eleconomista.es\/ECOLIMSER.html"},{"enlace":"https:\/\/empresite.eleconomista.es\/ESTACION-SERVICIO-NUEVA-TORREVIEJA.html"},{"enlace":"https:\/\/empresite.eleconomista.es\/PUERTA-CAIRO.html"},{"enlace":"https:\/\/empresite.eleconomista.es\/CRISTALERIA-MAURRO.html"},{"enlace":"https:\/\/empresite.eleconomista.es\/RESTAURANTE-CASA-SIMON.html"},{"enlace":"https:\/\/empresite.eleconomista.es\/ALUNORDIK.html"},{"enlace":"https:\/\/empresite.eleconomista.es\/GRUPO-FERNANDO-SOLANA.html"},{"enlace":"https:\/\/empresite.eleconomista.es\/UNICARD-VL.html"},{"enlace":"https:\/\/empresite.eleconomista.es\/RAF-MARLLA-PINTURAS.html"},{"enlace":"https:\/\/empresite.eleconomista.es\/SOCIJUEGO.html"},{"enlace":"https:\/\/empresite.eleconomista.es\/PLACAS-SOLARES-MEDITERRANEO.html"},{"enlace":"https:\/\/empresite.eleconomista.es\/CERRABOJ.html"}]