[{"enlace":"https:\/\/empresite.eleconomista.es\/IMPORTACIONES-ILICITANAS.html"},{"enlace":"https:\/\/empresite.eleconomista.es\/JOSE-L-QUILES-DISTRIBUCIONES.html"},{"enlace":"https:\/\/empresite.eleconomista.es\/MARIA-ASUNCION-GIRONA-PASTOR.html"},{"enlace":"https:\/\/empresite.eleconomista.es\/LILYA-TEXTIL.html"},{"enlace":"https:\/\/empresite.eleconomista.es\/PROYECTOS-TECNICOS-ENERGIAS-RENOVABLES.html"},{"enlace":"https:\/\/empresite.eleconomista.es\/GESTION-RECUPERACION-RESIDUOS-SURESTE.html"},{"enlace":"https:\/\/empresite.eleconomista.es\/BAPOCAMA.html"},{"enlace":"https:\/\/empresite.eleconomista.es\/PUERTAS-PUIG-OLIVER.html"},{"enlace":"https:\/\/empresite.eleconomista.es\/CANVASES-SLIPPERS.html"},{"enlace":"https:\/\/empresite.eleconomista.es\/MANUFACTURAS-ZAPA.html"},{"enlace":"https:\/\/empresite.eleconomista.es\/FBF-EXPORT-IMPORT.html"},{"enlace":"https:\/\/empresite.eleconomista.es\/PLANT-CALZA.html"},{"enlace":"https:\/\/empresite.eleconomista.es\/HILOS-CARDA-CREVILLENTE.html"},{"enlace":"https:\/\/empresite.eleconomista.es\/IMPORT-EXPOR-TEXTILCREVI.html"},{"enlace":"https:\/\/empresite.eleconomista.es\/ALBERTO-FRANCISCO-CANDELA-GOMEZ.html"},{"enlace":"https:\/\/empresite.eleconomista.es\/PREYPO-ILLICE.html"},{"enlace":"https:\/\/empresite.eleconomista.es\/CHATARRAS-METALES-ALONSO.html"},{"enlace":"https:\/\/empresite.eleconomista.es\/LABORAL-GRAFICA.html"},{"enlace":"https:\/\/empresite.eleconomista.es\/ABONOS-ORGANICOS-NACIONALES.html"},{"enlace":"https:\/\/empresite.eleconomista.es\/SAKPOLI.html"},{"enlace":"https:\/\/empresite.eleconomista.es\/ANYLU-EQUIPAMIENTOS.html"},{"enlace":"https:\/\/empresite.eleconomista.es\/COMPONENTES-VERTIGAS.html"},{"enlace":"https:\/\/empresite.eleconomista.es\/TALLERES-MANSUR.html"},{"enlace":"https:\/\/empresite.eleconomista.es\/CONSTRUCCIONES-EDIFICACIONES-LIMPIEZAS-MARFRAN.html"},{"enlace":"https:\/\/empresite.eleconomista.es\/LOBERA-ENERGIA.html"},{"enlace":"https:\/\/empresite.eleconomista.es\/FOTOVOLTAICA-MOREIRENSE.html"},{"enlace":"https:\/\/empresite.eleconomista.es\/CALZADOS-MIZAR.html"},{"enlace":"https:\/\/empresite.eleconomista.es\/EMPLEADOS-COOPERATIVA-SOLAR.html"},{"enlace":"https:\/\/empresite.eleconomista.es\/FOTOVOLTAICA-ASOCIADA-INTEGRAL-CORPORATION.html"},{"enlace":"https:\/\/empresite.eleconomista.es\/COCINAS-CODELVI-DECORACION.html"}]