[{"enlace":"https:\/\/empresite.eleconomista.es\/LM-SOLIS-TECNIOBRAS.html"},{"enlace":"https:\/\/empresite.eleconomista.es\/CERRAJERIA-MASIA-JUEZ.html"},{"enlace":"https:\/\/empresite.eleconomista.es\/VITO-10.html"},{"enlace":"https:\/\/empresite.eleconomista.es\/MUEBLES-SANDEZ.html"},{"enlace":"https:\/\/empresite.eleconomista.es\/RUSTIC-PUEBLA.html"},{"enlace":"https:\/\/empresite.eleconomista.es\/MONTAJES-ELECTRICOS-HERNANDEZ-MARTINEZ.html"},{"enlace":"https:\/\/empresite.eleconomista.es\/SIMO-MORA.html"},{"enlace":"https:\/\/empresite.eleconomista.es\/FONTANERIA-JUAN-SOTO.html"},{"enlace":"https:\/\/empresite.eleconomista.es\/ESTACION-SERVICIO-TORRENT.html"},{"enlace":"https:\/\/empresite.eleconomista.es\/BRONCES-ORUS.html"},{"enlace":"https:\/\/empresite.eleconomista.es\/MONTAJES-ELECTRICOS-JIMFRA.html"},{"enlace":"https:\/\/empresite.eleconomista.es\/HERRAJES-TORRENT.html"},{"enlace":"https:\/\/empresite.eleconomista.es\/MUNDO-ANIMALA.html"},{"enlace":"https:\/\/empresite.eleconomista.es\/JOSE-LUIS-ANTONIO-SERVICIOS.html"},{"enlace":"https:\/\/empresite.eleconomista.es\/LLACER-MARTINEZ.html"},{"enlace":"https:\/\/empresite.eleconomista.es\/ADROHUEMATIC.html"},{"enlace":"https:\/\/empresite.eleconomista.es\/PINTURAS-DECORACION-ALEJANDRO-CHACON.html"},{"enlace":"https:\/\/empresite.eleconomista.es\/ROYCE-DISTRIBUCIONES-HOSTELERAS.html"},{"enlace":"https:\/\/empresite.eleconomista.es\/BABACA-XXI.html"},{"enlace":"https:\/\/empresite.eleconomista.es\/CLIGALUZ.html"},{"enlace":"https:\/\/empresite.eleconomista.es\/AREA-SERVICIO-TOLL.html"},{"enlace":"https:\/\/empresite.eleconomista.es\/HUERTO-SOLAR-RABOSSER-NO-4.html"},{"enlace":"https:\/\/empresite.eleconomista.es\/HUERTO-SOLAR-RABOSSER-NUM-12.html"},{"enlace":"https:\/\/empresite.eleconomista.es\/BENLA-REFORMAS-SERVICIOS.html"},{"enlace":"https:\/\/empresite.eleconomista.es\/HUERTO-SOLAR-RABOSSER-NO-10.html"},{"enlace":"https:\/\/empresite.eleconomista.es\/EMILIO-PENA.html"},{"enlace":"https:\/\/empresite.eleconomista.es\/ENVAL.html"},{"enlace":"https:\/\/empresite.eleconomista.es\/MGM-CARPINTEROS-SCV.html"},{"enlace":"https:\/\/empresite.eleconomista.es\/REPRESENTACIONES-LOPEZ-HARO.html"},{"enlace":"https:\/\/empresite.eleconomista.es\/PRODUCTOS-QUIMICOS-EGEMA.html"}]