[{"enlace":"https:\/\/empresite.eleconomista.es\/AVENIDA-CAR.html"},{"enlace":"https:\/\/empresite.eleconomista.es\/ELECTROMECANICA-JOSTAM.html"},{"enlace":"https:\/\/empresite.eleconomista.es\/NORMA-DIGITAL.html"},{"enlace":"https:\/\/empresite.eleconomista.es\/ELIG-ELECTRICIDAD.html"},{"enlace":"https:\/\/empresite.eleconomista.es\/TRANSPORTES-ARRANZ-HIJOS.html"},{"enlace":"https:\/\/empresite.eleconomista.es\/ELECTRONICOS-COBAS.html"},{"enlace":"https:\/\/empresite.eleconomista.es\/AVENIDA-PARQUE-EUROPA.html"},{"enlace":"https:\/\/empresite.eleconomista.es\/RAMO-RASPOS.html"},{"enlace":"https:\/\/empresite.eleconomista.es\/CEMENTOS-ALICANTE.html"},{"enlace":"https:\/\/empresite.eleconomista.es\/PORTA-CEL-WELLNESS-CENTER.html"},{"enlace":"https:\/\/empresite.eleconomista.es\/FOOT-TWO.html"},{"enlace":"https:\/\/empresite.eleconomista.es\/EIB-PLANET.html"},{"enlace":"https:\/\/empresite.eleconomista.es\/GENERATION-EUROPE-FOOTWEAR.html"},{"enlace":"https:\/\/empresite.eleconomista.es\/TRENATS-COMPLEMENTS.html"},{"enlace":"https:\/\/empresite.eleconomista.es\/TECNOPERFIL-UNIVERSAL.html"},{"enlace":"https:\/\/empresite.eleconomista.es\/JARDINERIA-STRELITZIA.html"},{"enlace":"https:\/\/empresite.eleconomista.es\/KAULEDER.html"},{"enlace":"https:\/\/empresite.eleconomista.es\/ESTRUCTURAS-INMA-LUNA.html"},{"enlace":"https:\/\/empresite.eleconomista.es\/SERVICIOS-INTEGRALES-ASISTENCIA-DOMICILIARIA-SURESTE.html"},{"enlace":"https:\/\/empresite.eleconomista.es\/KING-OUTLET.html"},{"enlace":"https:\/\/empresite.eleconomista.es\/TRENCADIS-DECORACION.html"},{"enlace":"https:\/\/empresite.eleconomista.es\/TASEL.html"},{"enlace":"https:\/\/empresite.eleconomista.es\/ITALCAR-LEVANTE.html"},{"enlace":"https:\/\/empresite.eleconomista.es\/CORTADOS-RIVORY.html"},{"enlace":"https:\/\/empresite.eleconomista.es\/MECANICAS-FIN2.html"},{"enlace":"https:\/\/empresite.eleconomista.es\/HUNE-SYSTEM.html"},{"enlace":"https:\/\/empresite.eleconomista.es\/HERCLEM-ELEVADORES.html"},{"enlace":"https:\/\/empresite.eleconomista.es\/ELECTRICIDAD-VAES.html"},{"enlace":"https:\/\/empresite.eleconomista.es\/ECLITEC-MONTAJES.html"},{"enlace":"https:\/\/empresite.eleconomista.es\/TROKE-BLOKE.html"}]