[{"enlace":"https:\/\/empresite.eleconomista.es\/SORMON-MINERALS.html"},{"enlace":"https:\/\/empresite.eleconomista.es\/INSTALACION-FOTOVOLTAICA-ZAHORI-34.html"},{"enlace":"https:\/\/empresite.eleconomista.es\/TGVAL.html"},{"enlace":"https:\/\/empresite.eleconomista.es\/SERVICIOS-ESPECIALES-HOP.html"},{"enlace":"https:\/\/empresite.eleconomista.es\/EFICIENCIA-ENERGETICA-COMUNICACIONES.html"},{"enlace":"https:\/\/empresite.eleconomista.es\/SG-GROUP-CONTROLER-VALENCIA.html"},{"enlace":"https:\/\/empresite.eleconomista.es\/TINTE-RUKISA.html"},{"enlace":"https:\/\/empresite.eleconomista.es\/LAURELES-CESAR.html"},{"enlace":"https:\/\/empresite.eleconomista.es\/INSTALACION-FOTOVOLTAICA-ZAHORI-3.html"},{"enlace":"https:\/\/empresite.eleconomista.es\/JOYA-MACHINES-INDUSTRIES-FOOD-IBERICA.html"},{"enlace":"https:\/\/empresite.eleconomista.es\/ROSSITER-ESPANOLA-21.html"},{"enlace":"https:\/\/empresite.eleconomista.es\/ELEVADORES-FETEVI.html"},{"enlace":"https:\/\/empresite.eleconomista.es\/FESTA-LEVANTE.html"},{"enlace":"https:\/\/empresite.eleconomista.es\/MAQUINA-4.html"},{"enlace":"https:\/\/empresite.eleconomista.es\/GRUPO-VIVIAR-BICARBONAT.html"},{"enlace":"https:\/\/empresite.eleconomista.es\/PALETS-HIDALGO.html"},{"enlace":"https:\/\/empresite.eleconomista.es\/GB-MUNDIPACK.html"},{"enlace":"https:\/\/empresite.eleconomista.es\/AGOFIVE-REPARACION-MANTENIMIENTO.html"},{"enlace":"https:\/\/empresite.eleconomista.es\/INDOMO-DOMOTICA-TELECOMUNICACIONES-SERVICIOS.html"},{"enlace":"https:\/\/empresite.eleconomista.es\/APLICACIONES-TECNICAS-ULTRASONIDOS.html"},{"enlace":"https:\/\/empresite.eleconomista.es\/PORTILLA-REPRESENTACIONES.html"},{"enlace":"https:\/\/empresite.eleconomista.es\/KALERELCE.html"},{"enlace":"https:\/\/empresite.eleconomista.es\/GESTION-INTEGRAL-PRODUCTO-FINAL.html"},{"enlace":"https:\/\/empresite.eleconomista.es\/SERVICIOS-INTEGRALES-MASAL.html"},{"enlace":"https:\/\/empresite.eleconomista.es\/TEMPO-NATURE-VALENCIA.html"},{"enlace":"https:\/\/empresite.eleconomista.es\/ROGAELECTRIC.html"},{"enlace":"https:\/\/empresite.eleconomista.es\/EUROLATINOS-ENCOFRADOS.html"},{"enlace":"https:\/\/empresite.eleconomista.es\/ENERCON-RENOVABLES.html"},{"enlace":"https:\/\/empresite.eleconomista.es\/BINGOS-LEVANTE-ST.html"},{"enlace":"https:\/\/empresite.eleconomista.es\/ENERGIAS-EOLICAS-CANADA.html"}]