[{"enlace":"https:\/\/empresite.eleconomista.es\/FERJOPI.html"},{"enlace":"https:\/\/empresite.eleconomista.es\/PINTURAS-DECORACIONES-GONZAR.html"},{"enlace":"https:\/\/empresite.eleconomista.es\/FRANCUEROS.html"},{"enlace":"https:\/\/empresite.eleconomista.es\/DOMZOV-COMUNICACIONES.html"},{"enlace":"https:\/\/empresite.eleconomista.es\/NUEVA-CORRIENTE.html"},{"enlace":"https:\/\/empresite.eleconomista.es\/SUPERCUERO.html"},{"enlace":"https:\/\/empresite.eleconomista.es\/CORTA-2-TECNICORTE.html"},{"enlace":"https:\/\/empresite.eleconomista.es\/GESCOMARMOL.html"},{"enlace":"https:\/\/empresite.eleconomista.es\/TCMAQ-COPIADORAS.html"},{"enlace":"https:\/\/empresite.eleconomista.es\/MOLDECAM-MECANIZADOS.html"},{"enlace":"https:\/\/empresite.eleconomista.es\/MANTENIMIENTOS-LAURA.html"},{"enlace":"https:\/\/empresite.eleconomista.es\/PROTECNIC-CROSS.html"},{"enlace":"https:\/\/empresite.eleconomista.es\/OCTAYA-PIEL.html"},{"enlace":"https:\/\/empresite.eleconomista.es\/WEMBLI.html"},{"enlace":"https:\/\/empresite.eleconomista.es\/PREFABRICADOS-MACON.html"},{"enlace":"https:\/\/empresite.eleconomista.es\/COSTENDE.html"},{"enlace":"https:\/\/empresite.eleconomista.es\/CLIMASOL-ENERGY.html"},{"enlace":"https:\/\/empresite.eleconomista.es\/VINALOPO-SERVICIOS-INTEGRALES.html"},{"enlace":"https:\/\/empresite.eleconomista.es\/SILTA-GESTION-ADMINISTRACION.html"},{"enlace":"https:\/\/empresite.eleconomista.es\/ANSER-PINTURAS-REVESTIMIENTOS.html"},{"enlace":"https:\/\/empresite.eleconomista.es\/METALES-VINALOPO.html"},{"enlace":"https:\/\/empresite.eleconomista.es\/GONZALEZ-BRAVO-AZORIN.html"},{"enlace":"https:\/\/empresite.eleconomista.es\/INVERSIONES-DOS-AMIGOS.html"},{"enlace":"https:\/\/empresite.eleconomista.es\/EQUIPEX-INTERNATIONAL.html"},{"enlace":"https:\/\/empresite.eleconomista.es\/METALICAS-MUNERA.html"},{"enlace":"https:\/\/empresite.eleconomista.es\/AIRTECO.html"},{"enlace":"https:\/\/empresite.eleconomista.es\/INSTALACIONES-MAENVIC.html"},{"enlace":"https:\/\/empresite.eleconomista.es\/ARTICULOS-DEYMAR.html"},{"enlace":"https:\/\/empresite.eleconomista.es\/PRODUCTOS-DECORATIVOS-LEVANTE.html"},{"enlace":"https:\/\/empresite.eleconomista.es\/AUTOMATICA-CONTROL-NUMERICO.html"}]