[{"enlace":"https:\/\/empresite.eleconomista.es\/JUST-TGM.html"},{"enlace":"https:\/\/empresite.eleconomista.es\/INVERSIONES-DUCAL.html"},{"enlace":"https:\/\/empresite.eleconomista.es\/EXCAVACIONES-GALLEGO-GARCIA.html"},{"enlace":"https:\/\/empresite.eleconomista.es\/GOMEZ-BARRERO.html"},{"enlace":"https:\/\/empresite.eleconomista.es\/DESARROLLO-HORTOFRUTICOLA-SAFOR.html"},{"enlace":"https:\/\/empresite.eleconomista.es\/JOYMA-SAFOR.html"},{"enlace":"https:\/\/empresite.eleconomista.es\/STAIR-LIFT-SYSTEM.html"},{"enlace":"https:\/\/empresite.eleconomista.es\/LEXMAR-REHABILITACION.html"},{"enlace":"https:\/\/empresite.eleconomista.es\/JAIME-PASCUAL.html"},{"enlace":"https:\/\/empresite.eleconomista.es\/IMS-RENOVABLES-2006-SCV.html"},{"enlace":"https:\/\/empresite.eleconomista.es\/CENTRO-SCUBA-RINCON-MAR.html"},{"enlace":"https:\/\/empresite.eleconomista.es\/PLAY-SAFOR.html"},{"enlace":"https:\/\/empresite.eleconomista.es\/FONTANERIA-JEMSA.html"},{"enlace":"https:\/\/empresite.eleconomista.es\/OLASO-LLORET-ASOCIADOS.html"},{"enlace":"https:\/\/empresite.eleconomista.es\/GAU-GESTIO-ARQUITECTURA-URBANISME.html"},{"enlace":"https:\/\/empresite.eleconomista.es\/COPROCER-GANDIA.html"},{"enlace":"https:\/\/empresite.eleconomista.es\/S-BANULS.html"},{"enlace":"https:\/\/empresite.eleconomista.es\/LEVANTE-CLIMA.html"},{"enlace":"https:\/\/empresite.eleconomista.es\/ALUART-VENTANAS.html"},{"enlace":"https:\/\/empresite.eleconomista.es\/COPIADORAS-INFORMATICA-SAFOR.html"},{"enlace":"https:\/\/empresite.eleconomista.es\/PEYMAGAN.html"},{"enlace":"https:\/\/empresite.eleconomista.es\/ENCOFRADOS-CARMI.html"},{"enlace":"https:\/\/empresite.eleconomista.es\/SUCESORES-J-SARRIO.html"},{"enlace":"https:\/\/empresite.eleconomista.es\/ARTYNAV.html"},{"enlace":"https:\/\/empresite.eleconomista.es\/INTEGRACION-FOMENTO-SOCIO-LABORAL.html"},{"enlace":"https:\/\/empresite.eleconomista.es\/LETICIA-PELUQUEROS.html"},{"enlace":"https:\/\/empresite.eleconomista.es\/SAFOR-BELLATERRA-SERVEIS.html"},{"enlace":"https:\/\/empresite.eleconomista.es\/J-HERNAIZ.html"},{"enlace":"https:\/\/empresite.eleconomista.es\/ELECTRICIDAD-JUAN-MENGUAL.html"},{"enlace":"https:\/\/empresite.eleconomista.es\/CRISTALERIA-PEPE-COLOMINA.html"}]