[{"enlace":"https:\/\/empresite.eleconomista.es\/RHOSTELEV.html"},{"enlace":"https:\/\/empresite.eleconomista.es\/CIRCUITO-CERRADO.html"},{"enlace":"https:\/\/empresite.eleconomista.es\/ELECTRICIDAD-JOSE-RAMON-PASTOR-MIRO.html"},{"enlace":"https:\/\/empresite.eleconomista.es\/BELTIS-INTEGRAL.html"},{"enlace":"https:\/\/empresite.eleconomista.es\/FUTURE-TECHNOLOGIES.html"},{"enlace":"https:\/\/empresite.eleconomista.es\/METALICAS-VALCARCEL.html"},{"enlace":"https:\/\/empresite.eleconomista.es\/ALUMINIOS-VILLATORO.html"},{"enlace":"https:\/\/empresite.eleconomista.es\/MONTAJES-ALUMINIO-PEREZ-PINUELA.html"},{"enlace":"https:\/\/empresite.eleconomista.es\/GESTION-URBANA-PAISAJISMO.html"},{"enlace":"https:\/\/empresite.eleconomista.es\/LIMPIEZAS-LUZ.html"},{"enlace":"https:\/\/empresite.eleconomista.es\/AUTOMATIZACION-INDUSTRIAL-SUALVER.html"},{"enlace":"https:\/\/empresite.eleconomista.es\/MONTAJES-INSTALACIONES-ELBE.html"},{"enlace":"https:\/\/empresite.eleconomista.es\/ALUYEPES.html"},{"enlace":"https:\/\/empresite.eleconomista.es\/LUCENTUM-REPARACIONES.html"},{"enlace":"https:\/\/empresite.eleconomista.es\/AQUATOYS-EXPORTACION.html"},{"enlace":"https:\/\/empresite.eleconomista.es\/PEMARSA.html"},{"enlace":"https:\/\/empresite.eleconomista.es\/AUTOMATISMOS-NICOSAN.html"},{"enlace":"https:\/\/empresite.eleconomista.es\/TRANSFORMADOS-SINTETICOS.html"},{"enlace":"https:\/\/empresite.eleconomista.es\/HANSE-LEVANTE.html"},{"enlace":"https:\/\/empresite.eleconomista.es\/ALICANTINA-MENAJE-PLASTICO.html"},{"enlace":"https:\/\/empresite.eleconomista.es\/PROCESOS-MONTAJE-VEHICULOS.html"},{"enlace":"https:\/\/empresite.eleconomista.es\/CARPINTERIA-ALUMINIO-ALUMIARTE.html"},{"enlace":"https:\/\/empresite.eleconomista.es\/AQUARAMA-CUBIERTAS-TELESCOPICAS.html"},{"enlace":"https:\/\/empresite.eleconomista.es\/SERVIALACANT-MANTENIMIENTOS-SERVICIOS.html"},{"enlace":"https:\/\/empresite.eleconomista.es\/ELECTROBOMBAS-SAN-VICENTE.html"},{"enlace":"https:\/\/empresite.eleconomista.es\/ALUMICOLOR-2005.html"},{"enlace":"https:\/\/empresite.eleconomista.es\/FCF-JAVAME.html"},{"enlace":"https:\/\/empresite.eleconomista.es\/PINTURAS-FERNANDEZ-VALVERDE.html"},{"enlace":"https:\/\/empresite.eleconomista.es\/BATA-ESPANOLA.html"},{"enlace":"https:\/\/empresite.eleconomista.es\/COPISTERIA-SAN-VICENTE.html"}]