[{"enlace":"https:\/\/empresite.eleconomista.es\/PINTURAS-HERMANOS-SAVAL.html"},{"enlace":"https:\/\/empresite.eleconomista.es\/TECNIVENT-96.html"},{"enlace":"https:\/\/empresite.eleconomista.es\/BELLAGIO-ALBIR-MONTECITO.html"},{"enlace":"https:\/\/empresite.eleconomista.es\/LOMA-SISTEMAS-LITORAL.html"},{"enlace":"https:\/\/empresite.eleconomista.es\/SUPERNOVA-DESARROLLOS-EMPRESARIALES.html"},{"enlace":"https:\/\/empresite.eleconomista.es\/MARIO-PUCHADES-QUINZA.html"},{"enlace":"https:\/\/empresite.eleconomista.es\/DANIEL-PUCHADES-HOLMBERG.html"},{"enlace":"https:\/\/empresite.eleconomista.es\/FOTOVOLTAICA-AZAGADOR.html"},{"enlace":"https:\/\/empresite.eleconomista.es\/PANTAX-NEW-YEAR-2008.html"},{"enlace":"https:\/\/empresite.eleconomista.es\/ESTUDIOS-INGENIERIA-SOMAFE.html"},{"enlace":"https:\/\/empresite.eleconomista.es\/NOU-BENIDORM.html"},{"enlace":"https:\/\/empresite.eleconomista.es\/IMPEX-RO-INVEST.html"},{"enlace":"https:\/\/empresite.eleconomista.es\/ALKLA-NOVA-PROJECT.html"},{"enlace":"https:\/\/empresite.eleconomista.es\/APLIDES-CONTROL-PLAGAS.html"},{"enlace":"https:\/\/empresite.eleconomista.es\/KOSAS-LINE.html"},{"enlace":"https:\/\/empresite.eleconomista.es\/INDUSTRIELE-SALES-LINK.html"},{"enlace":"https:\/\/empresite.eleconomista.es\/ELIPSE-URBANA.html"},{"enlace":"https:\/\/empresite.eleconomista.es\/FRIOCARPI.html"},{"enlace":"https:\/\/empresite.eleconomista.es\/EXPLOTACIONES-FERVI.html"},{"enlace":"https:\/\/empresite.eleconomista.es\/SANDRODRIGO.html"},{"enlace":"https:\/\/empresite.eleconomista.es\/SPIENSKA.html"},{"enlace":"https:\/\/empresite.eleconomista.es\/MOVITEL-RINCON.html"},{"enlace":"https:\/\/empresite.eleconomista.es\/MILOS-ASOCIADOS-21.html"},{"enlace":"https:\/\/empresite.eleconomista.es\/PETER-IVAN-DIMITRI.html"},{"enlace":"https:\/\/empresite.eleconomista.es\/INSTALACIONES-ELECTRICAS-MARINA.html"},{"enlace":"https:\/\/empresite.eleconomista.es\/BALI-PEGASO-VORANOVA.html"},{"enlace":"https:\/\/empresite.eleconomista.es\/AMERICAN-DARTS-LEVANTE.html"},{"enlace":"https:\/\/empresite.eleconomista.es\/FOTOVOLTAICA-XPERTS.html"},{"enlace":"https:\/\/empresite.eleconomista.es\/ALEX-POP-CONSTRUCCIONES.html"},{"enlace":"https:\/\/empresite.eleconomista.es\/CLUSTER-IMPORT-2010.html"}]