[{"enlace":"https:\/\/empresite.eleconomista.es\/EJECUCIONES-DISENOS-EUROPEOS-INDUSTRIALES.html"},{"enlace":"https:\/\/empresite.eleconomista.es\/SUMINISTROS-MEJORAS-AGRICOLAS.html"},{"enlace":"https:\/\/empresite.eleconomista.es\/PARAMENTOS-LEVANTINOS.html"},{"enlace":"https:\/\/empresite.eleconomista.es\/LUXUF.html"},{"enlace":"https:\/\/empresite.eleconomista.es\/CLIPPER-CENTER.html"},{"enlace":"https:\/\/empresite.eleconomista.es\/AUTOMATISMOS-IBARS.html"},{"enlace":"https:\/\/empresite.eleconomista.es\/ALTEANA-MANTENIMIENTO.html"},{"enlace":"https:\/\/empresite.eleconomista.es\/LIMPIEZAS-ERCO-BENIDORM.html"},{"enlace":"https:\/\/empresite.eleconomista.es\/RODA-FIRMA.html"},{"enlace":"https:\/\/empresite.eleconomista.es\/MED-ISLANDS-HOMES.html"},{"enlace":"https:\/\/empresite.eleconomista.es\/LUX-HAUSTECHNIK.html"},{"enlace":"https:\/\/empresite.eleconomista.es\/TEXIDO-MUNOZ.html"},{"enlace":"https:\/\/empresite.eleconomista.es\/ANGEL-LM-PALADAR.html"},{"enlace":"https:\/\/empresite.eleconomista.es\/SANTAMARIA-VENDING.html"},{"enlace":"https:\/\/empresite.eleconomista.es\/PERE-JAUME-PEREZ.html"},{"enlace":"https:\/\/empresite.eleconomista.es\/KIKUCHI.html"},{"enlace":"https:\/\/empresite.eleconomista.es\/ALBADA-DESARROLLOS.html"},{"enlace":"https:\/\/empresite.eleconomista.es\/LACLOGIBE.html"},{"enlace":"https:\/\/empresite.eleconomista.es\/INSTALACIONES-ELECTRICAS-DANI-CAMPBELL.html"},{"enlace":"https:\/\/empresite.eleconomista.es\/BENEVIDA-SOLAR-17.html"},{"enlace":"https:\/\/empresite.eleconomista.es\/BENEVIDA-SOLAR-18.html"},{"enlace":"https:\/\/empresite.eleconomista.es\/BENEVIDA-SOLAR-16.html"},{"enlace":"https:\/\/empresite.eleconomista.es\/SERVICASA-COSTABLANCA.html"},{"enlace":"https:\/\/empresite.eleconomista.es\/SECPORTA.html"},{"enlace":"https:\/\/empresite.eleconomista.es\/NOSOMRES.html"},{"enlace":"https:\/\/empresite.eleconomista.es\/IMPORTACIONES-TRESNAUTIC.html"},{"enlace":"https:\/\/empresite.eleconomista.es\/BIOVIANA.html"},{"enlace":"https:\/\/empresite.eleconomista.es\/AZTECS.html"},{"enlace":"https:\/\/empresite.eleconomista.es\/BONAQUA-2010.html"},{"enlace":"https:\/\/empresite.eleconomista.es\/ALTEA-GEN-79.html"}]