[{"enlace":"https:\/\/empresite.eleconomista.es\/REFRIGERACIONES-SANCHEZ.html"},{"enlace":"https:\/\/empresite.eleconomista.es\/PASERCO.html"},{"enlace":"https:\/\/empresite.eleconomista.es\/INSTALACIONES-ELECTRICAS-GINERCA.html"},{"enlace":"https:\/\/empresite.eleconomista.es\/PINTURAS-OLIMOVI.html"},{"enlace":"https:\/\/empresite.eleconomista.es\/JA-MARTINEZ-ETAYO.html"},{"enlace":"https:\/\/empresite.eleconomista.es\/MINERAL-FRESC.html"},{"enlace":"https:\/\/empresite.eleconomista.es\/ESPAFOR-LEVANTE.html"},{"enlace":"https:\/\/empresite.eleconomista.es\/BAJOFRIO.html"},{"enlace":"https:\/\/empresite.eleconomista.es\/ENCUADERNACIONES-CAROLINAS.html"},{"enlace":"https:\/\/empresite.eleconomista.es\/VULVEL-V.html"},{"enlace":"https:\/\/empresite.eleconomista.es\/ALQUILERES-VENTAS-ORDAZ.html"},{"enlace":"https:\/\/empresite.eleconomista.es\/SISKAT.html"},{"enlace":"https:\/\/empresite.eleconomista.es\/REDES-TELECOMUNICACIONES-VAREA.html"},{"enlace":"https:\/\/empresite.eleconomista.es\/CAPTURA-WORLD.html"},{"enlace":"https:\/\/empresite.eleconomista.es\/MOLDES-FELYMAR.html"},{"enlace":"https:\/\/empresite.eleconomista.es\/HMNOS-GOMEZ-CASTELLO.html"},{"enlace":"https:\/\/empresite.eleconomista.es\/DAPESA-INDUSTRIAL-LUBRICANTES.html"},{"enlace":"https:\/\/empresite.eleconomista.es\/GRANULADOS-LEVANTINOS-CAUCHO.html"},{"enlace":"https:\/\/empresite.eleconomista.es\/REFORMAS-JAVIER-CABO.html"},{"enlace":"https:\/\/empresite.eleconomista.es\/CLIMATIZACION-ORIVE.html"},{"enlace":"https:\/\/empresite.eleconomista.es\/MONTAJES-ALQUILERES-SHEL.html"},{"enlace":"https:\/\/empresite.eleconomista.es\/INVERSIONES-GENERALES-INMAR.html"},{"enlace":"https:\/\/empresite.eleconomista.es\/CARTONAJES-SAZ.html"},{"enlace":"https:\/\/empresite.eleconomista.es\/PERFILPILE.html"},{"enlace":"https:\/\/empresite.eleconomista.es\/VELPOGLAS-IMPORT-VALENCIA.html"},{"enlace":"https:\/\/empresite.eleconomista.es\/PLANCHADOS-VISAN.html"},{"enlace":"https:\/\/empresite.eleconomista.es\/ELECTROSACEB.html"},{"enlace":"https:\/\/empresite.eleconomista.es\/COMERCIAL-SRM.html"},{"enlace":"https:\/\/empresite.eleconomista.es\/LORCOBAN.html"},{"enlace":"https:\/\/empresite.eleconomista.es\/PUBLIC-PHONE-VENDING.html"}]