[{"enlace":"https:\/\/empresite.eleconomista.es\/INSTALACIONES-SOLFEN.html"},{"enlace":"https:\/\/empresite.eleconomista.es\/ELECTRICIDAD-VF-2007.html"},{"enlace":"https:\/\/empresite.eleconomista.es\/NOU-PANDIS.html"},{"enlace":"https:\/\/empresite.eleconomista.es\/CASARRUBIOS-MIA.html"},{"enlace":"https:\/\/empresite.eleconomista.es\/ROMAPACK.html"},{"enlace":"https:\/\/empresite.eleconomista.es\/NUEVOS-TALLERES-SAN-VICENTE.html"},{"enlace":"https:\/\/empresite.eleconomista.es\/MIGUEL-JEREZ.html"},{"enlace":"https:\/\/empresite.eleconomista.es\/CARPINTERIA-ALUMINIO-CERRAJERIA-RUAL.html"},{"enlace":"https:\/\/empresite.eleconomista.es\/ALUMINIOS-REFORMAS-LAUSER.html"},{"enlace":"https:\/\/empresite.eleconomista.es\/ACCESORIOS-MAQUINARIA-FESA.html"},{"enlace":"https:\/\/empresite.eleconomista.es\/EPI-SOLAR.html"},{"enlace":"https:\/\/empresite.eleconomista.es\/DESARROLLOS-TECNOLOGICOS-PROTEO.html"},{"enlace":"https:\/\/empresite.eleconomista.es\/REFORMAS-PINTURAS-ALPA.html"},{"enlace":"https:\/\/empresite.eleconomista.es\/LURIBEL-PRODUCTOS-MADERA.html"},{"enlace":"https:\/\/empresite.eleconomista.es\/AQUARAMA-V.html"},{"enlace":"https:\/\/empresite.eleconomista.es\/MUEBLES-ACERO-INOXIDABLE-CANASTEL.html"},{"enlace":"https:\/\/empresite.eleconomista.es\/MANTENIMIENTOS-GINER-MIRA.html"},{"enlace":"https:\/\/empresite.eleconomista.es\/CELULOSAS-COSTABLANCA.html"},{"enlace":"https:\/\/empresite.eleconomista.es\/MAQUINARIA-GARCIA-CEREZO.html"},{"enlace":"https:\/\/empresite.eleconomista.es\/NUEVO-MADERAS-ALTED.html"},{"enlace":"https:\/\/empresite.eleconomista.es\/LUZ-ARNAIZ.html"},{"enlace":"https:\/\/empresite.eleconomista.es\/MONTAJES-SERVICIOS-JUAN-CARLOS-POZO.html"},{"enlace":"https:\/\/empresite.eleconomista.es\/SERVIMANT-ALICANTE.html"},{"enlace":"https:\/\/empresite.eleconomista.es\/INSTALACIONES-PEDROSA.html"},{"enlace":"https:\/\/empresite.eleconomista.es\/PULIDOS-LIMPIEZAS-CRISTALIZADOS-SABRINA.html"},{"enlace":"https:\/\/empresite.eleconomista.es\/FELIPE-SANJUAN.html"},{"enlace":"https:\/\/empresite.eleconomista.es\/SERVICIOS-CONTROL-MICROBIOLOGICOS-ANALITICOS.html"},{"enlace":"https:\/\/empresite.eleconomista.es\/RODOLFO-PEREZ.html"},{"enlace":"https:\/\/empresite.eleconomista.es\/MEVINOX-IBERICA.html"},{"enlace":"https:\/\/empresite.eleconomista.es\/SOL-RASPEIG.html"}]