[{"enlace":"https:\/\/empresite.eleconomista.es\/TRAEX-SERVICIOS-PUBLICIDAD-EXTERIOR.html"},{"enlace":"https:\/\/empresite.eleconomista.es\/ARP-IBARRA.html"},{"enlace":"https:\/\/empresite.eleconomista.es\/SANIKEY.html"},{"enlace":"https:\/\/empresite.eleconomista.es\/MONTECOLINO-IBERICA.html"},{"enlace":"https:\/\/empresite.eleconomista.es\/VIA-VERDE-MEDIO-AMBIENTE.html"},{"enlace":"https:\/\/empresite.eleconomista.es\/HERMANOS-PALOP.html"},{"enlace":"https:\/\/empresite.eleconomista.es\/MEDITERRANEA-NIVELACIONES.html"},{"enlace":"https:\/\/empresite.eleconomista.es\/SILQ-PV-ENERGY.html"},{"enlace":"https:\/\/empresite.eleconomista.es\/INSTALACION-FOTOVOLTAICA-ZAHORI-10.html"},{"enlace":"https:\/\/empresite.eleconomista.es\/VINCI-ENERGIA-RENOVABLE.html"},{"enlace":"https:\/\/empresite.eleconomista.es\/INGEPARKS-SMG-EUROPE.html"},{"enlace":"https:\/\/empresite.eleconomista.es\/ALUBLOK-SISTEMAS.html"},{"enlace":"https:\/\/empresite.eleconomista.es\/GRUPO-FB-MAQUINARIA.html"},{"enlace":"https:\/\/empresite.eleconomista.es\/AUTOMOVILES-PALMA.html"},{"enlace":"https:\/\/empresite.eleconomista.es\/RENOVELL-BUENO-INIPA.html"},{"enlace":"https:\/\/empresite.eleconomista.es\/SHARE-ENERGY.html"},{"enlace":"https:\/\/empresite.eleconomista.es\/BARRES-ARTOLA-FLORISTAS.html"},{"enlace":"https:\/\/empresite.eleconomista.es\/QUIMIPIEL.html"},{"enlace":"https:\/\/empresite.eleconomista.es\/FOTOVOLTAICA-MONTESOL-TUEJAR-VEINTINUEVE.html"},{"enlace":"https:\/\/empresite.eleconomista.es\/SEYFE-DESIGN.html"},{"enlace":"https:\/\/empresite.eleconomista.es\/SOGELECTRO.html"},{"enlace":"https:\/\/empresite.eleconomista.es\/MOLDER-DISNOVA.html"},{"enlace":"https:\/\/empresite.eleconomista.es\/EXCLUSIVAS-CALERO.html"},{"enlace":"https:\/\/empresite.eleconomista.es\/GADIR-GRUPO-CONSULTOR.html"},{"enlace":"https:\/\/empresite.eleconomista.es\/AMARRO-PERFILERIA.html"},{"enlace":"https:\/\/empresite.eleconomista.es\/TUEJASOL-VEINTE.html"},{"enlace":"https:\/\/empresite.eleconomista.es\/LISART-INDUSTRIA-LEVANTINA.html"},{"enlace":"https:\/\/empresite.eleconomista.es\/RANDAL-EUROPEA.html"},{"enlace":"https:\/\/empresite.eleconomista.es\/TORMO-CANET.html"},{"enlace":"https:\/\/empresite.eleconomista.es\/OFIGRAFICA-PATERNA.html"}]