[{"enlace":"https:\/\/empresite.eleconomista.es\/SUMINISTROS-CARDAN.html"},{"enlace":"https:\/\/empresite.eleconomista.es\/MEDITERRANEA-SUMINISTROS.html"},{"enlace":"https:\/\/empresite.eleconomista.es\/SUMINISTROS-HIDROTECO.html"},{"enlace":"https:\/\/empresite.eleconomista.es\/SUMINISTROS-INTEMAPA.html"},{"enlace":"https:\/\/empresite.eleconomista.es\/URBANIZACIONES-SUMINISTROS.html"},{"enlace":"https:\/\/empresite.eleconomista.es\/SUMINISTROS-SILVA.html"},{"enlace":"https:\/\/empresite.eleconomista.es\/SUMINISTROS-CLARE.html"},{"enlace":"https:\/\/empresite.eleconomista.es\/SEFITEC-SUMINISTROS.html"},{"enlace":"https:\/\/empresite.eleconomista.es\/SUMINISTROS-VIALES.html"},{"enlace":"https:\/\/empresite.eleconomista.es\/SUMINISTROS-ROCIO.html"},{"enlace":"https:\/\/empresite.eleconomista.es\/INSTALACIONES-SERVICIOS-ELECTRICOS-SURESTE-SCVL.html"},{"enlace":"https:\/\/empresite.eleconomista.es\/MONTAJES-ELECTRICOS-ELECTRISUR-SLY-CONSTRUCTOR.html"},{"enlace":"https:\/\/empresite.eleconomista.es\/SUMINISTROS-ORIENTALES-CHILU.html"},{"enlace":"https:\/\/empresite.eleconomista.es\/SUMINISTROS-INDUSTRIALES-CEPEDA-MARTINEZ.html"},{"enlace":"https:\/\/empresite.eleconomista.es\/UNIFORMES-SUMINISTROS-ALICANTE.html"},{"enlace":"https:\/\/empresite.eleconomista.es\/COMERCIAL-SUMINISTROS-AVRO.html"},{"enlace":"https:\/\/empresite.eleconomista.es\/SUMINISTROS-VILAPLANA-TEAM.html"},{"enlace":"https:\/\/empresite.eleconomista.es\/SUMINISTROS-PAPELERIA-INFORMATICA-ALICANTE.html"},{"enlace":"https:\/\/empresite.eleconomista.es\/SUMINISTROS-INDUSTRIALES-AZ-ALICANTE.html"},{"enlace":"https:\/\/empresite.eleconomista.es\/AKRA-SUMINISTROS-OFICINA.html"},{"enlace":"https:\/\/empresite.eleconomista.es\/SUMINISTROS-INDUSTRIALES-GP.html"},{"enlace":"https:\/\/empresite.eleconomista.es\/MSM-SUMINISTROS-GRAFICOS.html"},{"enlace":"https:\/\/empresite.eleconomista.es\/SUMINISTROS-HERMANOS-HT.html"},{"enlace":"https:\/\/empresite.eleconomista.es\/SEROAL-ALQUILERES-SUMINISTROS-LEVANTE.html"},{"enlace":"https:\/\/empresite.eleconomista.es\/SUMINISTROS-FERRETERIA-INDUSTRIAL-RODABOSS.html"},{"enlace":"https:\/\/empresite.eleconomista.es\/CYGNUS-SUMINISTROS-CONTRATAS.html"},{"enlace":"https:\/\/empresite.eleconomista.es\/SERVICIOS-TECNICOS-SUMINISTROS-PREIMPRESION.html"},{"enlace":"https:\/\/empresite.eleconomista.es\/LEYVA-SUMINISTROS-INDUSTRIALES.html"},{"enlace":"https:\/\/empresite.eleconomista.es\/SUMINISTROS-HOSTELEROS-FRANCISCO-PEREZ.html"},{"enlace":"https:\/\/empresite.eleconomista.es\/SUMINISTROS-OFICINA-ARTES-GRAFICAS.html"}]