[{"enlace":"https:\/\/empresite.eleconomista.es\/CARPINTERIA-METALICA-JAIME-MEZQUIDA.html"},{"enlace":"https:\/\/empresite.eleconomista.es\/TRAZADOS-URBANOS.html"},{"enlace":"https:\/\/empresite.eleconomista.es\/ARQUITECTURA.html"},{"enlace":"https:\/\/empresite.eleconomista.es\/DENIJOC.html"},{"enlace":"https:\/\/empresite.eleconomista.es\/CERRAMIENTOS-MARINA-ALTA.html"},{"enlace":"https:\/\/empresite.eleconomista.es\/ADEL-INSTALACIONES-MANTENIMIENTO.html"},{"enlace":"https:\/\/empresite.eleconomista.es\/NETEJES-CRISTALL-NET.html"},{"enlace":"https:\/\/empresite.eleconomista.es\/MUNDOSOLAR-ENERGIA.html"},{"enlace":"https:\/\/empresite.eleconomista.es\/FERRO-ALUMINI-COSTABLANCA.html"},{"enlace":"https:\/\/empresite.eleconomista.es\/BRAINY.html"},{"enlace":"https:\/\/empresite.eleconomista.es\/OCIO-DENIA.html"},{"enlace":"https:\/\/empresite.eleconomista.es\/ELECTRODOMESTICOS-ELECTRICIDAD-COSTA.html"},{"enlace":"https:\/\/empresite.eleconomista.es\/ELECTRICITAT-GERMANS-PUIG.html"},{"enlace":"https:\/\/empresite.eleconomista.es\/MORADA-DUENDE.html"},{"enlace":"https:\/\/empresite.eleconomista.es\/MF-PLAST.html"},{"enlace":"https:\/\/empresite.eleconomista.es\/MECHOSTEL.html"},{"enlace":"https:\/\/empresite.eleconomista.es\/SUMACRES.html"},{"enlace":"https:\/\/empresite.eleconomista.es\/CAMPOMAR-PROMOCIONES-PROYECTOS.html"},{"enlace":"https:\/\/empresite.eleconomista.es\/INSTALACIONES-SERVICIOS-DENIA.html"},{"enlace":"https:\/\/empresite.eleconomista.es\/KASARA-TEXTILES.html"},{"enlace":"https:\/\/empresite.eleconomista.es\/IBROLUX.html"},{"enlace":"https:\/\/empresite.eleconomista.es\/INTEGRAL-VENDING-2003.html"},{"enlace":"https:\/\/empresite.eleconomista.es\/MICAVENTANAS.html"},{"enlace":"https:\/\/empresite.eleconomista.es\/SRM.html"},{"enlace":"https:\/\/empresite.eleconomista.es\/ADATEC.html"},{"enlace":"https:\/\/empresite.eleconomista.es\/FRESNEDA-HIJOS.html"},{"enlace":"https:\/\/empresite.eleconomista.es\/MIRADORES-MONTGO.html"},{"enlace":"https:\/\/empresite.eleconomista.es\/INDUSTRIAS-PLASTICAS-CASELLES.html"},{"enlace":"https:\/\/empresite.eleconomista.es\/SEYMA-MARINA-ALTA.html"},{"enlace":"https:\/\/empresite.eleconomista.es\/JV-BORALVI.html"}]