[{"enlace":"https:\/\/empresite.eleconomista.es\/PROMOCIONES-SEGURA-PALACIOS.html"},{"enlace":"https:\/\/empresite.eleconomista.es\/CAFF.html"},{"enlace":"https:\/\/empresite.eleconomista.es\/CONTROL-SERLIM.html"},{"enlace":"https:\/\/empresite.eleconomista.es\/TURBO-LIMP-EQUIPMENT.html"},{"enlace":"https:\/\/empresite.eleconomista.es\/SPORT-SPUQS.html"},{"enlace":"https:\/\/empresite.eleconomista.es\/LUXURY-ROLL-DOORS.html"},{"enlace":"https:\/\/empresite.eleconomista.es\/GUASPAPERS.html"},{"enlace":"https:\/\/empresite.eleconomista.es\/ANIRA-SOLARS.html"},{"enlace":"https:\/\/empresite.eleconomista.es\/ESM-TRADER.html"},{"enlace":"https:\/\/empresite.eleconomista.es\/ABOGRA-SOLUCIONES.html"},{"enlace":"https:\/\/empresite.eleconomista.es\/FRANCISCO-MANO.html"},{"enlace":"https:\/\/empresite.eleconomista.es\/SOCBARRIO.html"},{"enlace":"https:\/\/empresite.eleconomista.es\/ORMET.html"},{"enlace":"https:\/\/empresite.eleconomista.es\/HERRERA-ENERGIA-21.html"},{"enlace":"https:\/\/empresite.eleconomista.es\/HERRERA-ENERGIA-22.html"},{"enlace":"https:\/\/empresite.eleconomista.es\/HERRERA-ENERGIA-10.html"},{"enlace":"https:\/\/empresite.eleconomista.es\/HERRERA-ENERGIA-37.html"},{"enlace":"https:\/\/empresite.eleconomista.es\/HERRERA-ENERGIA-12.html"},{"enlace":"https:\/\/empresite.eleconomista.es\/HERRERA-ENERGIA-17.html"},{"enlace":"https:\/\/empresite.eleconomista.es\/HERRERA-ENERGIA-20.html"},{"enlace":"https:\/\/empresite.eleconomista.es\/HERRERA-ENERGIA-25.html"},{"enlace":"https:\/\/empresite.eleconomista.es\/HERRERA-ENERGIA-8.html"},{"enlace":"https:\/\/empresite.eleconomista.es\/HERRERA-ENERGIA-29.html"},{"enlace":"https:\/\/empresite.eleconomista.es\/HERRERA-ENERGIA-35.html"},{"enlace":"https:\/\/empresite.eleconomista.es\/HERRERA-ENERGIA-1.html"},{"enlace":"https:\/\/empresite.eleconomista.es\/HERRERA-ENERGIA-38.html"},{"enlace":"https:\/\/empresite.eleconomista.es\/HERRERA-ENERGIA-2.html"},{"enlace":"https:\/\/empresite.eleconomista.es\/HERRERA-ENERGIA-23.html"},{"enlace":"https:\/\/empresite.eleconomista.es\/HERRERA-ENERGIA-36.html"},{"enlace":"https:\/\/empresite.eleconomista.es\/HERRERA-ENERGIA-19.html"}]