[{"enlace":"https:\/\/empresite.eleconomista.es\/FINCA-COLLADO-AZORIN.html"},{"enlace":"https:\/\/empresite.eleconomista.es\/EQUIPOS-MEDIOAMBIENTALES.html"},{"enlace":"https:\/\/empresite.eleconomista.es\/TOGIMA-ENERGY.html"},{"enlace":"https:\/\/empresite.eleconomista.es\/MANTENIMIENTO-TECNOPLAN.html"},{"enlace":"https:\/\/empresite.eleconomista.es\/RECREATIVOS-MOYA-ORTIZ.html"},{"enlace":"https:\/\/empresite.eleconomista.es\/LIMPIEZAS-AGUA-AZUL.html"},{"enlace":"https:\/\/empresite.eleconomista.es\/FORJAS-CARPINTERIAS.html"},{"enlace":"https:\/\/empresite.eleconomista.es\/CONTRATAS-SUBCONTRATAS-CAMPELLO.html"},{"enlace":"https:\/\/empresite.eleconomista.es\/ESTRUCTURAS-CRISTINA.html"},{"enlace":"https:\/\/empresite.eleconomista.es\/BEAUTE-SAUVAGE.html"},{"enlace":"https:\/\/empresite.eleconomista.es\/GRUPO-COSTA-BLANCA-GESTION-DESARROLLO.html"},{"enlace":"https:\/\/empresite.eleconomista.es\/SEGURALIA-SERVICIOS-AUXILIARES-2006.html"},{"enlace":"https:\/\/empresite.eleconomista.es\/BIOPROTECTOS.html"},{"enlace":"https:\/\/empresite.eleconomista.es\/LACADOS-PINTURAS-SOTO.html"},{"enlace":"https:\/\/empresite.eleconomista.es\/INVERSIONES-ADQUISICIONES-MEDITERRANEO.html"},{"enlace":"https:\/\/empresite.eleconomista.es\/SERVICIOS-CORDOBA-JEG.html"},{"enlace":"https:\/\/empresite.eleconomista.es\/THE-GREEN-CARD-COMPANY-SPAIN.html"},{"enlace":"https:\/\/empresite.eleconomista.es\/INSTALACIONES-PROYECTOS-MARAS.html"},{"enlace":"https:\/\/empresite.eleconomista.es\/EUTEL-EUROPE.html"},{"enlace":"https:\/\/empresite.eleconomista.es\/SOLARYS-SOLUCIONES-SOLARES.html"},{"enlace":"https:\/\/empresite.eleconomista.es\/SERTEC-DIRECCIONES-TECNICAS.html"},{"enlace":"https:\/\/empresite.eleconomista.es\/LIMPIEZAS-VIFER.html"},{"enlace":"https:\/\/empresite.eleconomista.es\/RECYLIMTRA.html"},{"enlace":"https:\/\/empresite.eleconomista.es\/DESATASCOS-COSTA.html"},{"enlace":"https:\/\/empresite.eleconomista.es\/DARBYNA-MONDIAL.html"},{"enlace":"https:\/\/empresite.eleconomista.es\/TECFOOD-LIFE-QUALITY-SYSTEMS.html"},{"enlace":"https:\/\/empresite.eleconomista.es\/DESATASCOS-TIBURON.html"},{"enlace":"https:\/\/empresite.eleconomista.es\/VICENTE-GOMIS-HIJOS.html"},{"enlace":"https:\/\/empresite.eleconomista.es\/LAVO-SPEED-2.html"},{"enlace":"https:\/\/empresite.eleconomista.es\/ULTIMA-FOLLIA.html"}]