[{"enlace":"https:\/\/empresite.eleconomista.es\/TECNICEL-MONTAJES-ELECTRICOS.html"},{"enlace":"https:\/\/empresite.eleconomista.es\/PRODUCTOS-ELECTRICOS-INDUSTRIALES.html"},{"enlace":"https:\/\/empresite.eleconomista.es\/SUMINISTROS-SOLIVA.html"},{"enlace":"https:\/\/empresite.eleconomista.es\/SUMINISTROS-MEDITERRANEA.html"},{"enlace":"https:\/\/empresite.eleconomista.es\/SUMINISTROS-GAMUTEX.html"},{"enlace":"https:\/\/empresite.eleconomista.es\/SUMINISTROS-MEDITERRANEA-SAFOR.html"},{"enlace":"https:\/\/empresite.eleconomista.es\/SUMINISTROS-RECAMBIOS-RIMAR.html"},{"enlace":"https:\/\/empresite.eleconomista.es\/SUMINISTROS-CARNICOS-SAFOR.html"},{"enlace":"https:\/\/empresite.eleconomista.es\/SUMINISTROS-HOSTELEROS-LOPEZ-NEGRE.html"},{"enlace":"https:\/\/empresite.eleconomista.es\/SUMINISTROS-OFICINA-FAUS.html"},{"enlace":"https:\/\/empresite.eleconomista.es\/SUMINISTROS-NAVALES-PALONES.html"},{"enlace":"https:\/\/empresite.eleconomista.es\/TOT-PAPER-SAFOR.html"},{"enlace":"https:\/\/empresite.eleconomista.es\/GOMIS-MANEZ-MARTI-VALENCIA.html"},{"enlace":"https:\/\/empresite.eleconomista.es\/XOYO-S-SAFOR.html"},{"enlace":"https:\/\/empresite.eleconomista.es\/ALCOINOX.html"},{"enlace":"https:\/\/empresite.eleconomista.es\/TECNICS-GRUPOS-ELECTROGENOS.html"},{"enlace":"https:\/\/empresite.eleconomista.es\/MESTRE-CUINA.html"},{"enlace":"https:\/\/empresite.eleconomista.es\/MOVING-SAFOR.html"},{"enlace":"https:\/\/empresite.eleconomista.es\/INSTALACIONES-ELECTRICAS-GANDIA.html"},{"enlace":"https:\/\/empresite.eleconomista.es\/ELECTRO-RECAMBIOS-FERCHA.html"},{"enlace":"https:\/\/empresite.eleconomista.es\/CHEEMA-INTERNATIONAL-TRADERS.html"},{"enlace":"https:\/\/empresite.eleconomista.es\/MIGUEL-TODOLI.html"}]