[{"enlace":"https:\/\/empresite.eleconomista.es\/GOTOR-SUMINISTROS-INDUSTRIALES.html"},{"enlace":"https:\/\/empresite.eleconomista.es\/GREMA-SUMINISTROS.html"},{"enlace":"https:\/\/empresite.eleconomista.es\/MAROMED-TINTAS-SUMINISTROS.html"},{"enlace":"https:\/\/empresite.eleconomista.es\/MEDITERRANEA-COMERCIO-SUMINISTROS.html"},{"enlace":"https:\/\/empresite.eleconomista.es\/SUMINISTROS-UNIFORMES-MSP.html"},{"enlace":"https:\/\/empresite.eleconomista.es\/SUMINISTROS-CARPINTERIA-EX-TRU.html"},{"enlace":"https:\/\/empresite.eleconomista.es\/INAREJOS-SUMINISTROS-CARNICOS.html"},{"enlace":"https:\/\/empresite.eleconomista.es\/SUMINISTROS-MANTENIMIENTOS-INTEGRALES.html"},{"enlace":"https:\/\/empresite.eleconomista.es\/CATOME.html"},{"enlace":"https:\/\/empresite.eleconomista.es\/VALSUHE.html"},{"enlace":"https:\/\/empresite.eleconomista.es\/NUEVAS-PROPUESTAS-GANADERAS.html"},{"enlace":"https:\/\/empresite.eleconomista.es\/DEX-LEVANTE.html"},{"enlace":"https:\/\/empresite.eleconomista.es\/OBRAS-REFORMAS-VALENCIA.html"},{"enlace":"https:\/\/empresite.eleconomista.es\/MANTENIMENTS-ARNAO.html"},{"enlace":"https:\/\/empresite.eleconomista.es\/MANTENIMIENTOS-SERVICIOS-INTEGRALES-NAFER.html"},{"enlace":"https:\/\/empresite.eleconomista.es\/MARTRONIT.html"},{"enlace":"https:\/\/empresite.eleconomista.es\/CONCEPCION-NAVALON-PLASTIGRAF.html"},{"enlace":"https:\/\/empresite.eleconomista.es\/PLATZER.html"},{"enlace":"https:\/\/empresite.eleconomista.es\/CARRASCOSO-BURGOA.html"},{"enlace":"https:\/\/empresite.eleconomista.es\/ALMENAR-ELEVACION.html"},{"enlace":"https:\/\/empresite.eleconomista.es\/NAUS-XIRIVELLA.html"},{"enlace":"https:\/\/empresite.eleconomista.es\/EXCLUSIVAS-BAYMAR.html"},{"enlace":"https:\/\/empresite.eleconomista.es\/UNIVERSAL-SEGURIDAD-AUTOMATISMOS.html"},{"enlace":"https:\/\/empresite.eleconomista.es\/SAYBE-AUTOMATISMOS.html"},{"enlace":"https:\/\/empresite.eleconomista.es\/INDEFA-INGENIEROS.html"},{"enlace":"https:\/\/empresite.eleconomista.es\/TECNIGAS-VALENCIA.html"},{"enlace":"https:\/\/empresite.eleconomista.es\/AISLAMIENTOS-VALOR.html"},{"enlace":"https:\/\/empresite.eleconomista.es\/CONSTRUCCIONES-PAMEJO.html"},{"enlace":"https:\/\/empresite.eleconomista.es\/MONTAJES-INSTALACIONES-DEA.html"},{"enlace":"https:\/\/empresite.eleconomista.es\/VASSOT-TRADE.html"}]