[{"enlace":"https:\/\/empresite.eleconomista.es\/FRONZOLO.html"},{"enlace":"https:\/\/empresite.eleconomista.es\/CENTRO-ESPECIAL-EMPLEO-GEISPEN.html"},{"enlace":"https:\/\/empresite.eleconomista.es\/3-P-ESTAMPACIONES.html"},{"enlace":"https:\/\/empresite.eleconomista.es\/CRISTALRAMOS.html"},{"enlace":"https:\/\/empresite.eleconomista.es\/CARPINTERIA-METALICA-QUART.html"},{"enlace":"https:\/\/empresite.eleconomista.es\/HPV-HIPERPINTURAS-VALENCIANAS.html"},{"enlace":"https:\/\/empresite.eleconomista.es\/ES-RIU-TURIA.html"},{"enlace":"https:\/\/empresite.eleconomista.es\/GASOLEOS-PROFESIONAL-N-III.html"},{"enlace":"https:\/\/empresite.eleconomista.es\/TECNICA-PROFESIONAL-REPARACIONES.html"},{"enlace":"https:\/\/empresite.eleconomista.es\/PULIMENTOS-QUART.html"},{"enlace":"https:\/\/empresite.eleconomista.es\/ACINLEVA-OBRAS-SERVICIOS.html"},{"enlace":"https:\/\/empresite.eleconomista.es\/DOPRIME.html"},{"enlace":"https:\/\/empresite.eleconomista.es\/REPRESENTACIONES-EXCLUSIVAS-SERVICIOS-OASIS.html"},{"enlace":"https:\/\/empresite.eleconomista.es\/PROINTER-ELECTRICA.html"},{"enlace":"https:\/\/empresite.eleconomista.es\/JUAN-SORIANO-HIJOS.html"}]