[{"enlace":"https:\/\/empresite.eleconomista.es\/SERVICIOS-AUXILIARES-INDUSTRIALES-FOIA.html"},{"enlace":"https:\/\/empresite.eleconomista.es\/APLICADORES-INDUSTRIALES-ALICANTE.html"},{"enlace":"https:\/\/empresite.eleconomista.es\/BURMIR-SOLUCIONES-INDUSTRIALES.html"},{"enlace":"https:\/\/empresite.eleconomista.es\/SISTEMAS-ELECTRICOS-INDUSTRIALES-LEVANTE.html"},{"enlace":"https:\/\/empresite.eleconomista.es\/OBRAS-INSTALACIONES-INDUSTRIALES-MEDITERRANEO.html"},{"enlace":"https:\/\/empresite.eleconomista.es\/PROCESOS-INDUSTRIALES-CAUCHO.html"},{"enlace":"https:\/\/empresite.eleconomista.es\/RESISTENCIAS-INDUSTRIALES-MAXIWATT.html"},{"enlace":"https:\/\/empresite.eleconomista.es\/ASCENSORES-MONTAJES-INDUSTRIALES-ROSEBAL.html"},{"enlace":"https:\/\/empresite.eleconomista.es\/SUMIFLUID.html"},{"enlace":"https:\/\/empresite.eleconomista.es\/SUMINISTROS-ALIMENTACION-VEGAIS.html"},{"enlace":"https:\/\/empresite.eleconomista.es\/SUMINISTROS-HOSTELEROS-PLAZA-CASTILLA.html"},{"enlace":"https:\/\/empresite.eleconomista.es\/SUMINISTROS-PLANT-FLOR.html"},{"enlace":"https:\/\/empresite.eleconomista.es\/SUMINISTROS-PEREZ-RODENAS.html"},{"enlace":"https:\/\/empresite.eleconomista.es\/OFICINALIA-SUMINISTROS-OFICINA.html"},{"enlace":"https:\/\/empresite.eleconomista.es\/SUMINISTROS-JAVIER-RUIZ.html"},{"enlace":"https:\/\/empresite.eleconomista.es\/SUMINISTROS-JARDIN-NOVA.html"},{"enlace":"https:\/\/empresite.eleconomista.es\/SUMINISTROS-FERRALLA-MAQUINARIA.html"},{"enlace":"https:\/\/empresite.eleconomista.es\/SUMINISTROS-OFICINA-PAPELX.html"},{"enlace":"https:\/\/empresite.eleconomista.es\/SUMINISTROS-SERVICIOS-TORRELLANO.html"},{"enlace":"https:\/\/empresite.eleconomista.es\/BIG-MASTER-SUMINISTROS.html"},{"enlace":"https:\/\/empresite.eleconomista.es\/COMARGAR-SUMINISTROS-HOSTELEROS.html"},{"enlace":"https:\/\/empresite.eleconomista.es\/SUMINISTROS-HISPANO-ARGELINA.html"},{"enlace":"https:\/\/empresite.eleconomista.es\/SUMINISTROS-M-SOLER-LEVANTE.html"},{"enlace":"https:\/\/empresite.eleconomista.es\/SUMINISTROS-SANCHEZ-MONTESINOS.html"},{"enlace":"https:\/\/empresite.eleconomista.es\/INFORGRAPH-SUMINISTROS-ELCHE.html"},{"enlace":"https:\/\/empresite.eleconomista.es\/SUMINISTROS-J-ORTS.html"},{"enlace":"https:\/\/empresite.eleconomista.es\/ARS-SUMINISTROS-VERTICALES.html"},{"enlace":"https:\/\/empresite.eleconomista.es\/ALICANTINA-SUMINISTROS-ALIMENTARIOS.html"},{"enlace":"https:\/\/empresite.eleconomista.es\/SUMINISTROS-HIDRAULICOS-LEVANTE.html"},{"enlace":"https:\/\/empresite.eleconomista.es\/VALENZUELA-SUMINISTROS-PLASTICOS.html"}]