[{"enlace":"https:\/\/empresite.eleconomista.es\/CREACIONES-9-JUNIO.html"},{"enlace":"https:\/\/empresite.eleconomista.es\/MAQUINARIA-SANGAR.html"},{"enlace":"https:\/\/empresite.eleconomista.es\/ENEPOL-QUIMICA.html"},{"enlace":"https:\/\/empresite.eleconomista.es\/DOMTELDA.html"},{"enlace":"https:\/\/empresite.eleconomista.es\/TALLERES-HERRERO-CHICO.html"},{"enlace":"https:\/\/empresite.eleconomista.es\/TOATEX.html"},{"enlace":"https:\/\/empresite.eleconomista.es\/RECREATIVOS-CANO-DIAZ.html"},{"enlace":"https:\/\/empresite.eleconomista.es\/PROMOCIONES-ESDRELON.html"},{"enlace":"https:\/\/empresite.eleconomista.es\/LIMPIEZAS-NIETO-DUARTE.html"},{"enlace":"https:\/\/empresite.eleconomista.es\/TALLERES-FRAMAR.html"},{"enlace":"https:\/\/empresite.eleconomista.es\/GANDIA-SANCHIZ.html"},{"enlace":"https:\/\/empresite.eleconomista.es\/LEVANTE-DARTS.html"},{"enlace":"https:\/\/empresite.eleconomista.es\/MINGUEZ-NAVARRO.html"},{"enlace":"https:\/\/empresite.eleconomista.es\/FRIORAPID-DISTRIBUCIONES-MEDITERRANEO.html"},{"enlace":"https:\/\/empresite.eleconomista.es\/FORRADOS-RANURAS-3D.html"},{"enlace":"https:\/\/empresite.eleconomista.es\/JAFRE-CONSULTING.html"},{"enlace":"https:\/\/empresite.eleconomista.es\/SOCIECAR-2006.html"},{"enlace":"https:\/\/empresite.eleconomista.es\/LACADOS-BONAL.html"},{"enlace":"https:\/\/empresite.eleconomista.es\/TECNOPLACAS-IDELLA.html"},{"enlace":"https:\/\/empresite.eleconomista.es\/AVILLAES-CONSULTING.html"},{"enlace":"https:\/\/empresite.eleconomista.es\/ENERSYELECTRIC.html"},{"enlace":"https:\/\/empresite.eleconomista.es\/LAMSTER-GROUP.html"},{"enlace":"https:\/\/empresite.eleconomista.es\/LUCENTUM-PRODUCTS.html"},{"enlace":"https:\/\/empresite.eleconomista.es\/APARADOS-NOELPIEL.html"},{"enlace":"https:\/\/empresite.eleconomista.es\/CARSANZ-VEHICULOS-MULTIMARCA.html"},{"enlace":"https:\/\/empresite.eleconomista.es\/ELECTRICIDAD-INSTALACIONES-GGB.html"},{"enlace":"https:\/\/empresite.eleconomista.es\/ALUMINIOS-METAL-VICMAR.html"},{"enlace":"https:\/\/empresite.eleconomista.es\/REACCESORIOS-PUCHE.html"},{"enlace":"https:\/\/empresite.eleconomista.es\/INTERLOFER-GROUP.html"},{"enlace":"https:\/\/empresite.eleconomista.es\/PREFABRICADOS-EUROCUERO.html"}]