[{"enlace":"https:\/\/empresite.eleconomista.es\/ROSELLO-SUMINISTROS.html"},{"enlace":"https:\/\/empresite.eleconomista.es\/TEJADOS-INDUSTRIALES-FOTOVOLTAICA.html"},{"enlace":"https:\/\/empresite.eleconomista.es\/SUMINISTROS-NAUTICOS-LEVANTE.html"},{"enlace":"https:\/\/empresite.eleconomista.es\/MOLLA-PINTORS.html"},{"enlace":"https:\/\/empresite.eleconomista.es\/OBRAS-SERVICIOS-HIJOS-A-IVARS.html"},{"enlace":"https:\/\/empresite.eleconomista.es\/CONSTRUCCIONES-KASEM-AMINE.html"},{"enlace":"https:\/\/empresite.eleconomista.es\/BELLA-VISTA-MONTEPEGO-CLUB-MANAGEMENT.html"},{"enlace":"https:\/\/empresite.eleconomista.es\/CORONA-NEGRA.html"},{"enlace":"https:\/\/empresite.eleconomista.es\/ALBACETE-RENOVABLES.html"},{"enlace":"https:\/\/empresite.eleconomista.es\/BENISSA-SUNRISE.html"},{"enlace":"https:\/\/empresite.eleconomista.es\/FOTOVOLTAICA-ALICANTE.html"},{"enlace":"https:\/\/empresite.eleconomista.es\/GINETA-SOLAR.html"},{"enlace":"https:\/\/empresite.eleconomista.es\/HELIOS-ALBACETE.html"},{"enlace":"https:\/\/empresite.eleconomista.es\/CALIPELLETS.html"},{"enlace":"https:\/\/empresite.eleconomista.es\/ROMICA-SOLAR-1.html"},{"enlace":"https:\/\/empresite.eleconomista.es\/HELIOSINFO.html"},{"enlace":"https:\/\/empresite.eleconomista.es\/BENISSA-SOLARINVEST.html"},{"enlace":"https:\/\/empresite.eleconomista.es\/SUNEXPERT-BENISSA.html"},{"enlace":"https:\/\/empresite.eleconomista.es\/GLUKGES.html"},{"enlace":"https:\/\/empresite.eleconomista.es\/ESPAI-VERD-BENIMARCO.html"},{"enlace":"https:\/\/empresite.eleconomista.es\/BIERTRADING.html"},{"enlace":"https:\/\/empresite.eleconomista.es\/SP-CABALLITO-MAR.html"},{"enlace":"https:\/\/empresite.eleconomista.es\/LIMPIEZAS-BENIMARCO.html"},{"enlace":"https:\/\/empresite.eleconomista.es\/INTEREXOTICA.html"},{"enlace":"https:\/\/empresite.eleconomista.es\/CERRAJERIA-ANDRES.html"},{"enlace":"https:\/\/empresite.eleconomista.es\/INMO-BENISSA.html"},{"enlace":"https:\/\/empresite.eleconomista.es\/INSTALACIONES-BENIMARCO.html"},{"enlace":"https:\/\/empresite.eleconomista.es\/SOLAIGUA-RENOVABLES.html"},{"enlace":"https:\/\/empresite.eleconomista.es\/ELECTRO-GRIMALT.html"},{"enlace":"https:\/\/empresite.eleconomista.es\/AKER-INGENIERIA.html"}]