[{"enlace":"https:\/\/empresite.eleconomista.es\/SUMINISTROS-OLMI.html"},{"enlace":"https:\/\/empresite.eleconomista.es\/SUMINISTROS-FERRYVENT.html"},{"enlace":"https:\/\/empresite.eleconomista.es\/SUMINISTROS-MARVAL.html"},{"enlace":"https:\/\/empresite.eleconomista.es\/MULA-SUMINISTROS.html"},{"enlace":"https:\/\/empresite.eleconomista.es\/SANEAMIENTO-SUMINISTROS.html"},{"enlace":"https:\/\/empresite.eleconomista.es\/SUMINISTROS-FERREHICU.html"},{"enlace":"https:\/\/empresite.eleconomista.es\/SUMINISTROS-ANTHER.html"},{"enlace":"https:\/\/empresite.eleconomista.es\/SUMINISTROS-AGUAMAR.html"},{"enlace":"https:\/\/empresite.eleconomista.es\/SUMINISTROS-SERRERIA.html"},{"enlace":"https:\/\/empresite.eleconomista.es\/MONTAJES-INDUSTRIALES-SORYMAR.html"},{"enlace":"https:\/\/empresite.eleconomista.es\/DESARROLLOS-INDUSTRIALES-HORTOFRUTICOLAS.html"},{"enlace":"https:\/\/empresite.eleconomista.es\/CREACIONES-AROMATICAS-INDUSTRIALES-GRUPO.html"},{"enlace":"https:\/\/empresite.eleconomista.es\/COMINDRA-DESARROLLOS-INDUSTRIALES.html"},{"enlace":"https:\/\/empresite.eleconomista.es\/GESTION-FLOTAS-VEHICULOS-INDUSTRIALES.html"},{"enlace":"https:\/\/empresite.eleconomista.es\/ACCESORIOS-INDUSTRIALES-ACEVAL.html"},{"enlace":"https:\/\/empresite.eleconomista.es\/DESARROLLOS-INDUSTRIALES-MARTOS.html"},{"enlace":"https:\/\/empresite.eleconomista.es\/ELEMENTOS-TECNO-INDUSTRIALES.html"},{"enlace":"https:\/\/empresite.eleconomista.es\/REPUESTOS-INDUSTRIALES-VIRLU.html"},{"enlace":"https:\/\/empresite.eleconomista.es\/OMNICREA-OBRAS-SERVICIOS-INDUSTRIALES.html"},{"enlace":"https:\/\/empresite.eleconomista.es\/INVERSIONES-INDUSTRIALES-LLOC-MOU.html"},{"enlace":"https:\/\/empresite.eleconomista.es\/PAVIMENTOS-INDUSTRIALES-LEVANTE.html"},{"enlace":"https:\/\/empresite.eleconomista.es\/SPECK-BOMBAS-INDUSTRIALES.html"},{"enlace":"https:\/\/empresite.eleconomista.es\/ISCA-MANTENIMIENTOS-INDUSTRIALES.html"},{"enlace":"https:\/\/empresite.eleconomista.es\/MONTAJES-INDUSTRIALES-BERRIO.html"},{"enlace":"https:\/\/empresite.eleconomista.es\/PLANCHADOS-INDUSTRIALES-AMFRA.html"},{"enlace":"https:\/\/empresite.eleconomista.es\/GLOBALPAPEL-SERVICIOS-INDUSTRIALES.html"},{"enlace":"https:\/\/empresite.eleconomista.es\/TECNICAS-INDUSTRIALES-LOPEZ.html"},{"enlace":"https:\/\/empresite.eleconomista.es\/NAVES-INDUSTRIALES-VIATOR.html"},{"enlace":"https:\/\/empresite.eleconomista.es\/VALSAFIN-MONTAJES-INDUSTRIALES.html"},{"enlace":"https:\/\/empresite.eleconomista.es\/FUNCIONES-INDUSTRIALES-INTEGRALES.html"}]