[{"enlace":"https:\/\/empresite.eleconomista.es\/AS-ALUSINK.html"},{"enlace":"https:\/\/empresite.eleconomista.es\/METALES-ALCAZAR.html"},{"enlace":"https:\/\/empresite.eleconomista.es\/AGROQUIMICOS-COSTA.html"},{"enlace":"https:\/\/empresite.eleconomista.es\/SAN-ANDRES-MORALES.html"},{"enlace":"https:\/\/empresite.eleconomista.es\/CONSTRUCCIONES-NEWBORN.html"},{"enlace":"https:\/\/empresite.eleconomista.es\/CRUMAR-CUERO.html"},{"enlace":"https:\/\/empresite.eleconomista.es\/KEMIPOLYMER.html"},{"enlace":"https:\/\/empresite.eleconomista.es\/COMPACTACIONES-LEVANTE.html"},{"enlace":"https:\/\/empresite.eleconomista.es\/PLASTICOS-FLOME.html"},{"enlace":"https:\/\/empresite.eleconomista.es\/COVERNAT.html"},{"enlace":"https:\/\/empresite.eleconomista.es\/MAQUINARIA-GIMENO.html"},{"enlace":"https:\/\/empresite.eleconomista.es\/JAP-2-RECUPERACIONES.html"},{"enlace":"https:\/\/empresite.eleconomista.es\/TRANSFORMACIONES-MAQUINARIA-OBRAS-PUBLICAS.html"},{"enlace":"https:\/\/empresite.eleconomista.es\/ALUMINIOS-JOSE-VILLALBA.html"},{"enlace":"https:\/\/empresite.eleconomista.es\/SOLDAMATIG.html"},{"enlace":"https:\/\/empresite.eleconomista.es\/ALUMINIOS-ISLAS.html"},{"enlace":"https:\/\/empresite.eleconomista.es\/HIERROS-DANIEL.html"},{"enlace":"https:\/\/empresite.eleconomista.es\/PALAU-HIJOS.html"},{"enlace":"https:\/\/empresite.eleconomista.es\/TALLERES-QUINTANA-MAQPEL.html"}]