[{"enlace":"https:\/\/empresite.eleconomista.es\/ELECTRO-NOVELDA-SUMINISTROS-ELECTRICOS.html"},{"enlace":"https:\/\/empresite.eleconomista.es\/MONTAJES-ELECTRICOS-SEVA-ALVAREZ.html"},{"enlace":"https:\/\/empresite.eleconomista.es\/MONTAJES-ELECTRICOS-ABEL-SEVA.html"},{"enlace":"https:\/\/empresite.eleconomista.es\/SUMINISTROS-KRISET.html"},{"enlace":"https:\/\/empresite.eleconomista.es\/SUMINISTROS-AIRE.html"},{"enlace":"https:\/\/empresite.eleconomista.es\/SUMINISTROS-BEMPE.html"},{"enlace":"https:\/\/empresite.eleconomista.es\/SUMINISTROS-SENA.html"},{"enlace":"https:\/\/empresite.eleconomista.es\/JAAM-SUMINISTROS.html"},{"enlace":"https:\/\/empresite.eleconomista.es\/SUMINISTROS-NOVELDA.html"},{"enlace":"https:\/\/empresite.eleconomista.es\/NOVELFRET-SUMINISTROS-HOTELEROS.html"},{"enlace":"https:\/\/empresite.eleconomista.es\/ALMACEN-SUMINISTROS-SERVICIOS-RESTAURACION.html"},{"enlace":"https:\/\/empresite.eleconomista.es\/SUMINISTROS-KRISET-ALICANTE.html"},{"enlace":"https:\/\/empresite.eleconomista.es\/NOVELGLASS-SUMINISTROS-VIDRIO.html"},{"enlace":"https:\/\/empresite.eleconomista.es\/EVELIO-ABAD-COMERCIAL.html"},{"enlace":"https:\/\/empresite.eleconomista.es\/DISERNOVEL.html"},{"enlace":"https:\/\/empresite.eleconomista.es\/BELSAN-IBERICA-COMPONENTES-INDUSTRIALES.html"},{"enlace":"https:\/\/empresite.eleconomista.es\/JOPAMAR-PRODUCTOS-PARA-PIEDRA.html"},{"enlace":"https:\/\/empresite.eleconomista.es\/COMERCIAL-PORLOGIC.html"},{"enlace":"https:\/\/empresite.eleconomista.es\/ENTREMAQUINAS-SERVICIOS-ESPECIALES.html"}]