[{"enlace":"https:\/\/empresite.eleconomista.es\/ELECTRICIDAD-MAJOVI.html"},{"enlace":"https:\/\/empresite.eleconomista.es\/ELECTRICIDAD-FAURA.html"},{"enlace":"https:\/\/empresite.eleconomista.es\/ELECTRICIDAD-BEVIA.html"},{"enlace":"https:\/\/empresite.eleconomista.es\/ELECTRICIDAD-CANALAR.html"},{"enlace":"https:\/\/empresite.eleconomista.es\/CRESPO-ELECTRICIDAD.html"},{"enlace":"https:\/\/empresite.eleconomista.es\/ELECTRICIDAD-BAIRES.html"},{"enlace":"https:\/\/empresite.eleconomista.es\/ELECTRICIDAD-ARJONA.html"},{"enlace":"https:\/\/empresite.eleconomista.es\/ELECTRICIDAD-SONIVAN.html"},{"enlace":"https:\/\/empresite.eleconomista.es\/ELECTRICIDAD-JOARVIL.html"},{"enlace":"https:\/\/empresite.eleconomista.es\/ELECTRICIDAD-JESUS.html"},{"enlace":"https:\/\/empresite.eleconomista.es\/ELECTRICIDAD-RIBERGAR.html"},{"enlace":"https:\/\/empresite.eleconomista.es\/ELECTRICIDAD-BURGUI.html"},{"enlace":"https:\/\/empresite.eleconomista.es\/ELECTRICIDAD-PACO-DIAZ.html"},{"enlace":"https:\/\/empresite.eleconomista.es\/MANTENIMIENTOS-ELECTRICIDAD-TORTOSA.html"},{"enlace":"https:\/\/empresite.eleconomista.es\/ELECTRICIDAD-VF-2007.html"},{"enlace":"https:\/\/empresite.eleconomista.es\/ELECTRICIDAD-BUADES-OE.html"},{"enlace":"https:\/\/empresite.eleconomista.es\/ELECTRICIDAD-JOSE-C-FERNANDEZ.html"},{"enlace":"https:\/\/empresite.eleconomista.es\/ELECTRICIDAD-JOSE-RAMON-PASTOR-MIRO.html"},{"enlace":"https:\/\/empresite.eleconomista.es\/SALINGER-EMPRESARIAL.html"},{"enlace":"https:\/\/empresite.eleconomista.es\/UE1-BENFERRI-INFRASUR-ELECTRICIDAD-BEVIA-UTE-LEY-18-1982-26-MAYO.html"}]