[{"enlace":"https:\/\/empresite.eleconomista.es\/SUMINISTROS-INDUSTRIALES-ELECTRICOS-DOS-DC.html"},{"enlace":"https:\/\/empresite.eleconomista.es\/UBITECH-MOLDES-MODELOS-INDUSTRIALES.html"},{"enlace":"https:\/\/empresite.eleconomista.es\/ESTRUCTURAS-SERVICIOS-INDUSTRIALES-LUNIEL.html"},{"enlace":"https:\/\/empresite.eleconomista.es\/PROCESOS-INDUSTRIALES-PROMAT.html"},{"enlace":"https:\/\/empresite.eleconomista.es\/PEYMA-MANIPULADOS-HERRAJES-INDUSTRIALES.html"},{"enlace":"https:\/\/empresite.eleconomista.es\/SUMINISTROS-MANIPULADOS-TECNICOS.html"},{"enlace":"https:\/\/empresite.eleconomista.es\/JUAN-BENEYTO.html"},{"enlace":"https:\/\/empresite.eleconomista.es\/MATAIX-FUSTER.html"},{"enlace":"https:\/\/empresite.eleconomista.es\/BORNAY-AEROGENERADORES.html"},{"enlace":"https:\/\/empresite.eleconomista.es\/KALER-2004-CONSTRUCCIONES.html"},{"enlace":"https:\/\/empresite.eleconomista.es\/SAEZ-FERRI.html"},{"enlace":"https:\/\/empresite.eleconomista.es\/GARCIA-MANIC.html"},{"enlace":"https:\/\/empresite.eleconomista.es\/CONSTRUCCIONES-OBRAS-FRAPONPER.html"},{"enlace":"https:\/\/empresite.eleconomista.es\/TALLERES-ARNEDO.html"},{"enlace":"https:\/\/empresite.eleconomista.es\/SOLUCIONES-FOTOVOLTAICAS-LEVANTE.html"},{"enlace":"https:\/\/empresite.eleconomista.es\/ELEMENTOS-ESTRUCTURALES-LEVANTE.html"},{"enlace":"https:\/\/empresite.eleconomista.es\/GREAT-PLASTIC.html"},{"enlace":"https:\/\/empresite.eleconomista.es\/VIDUCA.html"},{"enlace":"https:\/\/empresite.eleconomista.es\/EXCAVACIONES-ARIDOS-JAIME-ESTEVE-RICO.html"},{"enlace":"https:\/\/empresite.eleconomista.es\/COORDINADORA-RECURSOS-LABORALES.html"},{"enlace":"https:\/\/empresite.eleconomista.es\/DISENOS-DESARROLLOS-PLASTICOS-BROCAR.html"},{"enlace":"https:\/\/empresite.eleconomista.es\/IMARSA-MAQUINARIA.html"},{"enlace":"https:\/\/empresite.eleconomista.es\/TROQUELES-DUMI.html"},{"enlace":"https:\/\/empresite.eleconomista.es\/MULTICAPRICHOS-HOGAR.html"},{"enlace":"https:\/\/empresite.eleconomista.es\/INNOVACION-DISENO-CONFORT.html"},{"enlace":"https:\/\/empresite.eleconomista.es\/CONINSTAVOL.html"},{"enlace":"https:\/\/empresite.eleconomista.es\/ESTRUCTURAS-BERMETAL.html"},{"enlace":"https:\/\/empresite.eleconomista.es\/AVAKUA-PLASTIC-FOR-VENDING-NEGOCIOS.html"},{"enlace":"https:\/\/empresite.eleconomista.es\/ENCOFRADOS-NUEVAS-ESTRUCTURAS-HORMIGON.html"},{"enlace":"https:\/\/empresite.eleconomista.es\/P10-PRECIOS-FABRICA.html"}]