[{"enlace":"https:\/\/empresite.eleconomista.es\/SUMINISTROS-COVAL.html"},{"enlace":"https:\/\/empresite.eleconomista.es\/SUMINISTROS-EUROPA-PARTS.html"},{"enlace":"https:\/\/empresite.eleconomista.es\/SUMINISTROS-TPC.html"},{"enlace":"https:\/\/empresite.eleconomista.es\/SUMINISTROS-TURIA.html"},{"enlace":"https:\/\/empresite.eleconomista.es\/MONTAJES-INSTALACIONES-INDUSTRIALES-PEC.html"},{"enlace":"https:\/\/empresite.eleconomista.es\/SUMINISTROS-V-GRAU.html"},{"enlace":"https:\/\/empresite.eleconomista.es\/SUMINISTROS-METALVEX-XXI.html"},{"enlace":"https:\/\/empresite.eleconomista.es\/MERKAMAT-SUMINISTROS-AZULEJOS.html"},{"enlace":"https:\/\/empresite.eleconomista.es\/SUMINISTROS-AGRARIOS-CONSTANCIA-COOP-VALENCIANA.html"},{"enlace":"https:\/\/empresite.eleconomista.es\/SUMINISTROS-PARA-MARMOLISTA-CONSTRUCCION-SUMIVAL.html"},{"enlace":"https:\/\/empresite.eleconomista.es\/MAVITEC-ENGINYERS.html"},{"enlace":"https:\/\/empresite.eleconomista.es\/SATARA-SEGURIDAD.html"},{"enlace":"https:\/\/empresite.eleconomista.es\/MERKAMAT-POBLA.html"},{"enlace":"https:\/\/empresite.eleconomista.es\/INTELEXIS-VALENCIA.html"},{"enlace":"https:\/\/empresite.eleconomista.es\/BARYCAM.html"},{"enlace":"https:\/\/empresite.eleconomista.es\/CUADOLY.html"},{"enlace":"https:\/\/empresite.eleconomista.es\/RAMPAS-CERRAMIENTOS-SISTEMAS.html"},{"enlace":"https:\/\/empresite.eleconomista.es\/AUTO-ART-ON-LINE.html"},{"enlace":"https:\/\/empresite.eleconomista.es\/WEGA-ELITE-PRODUCTS.html"},{"enlace":"https:\/\/empresite.eleconomista.es\/ELS-PROJECTES-TIRALINIES.html"},{"enlace":"https:\/\/empresite.eleconomista.es\/INSTALACIONES-ENTRETUBOS.html"},{"enlace":"https:\/\/empresite.eleconomista.es\/PROMOCIONES-PROSEYMAR.html"},{"enlace":"https:\/\/empresite.eleconomista.es\/FONSALBA.html"},{"enlace":"https:\/\/empresite.eleconomista.es\/CELESTICA-VALENCIA.html"},{"enlace":"https:\/\/empresite.eleconomista.es\/MES-TRENTA.html"},{"enlace":"https:\/\/empresite.eleconomista.es\/PROMOCIONES-FORCASET.html"},{"enlace":"https:\/\/empresite.eleconomista.es\/FOTO-VIDEO-CARLOS.html"},{"enlace":"https:\/\/empresite.eleconomista.es\/ALBA-PITARCH.html"},{"enlace":"https:\/\/empresite.eleconomista.es\/LLIRIA-NOVA-INMOBILIARIA.html"},{"enlace":"https:\/\/empresite.eleconomista.es\/INTERGESTORA-CONTRATAS.html"}]