[{"enlace":"https:\/\/empresite.eleconomista.es\/GRUAS-CATALA.html"},{"enlace":"https:\/\/empresite.eleconomista.es\/CLIMATIZACIONES-MONTAJES-MARIOLA.html"},{"enlace":"https:\/\/empresite.eleconomista.es\/TEXTIL-LENCERA.html"},{"enlace":"https:\/\/empresite.eleconomista.es\/SERVINEGAR.html"},{"enlace":"https:\/\/empresite.eleconomista.es\/REDLASER-DIFUSION.html"},{"enlace":"https:\/\/empresite.eleconomista.es\/CARLOS-ABAD-BOTELLA.html"},{"enlace":"https:\/\/empresite.eleconomista.es\/CONTROL-ECOLOGICO-CALIDAD-CCR-RESIDUOS.html"},{"enlace":"https:\/\/empresite.eleconomista.es\/CASA-RAFELET.html"},{"enlace":"https:\/\/empresite.eleconomista.es\/GARCIA-ASOCIADOS-CONSULTORES.html"},{"enlace":"https:\/\/empresite.eleconomista.es\/ESPLADIL.html"},{"enlace":"https:\/\/empresite.eleconomista.es\/PICO-TEX.html"},{"enlace":"https:\/\/empresite.eleconomista.es\/ANTONIO-LLORENS-CERDA.html"},{"enlace":"https:\/\/empresite.eleconomista.es\/ALUMINIOS-COTOS-BAIXES.html"},{"enlace":"https:\/\/empresite.eleconomista.es\/DISTRIBUCIONES-AGUILA.html"},{"enlace":"https:\/\/empresite.eleconomista.es\/T-GILMAN.html"},{"enlace":"https:\/\/empresite.eleconomista.es\/AUTOMATISMOS-SERRELLA.html"},{"enlace":"https:\/\/empresite.eleconomista.es\/INMOBILIARIA-ROMA-FERRE.html"},{"enlace":"https:\/\/empresite.eleconomista.es\/GRUPO-TECOURBANA.html"},{"enlace":"https:\/\/empresite.eleconomista.es\/PERSIANAS-SEMPRERE-HERMANOS.html"},{"enlace":"https:\/\/empresite.eleconomista.es\/COSTABLANCA-IMPORT.html"},{"enlace":"https:\/\/empresite.eleconomista.es\/MOTORES-CARCHANO.html"},{"enlace":"https:\/\/empresite.eleconomista.es\/NURANO-1998.html"},{"enlace":"https:\/\/empresite.eleconomista.es\/VIDLEN-2008.html"},{"enlace":"https:\/\/empresite.eleconomista.es\/ELECTRICITATS-ORVECA.html"},{"enlace":"https:\/\/empresite.eleconomista.es\/FERNANDEZ-TEXTIL-COOP-V.html"},{"enlace":"https:\/\/empresite.eleconomista.es\/TEXTIL-MONACO.html"},{"enlace":"https:\/\/empresite.eleconomista.es\/JULIO-ALBORCH.html"},{"enlace":"https:\/\/empresite.eleconomista.es\/CUBERCLIMA.html"},{"enlace":"https:\/\/empresite.eleconomista.es\/RAFAEL-CASTANER.html"},{"enlace":"https:\/\/empresite.eleconomista.es\/IMECLIMA.html"}]