[{"enlace":"https:\/\/empresite.eleconomista.es\/SUMINISTROS-HOSTELEROS-CLARES.html"},{"enlace":"https:\/\/empresite.eleconomista.es\/STYLE-CALPE-ORDENADORES.html"},{"enlace":"https:\/\/empresite.eleconomista.es\/INFORMATICA-TECNOLOGIA-APLICACIONES.html"},{"enlace":"https:\/\/empresite.eleconomista.es\/CREACIONES-URBANAS-LEVANTE.html"},{"enlace":"https:\/\/empresite.eleconomista.es\/INVERSIONES-ZIELINSKI.html"},{"enlace":"https:\/\/empresite.eleconomista.es\/DOMOVENOK.html"},{"enlace":"https:\/\/empresite.eleconomista.es\/RESTAURANTE-CAFETERIA-MANCHEGOS.html"},{"enlace":"https:\/\/empresite.eleconomista.es\/HABITAGE-GESTION-VENTAS.html"}]