[{"enlace":"https:\/\/empresite.eleconomista.es\/MARMOLES-RINALDI-MONZON.html"},{"enlace":"https:\/\/empresite.eleconomista.es\/GESTION-VALENCIANA-DESGUACE.html"},{"enlace":"https:\/\/empresite.eleconomista.es\/ESTRUCTURAS-CARRASQUERA-55.html"},{"enlace":"https:\/\/empresite.eleconomista.es\/LLOBAT-BORDES.html"},{"enlace":"https:\/\/empresite.eleconomista.es\/MECANIZADOS-CASTAN.html"},{"enlace":"https:\/\/empresite.eleconomista.es\/COMPLEMENTOS-ACCESORIOS-SANTAMARIA.html"},{"enlace":"https:\/\/empresite.eleconomista.es\/IVALEX-TRANSFORMADORES.html"},{"enlace":"https:\/\/empresite.eleconomista.es\/CARPINTERIA-METALICA-AMPARO.html"},{"enlace":"https:\/\/empresite.eleconomista.es\/INSTALACIONES-ELECTRICAS-GEA-MANUEL.html"},{"enlace":"https:\/\/empresite.eleconomista.es\/PEST-CONTROL-CONSULTING.html"},{"enlace":"https:\/\/empresite.eleconomista.es\/SERVICIOS-TEMPORALES-LEVANTE-ETT.html"},{"enlace":"https:\/\/empresite.eleconomista.es\/IBERDYC.html"},{"enlace":"https:\/\/empresite.eleconomista.es\/MANTENIMIENTO-FRIO-LEVANTE.html"},{"enlace":"https:\/\/empresite.eleconomista.es\/ZMAQ-ALQUILER.html"},{"enlace":"https:\/\/empresite.eleconomista.es\/CHANCOSA-HERMANOS.html"},{"enlace":"https:\/\/empresite.eleconomista.es\/DIFERENTES-EQUIPAMIENTOS.html"},{"enlace":"https:\/\/empresite.eleconomista.es\/FRET-MERCURI.html"},{"enlace":"https:\/\/empresite.eleconomista.es\/EUROCIVITAS-DESARROLLO-LOCAL.html"},{"enlace":"https:\/\/empresite.eleconomista.es\/INDUSTRIAS-QUIMICAS-FONS.html"},{"enlace":"https:\/\/empresite.eleconomista.es\/MG-CORBAEXPORT.html"},{"enlace":"https:\/\/empresite.eleconomista.es\/TRASEMER.html"},{"enlace":"https:\/\/empresite.eleconomista.es\/MADER-BLINDEX.html"},{"enlace":"https:\/\/empresite.eleconomista.es\/NUEVA-RESTAURACION-MEDITERRANEA-2000.html"},{"enlace":"https:\/\/empresite.eleconomista.es\/HI-PA-MONCADA.html"},{"enlace":"https:\/\/empresite.eleconomista.es\/ESTELLES-ALFONSO.html"},{"enlace":"https:\/\/empresite.eleconomista.es\/MARMOLES-MABELLO.html"},{"enlace":"https:\/\/empresite.eleconomista.es\/CALVILLO-CHACON.html"},{"enlace":"https:\/\/empresite.eleconomista.es\/INDUSTRIAS-ARANDA-MASCARELL.html"},{"enlace":"https:\/\/empresite.eleconomista.es\/VAN-FRIO.html"},{"enlace":"https:\/\/empresite.eleconomista.es\/ESTACIONES-SERVICIO-HOFIRA.html"}]