[{"enlace":"https:\/\/empresite.eleconomista.es\/ALZIRA-SUMINISTROS-ELECTRICOS-INDUSTRIALES.html"},{"enlace":"https:\/\/empresite.eleconomista.es\/SUMINISTROS-MAZO.html"},{"enlace":"https:\/\/empresite.eleconomista.es\/SUMINISTROS-BENETAL.html"},{"enlace":"https:\/\/empresite.eleconomista.es\/SUMINISTROS-CERRAJEROS-MATEU.html"},{"enlace":"https:\/\/empresite.eleconomista.es\/COMPANIA-SUMINISTROS-HIERROS-ACEROS-VALENCIA.html"},{"enlace":"https:\/\/empresite.eleconomista.es\/SUMINISTROS-LLINARES.html"},{"enlace":"https:\/\/empresite.eleconomista.es\/SUMINISTROS-BARRUFO.html"},{"enlace":"https:\/\/empresite.eleconomista.es\/SUMINISTROS-ALZIRA.html"},{"enlace":"https:\/\/empresite.eleconomista.es\/SUMINISTROS-BERNIA.html"},{"enlace":"https:\/\/empresite.eleconomista.es\/CUPAM-CERRAMIENTOS-INDUSTRIALES.html"},{"enlace":"https:\/\/empresite.eleconomista.es\/HOLANDES-MONTAJES-INDUSTRIALES.html"},{"enlace":"https:\/\/empresite.eleconomista.es\/ESPACIOS-INDUSTRIALES-BERNIA.html"},{"enlace":"https:\/\/empresite.eleconomista.es\/TECNICAS-INDUSTRIALES-ANCOSA.html"},{"enlace":"https:\/\/empresite.eleconomista.es\/ABASTECIMIENTO-DESARROLLOS-AGRO-INDUSTRIALES.html"},{"enlace":"https:\/\/empresite.eleconomista.es\/VENALTA-LAVANDERIAS-INDUSTRIALES.html"},{"enlace":"https:\/\/empresite.eleconomista.es\/NERSUS-SUMINISTROS-HOSTELEROS-OLIVER.html"},{"enlace":"https:\/\/empresite.eleconomista.es\/SUMINISTROS-REFRIGERACION-ELECTRICIDAD-ALZIRA.html"},{"enlace":"https:\/\/empresite.eleconomista.es\/SUMINISTROS-GUILLEM-MARCH.html"},{"enlace":"https:\/\/empresite.eleconomista.es\/SUCEMA-SCOOPV.html"},{"enlace":"https:\/\/empresite.eleconomista.es\/AIGUES-VIVES-INSTAL-LACIONS-INDUSTRIALS.html"},{"enlace":"https:\/\/empresite.eleconomista.es\/OREMOR-NAUJ.html"},{"enlace":"https:\/\/empresite.eleconomista.es\/GRUPO-DL-ALQUILER-HERRAMIENTAS-PARA-CONSTRUCCION.html"},{"enlace":"https:\/\/empresite.eleconomista.es\/ALAPONT-SOLUCIONES-ENERGETICAS.html"},{"enlace":"https:\/\/empresite.eleconomista.es\/TRANSPORTES-MAZO-HERMANOS.html"},{"enlace":"https:\/\/empresite.eleconomista.es\/ART-INGENIERIA-PROYECTOS.html"},{"enlace":"https:\/\/empresite.eleconomista.es\/GENEVAL-GENERAL-ELECTRICA-VALENCIANA.html"},{"enlace":"https:\/\/empresite.eleconomista.es\/HOTEL-LLUNA-CHAFLAN.html"},{"enlace":"https:\/\/empresite.eleconomista.es\/EMCO-ALZIRA.html"},{"enlace":"https:\/\/empresite.eleconomista.es\/GESDIRCOM.html"},{"enlace":"https:\/\/empresite.eleconomista.es\/ALPESAN-ELEVATE.html"}]