[{"enlace":"https:\/\/empresite.eleconomista.es\/CREACIONES-PECAS-CARLOS.html"},{"enlace":"https:\/\/empresite.eleconomista.es\/ALUMINIOS-ROQUE.html"},{"enlace":"https:\/\/empresite.eleconomista.es\/BONETTI-MOBILIARIO.html"},{"enlace":"https:\/\/empresite.eleconomista.es\/HIJOS-MANUEL-GONZALEZ.html"},{"enlace":"https:\/\/empresite.eleconomista.es\/TRENZADOS-CAPRICHO.html"},{"enlace":"https:\/\/empresite.eleconomista.es\/DECORACIONES-JOSEMA.html"},{"enlace":"https:\/\/empresite.eleconomista.es\/RECUPERACIONES-SERVICIOS-LESADA.html"},{"enlace":"https:\/\/empresite.eleconomista.es\/CONER-AUXILIAR-CALZADO.html"},{"enlace":"https:\/\/empresite.eleconomista.es\/GRANADOS-LEVANTE.html"},{"enlace":"https:\/\/empresite.eleconomista.es\/ELECTRICIDAD-TESLA.html"},{"enlace":"https:\/\/empresite.eleconomista.es\/CHASIS-MECANO.html"},{"enlace":"https:\/\/empresite.eleconomista.es\/SUELAS-JUSAL.html"},{"enlace":"https:\/\/empresite.eleconomista.es\/TRENZADOS-MARIO.html"},{"enlace":"https:\/\/empresite.eleconomista.es\/ENECAUCHO.html"},{"enlace":"https:\/\/empresite.eleconomista.es\/MANUEL-OCHOA-UGEDA.html"},{"enlace":"https:\/\/empresite.eleconomista.es\/HUERTOSOLAR-CAMARA.html"}]