[{"enlace":"https:\/\/empresite.eleconomista.es\/UNASILVA-LEVANTE.html"},{"enlace":"https:\/\/empresite.eleconomista.es\/SOTILLO-TECNOLOGICO.html"},{"enlace":"https:\/\/empresite.eleconomista.es\/SUNPROFIT.html"},{"enlace":"https:\/\/empresite.eleconomista.es\/SUPERMERCADO-ALBIR.html"},{"enlace":"https:\/\/empresite.eleconomista.es\/AMBITEC-LEVANTE.html"},{"enlace":"https:\/\/empresite.eleconomista.es\/VISTA-LUMINOSOS.html"},{"enlace":"https:\/\/empresite.eleconomista.es\/INDOOR-DESIGN-SYSTEM.html"},{"enlace":"https:\/\/empresite.eleconomista.es\/EXIPIN-SERVICIOS.html"},{"enlace":"https:\/\/empresite.eleconomista.es\/EURO-SPECIALIST-SERVICES.html"},{"enlace":"https:\/\/empresite.eleconomista.es\/RUBEMA-2004.html"},{"enlace":"https:\/\/empresite.eleconomista.es\/CONSTRUCTIONS-AND-REFORMS-CALERO.html"},{"enlace":"https:\/\/empresite.eleconomista.es\/FABRICA-SUERTE.html"},{"enlace":"https:\/\/empresite.eleconomista.es\/VICTRON-ENERGIA-RENOVABLE.html"},{"enlace":"https:\/\/empresite.eleconomista.es\/GERMAN-SPECIAL-STEEL.html"},{"enlace":"https:\/\/empresite.eleconomista.es\/SAS-ENDEMAR.html"},{"enlace":"https:\/\/empresite.eleconomista.es\/YESOS-PROYECTADOS-ARABI.html"},{"enlace":"https:\/\/empresite.eleconomista.es\/VENTURA-INVERSIONES-SERVICIOS-INMOBILIARIOS.html"},{"enlace":"https:\/\/empresite.eleconomista.es\/ESTRUCTURAS-CUBIERTAS-SOL-TEAM.html"},{"enlace":"https:\/\/empresite.eleconomista.es\/VILLA-MALLAETA.html"},{"enlace":"https:\/\/empresite.eleconomista.es\/BRATWURST-MOBIL.html"},{"enlace":"https:\/\/empresite.eleconomista.es\/ROYAL-INVEST-COSTA-BLANCA.html"},{"enlace":"https:\/\/empresite.eleconomista.es\/ESLORA-MEDITERRANEA.html"},{"enlace":"https:\/\/empresite.eleconomista.es\/GAVILAN-LEVANTE.html"},{"enlace":"https:\/\/empresite.eleconomista.es\/3D-EXPO.html"},{"enlace":"https:\/\/empresite.eleconomista.es\/ATON-TRADE-OU.html"},{"enlace":"https:\/\/empresite.eleconomista.es\/ESTRUCTURAS-CIMIENTOS-NUCIA.html"},{"enlace":"https:\/\/empresite.eleconomista.es\/SALINER-MARTINEZ.html"},{"enlace":"https:\/\/empresite.eleconomista.es\/CASA-VALLE-GESTION-INMOBILIARIA.html"},{"enlace":"https:\/\/empresite.eleconomista.es\/RUTAMARINA.html"},{"enlace":"https:\/\/empresite.eleconomista.es\/AUTO-LAVAGE-AJ.html"}]