[{"enlace":"https:\/\/empresite.eleconomista.es\/NOA-CENTRO-SALUD-ESTETICA.html"},{"enlace":"https:\/\/empresite.eleconomista.es\/EURO-DECOLETAJE.html"},{"enlace":"https:\/\/empresite.eleconomista.es\/SANTA-ELENA-CONSTRUCCION-CALIDAD.html"},{"enlace":"https:\/\/empresite.eleconomista.es\/Q8-GRAPHIC-TECHNOLOGIES.html"},{"enlace":"https:\/\/empresite.eleconomista.es\/EMUCA.html"},{"enlace":"https:\/\/empresite.eleconomista.es\/INDUSTRIAS-OCHOA.html"},{"enlace":"https:\/\/empresite.eleconomista.es\/EMIL-IMPORT.html"},{"enlace":"https:\/\/empresite.eleconomista.es\/EUROCANAL-LEVANTE.html"},{"enlace":"https:\/\/empresite.eleconomista.es\/SERVICIOS-TECNICOS-VALENCIANOS-ESTEVAL.html"},{"enlace":"https:\/\/empresite.eleconomista.es\/GEANCAR-MAQUINARIA.html"},{"enlace":"https:\/\/empresite.eleconomista.es\/ENVASES-RIBARROJA.html"},{"enlace":"https:\/\/empresite.eleconomista.es\/ALBIACH-SUBMINISTRAMENTS-MATERIALS.html"},{"enlace":"https:\/\/empresite.eleconomista.es\/ESTACION-SERVICIO-MAS-VEINAT.html"},{"enlace":"https:\/\/empresite.eleconomista.es\/INSTALACIONES-FONCAVAL.html"},{"enlace":"https:\/\/empresite.eleconomista.es\/FC-COMPANIA-PRODUCTOS-HIDRAULICOS.html"},{"enlace":"https:\/\/empresite.eleconomista.es\/3SOLAR-DOMOTIC-AND-SOLAR-CONSULTING.html"},{"enlace":"https:\/\/empresite.eleconomista.es\/WASTERENT.html"},{"enlace":"https:\/\/empresite.eleconomista.es\/AUTO-NITO-SPORT.html"},{"enlace":"https:\/\/empresite.eleconomista.es\/13SUPERVIVIENTES.html"},{"enlace":"https:\/\/empresite.eleconomista.es\/GRAFIETIC.html"},{"enlace":"https:\/\/empresite.eleconomista.es\/TECNICAS-CURVADO-CARPINTERIAS.html"},{"enlace":"https:\/\/empresite.eleconomista.es\/INTERMOLDURAS.html"},{"enlace":"https:\/\/empresite.eleconomista.es\/QUALIVAL.html"},{"enlace":"https:\/\/empresite.eleconomista.es\/MECOGRAVAL.html"},{"enlace":"https:\/\/empresite.eleconomista.es\/DAYVILIFT.html"},{"enlace":"https:\/\/empresite.eleconomista.es\/ACTIFON-INSTALACIONES-REFORMAS.html"},{"enlace":"https:\/\/empresite.eleconomista.es\/CEMENTOS-UNION.html"},{"enlace":"https:\/\/empresite.eleconomista.es\/PRODUCTOS-PLASTICOS-PERFORMANTES-3P.html"},{"enlace":"https:\/\/empresite.eleconomista.es\/RASER-INSTALACIONES-ELECTRICAS.html"},{"enlace":"https:\/\/empresite.eleconomista.es\/AGUILAR-RENOVABLES.html"}]