[{"enlace":"https:\/\/empresite.eleconomista.es\/ACABADOS-INDUSTRIALES-MUEBLE-MARCAR.html"},{"enlace":"https:\/\/empresite.eleconomista.es\/DISTRIBUCION-MAQUINARIA-SUMINISTROS-SURESTE.html"},{"enlace":"https:\/\/empresite.eleconomista.es\/ARAMAR-SUMINISTROS-PARA-VIDRIO.html"},{"enlace":"https:\/\/empresite.eleconomista.es\/FERRETERIA-SUMINISTROS-GONZACAR.html"},{"enlace":"https:\/\/empresite.eleconomista.es\/SUMINISTROS-MUNOZ-AGUILERA.html"},{"enlace":"https:\/\/empresite.eleconomista.es\/EDUCLIMA-INSTALACIONES.html"},{"enlace":"https:\/\/empresite.eleconomista.es\/INVERPRO-URBANA.html"},{"enlace":"https:\/\/empresite.eleconomista.es\/GRUPO-AMGOM-2007.html"},{"enlace":"https:\/\/empresite.eleconomista.es\/FAHERMA-OBRA-CIVIL.html"},{"enlace":"https:\/\/empresite.eleconomista.es\/PROMOCIONES-MATRICLAD.html"},{"enlace":"https:\/\/empresite.eleconomista.es\/ISPANSUR-ALMORADI.html"},{"enlace":"https:\/\/empresite.eleconomista.es\/ALMORADI-SERVICIOS-CONTRATAS.html"},{"enlace":"https:\/\/empresite.eleconomista.es\/LEVANTE-INNOVACION.html"},{"enlace":"https:\/\/empresite.eleconomista.es\/CONSTRUCCIONES-BELMAR-2012.html"},{"enlace":"https:\/\/empresite.eleconomista.es\/PROMOCIONES-SIMESTE-TORRES.html"},{"enlace":"https:\/\/empresite.eleconomista.es\/VEGAELX-INMOGESTION.html"},{"enlace":"https:\/\/empresite.eleconomista.es\/PROMOCIONES-VIALSA-SIGLO-XXI.html"},{"enlace":"https:\/\/empresite.eleconomista.es\/INCOSBA-99.html"},{"enlace":"https:\/\/empresite.eleconomista.es\/GIMARCO-XXI.html"},{"enlace":"https:\/\/empresite.eleconomista.es\/BENSOL-PROMOCIONES-OBRAS.html"},{"enlace":"https:\/\/empresite.eleconomista.es\/CERRAMIENTOS-LUZ-SOL.html"},{"enlace":"https:\/\/empresite.eleconomista.es\/PIPALETS.html"},{"enlace":"https:\/\/empresite.eleconomista.es\/CONSTRUCCIONES-REFORMAS-RAZAIT.html"},{"enlace":"https:\/\/empresite.eleconomista.es\/CONSTRUCCIONES-ZUNICA.html"},{"enlace":"https:\/\/empresite.eleconomista.es\/TORRE-URBANA-FOMENTO.html"},{"enlace":"https:\/\/empresite.eleconomista.es\/PARQUETS-VEGA-BAJA.html"},{"enlace":"https:\/\/empresite.eleconomista.es\/TUBEMED-PENINSULA.html"},{"enlace":"https:\/\/empresite.eleconomista.es\/ALMOBRAS.html"},{"enlace":"https:\/\/empresite.eleconomista.es\/YESOS-ESCAYOLAS-MARISAB.html"},{"enlace":"https:\/\/empresite.eleconomista.es\/INVERSIONES-TEROL-SANCHEZ.html"}]