[{"enlace":"https:\/\/empresite.eleconomista.es\/MONTAJES-ELECTRICOS-FARGO.html"},{"enlace":"https:\/\/empresite.eleconomista.es\/INTELECTRIC-MONTAJES-ELECTRICOS.html"},{"enlace":"https:\/\/empresite.eleconomista.es\/CUADROS-ELECTRICOS-PATRAIX.html"},{"enlace":"https:\/\/empresite.eleconomista.es\/SERVICIOS-ELECTRICOS-GONZALEZ.html"},{"enlace":"https:\/\/empresite.eleconomista.es\/EMAX-SERVICIOS-ELECTRICOS.html"},{"enlace":"https:\/\/empresite.eleconomista.es\/MONTAJES-ELECTRICOS-PUCHADES-VALENCIA.html"},{"enlace":"https:\/\/empresite.eleconomista.es\/MONTAJES-ELECTRICOS-MONTES.html"},{"enlace":"https:\/\/empresite.eleconomista.es\/CANO-ABAD-MONTAJES-ELECTRICOS.html"},{"enlace":"https:\/\/empresite.eleconomista.es\/VALMITHERM-TERMOS-ELECTRICOS.html"},{"enlace":"https:\/\/empresite.eleconomista.es\/GIL-SEGUI-MONTAJES-ELECTRICOS.html"},{"enlace":"https:\/\/empresite.eleconomista.es\/MONTAJES-ELECTRICOS-JOSE-CONTRERAS.html"},{"enlace":"https:\/\/empresite.eleconomista.es\/MONTAJES-ELECTRICOS-SERVICIOS-VALENCIA.html"},{"enlace":"https:\/\/empresite.eleconomista.es\/CONSULTING-SERVICIOS-ELECTRICOS-TELECOMUNICACIONES.html"},{"enlace":"https:\/\/empresite.eleconomista.es\/MONTAJES-ELECTRICOS-ROCA.html"},{"enlace":"https:\/\/empresite.eleconomista.es\/MONTAJES-ELECTRICOS-AGUAYO.html"},{"enlace":"https:\/\/empresite.eleconomista.es\/MONTAJES-ELECTRICOS-ENAN.html"},{"enlace":"https:\/\/empresite.eleconomista.es\/MONTAJES-ELECTRICOS-RANGO.html"},{"enlace":"https:\/\/empresite.eleconomista.es\/MONTAJES-ELECTRICOS-AUTCAVI.html"},{"enlace":"https:\/\/empresite.eleconomista.es\/MONTAJES-ELECTRICOS-ASELA.html"},{"enlace":"https:\/\/empresite.eleconomista.es\/SOLIDAL-CONDUTORES-ELECTRICOS.html"},{"enlace":"https:\/\/empresite.eleconomista.es\/MONTAJES-ELECTRICOS-MIPEL.html"},{"enlace":"https:\/\/empresite.eleconomista.es\/MONTAJES-ELECTRICOS-GARCIA-OLMO.html"},{"enlace":"https:\/\/empresite.eleconomista.es\/SUMINISTROS-HARO.html"},{"enlace":"https:\/\/empresite.eleconomista.es\/EURORED-SUMINISTROS.html"},{"enlace":"https:\/\/empresite.eleconomista.es\/SUMINISTROS-MAEZTU.html"},{"enlace":"https:\/\/empresite.eleconomista.es\/IMEX-SUMINISTROS.html"},{"enlace":"https:\/\/empresite.eleconomista.es\/SUMINISTROS-OMEGA.html"},{"enlace":"https:\/\/empresite.eleconomista.es\/SINQUIAL-SUMINISTROS.html"},{"enlace":"https:\/\/empresite.eleconomista.es\/SUMIAQUA-SUMINISTROS.html"},{"enlace":"https:\/\/empresite.eleconomista.es\/FARGO-SUMINISTROS.html"}]