[{"enlace":"https:\/\/empresite.eleconomista.es\/VALPA-IMPRES.html"},{"enlace":"https:\/\/empresite.eleconomista.es\/FERRAN-ENERGIES.html"},{"enlace":"https:\/\/empresite.eleconomista.es\/LLOMETA-ROJA.html"},{"enlace":"https:\/\/empresite.eleconomista.es\/PROMOCIONES-CONSTRUCCIONES-JUVIMYR.html"},{"enlace":"https:\/\/empresite.eleconomista.es\/FEM-ORGANIC-MARTINEZ.html"},{"enlace":"https:\/\/empresite.eleconomista.es\/PROMOCIONES-MURCIA-MEDITERRANEO.html"},{"enlace":"https:\/\/empresite.eleconomista.es\/EYSE-FIRENZE.html"},{"enlace":"https:\/\/empresite.eleconomista.es\/VALCERME.html"},{"enlace":"https:\/\/empresite.eleconomista.es\/GUINAMA.html"},{"enlace":"https:\/\/empresite.eleconomista.es\/PANGEA-DECOR.html"},{"enlace":"https:\/\/empresite.eleconomista.es\/PRO-LIFTS.html"},{"enlace":"https:\/\/empresite.eleconomista.es\/ASISTENCIA-2010.html"},{"enlace":"https:\/\/empresite.eleconomista.es\/PINTURAS-DEYMA.html"},{"enlace":"https:\/\/empresite.eleconomista.es\/Q4CI-PRIMEROS-PASOS-EDUCACION-INFANTIL.html"},{"enlace":"https:\/\/empresite.eleconomista.es\/MARIA-JOSE-ESTELLES.html"},{"enlace":"https:\/\/empresite.eleconomista.es\/EXCAVACIONES-AT.html"},{"enlace":"https:\/\/empresite.eleconomista.es\/VALESPORT-SERVICIOS-MANTENIMIENTOS.html"},{"enlace":"https:\/\/empresite.eleconomista.es\/MECANIZADOS-MARTINEZ-ROMERO.html"},{"enlace":"https:\/\/empresite.eleconomista.es\/GASOCENTRO-POBLA.html"},{"enlace":"https:\/\/empresite.eleconomista.es\/ALEMAR-SERVICIO-TECNICO.html"},{"enlace":"https:\/\/empresite.eleconomista.es\/CINCOVAL-CARPINTERIA-ESTRUCTURAS-METALICAS.html"},{"enlace":"https:\/\/empresite.eleconomista.es\/MOP-SANTA-MONICA.html"},{"enlace":"https:\/\/empresite.eleconomista.es\/ELECTRICIDAD-COLAU.html"},{"enlace":"https:\/\/empresite.eleconomista.es\/MAPESA-EQUIP.html"},{"enlace":"https:\/\/empresite.eleconomista.es\/SIOM-ENERGIA.html"},{"enlace":"https:\/\/empresite.eleconomista.es\/PISCINAS-IGUI-VALENCIA.html"},{"enlace":"https:\/\/empresite.eleconomista.es\/CARDAMO-SERVICIOS.html"},{"enlace":"https:\/\/empresite.eleconomista.es\/HARLEYS-EUROGROUP.html"},{"enlace":"https:\/\/empresite.eleconomista.es\/CENTRAL-LIMPIEZAS-MARIA-ANGELES-ROSA.html"},{"enlace":"https:\/\/empresite.eleconomista.es\/TECNO-PRODIST.html"}]