[{"enlace":"https:\/\/empresite.eleconomista.es\/TECNOLOGIA-VIDRIO-ALUMINIO.html"},{"enlace":"https:\/\/empresite.eleconomista.es\/FANSA-SUN.html"},{"enlace":"https:\/\/empresite.eleconomista.es\/ACACIA-ELECTRONICS.html"},{"enlace":"https:\/\/empresite.eleconomista.es\/AUTOMATIZA-SOLUCIONES-AUTOMATIZACION-DOMOTICA.html"},{"enlace":"https:\/\/empresite.eleconomista.es\/SERVIMETAL-ARTESANIA.html"},{"enlace":"https:\/\/empresite.eleconomista.es\/INEQU-VALENCIA.html"},{"enlace":"https:\/\/empresite.eleconomista.es\/MURTOR-ESTRUCTURAS-PUNZONADOS-METALICOS-QUART.html"},{"enlace":"https:\/\/empresite.eleconomista.es\/TEAM-RENT.html"},{"enlace":"https:\/\/empresite.eleconomista.es\/NATRA-SPREAD.html"},{"enlace":"https:\/\/empresite.eleconomista.es\/METALORFE.html"},{"enlace":"https:\/\/empresite.eleconomista.es\/DIAMOND-GLASS.html"},{"enlace":"https:\/\/empresite.eleconomista.es\/MOLDURAS-RODAPIES-SAEZ.html"},{"enlace":"https:\/\/empresite.eleconomista.es\/ARQUATI-MOLDURAS.html"},{"enlace":"https:\/\/empresite.eleconomista.es\/BON-QUART.html"},{"enlace":"https:\/\/empresite.eleconomista.es\/UNITED-RENTING-COMPANY.html"},{"enlace":"https:\/\/empresite.eleconomista.es\/AUTOMOCION-PEREZ.html"},{"enlace":"https:\/\/empresite.eleconomista.es\/INTERNACIONAL-TRACCION.html"},{"enlace":"https:\/\/empresite.eleconomista.es\/PROCESSFLEX.html"},{"enlace":"https:\/\/empresite.eleconomista.es\/ACORAFUSTA.html"},{"enlace":"https:\/\/empresite.eleconomista.es\/CARRETILLAS-JORDAN.html"},{"enlace":"https:\/\/empresite.eleconomista.es\/ECO-ALUM-VALENCIA.html"},{"enlace":"https:\/\/empresite.eleconomista.es\/RUEDAS-LLANTAS-FERPAS.html"},{"enlace":"https:\/\/empresite.eleconomista.es\/PUERTAS-LLORIS-PONS.html"},{"enlace":"https:\/\/empresite.eleconomista.es\/JAEVA-RIGAR-LIBIA.html"},{"enlace":"https:\/\/empresite.eleconomista.es\/LIMPIEZAS-AGUSTINA-ZAPATA.html"},{"enlace":"https:\/\/empresite.eleconomista.es\/VALORACION-TRATAMIENTO-RESIDUOS-URBANOS.html"},{"enlace":"https:\/\/empresite.eleconomista.es\/MATRICERIA-GEISPEN.html"},{"enlace":"https:\/\/empresite.eleconomista.es\/ESLAVA-PLASTICOS.html"},{"enlace":"https:\/\/empresite.eleconomista.es\/TALLERES-HERMANOS-DIAZ.html"},{"enlace":"https:\/\/empresite.eleconomista.es\/RADIADORES-LEVANTINOS.html"}]