[{"enlace":"https:\/\/empresite.eleconomista.es\/NNB-EMPREGEST-ACTIVA.html"},{"enlace":"https:\/\/empresite.eleconomista.es\/DAYMA-7D7.html"},{"enlace":"https:\/\/empresite.eleconomista.es\/ALUMINIOS-HIGINIO.html"},{"enlace":"https:\/\/empresite.eleconomista.es\/CREMA-MARFIL-HISPANIA.html"},{"enlace":"https:\/\/empresite.eleconomista.es\/MANUFACTURAS-ACUPELL.html"},{"enlace":"https:\/\/empresite.eleconomista.es\/PLASTIC-LAST.html"},{"enlace":"https:\/\/empresite.eleconomista.es\/EUROTACON-IDEMOLD.html"},{"enlace":"https:\/\/empresite.eleconomista.es\/COVETA-SOLAR.html"},{"enlace":"https:\/\/empresite.eleconomista.es\/DISTRIBUCIONES-FAPROQUIM.html"},{"enlace":"https:\/\/empresite.eleconomista.es\/PROGET-AUTOMATISMOS-ESPANA.html"},{"enlace":"https:\/\/empresite.eleconomista.es\/AUXILIAR-CALZADO-CRIMEA.html"},{"enlace":"https:\/\/empresite.eleconomista.es\/MARMOLES-BELTRA-SANZ.html"},{"enlace":"https:\/\/empresite.eleconomista.es\/MAD-MOTION-SPAIN.html"},{"enlace":"https:\/\/empresite.eleconomista.es\/FITNESS-WORLD-LINE.html"},{"enlace":"https:\/\/empresite.eleconomista.es\/MADEMAR-PINTURAS-NAUTICAS.html"},{"enlace":"https:\/\/empresite.eleconomista.es\/REFORMAS-REHABILITACION-DECORACION-MAURIAN.html"},{"enlace":"https:\/\/empresite.eleconomista.es\/MONTAJES-ASCENSORES-ALAKANT.html"},{"enlace":"https:\/\/empresite.eleconomista.es\/INVERSIONES-HERIMA.html"},{"enlace":"https:\/\/empresite.eleconomista.es\/SOLARGESTION.html"},{"enlace":"https:\/\/empresite.eleconomista.es\/PUERTAS-DOORSA.html"},{"enlace":"https:\/\/empresite.eleconomista.es\/MOLTO-S-2007.html"},{"enlace":"https:\/\/empresite.eleconomista.es\/SANPER-SOLAR-SISTEMAS.html"},{"enlace":"https:\/\/empresite.eleconomista.es\/MONTAJES-EXCLUSIVOS-PVC.html"},{"enlace":"https:\/\/empresite.eleconomista.es\/BITRIR-2004.html"},{"enlace":"https:\/\/empresite.eleconomista.es\/FERRETERIA-SALINETAS.html"},{"enlace":"https:\/\/empresite.eleconomista.es\/LODOS-FANGOS-TREATMENT.html"},{"enlace":"https:\/\/empresite.eleconomista.es\/LURICORT.html"},{"enlace":"https:\/\/empresite.eleconomista.es\/BESTRA-SHOES.html"},{"enlace":"https:\/\/empresite.eleconomista.es\/HEELACIN.html"},{"enlace":"https:\/\/empresite.eleconomista.es\/SUPERCANALON.html"}]