[{"enlace":"https:\/\/empresite.eleconomista.es\/GAMAPARC-2001.html"},{"enlace":"https:\/\/empresite.eleconomista.es\/BREYDO.html"},{"enlace":"https:\/\/empresite.eleconomista.es\/SISTEMAS-OFICINA-VALENCIA-SUR.html"},{"enlace":"https:\/\/empresite.eleconomista.es\/BRASS-INOX-97.html"},{"enlace":"https:\/\/empresite.eleconomista.es\/COMERCIAL-CARRION-MONTES.html"},{"enlace":"https:\/\/empresite.eleconomista.es\/GAR-NO-COMUNICACIONES.html"},{"enlace":"https:\/\/empresite.eleconomista.es\/INSTALACIONES-PETRO-SILLA.html"},{"enlace":"https:\/\/empresite.eleconomista.es\/SOLOMANDO-CEBRIAN.html"},{"enlace":"https:\/\/empresite.eleconomista.es\/DEMONSIS-2000.html"},{"enlace":"https:\/\/empresite.eleconomista.es\/LYSU-LIGTH.html"},{"enlace":"https:\/\/empresite.eleconomista.es\/COPEMA-INDUSTRIAL.html"},{"enlace":"https:\/\/empresite.eleconomista.es\/MARIO-ADAN-HUGO-SIRO.html"},{"enlace":"https:\/\/empresite.eleconomista.es\/WT-GRUPESA-LOGISTICA.html"},{"enlace":"https:\/\/empresite.eleconomista.es\/ANTINA-OMNIA.html"},{"enlace":"https:\/\/empresite.eleconomista.es\/DESGUACE-SILLA.html"},{"enlace":"https:\/\/empresite.eleconomista.es\/2010-JUVACAR.html"},{"enlace":"https:\/\/empresite.eleconomista.es\/PINTURAS-CRUCEIRA.html"},{"enlace":"https:\/\/empresite.eleconomista.es\/TRANSMETAL-SILLA-2009.html"},{"enlace":"https:\/\/empresite.eleconomista.es\/FONTANERIA-INSTALACIONES-RIOSPA.html"},{"enlace":"https:\/\/empresite.eleconomista.es\/SAYMATIC-MAQUINAS-RECREATIVAS.html"},{"enlace":"https:\/\/empresite.eleconomista.es\/NOVOACTUAL-CERAMICA-DECORACION.html"},{"enlace":"https:\/\/empresite.eleconomista.es\/AMISA-ASIA-AND-MEADLE-EAST-IMPORT-CENTER.html"},{"enlace":"https:\/\/empresite.eleconomista.es\/MECANIZADOS-PERMA.html"},{"enlace":"https:\/\/empresite.eleconomista.es\/TECAM-LEVANTE.html"},{"enlace":"https:\/\/empresite.eleconomista.es\/EXCAVACIONES-JIMA.html"},{"enlace":"https:\/\/empresite.eleconomista.es\/CARPINTERIA-METALICA-GRANADA.html"},{"enlace":"https:\/\/empresite.eleconomista.es\/MOVIMIENTOS-SERVICIOS-CHIVA.html"},{"enlace":"https:\/\/empresite.eleconomista.es\/EXCAVACIONES-GARCIA-BONELL.html"},{"enlace":"https:\/\/empresite.eleconomista.es\/TECNOLOGIAS-INSTALACIONES-ENERGIAS-RENOVABLES.html"},{"enlace":"https:\/\/empresite.eleconomista.es\/VERDU-RODRIGUEZ.html"}]