[{"enlace":"https:\/\/empresite.eleconomista.es\/PRADOS-AZULES.html"},{"enlace":"https:\/\/empresite.eleconomista.es\/AVENIDA-REHABILITACION-EDIFICIOS.html"},{"enlace":"https:\/\/empresite.eleconomista.es\/L-ILLA-NAXOS.html"},{"enlace":"https:\/\/empresite.eleconomista.es\/MARKEL-GESTORA.html"},{"enlace":"https:\/\/empresite.eleconomista.es\/VENT-HOUSE-TECNICAS.html"},{"enlace":"https:\/\/empresite.eleconomista.es\/CIMSA-COMPANIA-INMOBILIARIA-MEDITERRANEO.html"},{"enlace":"https:\/\/empresite.eleconomista.es\/JESALVI-VALENCIA.html"},{"enlace":"https:\/\/empresite.eleconomista.es\/LICOPINT.html"},{"enlace":"https:\/\/empresite.eleconomista.es\/GESPROTEC-2005.html"},{"enlace":"https:\/\/empresite.eleconomista.es\/SUPERFICIES-SOLARES-BENAGUASIL.html"},{"enlace":"https:\/\/empresite.eleconomista.es\/MOVALTO-PROMOCIONES.html"},{"enlace":"https:\/\/empresite.eleconomista.es\/PIGMENTOS-MINERALES-FERRER.html"},{"enlace":"https:\/\/empresite.eleconomista.es\/COMERCIO-PROMOCIONES-MAR-AZUL.html"},{"enlace":"https:\/\/empresite.eleconomista.es\/SAGUNMASA.html"},{"enlace":"https:\/\/empresite.eleconomista.es\/TANDEM-INTERIORISMO-REFORMAS.html"},{"enlace":"https:\/\/empresite.eleconomista.es\/ABDOS.html"},{"enlace":"https:\/\/empresite.eleconomista.es\/PERSIANAS-CORTINAJES-LLEDO-SALMA.html"},{"enlace":"https:\/\/empresite.eleconomista.es\/CERRAJERIA-HORTA.html"},{"enlace":"https:\/\/empresite.eleconomista.es\/SOLAR-VILLANUEVA-REY-12.html"},{"enlace":"https:\/\/empresite.eleconomista.es\/URBANA-APARCAMIENTOS.html"},{"enlace":"https:\/\/empresite.eleconomista.es\/SAMFORLAB.html"},{"enlace":"https:\/\/empresite.eleconomista.es\/ESTRUCTURAS-PROYECTOS-CASTILLA.html"},{"enlace":"https:\/\/empresite.eleconomista.es\/RECURESA.html"},{"enlace":"https:\/\/empresite.eleconomista.es\/LIMPIEZAS-TYRIUS.html"},{"enlace":"https:\/\/empresite.eleconomista.es\/SELETELES.html"},{"enlace":"https:\/\/empresite.eleconomista.es\/TALLERES-TRIGUERO-PUERTAS-METALICAS-ENROLLABLES.html"},{"enlace":"https:\/\/empresite.eleconomista.es\/VIALTI-2004.html"},{"enlace":"https:\/\/empresite.eleconomista.es\/SALVADOR-MIRALLES-MENGUAL-INGENIEROS.html"},{"enlace":"https:\/\/empresite.eleconomista.es\/LUIS-ENGUIDANOS-DECORACIO.html"},{"enlace":"https:\/\/empresite.eleconomista.es\/COMERCIAL-LOPCORT.html"}]