[{"enlace":"https:\/\/empresite.eleconomista.es\/SOLDADURA-LUBRICANTES-TECNICOS.html"},{"enlace":"https:\/\/empresite.eleconomista.es\/CRISTIAN-MARCULESCU-MV.html"},{"enlace":"https:\/\/empresite.eleconomista.es\/DING-FENG-8118.html"},{"enlace":"https:\/\/empresite.eleconomista.es\/MONTAJES-TCR-2005.html"},{"enlace":"https:\/\/empresite.eleconomista.es\/ALTAIR-CLIMATIZACION.html"},{"enlace":"https:\/\/empresite.eleconomista.es\/ACONDAQUA-INGENIERIA-AGUA.html"},{"enlace":"https:\/\/empresite.eleconomista.es\/MONTAJES-PABLO-VICTORIA.html"},{"enlace":"https:\/\/empresite.eleconomista.es\/LIMPIEZAS-SERVICIOS-SANYBAR.html"},{"enlace":"https:\/\/empresite.eleconomista.es\/DIEZ-PRODUCTOS-CERAMICOS.html"},{"enlace":"https:\/\/empresite.eleconomista.es\/TIBERMAS.html"},{"enlace":"https:\/\/empresite.eleconomista.es\/RECICLAJE-METALES-SORIANO.html"},{"enlace":"https:\/\/empresite.eleconomista.es\/ESTACION-SERVICIO-LOURDES.html"},{"enlace":"https:\/\/empresite.eleconomista.es\/HORCEMEVAL.html"},{"enlace":"https:\/\/empresite.eleconomista.es\/ALGRUPORT-LOGISTICA.html"},{"enlace":"https:\/\/empresite.eleconomista.es\/PLASTICOS-ALONSO.html"},{"enlace":"https:\/\/empresite.eleconomista.es\/BASILIO-CANO-CARPINTERIA-METALICA.html"},{"enlace":"https:\/\/empresite.eleconomista.es\/COMERCIAL-HIDRAULICA-IMPLEMENTOS.html"},{"enlace":"https:\/\/empresite.eleconomista.es\/BARNIZADOS-PULIMENTOS-PALMAR-2000.html"},{"enlace":"https:\/\/empresite.eleconomista.es\/ASFALTOS-PARDO.html"},{"enlace":"https:\/\/empresite.eleconomista.es\/RECREATIVOS-DUVAL.html"},{"enlace":"https:\/\/empresite.eleconomista.es\/GRANITO-PIEDRA-ENVEJECIDA-MANZANERA.html"},{"enlace":"https:\/\/empresite.eleconomista.es\/TALLERES-ZORIO.html"},{"enlace":"https:\/\/empresite.eleconomista.es\/ENGRATEC.html"},{"enlace":"https:\/\/empresite.eleconomista.es\/COLORES-CERAMICOS-ELCOM.html"}]