[{"enlace":"https:\/\/empresite.eleconomista.es\/LOLIALBE.html"},{"enlace":"https:\/\/empresite.eleconomista.es\/FORASTERA-GOMERA.html"},{"enlace":"https:\/\/empresite.eleconomista.es\/ALUMINIOS-PERETO.html"},{"enlace":"https:\/\/empresite.eleconomista.es\/CA-BESTIAR-DENIA-CAMPUSOS-6023.html"},{"enlace":"https:\/\/empresite.eleconomista.es\/FALABELLA-GESTIONES-3285.html"},{"enlace":"https:\/\/empresite.eleconomista.es\/MEDHAVEN-MEDIA.html"},{"enlace":"https:\/\/empresite.eleconomista.es\/DENIA-DRIVEWAYS.html"},{"enlace":"https:\/\/empresite.eleconomista.es\/NAUS-FAVARA.html"},{"enlace":"https:\/\/empresite.eleconomista.es\/SUCH-PERIS.html"},{"enlace":"https:\/\/empresite.eleconomista.es\/CHISPA-LLIBER.html"},{"enlace":"https:\/\/empresite.eleconomista.es\/VIVES-PONS-MARTINEZ.html"},{"enlace":"https:\/\/empresite.eleconomista.es\/BALLEGLASS-PVC.html"},{"enlace":"https:\/\/empresite.eleconomista.es\/FLECH-BAU.html"},{"enlace":"https:\/\/empresite.eleconomista.es\/ALUDENIA.html"},{"enlace":"https:\/\/empresite.eleconomista.es\/GIGATEL-2000.html"},{"enlace":"https:\/\/empresite.eleconomista.es\/UNION-SOLAR-COSTA-BLANCA.html"},{"enlace":"https:\/\/empresite.eleconomista.es\/ALAUNA-ARQUITECTOS.html"},{"enlace":"https:\/\/empresite.eleconomista.es\/MONTGO-SERVICIOS-UNIDOS.html"},{"enlace":"https:\/\/empresite.eleconomista.es\/SELLA-SEGURO-SOLAR.html"},{"enlace":"https:\/\/empresite.eleconomista.es\/DIANIUM-MED.html"},{"enlace":"https:\/\/empresite.eleconomista.es\/CONSTRUCCIONES-LUIS-A-TAYUPANDA.html"},{"enlace":"https:\/\/empresite.eleconomista.es\/CLEMENS-STERILE.html"},{"enlace":"https:\/\/empresite.eleconomista.es\/ESTETICA-DENTAL-INNOVACION-TECNICA.html"},{"enlace":"https:\/\/empresite.eleconomista.es\/PAGO7.html"},{"enlace":"https:\/\/empresite.eleconomista.es\/TOQUE-DIGITAL.html"},{"enlace":"https:\/\/empresite.eleconomista.es\/CONSUMEX-IMPORTEX.html"},{"enlace":"https:\/\/empresite.eleconomista.es\/LUXELECTRIC-SERVICIOS-ELECTRICOS.html"},{"enlace":"https:\/\/empresite.eleconomista.es\/PUIG-COMUNICACIONES.html"},{"enlace":"https:\/\/empresite.eleconomista.es\/INMUEBLES-FERNANDEZ-LUNA.html"},{"enlace":"https:\/\/empresite.eleconomista.es\/RENOVA-CAR.html"}]