[{"enlace":"https:\/\/empresite.eleconomista.es\/LO-ULTIMO-JUEGOS.html"},{"enlace":"https:\/\/empresite.eleconomista.es\/GENERAL-OUTSOURCING-SERVICES.html"},{"enlace":"https:\/\/empresite.eleconomista.es\/ENOLOGICA-VALENCIANA.html"},{"enlace":"https:\/\/empresite.eleconomista.es\/SDI-CONVERTING.html"},{"enlace":"https:\/\/empresite.eleconomista.es\/COATEC-SOLDADURA.html"},{"enlace":"https:\/\/empresite.eleconomista.es\/BAUTISTA-CABREJAS-HIJOS.html"},{"enlace":"https:\/\/empresite.eleconomista.es\/QUIMICA-INDUSTRIAL-TALLERES-MARIN.html"},{"enlace":"https:\/\/empresite.eleconomista.es\/LYP-CERRAJEROS.html"},{"enlace":"https:\/\/empresite.eleconomista.es\/RS-REDYSE.html"},{"enlace":"https:\/\/empresite.eleconomista.es\/MUEBLES-BELLIPER.html"},{"enlace":"https:\/\/empresite.eleconomista.es\/MONTAJES-TEMA.html"},{"enlace":"https:\/\/empresite.eleconomista.es\/BALTERRA-INGENIERIA.html"},{"enlace":"https:\/\/empresite.eleconomista.es\/AUTOMOVILES-GRUAS-JAM.html"},{"enlace":"https:\/\/empresite.eleconomista.es\/ROCISA-BIOGAS-MEDITERRANEA.html"},{"enlace":"https:\/\/empresite.eleconomista.es\/KEDELF-GESTIO-INVERSORA.html"},{"enlace":"https:\/\/empresite.eleconomista.es\/ESTACION-SERVICIO-ALBORAYA.html"},{"enlace":"https:\/\/empresite.eleconomista.es\/GRUPO-DIETBEL-DPH-WHITEFARM.html"},{"enlace":"https:\/\/empresite.eleconomista.es\/SOLDADUTECNICA-DONDERIS.html"},{"enlace":"https:\/\/empresite.eleconomista.es\/LAB-LABORATORIS.html"},{"enlace":"https:\/\/empresite.eleconomista.es\/MECANIZADOS-ALCANIZ.html"},{"enlace":"https:\/\/empresite.eleconomista.es\/PACAMPA.html"},{"enlace":"https:\/\/empresite.eleconomista.es\/JORDA-HIJOS.html"},{"enlace":"https:\/\/empresite.eleconomista.es\/ALUMINIOS-SALVADOR-PASTOR.html"},{"enlace":"https:\/\/empresite.eleconomista.es\/REGATAS-ALQUILER.html"},{"enlace":"https:\/\/empresite.eleconomista.es\/TALLERES-MECANICOS-LEVANTE.html"},{"enlace":"https:\/\/empresite.eleconomista.es\/LUIS-ALBALATE.html"}]