[{"enlace":"https:\/\/empresite.eleconomista.es\/PULIDOS-VITRIFICADOS-GOMEZ-NIEBLAS.html"},{"enlace":"https:\/\/empresite.eleconomista.es\/ENCOFRADOS-CONSTRUCCIONES-GRAEN.html"},{"enlace":"https:\/\/empresite.eleconomista.es\/CONTRATAS-SERVICIOS-VALMAN.html"},{"enlace":"https:\/\/empresite.eleconomista.es\/DESTILACIONES-GARCIA-LLISO.html"},{"enlace":"https:\/\/empresite.eleconomista.es\/MECANIZADOS-GARRIGUES.html"},{"enlace":"https:\/\/empresite.eleconomista.es\/COMPUTAORES-SERVEIS-VALENCIANS.html"},{"enlace":"https:\/\/empresite.eleconomista.es\/H2O-SALUD.html"},{"enlace":"https:\/\/empresite.eleconomista.es\/CERVERA-ROCA.html"},{"enlace":"https:\/\/empresite.eleconomista.es\/MONTAJES-EUROFESA.html"},{"enlace":"https:\/\/empresite.eleconomista.es\/INSOLATIO-PAMASOL.html"},{"enlace":"https:\/\/empresite.eleconomista.es\/TINTORERIAS-DELTA-VAL.html"},{"enlace":"https:\/\/empresite.eleconomista.es\/GP-GESTION.html"},{"enlace":"https:\/\/empresite.eleconomista.es\/WEIDNER-IBERICA.html"},{"enlace":"https:\/\/empresite.eleconomista.es\/ALABADI.html"},{"enlace":"https:\/\/empresite.eleconomista.es\/EXECUTIVE-DIRECTION-BUSINESS.html"},{"enlace":"https:\/\/empresite.eleconomista.es\/SISTEMES-AUTOMATICS-INTEL-LIGENTS.html"},{"enlace":"https:\/\/empresite.eleconomista.es\/FUSTPLAX.html"},{"enlace":"https:\/\/empresite.eleconomista.es\/DIVAL-EKISA.html"},{"enlace":"https:\/\/empresite.eleconomista.es\/MARMOLES-ESTARLICH.html"},{"enlace":"https:\/\/empresite.eleconomista.es\/FIVI-2000.html"},{"enlace":"https:\/\/empresite.eleconomista.es\/CELABASA.html"},{"enlace":"https:\/\/empresite.eleconomista.es\/JJ-LEVANTINA-TRITURACION.html"},{"enlace":"https:\/\/empresite.eleconomista.es\/PAVINAVAS.html"},{"enlace":"https:\/\/empresite.eleconomista.es\/ROCHER-FUSTERS.html"},{"enlace":"https:\/\/empresite.eleconomista.es\/JCP-FONTANERIA-ELECTRICITAT.html"},{"enlace":"https:\/\/empresite.eleconomista.es\/QUIMICOBER.html"},{"enlace":"https:\/\/empresite.eleconomista.es\/UNION-REXI.html"},{"enlace":"https:\/\/empresite.eleconomista.es\/PINTURES-ROBERT-ROIG.html"},{"enlace":"https:\/\/empresite.eleconomista.es\/JARDINES-LEVANTE.html"},{"enlace":"https:\/\/empresite.eleconomista.es\/FDV-MOVIMIENTOS-TIERRAS.html"}]