[{"enlace":"https:\/\/empresite.eleconomista.es\/MALBANATA.html"},{"enlace":"https:\/\/empresite.eleconomista.es\/HIGH-TECH-AUTOMATIC-CUTTING-SERVICE.html"},{"enlace":"https:\/\/empresite.eleconomista.es\/CORTADOS-DANKE-TIMBRADOS.html"},{"enlace":"https:\/\/empresite.eleconomista.es\/INICIATIVAS-ROJIFRAN.html"},{"enlace":"https:\/\/empresite.eleconomista.es\/FIRMES-COMPACT.html"},{"enlace":"https:\/\/empresite.eleconomista.es\/ESCLAPEZ-AGUAS.html"},{"enlace":"https:\/\/empresite.eleconomista.es\/CAPICCIO.html"},{"enlace":"https:\/\/empresite.eleconomista.es\/DIRECTO-ARENA.html"},{"enlace":"https:\/\/empresite.eleconomista.es\/PLASTINHER.html"},{"enlace":"https:\/\/empresite.eleconomista.es\/SENDO-S-SAAVEDRA.html"},{"enlace":"https:\/\/empresite.eleconomista.es\/FABRICORTE.html"},{"enlace":"https:\/\/empresite.eleconomista.es\/ASTROPIEL.html"},{"enlace":"https:\/\/empresite.eleconomista.es\/APARADOS-MUNCER.html"},{"enlace":"https:\/\/empresite.eleconomista.es\/WASTE-EUROPEAN-TECHNOLOGIES.html"},{"enlace":"https:\/\/empresite.eleconomista.es\/MORELL-ACERO.html"},{"enlace":"https:\/\/empresite.eleconomista.es\/DINSAL.html"},{"enlace":"https:\/\/empresite.eleconomista.es\/DEMONSHOES.html"},{"enlace":"https:\/\/empresite.eleconomista.es\/SACOMU.html"},{"enlace":"https:\/\/empresite.eleconomista.es\/ACUAMAR-LIMPIEZAS.html"},{"enlace":"https:\/\/empresite.eleconomista.es\/ENERGIAS-ALTERNATIVAS-ILICITANAS.html"},{"enlace":"https:\/\/empresite.eleconomista.es\/ALUMINIOS-ALUCASA-2000.html"},{"enlace":"https:\/\/empresite.eleconomista.es\/CALZADOS-SIERRAFRIA.html"},{"enlace":"https:\/\/empresite.eleconomista.es\/MAQUINARIA-ROFABOU.html"},{"enlace":"https:\/\/empresite.eleconomista.es\/ALMACENES-SERVICIOS-OFIMATICOS.html"},{"enlace":"https:\/\/empresite.eleconomista.es\/BORWINGLAD.html"},{"enlace":"https:\/\/empresite.eleconomista.es\/MANUFACTURAS-JAPICO.html"},{"enlace":"https:\/\/empresite.eleconomista.es\/LIMPIEZAS-J-CORDOBA.html"},{"enlace":"https:\/\/empresite.eleconomista.es\/TROQUELES-ACERO-FLEJE.html"},{"enlace":"https:\/\/empresite.eleconomista.es\/PINTURAS-DECORACION-ANTONIO-CANDELA.html"},{"enlace":"https:\/\/empresite.eleconomista.es\/MADAVI-GASOLEOS.html"}]