[{"enlace":"https:\/\/empresite.eleconomista.es\/DIALCASA-COSTA-2000.html"},{"enlace":"https:\/\/empresite.eleconomista.es\/FERRAL-METALURGICA.html"},{"enlace":"https:\/\/empresite.eleconomista.es\/CONSTRUNOVA-SERVICIOS-REFORMAS.html"},{"enlace":"https:\/\/empresite.eleconomista.es\/LARROSA-POVEDA-AGRICOLA.html"},{"enlace":"https:\/\/empresite.eleconomista.es\/CONSTRUCCIONES-JOSE-FRANCISCO-MONPEAN-JUAREZ.html"},{"enlace":"https:\/\/empresite.eleconomista.es\/CENTROCASA-98.html"},{"enlace":"https:\/\/empresite.eleconomista.es\/PROMOORIOLSUR-2006.html"},{"enlace":"https:\/\/empresite.eleconomista.es\/PROMOTUR-VEGA-BAJA.html"},{"enlace":"https:\/\/empresite.eleconomista.es\/BELAIA-CONSULTING.html"},{"enlace":"https:\/\/empresite.eleconomista.es\/PROMOCIONES-URBANIZACIONES-SURESTE.html"},{"enlace":"https:\/\/empresite.eleconomista.es\/CONSTRUCCIONES-ESTRUCTURAS-CRIMACOR.html"},{"enlace":"https:\/\/empresite.eleconomista.es\/CONSTRUCCIONES-REPLUS.html"},{"enlace":"https:\/\/empresite.eleconomista.es\/ROGUIMUR.html"},{"enlace":"https:\/\/empresite.eleconomista.es\/GILABERT-PROJECTS-MANAGEMENT.html"},{"enlace":"https:\/\/empresite.eleconomista.es\/FRAJECAM.html"},{"enlace":"https:\/\/empresite.eleconomista.es\/CONSTRUCCIONES-ORIMARCO.html"},{"enlace":"https:\/\/empresite.eleconomista.es\/MAPLE-GLOBAL-PROPERTY-SERVICES.html"},{"enlace":"https:\/\/empresite.eleconomista.es\/SLIPSOLUTIONS.html"},{"enlace":"https:\/\/empresite.eleconomista.es\/FERRALLAS-BIACERO.html"},{"enlace":"https:\/\/empresite.eleconomista.es\/NUEVA-SAMUROA.html"},{"enlace":"https:\/\/empresite.eleconomista.es\/ANTONIO-CARCELES-RABASCO.html"},{"enlace":"https:\/\/empresite.eleconomista.es\/GRUPO-ARAGON-INVERSIONES-2010.html"},{"enlace":"https:\/\/empresite.eleconomista.es\/CONSTRUCCION-DECORACION-MENAGRA.html"},{"enlace":"https:\/\/empresite.eleconomista.es\/CONSTRUCCIONES-EDAN-K.html"},{"enlace":"https:\/\/empresite.eleconomista.es\/CONSTRUCCIONES-DESAMPARADOS-2000.html"},{"enlace":"https:\/\/empresite.eleconomista.es\/PROMOCIONES-JUMILLA-HILL.html"},{"enlace":"https:\/\/empresite.eleconomista.es\/OBRAS-SERVICIOS-INMCA.html"},{"enlace":"https:\/\/empresite.eleconomista.es\/PROMOCIONES-TORRESAN-ORIHUELA.html"},{"enlace":"https:\/\/empresite.eleconomista.es\/CASELLES-GARCIA-JOSE-MANUEL-000348893S-SLNE.html"},{"enlace":"https:\/\/empresite.eleconomista.es\/CUBIERTAS-TEJADOS-PECHU.html"}]