[{"enlace":"https:\/\/empresite.eleconomista.es\/INSTALACION-CONSERVACION-SISTEMAS-ELECTRICOS.html"},{"enlace":"https:\/\/empresite.eleconomista.es\/AGRITECNIC-SUMINISTROS.html"},{"enlace":"https:\/\/empresite.eleconomista.es\/SUMINISTROS-CORTYSOL.html"},{"enlace":"https:\/\/empresite.eleconomista.es\/SUMINISTROS-AGRICOLAS-SANFELIX.html"},{"enlace":"https:\/\/empresite.eleconomista.es\/DIELTRON-VALENCIA-SUMINISTROS-ELECTRONICOS.html"},{"enlace":"https:\/\/empresite.eleconomista.es\/SUMINISTROS-INVERSIONES-VIZURO.html"},{"enlace":"https:\/\/empresite.eleconomista.es\/DENTIPAK.html"},{"enlace":"https:\/\/empresite.eleconomista.es\/GRUPO-DIVETIS.html"},{"enlace":"https:\/\/empresite.eleconomista.es\/MARVER-POWER-SUPPLY.html"},{"enlace":"https:\/\/empresite.eleconomista.es\/TEXTIL-BATAVIA.html"},{"enlace":"https:\/\/empresite.eleconomista.es\/ACABADOS-TEXTILES-ORDUNA.html"}]