[{"enlace":"https:\/\/empresite.eleconomista.es\/HISPANA-DIAMANTES-SERVICIOS.html"},{"enlace":"https:\/\/empresite.eleconomista.es\/INDUSTRIAS-METALINES.html"},{"enlace":"https:\/\/empresite.eleconomista.es\/QIN-ESPANA.html"},{"enlace":"https:\/\/empresite.eleconomista.es\/SEPULUH-GR.html"},{"enlace":"https:\/\/empresite.eleconomista.es\/ANCLAJES-GRAPAMAR.html"},{"enlace":"https:\/\/empresite.eleconomista.es\/ZCAM-SISTEMAS.html"},{"enlace":"https:\/\/empresite.eleconomista.es\/MEDITERRANEA-EXPORTACION-MARMOLES.html"},{"enlace":"https:\/\/empresite.eleconomista.es\/COLESTONE.html"},{"enlace":"https:\/\/empresite.eleconomista.es\/DESARROLLOS-NOVELDA.html"},{"enlace":"https:\/\/empresite.eleconomista.es\/TERMISOL-VEGA-BAJA-VINALOPO.html"},{"enlace":"https:\/\/empresite.eleconomista.es\/GESTION-INTEGRAL-MARMOLES-GRANITOS.html"},{"enlace":"https:\/\/empresite.eleconomista.es\/MAI-STONE.html"},{"enlace":"https:\/\/empresite.eleconomista.es\/EUROMETAL-CAMPET.html"},{"enlace":"https:\/\/empresite.eleconomista.es\/FM-PROFAMATIC.html"},{"enlace":"https:\/\/empresite.eleconomista.es\/REHABILITACION-REVESTIMIENTOS-MEDITERRANEOS.html"},{"enlace":"https:\/\/empresite.eleconomista.es\/MIRIAMAR-STONE.html"},{"enlace":"https:\/\/empresite.eleconomista.es\/MARBRES-NATURALS-GARCIA-MUNOZ.html"},{"enlace":"https:\/\/empresite.eleconomista.es\/AZACONSA.html"},{"enlace":"https:\/\/empresite.eleconomista.es\/OCRE-ALICANTE.html"},{"enlace":"https:\/\/empresite.eleconomista.es\/NCB.html"},{"enlace":"https:\/\/empresite.eleconomista.es\/MAJESTIC-FACTORY-STONE.html"},{"enlace":"https:\/\/empresite.eleconomista.es\/EUROMARFIL-STONE.html"},{"enlace":"https:\/\/empresite.eleconomista.es\/MECA-STONE.html"},{"enlace":"https:\/\/empresite.eleconomista.es\/YU-TANG-PIEDRAS.html"},{"enlace":"https:\/\/empresite.eleconomista.es\/MARMOLES-MARTINEZ-CARRERAS.html"},{"enlace":"https:\/\/empresite.eleconomista.es\/MARMOLES-RIBEMAR.html"},{"enlace":"https:\/\/empresite.eleconomista.es\/TALLERES-BLANCO-HIJOS.html"},{"enlace":"https:\/\/empresite.eleconomista.es\/MULTIANDAMIOS.html"},{"enlace":"https:\/\/empresite.eleconomista.es\/BRICOFONSA.html"},{"enlace":"https:\/\/empresite.eleconomista.es\/BOLCAN-GESTION-PIEDRAS.html"}]