[{"enlace":"https:\/\/empresite.eleconomista.es\/HLH-DANSK-KLIMA-SERVICE.html"},{"enlace":"https:\/\/empresite.eleconomista.es\/EXPLOTACION-RECURSOS-NATURALES.html"},{"enlace":"https:\/\/empresite.eleconomista.es\/LIMPIEZAS-INTEGRALES-CLEANMAX.html"},{"enlace":"https:\/\/empresite.eleconomista.es\/PALLARES-TERUEL.html"},{"enlace":"https:\/\/empresite.eleconomista.es\/SASTRE-2008.html"},{"enlace":"https:\/\/empresite.eleconomista.es\/ALUCOLOR-SISTEMAS-PROFESIONALES-MONTAJE-SELLADO-ACRISTALAMIENTO-TODO-CARPINTERIA-METALICA.html"},{"enlace":"https:\/\/empresite.eleconomista.es\/ESTRUCTURAS-LO-CABELLO.html"},{"enlace":"https:\/\/empresite.eleconomista.es\/COMPRE-BIEN-VENDA-MEJOR.html"},{"enlace":"https:\/\/empresite.eleconomista.es\/NETEJES-ROS.html"},{"enlace":"https:\/\/empresite.eleconomista.es\/SOLARIS-EUROPA.html"},{"enlace":"https:\/\/empresite.eleconomista.es\/LOMORIOL.html"},{"enlace":"https:\/\/empresite.eleconomista.es\/PINTURAS-DECOMAR.html"},{"enlace":"https:\/\/empresite.eleconomista.es\/JOMAYAN-ELECTRICA.html"},{"enlace":"https:\/\/empresite.eleconomista.es\/CASES-GRANIZADOS.html"},{"enlace":"https:\/\/empresite.eleconomista.es\/ESTRUCTURAS-BIGASTRO.html"},{"enlace":"https:\/\/empresite.eleconomista.es\/DECORACIONES-BASPIN.html"},{"enlace":"https:\/\/empresite.eleconomista.es\/GASBON.html"},{"enlace":"https:\/\/empresite.eleconomista.es\/INSTALACIONES-ELECTRICAS-FERCO.html"},{"enlace":"https:\/\/empresite.eleconomista.es\/PINTURAS-PEREZ-MORALES.html"},{"enlace":"https:\/\/empresite.eleconomista.es\/GENESIS-PERSIANAS-PLASTICOS.html"},{"enlace":"https:\/\/empresite.eleconomista.es\/EDUARDOS-VILLAMARTIN.html"},{"enlace":"https:\/\/empresite.eleconomista.es\/VIANPEVA.html"},{"enlace":"https:\/\/empresite.eleconomista.es\/CONSTRUCCIONES-MARVEFRA.html"},{"enlace":"https:\/\/empresite.eleconomista.es\/JARDINERIA-PAISAJISMO-VIVEROS-ORIHUELA.html"},{"enlace":"https:\/\/empresite.eleconomista.es\/LUBRIREP.html"},{"enlace":"https:\/\/empresite.eleconomista.es\/DISTRIBUCIONES-PARDO-AMO.html"},{"enlace":"https:\/\/empresite.eleconomista.es\/ELECTRIHU.html"},{"enlace":"https:\/\/empresite.eleconomista.es\/PARS-GROUP-MEDITERRANEO.html"},{"enlace":"https:\/\/empresite.eleconomista.es\/EURO-MULTI-CONSULT.html"},{"enlace":"https:\/\/empresite.eleconomista.es\/MININA-MAR.html"}]