[{"enlace":"https:\/\/empresite.eleconomista.es\/SUMINISTROS-ZURICH.html"},{"enlace":"https:\/\/empresite.eleconomista.es\/FORMACION-PERITAJES-INDUSTRIALES.html"},{"enlace":"https:\/\/empresite.eleconomista.es\/JJP-SOLUCIONES-INDUSTRIALES-FONTANERIA.html"},{"enlace":"https:\/\/empresite.eleconomista.es\/SERVICIOS-LAVADOS-INDUSTRIALES-CARLET.html"},{"enlace":"https:\/\/empresite.eleconomista.es\/MONTAJES-INDUSTRIALES-CARLET.html"},{"enlace":"https:\/\/empresite.eleconomista.es\/POINTAIGUAPLUS.html"},{"enlace":"https:\/\/empresite.eleconomista.es\/ENVAQ.html"},{"enlace":"https:\/\/empresite.eleconomista.es\/IBOR-MASIP.html"},{"enlace":"https:\/\/empresite.eleconomista.es\/SALMAR-CARLET.html"},{"enlace":"https:\/\/empresite.eleconomista.es\/HERMANOS-ORTIZ-PERIS.html"},{"enlace":"https:\/\/empresite.eleconomista.es\/COOPERATIVA-AGRICOLA-SAN-BERNARDO-CV.html"},{"enlace":"https:\/\/empresite.eleconomista.es\/PRODUCTOS-CAUSTICOS-LIMPIEZA-DIRNA.html"},{"enlace":"https:\/\/empresite.eleconomista.es\/ELECTRONOVA-VANACLOCHA-NOGUES.html"},{"enlace":"https:\/\/empresite.eleconomista.es\/ELECTRONOVA-CARLET.html"},{"enlace":"https:\/\/empresite.eleconomista.es\/ELECTRICITAT-NOGUES.html"},{"enlace":"https:\/\/empresite.eleconomista.es\/MOTILLA-HERVAS.html"},{"enlace":"https:\/\/empresite.eleconomista.es\/CERRAJERIA-NAVASQUILLO.html"},{"enlace":"https:\/\/empresite.eleconomista.es\/MARTINEZ-MONZO.html"},{"enlace":"https:\/\/empresite.eleconomista.es\/OFYPEN-INVERSIONES.html"},{"enlace":"https:\/\/empresite.eleconomista.es\/CONTRACHAPADOS-CARLET.html"},{"enlace":"https:\/\/empresite.eleconomista.es\/CONSTRUCCIONS-MAJOVAL.html"},{"enlace":"https:\/\/empresite.eleconomista.es\/QUIMICAS-QUIMXEL.html"},{"enlace":"https:\/\/empresite.eleconomista.es\/MAGIC-CORNER-ESPANA.html"},{"enlace":"https:\/\/empresite.eleconomista.es\/MAGRI-CARLET.html"},{"enlace":"https:\/\/empresite.eleconomista.es\/MOLMADER.html"},{"enlace":"https:\/\/empresite.eleconomista.es\/SERVEIS-NETEJA-CARLET.html"},{"enlace":"https:\/\/empresite.eleconomista.es\/IMPERMEABILIZACIONES-HERCAR.html"},{"enlace":"https:\/\/empresite.eleconomista.es\/CURVADOS-INDACOP.html"},{"enlace":"https:\/\/empresite.eleconomista.es\/VENDA-LLOGUER-CARLET.html"},{"enlace":"https:\/\/empresite.eleconomista.es\/ALGAR-2005-INMOBILIARIA.html"}]