[{"enlace":"https:\/\/empresite.eleconomista.es\/GRUPO-CAMIMA-SUMINISTROS.html"},{"enlace":"https:\/\/empresite.eleconomista.es\/SUMINISTROS-GRAFICOS-MODULOS.html"},{"enlace":"https:\/\/empresite.eleconomista.es\/SUMINISTROS-HORNOS-PANADERIA.html"},{"enlace":"https:\/\/empresite.eleconomista.es\/SUMINISTROS-SISTEMAS-PARA-MAQUINARIA.html"},{"enlace":"https:\/\/empresite.eleconomista.es\/SUMINISTROS-DENTALES-GONZALO-AGUSTIN.html"},{"enlace":"https:\/\/empresite.eleconomista.es\/HIDRAULICA-SUMINISTROS-GENERALES.html"},{"enlace":"https:\/\/empresite.eleconomista.es\/SUMINISTROS-GRAFICOS-PRINT.html"},{"enlace":"https:\/\/empresite.eleconomista.es\/PEAM-SUMINISTROS-INFORMATICOS.html"},{"enlace":"https:\/\/empresite.eleconomista.es\/SUMINISTROS-TAV-VALENCIA.html"},{"enlace":"https:\/\/empresite.eleconomista.es\/FAMAR-SUMINISTROS-NAVALES.html"},{"enlace":"https:\/\/empresite.eleconomista.es\/SUMINISTROS-ELECTRICOS-FERSAN.html"},{"enlace":"https:\/\/empresite.eleconomista.es\/AMS-SUMINISTROS-VLC.html"},{"enlace":"https:\/\/empresite.eleconomista.es\/SUMINISTROS-GENERALES-VALENCIANOS.html"},{"enlace":"https:\/\/empresite.eleconomista.es\/LEVANTINA-SUMINISTROS-FRIGORIFICOS.html"},{"enlace":"https:\/\/empresite.eleconomista.es\/SUMINISTROS-COMERCIAL-ATEX.html"},{"enlace":"https:\/\/empresite.eleconomista.es\/SUMETALSA-SUMINISTROS-METALICOS-SANITARIOS.html"},{"enlace":"https:\/\/empresite.eleconomista.es\/SUMINISTROS-NAVALES-VM.html"},{"enlace":"https:\/\/empresite.eleconomista.es\/SUMINISTROS-GRAFICOS-INTEGRALES.html"},{"enlace":"https:\/\/empresite.eleconomista.es\/COPIADORAS-SUMINISTROS-INFORMATICOS.html"},{"enlace":"https:\/\/empresite.eleconomista.es\/SUMINISTROS-ALIMENTICIOS-ALEROS.html"},{"enlace":"https:\/\/empresite.eleconomista.es\/DALMA-SUMINISTROS-NAVALES.html"},{"enlace":"https:\/\/empresite.eleconomista.es\/ABAD-SUMINISTROS-ALCUDIA.html"},{"enlace":"https:\/\/empresite.eleconomista.es\/SUMINISTROS-HOSTELEROS-VOLPE.html"},{"enlace":"https:\/\/empresite.eleconomista.es\/ELECTRICIDAD-INSTALACIONES-SUMINISTROS-VALENCIA.html"},{"enlace":"https:\/\/empresite.eleconomista.es\/AP-DONAGAS-SERVICIOS-SUMINISTROS.html"},{"enlace":"https:\/\/empresite.eleconomista.es\/EUROPEA-SUMINISTROS-REPRESENTACIONES.html"},{"enlace":"https:\/\/empresite.eleconomista.es\/EPITEC-SUMINISTROS-SEGURIDAD.html"},{"enlace":"https:\/\/empresite.eleconomista.es\/SUMINISTROS-GENERALES-GARVI.html"},{"enlace":"https:\/\/empresite.eleconomista.es\/SUMINISTROS-ELECTRICOS-MAGNETICOS.html"},{"enlace":"https:\/\/empresite.eleconomista.es\/SUMINISTROS-GENERALES-VALENCIA-ORTL.html"}]