[{"enlace":"https:\/\/empresite.eleconomista.es\/SERVICIOS-ELECTRICOS-EDELCA.html"},{"enlace":"https:\/\/empresite.eleconomista.es\/SERVICIOS-ELECTRICOS-MANTENIMIENTO.html"},{"enlace":"https:\/\/empresite.eleconomista.es\/SUMINISTROS-ASUNCION.html"},{"enlace":"https:\/\/empresite.eleconomista.es\/QUINYU-SUMINISTROS.html"},{"enlace":"https:\/\/empresite.eleconomista.es\/SP-SUMINISTROS.html"},{"enlace":"https:\/\/empresite.eleconomista.es\/SUMINISTROS-HOSTELEROS-HORECA.html"},{"enlace":"https:\/\/empresite.eleconomista.es\/HOSTELERIA-SUMINISTROS-SALT.html"},{"enlace":"https:\/\/empresite.eleconomista.es\/BRICOPANEL-SUMINISTROS-INDUSTRIALES.html"},{"enlace":"https:\/\/empresite.eleconomista.es\/SUMINISTROS-INDUSTRIALES-J-MOLINER.html"},{"enlace":"https:\/\/empresite.eleconomista.es\/DISTRIBUCIONES-SUMINISTROS-MATERIALES-CONSTRUCCION-LEVANTE.html"},{"enlace":"https:\/\/empresite.eleconomista.es\/OXIL.html"},{"enlace":"https:\/\/empresite.eleconomista.es\/TECNOKERAM-CONTROL-LOGISTIC.html"},{"enlace":"https:\/\/empresite.eleconomista.es\/EZEDICHI.html"},{"enlace":"https:\/\/empresite.eleconomista.es\/CASMAR-2000.html"},{"enlace":"https:\/\/empresite.eleconomista.es\/ESTACION-SERVICIO-MANISES.html"}]