[{"enlace":"https:\/\/empresite.eleconomista.es\/TRUCK-LEASE.html"},{"enlace":"https:\/\/empresite.eleconomista.es\/ALHAMBRA-SANCHEZ.html"},{"enlace":"https:\/\/empresite.eleconomista.es\/EXTINTORES-VALL.html"},{"enlace":"https:\/\/empresite.eleconomista.es\/SG4-DISENOS-APLICADOS.html"},{"enlace":"https:\/\/empresite.eleconomista.es\/ENVASES-MARRETO.html"},{"enlace":"https:\/\/empresite.eleconomista.es\/SERMON-BELMI.html"},{"enlace":"https:\/\/empresite.eleconomista.es\/NEGOCIOS-PASO.html"},{"enlace":"https:\/\/empresite.eleconomista.es\/ARCANDI-EUROPEA.html"},{"enlace":"https:\/\/empresite.eleconomista.es\/MOELPLA.html"},{"enlace":"https:\/\/empresite.eleconomista.es\/DEPURACIONES-GANADERAS.html"},{"enlace":"https:\/\/empresite.eleconomista.es\/GLOBAL-VENDING.html"},{"enlace":"https:\/\/empresite.eleconomista.es\/CONSTRUCCIONES-ALEJANDRO-VIDAL.html"},{"enlace":"https:\/\/empresite.eleconomista.es\/BELTOAN-OBRAS-SERVICIOS.html"},{"enlace":"https:\/\/empresite.eleconomista.es\/HELIOS-SOLAR-2006.html"},{"enlace":"https:\/\/empresite.eleconomista.es\/MONTAJES-CCVI-ONTINYENT.html"},{"enlace":"https:\/\/empresite.eleconomista.es\/CLIMERSOL-VALL.html"},{"enlace":"https:\/\/empresite.eleconomista.es\/HIERROS-REIG.html"},{"enlace":"https:\/\/empresite.eleconomista.es\/CARTONAJES-GREGORIO-MOLINA-ALBERO.html"},{"enlace":"https:\/\/empresite.eleconomista.es\/IREMA-INSTALACIONES-ELECTRICAS.html"},{"enlace":"https:\/\/empresite.eleconomista.es\/SEGUIDOR-GINETA.html"},{"enlace":"https:\/\/empresite.eleconomista.es\/TALLER-PROYECTOS-ARQUITECTURA-INGENIERIA-ASOCIADOS.html"},{"enlace":"https:\/\/empresite.eleconomista.es\/ONTINYENT-FOTOVOLTAICO.html"},{"enlace":"https:\/\/empresite.eleconomista.es\/ART-MANYA-5.html"},{"enlace":"https:\/\/empresite.eleconomista.es\/TRATAMIENTOS-MAQUINARIA-ADHESIVOS.html"},{"enlace":"https:\/\/empresite.eleconomista.es\/TORRENTS-MEDITERRANEA.html"},{"enlace":"https:\/\/empresite.eleconomista.es\/EXPANSION-CRECIMIENTO.html"},{"enlace":"https:\/\/empresite.eleconomista.es\/INNOVACION-ALUMINIO-TECNOLOGICO.html"},{"enlace":"https:\/\/empresite.eleconomista.es\/BONVALLET.html"},{"enlace":"https:\/\/empresite.eleconomista.es\/ASISTIA-SERVICIOS-INTEGRALES.html"},{"enlace":"https:\/\/empresite.eleconomista.es\/BIOMASA-MANCHUELA.html"}]