[{"enlace":"https:\/\/empresite.eleconomista.es\/EXPLOTACIONES-PESQUERAS-MASE.html"},{"enlace":"https:\/\/empresite.eleconomista.es\/INVERSIONES-VILAUJA.html"},{"enlace":"https:\/\/empresite.eleconomista.es\/BIO-ACEITES.html"},{"enlace":"https:\/\/empresite.eleconomista.es\/CARPINTERIA-METALICA-ALUCRISTO.html"},{"enlace":"https:\/\/empresite.eleconomista.es\/RECREATIVOS-SEYCAM.html"},{"enlace":"https:\/\/empresite.eleconomista.es\/APLICACIONES-TECNICAS-ACABADOS-PINTURA.html"},{"enlace":"https:\/\/empresite.eleconomista.es\/VEDA-HIGIENE.html"},{"enlace":"https:\/\/empresite.eleconomista.es\/VILAESTONE-VILA.html"},{"enlace":"https:\/\/empresite.eleconomista.es\/ESTACION-SERVICIO-BONAVILA.html"},{"enlace":"https:\/\/empresite.eleconomista.es\/EXEGUR-SEGURIDAD.html"},{"enlace":"https:\/\/empresite.eleconomista.es\/PIMAR-INOX.html"},{"enlace":"https:\/\/empresite.eleconomista.es\/CLIMA-VILA.html"},{"enlace":"https:\/\/empresite.eleconomista.es\/LUCADI-ALBIR.html"},{"enlace":"https:\/\/empresite.eleconomista.es\/OFI-NOSTRUM.html"},{"enlace":"https:\/\/empresite.eleconomista.es\/L-ALCOCO-2000.html"},{"enlace":"https:\/\/empresite.eleconomista.es\/NATURA-DESARROLLO-VILA.html"},{"enlace":"https:\/\/empresite.eleconomista.es\/LIMPIEZAS-SERVICIOS-VILA-2008.html"},{"enlace":"https:\/\/empresite.eleconomista.es\/CANO-AGRUPADOS.html"},{"enlace":"https:\/\/empresite.eleconomista.es\/AMBISAN-HIGIENE.html"},{"enlace":"https:\/\/empresite.eleconomista.es\/MULTISERVICIOS-ELECTROTECNICOS-ALPE.html"},{"enlace":"https:\/\/empresite.eleconomista.es\/CALA-BRAVA-VILLAS.html"},{"enlace":"https:\/\/empresite.eleconomista.es\/NUEVO-RETO-21.html"},{"enlace":"https:\/\/empresite.eleconomista.es\/ALUMINIOS-BENIVILA.html"},{"enlace":"https:\/\/empresite.eleconomista.es\/VAM-MOTORSPORT.html"},{"enlace":"https:\/\/empresite.eleconomista.es\/FERRALLAS-SANTA-MARTA.html"},{"enlace":"https:\/\/empresite.eleconomista.es\/LLINARES-IMPRESSORS.html"},{"enlace":"https:\/\/empresite.eleconomista.es\/ALMOIXO.html"},{"enlace":"https:\/\/empresite.eleconomista.es\/TALLERES-AYGA.html"},{"enlace":"https:\/\/empresite.eleconomista.es\/CARPINTERIA-ALUMINIO-CERRAJERIA-CERVANTES.html"},{"enlace":"https:\/\/empresite.eleconomista.es\/PULIDOS-CRISTALIZADOS-PULIVILA.html"}]