[{"enlace":"https:\/\/empresite.eleconomista.es\/MARINA-ACQUAVERDE.html"},{"enlace":"https:\/\/empresite.eleconomista.es\/CLIMATIZACIONES-CONDUCCIONES-HERMANOS-ALCARAZ.html"},{"enlace":"https:\/\/empresite.eleconomista.es\/CORTADOS-NET-TIMBRADOS.html"},{"enlace":"https:\/\/empresite.eleconomista.es\/COMERCIAL-VIVES-CARRION.html"},{"enlace":"https:\/\/empresite.eleconomista.es\/PRODISA-FINISH.html"},{"enlace":"https:\/\/empresite.eleconomista.es\/NOU-AREA.html"},{"enlace":"https:\/\/empresite.eleconomista.es\/TRANSPORTES-DERRIBOS-GEMA.html"},{"enlace":"https:\/\/empresite.eleconomista.es\/RIMA-RISO.html"},{"enlace":"https:\/\/empresite.eleconomista.es\/VAR-TIENDAS.html"},{"enlace":"https:\/\/empresite.eleconomista.es\/MAQUINARIA-JOSE-SAEZ.html"},{"enlace":"https:\/\/empresite.eleconomista.es\/CRISTOBAL-CASTELL.html"},{"enlace":"https:\/\/empresite.eleconomista.es\/MIRALLES-QUILES.html"},{"enlace":"https:\/\/empresite.eleconomista.es\/INFOMAC-ORDENADORES.html"},{"enlace":"https:\/\/empresite.eleconomista.es\/GOLD-DESIGN-SPAIN-21.html"},{"enlace":"https:\/\/empresite.eleconomista.es\/CONJUNTO-EMPRESARIAL-ENERGIAS-FOTOVOLTAICAS-SURESTE.html"},{"enlace":"https:\/\/empresite.eleconomista.es\/LIMPIO-SECO-SURESTE.html"},{"enlace":"https:\/\/empresite.eleconomista.es\/ADMINISTRA-DENIA.html"},{"enlace":"https:\/\/empresite.eleconomista.es\/SOLUCIONES-GESTION-SOFTWARE.html"},{"enlace":"https:\/\/empresite.eleconomista.es\/PULIALTET.html"},{"enlace":"https:\/\/empresite.eleconomista.es\/ESTACION-SERVICIO-CREVILLENT.html"},{"enlace":"https:\/\/empresite.eleconomista.es\/KEIXMAN.html"},{"enlace":"https:\/\/empresite.eleconomista.es\/BELMONTE-LUJAN-AGUSTIN-000437308A-SLNE.html"},{"enlace":"https:\/\/empresite.eleconomista.es\/COCINAS-MA-Y.html"},{"enlace":"https:\/\/empresite.eleconomista.es\/COCINAS-COSTA-SUR.html"},{"enlace":"https:\/\/empresite.eleconomista.es\/INVERSIONES-LUYGA.html"},{"enlace":"https:\/\/empresite.eleconomista.es\/PRODUCTOS-BERSAN.html"},{"enlace":"https:\/\/empresite.eleconomista.es\/MONTAJES-ELECTRICOS-COIN.html"},{"enlace":"https:\/\/empresite.eleconomista.es\/AUTOMECANICA-L-ALCUDIA.html"},{"enlace":"https:\/\/empresite.eleconomista.es\/RECREATIVOS-PANAEMI.html"},{"enlace":"https:\/\/empresite.eleconomista.es\/DECOBRIC-SANZ.html"}]