[{"enlace":"https:\/\/empresite.eleconomista.es\/SANHIGIEN.html"},{"enlace":"https:\/\/empresite.eleconomista.es\/GRUPO-ACUERDO-GESTION-SERVICIOS-TECNICOS.html"},{"enlace":"https:\/\/empresite.eleconomista.es\/IBERCOM-COMERCIO-INDUSTRIAL.html"},{"enlace":"https:\/\/empresite.eleconomista.es\/INTERMEDIACION-GESTION-LEVANTE.html"},{"enlace":"https:\/\/empresite.eleconomista.es\/HOSTELERIA-PONS.html"},{"enlace":"https:\/\/empresite.eleconomista.es\/FAITH-AND-WORK.html"},{"enlace":"https:\/\/empresite.eleconomista.es\/NOPAR-SERVICIOS-RESTAURACION-VALENCIANA.html"},{"enlace":"https:\/\/empresite.eleconomista.es\/GRAFICAS-LITOLEMA.html"},{"enlace":"https:\/\/empresite.eleconomista.es\/TRADIS-BAPINSA.html"},{"enlace":"https:\/\/empresite.eleconomista.es\/GLASPOL-COMPOSITES.html"},{"enlace":"https:\/\/empresite.eleconomista.es\/HOTEL-AD-HOC-PARQUE.html"},{"enlace":"https:\/\/empresite.eleconomista.es\/REPRESENTACIONES-YAGUE.html"},{"enlace":"https:\/\/empresite.eleconomista.es\/AISSER-REPRESENTACIONES.html"},{"enlace":"https:\/\/empresite.eleconomista.es\/OPTIVAL.html"},{"enlace":"https:\/\/empresite.eleconomista.es\/SERVICIOS-EQUIPAMIENTOS-ELIGROUP.html"},{"enlace":"https:\/\/empresite.eleconomista.es\/ECO-REGENERACION.html"},{"enlace":"https:\/\/empresite.eleconomista.es\/ACEROS-FUNDIDOS-FORJADOS-ESPECIALES.html"},{"enlace":"https:\/\/empresite.eleconomista.es\/ORYMOR.html"},{"enlace":"https:\/\/empresite.eleconomista.es\/RIGOTO.html"},{"enlace":"https:\/\/empresite.eleconomista.es\/PRODUCTOS-HOSTELERIA-ABAFIL.html"},{"enlace":"https:\/\/empresite.eleconomista.es\/POSADA-ANIMAS.html"},{"enlace":"https:\/\/empresite.eleconomista.es\/CANO-VALENCIA.html"},{"enlace":"https:\/\/empresite.eleconomista.es\/JAL-MEDITERRANEO.html"},{"enlace":"https:\/\/empresite.eleconomista.es\/BOSCH-MANIA.html"},{"enlace":"https:\/\/empresite.eleconomista.es\/DESARROLLOS-EMPRESARIALES-MILAN.html"},{"enlace":"https:\/\/empresite.eleconomista.es\/GENERCO-GRUPOS-ELECTROGENOS.html"},{"enlace":"https:\/\/empresite.eleconomista.es\/GRUPO-SINDEL.html"},{"enlace":"https:\/\/empresite.eleconomista.es\/ELECSASIS.html"},{"enlace":"https:\/\/empresite.eleconomista.es\/APILAS-MOVILIDAD-SOSTENIBLE.html"},{"enlace":"https:\/\/empresite.eleconomista.es\/FAYOS-DURAN.html"}]