[{"enlace":"https:\/\/empresite.eleconomista.es\/CUATRO-JULIO.html"},{"enlace":"https:\/\/empresite.eleconomista.es\/ECOHUE-POLVO.html"},{"enlace":"https:\/\/empresite.eleconomista.es\/OZONE-BOWLING-ZARAGOZA.html"},{"enlace":"https:\/\/empresite.eleconomista.es\/NUEVA-AKRA-2.html"},{"enlace":"https:\/\/empresite.eleconomista.es\/TEJUELO-FERNANDEZ.html"},{"enlace":"https:\/\/empresite.eleconomista.es\/FONTANERIA-AITANA.html"},{"enlace":"https:\/\/empresite.eleconomista.es\/REHABILITACIONES-EDIFICIOS-GAVILAN.html"},{"enlace":"https:\/\/empresite.eleconomista.es\/GARCIA-BERTOMEU-ALICANTE.html"},{"enlace":"https:\/\/empresite.eleconomista.es\/INSTALACIONES-FONTAMAR.html"},{"enlace":"https:\/\/empresite.eleconomista.es\/GALLOLUPA.html"},{"enlace":"https:\/\/empresite.eleconomista.es\/PAURES-INSTALACIONES-MONTAJES.html"},{"enlace":"https:\/\/empresite.eleconomista.es\/INGENIERIA-ENERLUZ.html"},{"enlace":"https:\/\/empresite.eleconomista.es\/INSTALACIONES-ELECTRICAS-ARTURO-CARRION.html"},{"enlace":"https:\/\/empresite.eleconomista.es\/ANNOVA-ESTRATEGIAS-GESTION.html"},{"enlace":"https:\/\/empresite.eleconomista.es\/INVERSIONES-OPEN-PROYECT.html"},{"enlace":"https:\/\/empresite.eleconomista.es\/LIMPIEZA-TUBOS-NAVARRO.html"},{"enlace":"https:\/\/empresite.eleconomista.es\/MEDITERRANEA-COLECTIVIDADES.html"},{"enlace":"https:\/\/empresite.eleconomista.es\/COMPANIA-ALICANTINA-MAQUINARIA-HERRAMIENTAS-PARA-OBRAS-INDUSTRIA.html"},{"enlace":"https:\/\/empresite.eleconomista.es\/QUILMEDIC.html"},{"enlace":"https:\/\/empresite.eleconomista.es\/CANO-LUCIA.html"},{"enlace":"https:\/\/empresite.eleconomista.es\/ORPASA-CAPS.html"},{"enlace":"https:\/\/empresite.eleconomista.es\/DISAUT-LEVANTE.html"},{"enlace":"https:\/\/empresite.eleconomista.es\/CLIMENT-LLINARES.html"},{"enlace":"https:\/\/empresite.eleconomista.es\/AUTOMOCION-LLOIXA.html"},{"enlace":"https:\/\/empresite.eleconomista.es\/DISVIN-LEVANTE.html"},{"enlace":"https:\/\/empresite.eleconomista.es\/ISMAN-ASISTENCIA.html"},{"enlace":"https:\/\/empresite.eleconomista.es\/INSTALVERDE.html"},{"enlace":"https:\/\/empresite.eleconomista.es\/CEPLAS-PRODUCTOS-QUIMICOS.html"},{"enlace":"https:\/\/empresite.eleconomista.es\/ESTO-CHICO.html"},{"enlace":"https:\/\/empresite.eleconomista.es\/FABRICIO-LIROLA.html"}]