[{"enlace":"https:\/\/empresite.eleconomista.es\/DELFIN-SERVICIOS-INTEGRALES-GESTION.html"},{"enlace":"https:\/\/empresite.eleconomista.es\/ALUTEC-CASTELLANOS-PICOT.html"},{"enlace":"https:\/\/empresite.eleconomista.es\/FINESTRES-LLEDO.html"},{"enlace":"https:\/\/empresite.eleconomista.es\/GERMANS-PUIG-ESCRIVA.html"},{"enlace":"https:\/\/empresite.eleconomista.es\/ABASTEL-COMUNICACIONES-INFORMATICA.html"},{"enlace":"https:\/\/empresite.eleconomista.es\/REGISTRO-CONTROL-BELLES.html"},{"enlace":"https:\/\/empresite.eleconomista.es\/LENS-MAGING.html"},{"enlace":"https:\/\/empresite.eleconomista.es\/EXCAVACIONES-MURTA.html"},{"enlace":"https:\/\/empresite.eleconomista.es\/GLOBAL-FARM-CONSULTING.html"},{"enlace":"https:\/\/empresite.eleconomista.es\/INMOGES-VILA.html"},{"enlace":"https:\/\/empresite.eleconomista.es\/INVERSIONES-SOLARES-ALZIRA.html"},{"enlace":"https:\/\/empresite.eleconomista.es\/BARCHINDIS.html"},{"enlace":"https:\/\/empresite.eleconomista.es\/NBV-INDUSTRIAL-SOLUCIONES-METALICAS.html"},{"enlace":"https:\/\/empresite.eleconomista.es\/BOMBAS-GRUPOS-ALZIRA.html"},{"enlace":"https:\/\/empresite.eleconomista.es\/COMUNICA-ESPORT.html"},{"enlace":"https:\/\/empresite.eleconomista.es\/GESFINER-ALZIRA.html"},{"enlace":"https:\/\/empresite.eleconomista.es\/DIGICOM-LAN-CLIMA.html"},{"enlace":"https:\/\/empresite.eleconomista.es\/ECOLIDER-SISTEMES-RECICLATGE.html"},{"enlace":"https:\/\/empresite.eleconomista.es\/ALMADECOR-2007.html"},{"enlace":"https:\/\/empresite.eleconomista.es\/CLISOLARMA.html"},{"enlace":"https:\/\/empresite.eleconomista.es\/CHATARRAS-ROSES.html"},{"enlace":"https:\/\/empresite.eleconomista.es\/KLIMFORT-INGENIERIA-INSTALACIONES.html"},{"enlace":"https:\/\/empresite.eleconomista.es\/VILAMAQ.html"},{"enlace":"https:\/\/empresite.eleconomista.es\/CONSTRUCCIONES-ALCANIZ-LLORENS.html"},{"enlace":"https:\/\/empresite.eleconomista.es\/EMBALAJES-LICAR.html"},{"enlace":"https:\/\/empresite.eleconomista.es\/PROMOSTYL-2004.html"},{"enlace":"https:\/\/empresite.eleconomista.es\/ARQUINITON.html"},{"enlace":"https:\/\/empresite.eleconomista.es\/CONGEAL-TRANSCONTINENTAL.html"},{"enlace":"https:\/\/empresite.eleconomista.es\/ALDISA-TRANSCONTINENTAL.html"},{"enlace":"https:\/\/empresite.eleconomista.es\/COALIMENT-VALENCIA.html"}]