[{"enlace":"https:\/\/empresite.eleconomista.es\/BENEVIDA-SOLAR-13.html"},{"enlace":"https:\/\/empresite.eleconomista.es\/BENEVIDA-SOLAR-8.html"},{"enlace":"https:\/\/empresite.eleconomista.es\/BENEVIDA-SOLAR-14.html"},{"enlace":"https:\/\/empresite.eleconomista.es\/BENEVIDA-SOLAR-10.html"},{"enlace":"https:\/\/empresite.eleconomista.es\/BENEVIDA-SOLAR-15.html"},{"enlace":"https:\/\/empresite.eleconomista.es\/BENEVIDA-SOLAR-11.html"},{"enlace":"https:\/\/empresite.eleconomista.es\/HERRERA-SOLAR-FOTOVOLTAICA-NUM-32.html"},{"enlace":"https:\/\/empresite.eleconomista.es\/JMG-TECHOS-MAS-TOLDOS.html"},{"enlace":"https:\/\/empresite.eleconomista.es\/MOBILACCES-2000.html"},{"enlace":"https:\/\/empresite.eleconomista.es\/ELECTRICIDAD-CEFERINO.html"},{"enlace":"https:\/\/empresite.eleconomista.es\/ELECTRO-MONTGO.html"},{"enlace":"https:\/\/empresite.eleconomista.es\/WELL-STAFF-INTERNATIONAL.html"},{"enlace":"https:\/\/empresite.eleconomista.es\/SARANGY.html"},{"enlace":"https:\/\/empresite.eleconomista.es\/CONSTRUCCIONES-PACO-CATALA.html"},{"enlace":"https:\/\/empresite.eleconomista.es\/REVESTIMIENTOS-MARINA.html"},{"enlace":"https:\/\/empresite.eleconomista.es\/ESF-SPANIEN-0424.html"},{"enlace":"https:\/\/empresite.eleconomista.es\/COSTA-BLANCA-CRISTAL.html"},{"enlace":"https:\/\/empresite.eleconomista.es\/ECOPAISAJES.html"},{"enlace":"https:\/\/empresite.eleconomista.es\/BENEVIDA-SOLAR-9.html"},{"enlace":"https:\/\/empresite.eleconomista.es\/BENEVIDA-SOLAR-12.html"},{"enlace":"https:\/\/empresite.eleconomista.es\/EUROPEA-RODAMIENTOS.html"},{"enlace":"https:\/\/empresite.eleconomista.es\/RENOVABLES-EUROPEAS-2020.html"},{"enlace":"https:\/\/empresite.eleconomista.es\/SOLARS-SENSES.html"},{"enlace":"https:\/\/empresite.eleconomista.es\/PARVENTURA-PARCENT.html"},{"enlace":"https:\/\/empresite.eleconomista.es\/DENIPLAY-2010.html"},{"enlace":"https:\/\/empresite.eleconomista.es\/ACOM-EVENTS-MARKETING.html"},{"enlace":"https:\/\/empresite.eleconomista.es\/JADIMACRIJOSE.html"},{"enlace":"https:\/\/empresite.eleconomista.es\/RESIDUOS-MONTGO.html"},{"enlace":"https:\/\/empresite.eleconomista.es\/2009-VERDERALIA.html"},{"enlace":"https:\/\/empresite.eleconomista.es\/COLORS-MEDITERRANIS-MARINA-ALTA.html"}]