[{"enlace":"https:\/\/empresite.eleconomista.es\/HOSTELERIA-TECNICA-BENIDORM.html"},{"enlace":"https:\/\/empresite.eleconomista.es\/RECREATIVOS-PEGASO.html"},{"enlace":"https:\/\/empresite.eleconomista.es\/STILO-OFICINAS.html"},{"enlace":"https:\/\/empresite.eleconomista.es\/AQUASFERA-INGENIERIA-SERVICIOS.html"},{"enlace":"https:\/\/empresite.eleconomista.es\/INSTALACIONES-MANTENIMIENTO-FRIOMAR.html"},{"enlace":"https:\/\/empresite.eleconomista.es\/MULTI-SERVICIOS-ALFAZ.html"},{"enlace":"https:\/\/empresite.eleconomista.es\/LIGHT-FACTORY.html"},{"enlace":"https:\/\/empresite.eleconomista.es\/DANILOGA-AUTOMATIZACION.html"},{"enlace":"https:\/\/empresite.eleconomista.es\/CARMARFLU.html"},{"enlace":"https:\/\/empresite.eleconomista.es\/ACTUA-21.html"},{"enlace":"https:\/\/empresite.eleconomista.es\/BERMAY-2000.html"},{"enlace":"https:\/\/empresite.eleconomista.es\/AZIERTO-AUTOMOCION.html"},{"enlace":"https:\/\/empresite.eleconomista.es\/DECORACIONES-URBANAS-CUQUI-NAJO.html"},{"enlace":"https:\/\/empresite.eleconomista.es\/ALFASSART73.html"},{"enlace":"https:\/\/empresite.eleconomista.es\/JOSE-GONZALEZ-DIAZ-ALICANTE.html"},{"enlace":"https:\/\/empresite.eleconomista.es\/B2S-CONSULTING.html"},{"enlace":"https:\/\/empresite.eleconomista.es\/NANK-CONTROL.html"},{"enlace":"https:\/\/empresite.eleconomista.es\/EDIFICACIONES-ESTRUCTURAS-OBRA-CIVIL-AVELON.html"},{"enlace":"https:\/\/empresite.eleconomista.es\/TORMENTA-CALIDA.html"},{"enlace":"https:\/\/empresite.eleconomista.es\/ARCARENT.html"},{"enlace":"https:\/\/empresite.eleconomista.es\/FRIENASOL-2009.html"},{"enlace":"https:\/\/empresite.eleconomista.es\/ALFONSO-PUCHADES.html"},{"enlace":"https:\/\/empresite.eleconomista.es\/ALBASOL-GARDEN.html"},{"enlace":"https:\/\/empresite.eleconomista.es\/WHITE-BAY-GROUP.html"},{"enlace":"https:\/\/empresite.eleconomista.es\/SPANTAX-CONTROL.html"},{"enlace":"https:\/\/empresite.eleconomista.es\/JAIME-PUCHADES-HOLMBERG.html"},{"enlace":"https:\/\/empresite.eleconomista.es\/CERRAJERIA-LOBAR.html"},{"enlace":"https:\/\/empresite.eleconomista.es\/AUTOMATICOS-BOLERA.html"},{"enlace":"https:\/\/empresite.eleconomista.es\/ORTOBLANC.html"},{"enlace":"https:\/\/empresite.eleconomista.es\/RECREATIVOS-GALERA.html"}]