[{"enlace":"https:\/\/empresite.eleconomista.es\/DECORACIONES-PINTURAS-CIBELES.html"},{"enlace":"https:\/\/empresite.eleconomista.es\/MONTANA-INTERNATIONAL-VILLAS.html"},{"enlace":"https:\/\/empresite.eleconomista.es\/OBRAS-REFORMAS-DIANA.html"},{"enlace":"https:\/\/empresite.eleconomista.es\/VILLACRUZ-OBRAS-SERVICIOS.html"},{"enlace":"https:\/\/empresite.eleconomista.es\/CASPIAN-COAST-PROPERTIES.html"},{"enlace":"https:\/\/empresite.eleconomista.es\/JOCARSAM-INVERSIONES.html"},{"enlace":"https:\/\/empresite.eleconomista.es\/HIERROS-JOSANGEL.html"},{"enlace":"https:\/\/empresite.eleconomista.es\/ESTABLECIMIENTOS-SAMPER.html"},{"enlace":"https:\/\/empresite.eleconomista.es\/ESTRUCTURAS-GRUAS-RUBIO.html"},{"enlace":"https:\/\/empresite.eleconomista.es\/CHECO-ELECTRICIDAD.html"},{"enlace":"https:\/\/empresite.eleconomista.es\/PERFORACIONES-SONDEOS-TORRES.html"},{"enlace":"https:\/\/empresite.eleconomista.es\/ALUMINIOS-REGIA.html"},{"enlace":"https:\/\/empresite.eleconomista.es\/URBANA-SURESTE.html"},{"enlace":"https:\/\/empresite.eleconomista.es\/ESTRUCTURAS-HORADADA.html"},{"enlace":"https:\/\/empresite.eleconomista.es\/JOSE-MARTINEZ-SAMPER.html"},{"enlace":"https:\/\/empresite.eleconomista.es\/IC-REFRIGERATION-AIR-CONDITION.html"},{"enlace":"https:\/\/empresite.eleconomista.es\/SONDEOS-ROMERO-MARTINEZ.html"},{"enlace":"https:\/\/empresite.eleconomista.es\/TALLERES-JOSANMA.html"},{"enlace":"https:\/\/empresite.eleconomista.es\/INSTALACIONES-ELECTRICAS-SONATA.html"},{"enlace":"https:\/\/empresite.eleconomista.es\/INVERHORADADA.html"},{"enlace":"https:\/\/empresite.eleconomista.es\/TORRE-ALBAHACAS.html"},{"enlace":"https:\/\/empresite.eleconomista.es\/GRUPO-TERRAZOS-PILAR.html"},{"enlace":"https:\/\/empresite.eleconomista.es\/CARPINTERIA-METALICA-ANTONIO-FORTUNATO.html"},{"enlace":"https:\/\/empresite.eleconomista.es\/SERVICIOS-INMOBILIARIOS-SERVIHOME.html"},{"enlace":"https:\/\/empresite.eleconomista.es\/MANOVER-2002.html"},{"enlace":"https:\/\/empresite.eleconomista.es\/CARPINTERIA-PILAR-ALICANTE.html"},{"enlace":"https:\/\/empresite.eleconomista.es\/CELUCOSTA.html"},{"enlace":"https:\/\/empresite.eleconomista.es\/PRODEMAR-HORADADA.html"},{"enlace":"https:\/\/empresite.eleconomista.es\/HORADADA-INFORMATICA.html"},{"enlace":"https:\/\/empresite.eleconomista.es\/INVERSIONES-TRICERA.html"}]