[{"enlace":"https:\/\/empresite.eleconomista.es\/MONTAJES-ELECTRICOS-CABALLERO.html"},{"enlace":"https:\/\/empresite.eleconomista.es\/MONTAJES-ELECTRICOS-FERRANDIZ.html"},{"enlace":"https:\/\/empresite.eleconomista.es\/MONTAJES-ELECTRICOS-IRAOLA.html"},{"enlace":"https:\/\/empresite.eleconomista.es\/ALICANTINA-SUMINISTROS.html"},{"enlace":"https:\/\/empresite.eleconomista.es\/SUMINISTROS-MONTFER.html"},{"enlace":"https:\/\/empresite.eleconomista.es\/SUMINISTROS-CAIVER.html"},{"enlace":"https:\/\/empresite.eleconomista.es\/LUIS-MOLINA-MIRO.html"},{"enlace":"https:\/\/empresite.eleconomista.es\/PIMOLT-SUMINISTROS-AUTOMOCION.html"},{"enlace":"https:\/\/empresite.eleconomista.es\/SUMINISTROS-TEXTILES-SILVESTRE.html"},{"enlace":"https:\/\/empresite.eleconomista.es\/TORTOSA-TRENZADOS-SUMINISTROS-JACQUARD.html"},{"enlace":"https:\/\/empresite.eleconomista.es\/URBA-QUIP-SUMINISTROS-URBANOS.html"},{"enlace":"https:\/\/empresite.eleconomista.es\/SUMINISTROS-SERVICIOS-TECNICOS-VAL.html"},{"enlace":"https:\/\/empresite.eleconomista.es\/DOMIVO-SUMINISTROS-GENERALES.html"},{"enlace":"https:\/\/empresite.eleconomista.es\/UP2CITY-VEHICULOS-ELECTRICOS.html"},{"enlace":"https:\/\/empresite.eleconomista.es\/L-FILTROS-LEVANTE.html"},{"enlace":"https:\/\/empresite.eleconomista.es\/FERRETERIA-SUMINISTRAMENTS-CAMI.html"},{"enlace":"https:\/\/empresite.eleconomista.es\/CALFRIALCOY.html"},{"enlace":"https:\/\/empresite.eleconomista.es\/VIFER-AUTOMATION.html"},{"enlace":"https:\/\/empresite.eleconomista.es\/RODOLFO-LLACER.html"},{"enlace":"https:\/\/empresite.eleconomista.es\/ORCALU-INGENIEROS.html"},{"enlace":"https:\/\/empresite.eleconomista.es\/INFORDAT-LEVANTE.html"},{"enlace":"https:\/\/empresite.eleconomista.es\/MILITZAN-GAMMA-ALTA.html"}]