[{"enlace":"https:\/\/empresite.eleconomista.es\/VIFRISAN.html"},{"enlace":"https:\/\/empresite.eleconomista.es\/HISPACHINA-COMERCIO-IMPORT-EXPORT.html"},{"enlace":"https:\/\/empresite.eleconomista.es\/ALFREDO-MOTOR.html"},{"enlace":"https:\/\/empresite.eleconomista.es\/YATES-TORREVIEJA.html"},{"enlace":"https:\/\/empresite.eleconomista.es\/CONSTRUCCIONES-ROMCRIS.html"},{"enlace":"https:\/\/empresite.eleconomista.es\/ALHIAC.html"},{"enlace":"https:\/\/empresite.eleconomista.es\/NEMUNAS.html"},{"enlace":"https:\/\/empresite.eleconomista.es\/CENTRO-LAVADO-TORREVIEJA.html"},{"enlace":"https:\/\/empresite.eleconomista.es\/RECREATIVOS-VULCANO.html"},{"enlace":"https:\/\/empresite.eleconomista.es\/RADO-ELECTRICIDAD.html"},{"enlace":"https:\/\/empresite.eleconomista.es\/TORREVIEJA-DISTMAR.html"},{"enlace":"https:\/\/empresite.eleconomista.es\/PASTOR-GROUP-ESTATE-AGENTS-INTERNATIONAL.html"},{"enlace":"https:\/\/empresite.eleconomista.es\/ZETA-PROYECT-INDIMAR.html"},{"enlace":"https:\/\/empresite.eleconomista.es\/SENDA-MAR.html"},{"enlace":"https:\/\/empresite.eleconomista.es\/INVESTIGACION-DESARROLLO-ESPACIO-ARQUITECTURA.html"},{"enlace":"https:\/\/empresite.eleconomista.es\/AGUATEC-COSTA-BLANCA.html"},{"enlace":"https:\/\/empresite.eleconomista.es\/FONTANERIA-CRISTIAN.html"},{"enlace":"https:\/\/empresite.eleconomista.es\/SOLAR-THERME.html"},{"enlace":"https:\/\/empresite.eleconomista.es\/SUPERMERCADOS-FERMA.html"},{"enlace":"https:\/\/empresite.eleconomista.es\/APEX-TECNOLOGIA.html"},{"enlace":"https:\/\/empresite.eleconomista.es\/INMOBILIARIA-SOLMEDI.html"},{"enlace":"https:\/\/empresite.eleconomista.es\/OUTSTANDING.html"},{"enlace":"https:\/\/empresite.eleconomista.es\/INFRAESTRUCTURAS-ELECTRICAS.html"},{"enlace":"https:\/\/empresite.eleconomista.es\/MULTISERVICIOS-FILTON.html"},{"enlace":"https:\/\/empresite.eleconomista.es\/VENTANAS-ALEMAN.html"},{"enlace":"https:\/\/empresite.eleconomista.es\/ALUMINIOS-EUROPEOS-MEDITERRANEO.html"},{"enlace":"https:\/\/empresite.eleconomista.es\/JOGALUZ.html"},{"enlace":"https:\/\/empresite.eleconomista.es\/NAUTI-SPORT-TORREVIEJA.html"},{"enlace":"https:\/\/empresite.eleconomista.es\/CONJUNTO-RESTAURACION.html"},{"enlace":"https:\/\/empresite.eleconomista.es\/MEDITERRANEAN-GLOBE-TRADE-COMPANY.html"}]