[{"enlace":"https:\/\/empresite.eleconomista.es\/SUMINISTROS-SANITARIOS-INDUSTRIALES-OFICINA-TORREVIEJA.html"},{"enlace":"https:\/\/empresite.eleconomista.es\/ACTUACIONES-INDUSTRIALES-DOS-MARES.html"},{"enlace":"https:\/\/empresite.eleconomista.es\/PAVIMENTOS-INDUSTRIALES-HORMINORTE.html"},{"enlace":"https:\/\/empresite.eleconomista.es\/SUMINISTROS-DECORACIONES-TORRECOLOR.html"},{"enlace":"https:\/\/empresite.eleconomista.es\/SUMINISTROS-NAUTICOS-ADELMAR.html"},{"enlace":"https:\/\/empresite.eleconomista.es\/SUMINISTROS-HOSTELEROS-PINA.html"},{"enlace":"https:\/\/empresite.eleconomista.es\/INTERNACIONAL-SERVICIOS-SUMINISTROS-GALEON.html"},{"enlace":"https:\/\/empresite.eleconomista.es\/SUMINISTROS-CARNICOS-RIOS.html"},{"enlace":"https:\/\/empresite.eleconomista.es\/SUMINISTROS-HOSTELEROS-TORREVIEJA.html"},{"enlace":"https:\/\/empresite.eleconomista.es\/REPRESENTACIONES-INDUSTRIALES-PARA-METALES-PIEDRAS.html"},{"enlace":"https:\/\/empresite.eleconomista.es\/GRUPO-AUTOMATICOS-SIMON.html"},{"enlace":"https:\/\/empresite.eleconomista.es\/TORREVIEJA-NAUTISHOP.html"},{"enlace":"https:\/\/empresite.eleconomista.es\/ARTIS-RODA.html"},{"enlace":"https:\/\/empresite.eleconomista.es\/EUROFON.html"},{"enlace":"https:\/\/empresite.eleconomista.es\/LINTUBO-2.html"},{"enlace":"https:\/\/empresite.eleconomista.es\/AIRES-SUR-SIGLO-XXI.html"},{"enlace":"https:\/\/empresite.eleconomista.es\/RAMACAL-FINCAS.html"},{"enlace":"https:\/\/empresite.eleconomista.es\/INSTALACIONES-ELECTRICAS-ANTONIO-MEDINA.html"},{"enlace":"https:\/\/empresite.eleconomista.es\/CH-ARTA-2007.html"},{"enlace":"https:\/\/empresite.eleconomista.es\/ALBAGONZA.html"},{"enlace":"https:\/\/empresite.eleconomista.es\/PRIMERA-UMBRIA-ZARZA.html"},{"enlace":"https:\/\/empresite.eleconomista.es\/VILLACOSTA.html"},{"enlace":"https:\/\/empresite.eleconomista.es\/PROMOCIONES-ROBYPED.html"},{"enlace":"https:\/\/empresite.eleconomista.es\/VIALUTECNIC.html"},{"enlace":"https:\/\/empresite.eleconomista.es\/VEGA-PLAYA.html"},{"enlace":"https:\/\/empresite.eleconomista.es\/PARIQUESA-AUTOGRAD.html"},{"enlace":"https:\/\/empresite.eleconomista.es\/MARINA-MEDITERRANEA-INVERSIONES.html"},{"enlace":"https:\/\/empresite.eleconomista.es\/GRUPO-OCIO-AZUL.html"},{"enlace":"https:\/\/empresite.eleconomista.es\/PROMOCIONES-TORRE-URUMEA.html"},{"enlace":"https:\/\/empresite.eleconomista.es\/KRIEBUS-NURSEL.html"}]