[{"enlace":"https:\/\/empresite.eleconomista.es\/PROYECTOS-MONTAJES-ELECTRICOS-SAGUNTO.html"},{"enlace":"https:\/\/empresite.eleconomista.es\/MONTAJES-ELECTRICOS-LEVANTE.html"},{"enlace":"https:\/\/empresite.eleconomista.es\/SUMINISTROS-CADUMA.html"},{"enlace":"https:\/\/empresite.eleconomista.es\/SUMINISTROS-VILCA.html"},{"enlace":"https:\/\/empresite.eleconomista.es\/SUMINISTROS-SERVICIOS-SAGUNTINOS.html"},{"enlace":"https:\/\/empresite.eleconomista.es\/SUMINISTROS-PINTURAS-SAMPER.html"},{"enlace":"https:\/\/empresite.eleconomista.es\/SUMINISTROS-ENERGETICOS-LEVANTE.html"},{"enlace":"https:\/\/empresite.eleconomista.es\/FM-SUMINISTROS-INFORMATICOS-MEDICOS.html"},{"enlace":"https:\/\/empresite.eleconomista.es\/SUMINISTROS-INDUSTRIALES-DEC-SUMIPORT.html"},{"enlace":"https:\/\/empresite.eleconomista.es\/SUELPU.html"},{"enlace":"https:\/\/empresite.eleconomista.es\/SANCHEZ-MARIN-HYDRAULIC.html"},{"enlace":"https:\/\/empresite.eleconomista.es\/VICENTE-MANUEL-LOPEZ.html"},{"enlace":"https:\/\/empresite.eleconomista.es\/SUGESA.html"},{"enlace":"https:\/\/empresite.eleconomista.es\/INSTALGAS-LAORDEN.html"}]