[{"enlace":"https:\/\/empresite.eleconomista.es\/ELECTRICIDAD-GRAU.html"},{"enlace":"https:\/\/empresite.eleconomista.es\/ELECTRICIDAD-ELEBEN.html"},{"enlace":"https:\/\/empresite.eleconomista.es\/MASIP-ELECTRICIDAD.html"},{"enlace":"https:\/\/empresite.eleconomista.es\/ELECTRICIDAD-PANIAGUA.html"},{"enlace":"https:\/\/empresite.eleconomista.es\/ELECTRICIDAD-ELECTRONICA-INDUSTRIAL-SEEGAN.html"},{"enlace":"https:\/\/empresite.eleconomista.es\/ELECTRICIDAD-SERGIO-PELLICER.html"},{"enlace":"https:\/\/empresite.eleconomista.es\/ELECTRICIDAD-PUIG-GARCIA.html"},{"enlace":"https:\/\/empresite.eleconomista.es\/ELECTRICIDAD-JUAN-MENGUAL.html"},{"enlace":"https:\/\/empresite.eleconomista.es\/ELECTRICIDAD-ENERGIA-SOLAR-SOLGANDIA.html"},{"enlace":"https:\/\/empresite.eleconomista.es\/ELECTRICIDAD-PEREZ-CANTAL.html"},{"enlace":"https:\/\/empresite.eleconomista.es\/ELECTRICIDAD-VILLAGAN-7.html"},{"enlace":"https:\/\/empresite.eleconomista.es\/PERFORACIONES-HORIZONTALES-MEDITERRANEA.html"}]