[{"enlace":"https:\/\/empresite.eleconomista.es\/LOGISTICA-JOGARCA.html"},{"enlace":"https:\/\/empresite.eleconomista.es\/INYECTADOS-PAPAU.html"},{"enlace":"https:\/\/empresite.eleconomista.es\/ECOSOL-ENERGIA-ALTERNATIVA.html"},{"enlace":"https:\/\/empresite.eleconomista.es\/EVELEN-TRADING-FOODS.html"},{"enlace":"https:\/\/empresite.eleconomista.es\/INDUSTRIA-TRITURADO-RECICLADO-GOMA-ASPE.html"},{"enlace":"https:\/\/empresite.eleconomista.es\/ESPUMACAL-LATEX-ELX.html"},{"enlace":"https:\/\/empresite.eleconomista.es\/DOASS.html"},{"enlace":"https:\/\/empresite.eleconomista.es\/RECICLAJES-CLAPER.html"},{"enlace":"https:\/\/empresite.eleconomista.es\/CAUCHOSUEL.html"},{"enlace":"https:\/\/empresite.eleconomista.es\/LACADOS-JP.html"},{"enlace":"https:\/\/empresite.eleconomista.es\/PRODUCTOS-LIMPIEZA-MANTENIMIENTO-GALVAN.html"},{"enlace":"https:\/\/empresite.eleconomista.es\/CASTELLO-SOLAR.html"},{"enlace":"https:\/\/empresite.eleconomista.es\/INSTALACIONES-COSTALEVANTE.html"},{"enlace":"https:\/\/empresite.eleconomista.es\/EXCAVACIONES-DESMONTES-VIAN.html"},{"enlace":"https:\/\/empresite.eleconomista.es\/COMERCIAL-LIFANTE.html"},{"enlace":"https:\/\/empresite.eleconomista.es\/NOVEL-MARMI.html"},{"enlace":"https:\/\/empresite.eleconomista.es\/SERVICIOS-ENERGETICOS-RENOVABLES.html"},{"enlace":"https:\/\/empresite.eleconomista.es\/ASPE-VENDING-2000.html"},{"enlace":"https:\/\/empresite.eleconomista.es\/REAL-VID-CARBURANTES.html"},{"enlace":"https:\/\/empresite.eleconomista.es\/REPRESENTACIONES-SERVICIOS-REGARCA.html"},{"enlace":"https:\/\/empresite.eleconomista.es\/CELL-SOLE.html"},{"enlace":"https:\/\/empresite.eleconomista.es\/IGNIFUGADOS-IDELLA.html"},{"enlace":"https:\/\/empresite.eleconomista.es\/METALICAS-MIRALLES.html"},{"enlace":"https:\/\/empresite.eleconomista.es\/MECANIZADOS-MARTINEZ-GARCIA.html"},{"enlace":"https:\/\/empresite.eleconomista.es\/TALLERES-VILLEGAS.html"},{"enlace":"https:\/\/empresite.eleconomista.es\/ELEVADORES-SISTEMAS-COSTABLANCA.html"},{"enlace":"https:\/\/empresite.eleconomista.es\/JIGAUTO-ASPE.html"},{"enlace":"https:\/\/empresite.eleconomista.es\/ESPECIALIDADES-QUIMICAS-COSTA-AZUL.html"},{"enlace":"https:\/\/empresite.eleconomista.es\/ALANCA-SOLAR.html"},{"enlace":"https:\/\/empresite.eleconomista.es\/RECICLAJES-BUGATTI.html"}]