[{"enlace":"https:\/\/empresite.eleconomista.es\/PROVALGRAF.html"},{"enlace":"https:\/\/empresite.eleconomista.es\/PAQUEVI-VALENCIA.html"},{"enlace":"https:\/\/empresite.eleconomista.es\/PIXEL-GESTION-OPERATIVA.html"},{"enlace":"https:\/\/empresite.eleconomista.es\/ASISTENCIA-SOCIAL-DISCAPACITADO.html"},{"enlace":"https:\/\/empresite.eleconomista.es\/MAR-PRODET.html"},{"enlace":"https:\/\/empresite.eleconomista.es\/EMPDENT.html"},{"enlace":"https:\/\/empresite.eleconomista.es\/DRAGADOS-TECSA-EMPRESA-CONSTRUCTORA-COBRA-INSTALACIONES-SERVICIOS-ESPANOLA-MONTAJES-INDUSTRIALES-UTE-VALENCIA-CASTELLON.html"},{"enlace":"https:\/\/empresite.eleconomista.es\/ALNACE-PROMOTORES-INCISA-INFRAESTRUCTURAS-CIVILES-INDUSTRIALES-SERVICIOS-UTE-II-LEY-181982.html"},{"enlace":"https:\/\/empresite.eleconomista.es\/SERVICIOS-INTEGRALES-LUCEMAR.html"},{"enlace":"https:\/\/empresite.eleconomista.es\/FAITH-AND-WORK.html"},{"enlace":"https:\/\/empresite.eleconomista.es\/ECO-REGENERACION.html"},{"enlace":"https:\/\/empresite.eleconomista.es\/SUEPISA-SAFETY-WORK.html"},{"enlace":"https:\/\/empresite.eleconomista.es\/SUMEDEX.html"},{"enlace":"https:\/\/empresite.eleconomista.es\/CRIS-ADAM.html"},{"enlace":"https:\/\/empresite.eleconomista.es\/UNETCOM-APLICACIONES-INFORMATICAS.html"},{"enlace":"https:\/\/empresite.eleconomista.es\/INVACARE.html"},{"enlace":"https:\/\/empresite.eleconomista.es\/PANAVALE.html"},{"enlace":"https:\/\/empresite.eleconomista.es\/GERMANIA-INSTALACIONES-SERVICIOS-ATIL-COBRA-ROCHINA-UTE-MECANICAS-9-OCTUBRE-LEY-181982.html"},{"enlace":"https:\/\/empresite.eleconomista.es\/GERMANIA-INSTALACIONES-SERVICIOS.html"},{"enlace":"https:\/\/empresite.eleconomista.es\/MONTAJES-ELECTRICOS-PEDRO-PARRA.html"},{"enlace":"https:\/\/empresite.eleconomista.es\/INSTALACIONES-ELECTRICAS-GILSA.html"},{"enlace":"https:\/\/empresite.eleconomista.es\/INSTALACIONES-ESPECIALES-TC-2000.html"},{"enlace":"https:\/\/empresite.eleconomista.es\/ELECTRO-BB.html"},{"enlace":"https:\/\/empresite.eleconomista.es\/UNILIMP.html"},{"enlace":"https:\/\/empresite.eleconomista.es\/MONTAJES-ELECTRICOS-MONTES.html"},{"enlace":"https:\/\/empresite.eleconomista.es\/SABIMAR-INTEGRAL-SERVICE.html"},{"enlace":"https:\/\/empresite.eleconomista.es\/ELECTRICIDAD-G-GUARDIOLA.html"},{"enlace":"https:\/\/empresite.eleconomista.es\/MAVAINSA.html"},{"enlace":"https:\/\/empresite.eleconomista.es\/RECIVOLTAM.html"},{"enlace":"https:\/\/empresite.eleconomista.es\/ENGINYERIA-D-APLICACIONS-ENERGETIQUES.html"}]