[{"enlace":"https:\/\/empresite.eleconomista.es\/DISENOS-ELECTROTECNICOS-AUTOMATIZACION.html"},{"enlace":"https:\/\/empresite.eleconomista.es\/GARCELA.html"},{"enlace":"https:\/\/empresite.eleconomista.es\/POWERKEY-SINERGIAS.html"},{"enlace":"https:\/\/empresite.eleconomista.es\/SANCHEZ-CAYUELAS.html"},{"enlace":"https:\/\/empresite.eleconomista.es\/SELLER-CENTER-21.html"},{"enlace":"https:\/\/empresite.eleconomista.es\/REALIDAD-CAMBIANTE.html"},{"enlace":"https:\/\/empresite.eleconomista.es\/METALICAS-ELCHE.html"},{"enlace":"https:\/\/empresite.eleconomista.es\/METALESYCOBRE-GRALLA.html"},{"enlace":"https:\/\/empresite.eleconomista.es\/MECATEC-IBERIA.html"},{"enlace":"https:\/\/empresite.eleconomista.es\/ARONSA-SOLUCIONES-TECNICAS.html"},{"enlace":"https:\/\/empresite.eleconomista.es\/ALFACAM-SISTEMAS.html"},{"enlace":"https:\/\/empresite.eleconomista.es\/ASTRALICANTE.html"},{"enlace":"https:\/\/empresite.eleconomista.es\/MIKE-LOCKS.html"},{"enlace":"https:\/\/empresite.eleconomista.es\/SKINSOLES.html"},{"enlace":"https:\/\/empresite.eleconomista.es\/CARPINTERIA-METALICA-CERRAJERIA-ELS-FERRERS.html"},{"enlace":"https:\/\/empresite.eleconomista.es\/ADAFOR-CONSULTORIA-EMPRESARIAL.html"},{"enlace":"https:\/\/empresite.eleconomista.es\/EVO-QUIMICA.html"},{"enlace":"https:\/\/empresite.eleconomista.es\/CENTER-DELX.html"},{"enlace":"https:\/\/empresite.eleconomista.es\/BUNY-2010.html"},{"enlace":"https:\/\/empresite.eleconomista.es\/WIENZON-MARBLE.html"},{"enlace":"https:\/\/empresite.eleconomista.es\/EUROMIRI.html"},{"enlace":"https:\/\/empresite.eleconomista.es\/RECOGIDA-RESIDUOS-ECOLEVANTE.html"},{"enlace":"https:\/\/empresite.eleconomista.es\/TECNICA-ILICITANA-POLIMEROS.html"},{"enlace":"https:\/\/empresite.eleconomista.es\/VITECCIOS.html"},{"enlace":"https:\/\/empresite.eleconomista.es\/LEVANTINA-SUELAS-TACONES.html"},{"enlace":"https:\/\/empresite.eleconomista.es\/MARMOLES-NOGUERA.html"},{"enlace":"https:\/\/empresite.eleconomista.es\/RUNTRUCK-INDUSTRIAL.html"},{"enlace":"https:\/\/empresite.eleconomista.es\/ALUMIELX-2007.html"},{"enlace":"https:\/\/empresite.eleconomista.es\/SPASS-ENERGETICA.html"},{"enlace":"https:\/\/empresite.eleconomista.es\/BOXI-COSTACALIDA.html"}]