[{"enlace":"https:\/\/empresite.eleconomista.es\/INTEGRAL-VALENCIANA-SERVICIOS-ELECTRICOS.html"},{"enlace":"https:\/\/empresite.eleconomista.es\/GREMA-SUMINISTROS.html"},{"enlace":"https:\/\/empresite.eleconomista.es\/MONTAJES-ELECTRICOS-SANTIAGO-LOPEZ-SANCHEZ.html"},{"enlace":"https:\/\/empresite.eleconomista.es\/MAROMED-TINTAS-SUMINISTROS.html"},{"enlace":"https:\/\/empresite.eleconomista.es\/MEDITERRANEA-COMERCIO-SUMINISTROS.html"},{"enlace":"https:\/\/empresite.eleconomista.es\/SUMINISTROS-UNIFORMES-MSP.html"},{"enlace":"https:\/\/empresite.eleconomista.es\/SUMINISTROS-CARPINTERIA-EX-TRU.html"},{"enlace":"https:\/\/empresite.eleconomista.es\/INAREJOS-SUMINISTROS-CARNICOS.html"},{"enlace":"https:\/\/empresite.eleconomista.es\/SUMINISTROS-MANTENIMIENTOS-INTEGRALES.html"},{"enlace":"https:\/\/empresite.eleconomista.es\/GOTOR-SUMINISTROS-INDUSTRIALES.html"},{"enlace":"https:\/\/empresite.eleconomista.es\/DEX-LEVANTE.html"},{"enlace":"https:\/\/empresite.eleconomista.es\/CATOME.html"},{"enlace":"https:\/\/empresite.eleconomista.es\/VALSUHE.html"},{"enlace":"https:\/\/empresite.eleconomista.es\/NUEVAS-PROPUESTAS-GANADERAS.html"}]