[{"enlace":"https:\/\/empresite.eleconomista.es\/FERSITES.html"},{"enlace":"https:\/\/empresite.eleconomista.es\/TALLERES-TADECA.html"},{"enlace":"https:\/\/empresite.eleconomista.es\/INMOBILIARIA-PLA-ALCES.html"},{"enlace":"https:\/\/empresite.eleconomista.es\/MAVER-2000.html"},{"enlace":"https:\/\/empresite.eleconomista.es\/INVERSIONES-INMOBILIARIAS-TOGIESPO.html"},{"enlace":"https:\/\/empresite.eleconomista.es\/BOX-SYSTEM.html"},{"enlace":"https:\/\/empresite.eleconomista.es\/CONSTRUCCIONES-MICO-FERRANDIZ.html"},{"enlace":"https:\/\/empresite.eleconomista.es\/ONTIMAR-LEVANTE.html"},{"enlace":"https:\/\/empresite.eleconomista.es\/RECIFRAN-HIJOS.html"},{"enlace":"https:\/\/empresite.eleconomista.es\/RECICAMPS.html"},{"enlace":"https:\/\/empresite.eleconomista.es\/IRCAR-INVESTIGACION-DESARROLLO.html"},{"enlace":"https:\/\/empresite.eleconomista.es\/GAF-INVESTMENTS-ENERGY.html"},{"enlace":"https:\/\/empresite.eleconomista.es\/CONCEPTIC.html"},{"enlace":"https:\/\/empresite.eleconomista.es\/TU-DECIDIXES.html"},{"enlace":"https:\/\/empresite.eleconomista.es\/AGRICOLA-SOLAR-ALCOCEBER.html"},{"enlace":"https:\/\/empresite.eleconomista.es\/CONSTRUCCION-COMPLETA-MARME-XXI.html"},{"enlace":"https:\/\/empresite.eleconomista.es\/ESTUDIO-INTRO.html"},{"enlace":"https:\/\/empresite.eleconomista.es\/INSTITUTO-FORMACION-KEYHOLE.html"},{"enlace":"https:\/\/empresite.eleconomista.es\/INDUFLEC.html"},{"enlace":"https:\/\/empresite.eleconomista.es\/PRENVES-PLASTICS.html"},{"enlace":"https:\/\/empresite.eleconomista.es\/COSTA-RECYCLING.html"},{"enlace":"https:\/\/empresite.eleconomista.es\/COMPANIA-ENERGETICA-BARRAGUA.html"},{"enlace":"https:\/\/empresite.eleconomista.es\/FINESTRES-FERCU.html"},{"enlace":"https:\/\/empresite.eleconomista.es\/SERVICIOS-APLICACIONES-RIBERA.html"},{"enlace":"https:\/\/empresite.eleconomista.es\/CARMINA-CONFECCIONES.html"},{"enlace":"https:\/\/empresite.eleconomista.es\/DELGADO-RENOVABLES.html"},{"enlace":"https:\/\/empresite.eleconomista.es\/VIMISA-95.html"},{"enlace":"https:\/\/empresite.eleconomista.es\/ALUMA-PERFILERIA-TECNICA.html"},{"enlace":"https:\/\/empresite.eleconomista.es\/ELOSEGUI-SOLAR.html"},{"enlace":"https:\/\/empresite.eleconomista.es\/PUNT-07-SERVICIOS-ELECTRONICA.html"}]