[{"enlace":"https:\/\/empresite.eleconomista.es\/PROMOCIONES-RODALET.html"},{"enlace":"https:\/\/empresite.eleconomista.es\/ADIN-ETANA.html"},{"enlace":"https:\/\/empresite.eleconomista.es\/INSANVI.html"},{"enlace":"https:\/\/empresite.eleconomista.es\/DECORACIONES-ANSAR.html"},{"enlace":"https:\/\/empresite.eleconomista.es\/GESTION-INMOBILIARIA-LUCENTUM.html"},{"enlace":"https:\/\/empresite.eleconomista.es\/MARTCRIS-2005.html"},{"enlace":"https:\/\/empresite.eleconomista.es\/SURESTE-CARRETILLAS.html"},{"enlace":"https:\/\/empresite.eleconomista.es\/EFFTERSSON.html"},{"enlace":"https:\/\/empresite.eleconomista.es\/LUCENTUM-CARPINTEROS.html"},{"enlace":"https:\/\/empresite.eleconomista.es\/PROMAS-BLANCO.html"},{"enlace":"https:\/\/empresite.eleconomista.es\/COMERCIAL-ENVASES-ARACIL.html"},{"enlace":"https:\/\/empresite.eleconomista.es\/GRUPO-CONSTRUCCIONES-VIDAL-LEYLA.html"},{"enlace":"https:\/\/empresite.eleconomista.es\/CYG-DESARROLLOS-INTEGRALES.html"},{"enlace":"https:\/\/empresite.eleconomista.es\/PROMOCION-INMUEBLES-OLIVA-MAR.html"},{"enlace":"https:\/\/empresite.eleconomista.es\/GRUPO-PROMOTOR-SIRVENT-LLAMAS-HERMANOS.html"},{"enlace":"https:\/\/empresite.eleconomista.es\/FRANCISCO-BEDMAR-LAFUENTE.html"},{"enlace":"https:\/\/empresite.eleconomista.es\/ALTAE-LEVANTE.html"},{"enlace":"https:\/\/empresite.eleconomista.es\/POLIPANEL.html"},{"enlace":"https:\/\/empresite.eleconomista.es\/RECUPERACIONES-ATALAYAS.html"},{"enlace":"https:\/\/empresite.eleconomista.es\/VERDEPADEL.html"},{"enlace":"https:\/\/empresite.eleconomista.es\/ECOM-PADEL-CLUB.html"},{"enlace":"https:\/\/empresite.eleconomista.es\/CONSTRUCCIONES-ESTRELLA-ALICANTE.html"},{"enlace":"https:\/\/empresite.eleconomista.es\/RESIN-SYSTEM.html"},{"enlace":"https:\/\/empresite.eleconomista.es\/UNIVERSAL-CARPAS.html"},{"enlace":"https:\/\/empresite.eleconomista.es\/ESTRUCTURAS-HERMESAN.html"},{"enlace":"https:\/\/empresite.eleconomista.es\/SKALACREST.html"},{"enlace":"https:\/\/empresite.eleconomista.es\/MONTAJES-GIL-TENDERO.html"},{"enlace":"https:\/\/empresite.eleconomista.es\/FIBINSA-INGENIEROS.html"},{"enlace":"https:\/\/empresite.eleconomista.es\/NOVATION-URBANA.html"},{"enlace":"https:\/\/empresite.eleconomista.es\/ACUACLIMA-LEVANTE.html"}]