[{"enlace":"https:\/\/empresite.eleconomista.es\/BOLINCHES-EXCAVACIONES-INDUSTRIALES.html"},{"enlace":"https:\/\/empresite.eleconomista.es\/ASPIRACIONES-INDUSTRIALES-VALENCIA.html"},{"enlace":"https:\/\/empresite.eleconomista.es\/EMPRESAS-COMERCIALES-INDUSTRIALES-VALENCIANAS.html"},{"enlace":"https:\/\/empresite.eleconomista.es\/BAITEC-SERVICIOS-INDUSTRIALES.html"},{"enlace":"https:\/\/empresite.eleconomista.es\/LOGISTICA-SERVICIOS-COMPLEJOS-INDUSTRIALES.html"},{"enlace":"https:\/\/empresite.eleconomista.es\/INDUSTRIALES-CERRAMIENTOS-VALENCIANOS.html"},{"enlace":"https:\/\/empresite.eleconomista.es\/VEHICULOS-INDUSTRIALES-LAFUENTE.html"},{"enlace":"https:\/\/empresite.eleconomista.es\/ALCOZA-SOLUCIONES-INDUSTRIALES.html"},{"enlace":"https:\/\/empresite.eleconomista.es\/RECAMBIOS-INDUSTRIALES-NEUMATICOS.html"},{"enlace":"https:\/\/empresite.eleconomista.es\/ADSALER-INGENIERIA-CONTROLES-INDUSTRIALES.html"},{"enlace":"https:\/\/empresite.eleconomista.es\/COLTECH-SISTEMAS-INDUSTRIALES.html"},{"enlace":"https:\/\/empresite.eleconomista.es\/UNIFORMES-INDUSTRIALES-VALENCIA.html"},{"enlace":"https:\/\/empresite.eleconomista.es\/MONTAJES-INDUSTRIALES-ACERNOX.html"},{"enlace":"https:\/\/empresite.eleconomista.es\/ALAQUAS-INVERSIONES-INDUSTRIALES.html"},{"enlace":"https:\/\/empresite.eleconomista.es\/EQUIPAMIENTOS-INDUSTRIALES-ENERGETICOS.html"},{"enlace":"https:\/\/empresite.eleconomista.es\/MONTAJES-INDUSTRIALES-MONTUSOL.html"},{"enlace":"https:\/\/empresite.eleconomista.es\/MANTENIMIENTOS-INDUSTRIALES-VALENCIA.html"},{"enlace":"https:\/\/empresite.eleconomista.es\/INDUSTRIALES-PELUQUEROS-VALENCIANA.html"},{"enlace":"https:\/\/empresite.eleconomista.es\/BETERA-NAVES-INDUSTRIALES.html"},{"enlace":"https:\/\/empresite.eleconomista.es\/INVERSIONES-NAVES-INDUSTRIALES-TABAEN.html"},{"enlace":"https:\/\/empresite.eleconomista.es\/CYSA-TECNICAS-INDUSTRIALES.html"},{"enlace":"https:\/\/empresite.eleconomista.es\/HERZHAFT-PATRIMONIOS-URBANOS-INDUSTRIALES.html"},{"enlace":"https:\/\/empresite.eleconomista.es\/MIBER-INSTALACIONES-MONTAJES-INDUSTRIALES.html"},{"enlace":"https:\/\/empresite.eleconomista.es\/MPS-NAVES-INDUSTRIALES.html"},{"enlace":"https:\/\/empresite.eleconomista.es\/MONTAJES-INDUSTRIALES-VIAN.html"},{"enlace":"https:\/\/empresite.eleconomista.es\/PRODUCTOS-INDUSTRIALES-CARRETERO.html"},{"enlace":"https:\/\/empresite.eleconomista.es\/RIBETE-NAVES-INDUSTRIALES.html"},{"enlace":"https:\/\/empresite.eleconomista.es\/PARTICIPACIONES-INDUSTRIALES-SERVICIOS.html"},{"enlace":"https:\/\/empresite.eleconomista.es\/PAVIMENTOS-INDUSTRIALES-HORMIGON.html"},{"enlace":"https:\/\/empresite.eleconomista.es\/NAVARRETE-INGENIEROS-PROYECTOS-INDUSTRIALES.html"}]