[{"enlace":"https:\/\/empresite.eleconomista.es\/ELECTRODOMESTICOS-MIRA.html"},{"enlace":"https:\/\/empresite.eleconomista.es\/PALME-TEXTIL-BOBINADOS.html"},{"enlace":"https:\/\/empresite.eleconomista.es\/GRUAS-SANTA-CLARA.html"},{"enlace":"https:\/\/empresite.eleconomista.es\/ECAMERA.html"},{"enlace":"https:\/\/empresite.eleconomista.es\/GIMAHER-ELECTRICIDAD.html"},{"enlace":"https:\/\/empresite.eleconomista.es\/CREVILLENTE-INDUSTRIAL.html"},{"enlace":"https:\/\/empresite.eleconomista.es\/MOQUETAS-NANDO.html"},{"enlace":"https:\/\/empresite.eleconomista.es\/COSIDOS-RELANPAGO.html"},{"enlace":"https:\/\/empresite.eleconomista.es\/FORMULACION-DISTRIBUCION-ARGOS.html"},{"enlace":"https:\/\/empresite.eleconomista.es\/ECOLOGIC-PLANT.html"},{"enlace":"https:\/\/empresite.eleconomista.es\/HILADOS-AZNAR.html"},{"enlace":"https:\/\/empresite.eleconomista.es\/INFINITY-DOORS.html"},{"enlace":"https:\/\/empresite.eleconomista.es\/MANUFACTURAS-PREFABRICADAS-ELCHE.html"},{"enlace":"https:\/\/empresite.eleconomista.es\/SALMA-GROUP-2005.html"},{"enlace":"https:\/\/empresite.eleconomista.es\/JIJONA-RODRIGUEZ.html"},{"enlace":"https:\/\/empresite.eleconomista.es\/SAMARKANDA-IMPORT-EXPORT.html"},{"enlace":"https:\/\/empresite.eleconomista.es\/GRUPO-MAQUEMOL.html"},{"enlace":"https:\/\/empresite.eleconomista.es\/ADYPUR-TECNIC.html"},{"enlace":"https:\/\/empresite.eleconomista.es\/MOTOMECANICA-MIRIVAN.html"},{"enlace":"https:\/\/empresite.eleconomista.es\/TRENZADOS-FAMA.html"},{"enlace":"https:\/\/empresite.eleconomista.es\/BACKING-PRES.html"},{"enlace":"https:\/\/empresite.eleconomista.es\/AUXILIARES-MAES.html"},{"enlace":"https:\/\/empresite.eleconomista.es\/GONZALEZ-CANDELA-HERMANOS.html"},{"enlace":"https:\/\/empresite.eleconomista.es\/ACABADOS-NUEVA-TEX.html"},{"enlace":"https:\/\/empresite.eleconomista.es\/IMPERMEABILIZACIONES-BAIX-VINALOPO.html"},{"enlace":"https:\/\/empresite.eleconomista.es\/ELECTRICIDAD-CANDELA-FAJARDO.html"},{"enlace":"https:\/\/empresite.eleconomista.es\/METALIA-ESTRUCTURAS-METALICAS.html"},{"enlace":"https:\/\/empresite.eleconomista.es\/INADYP.html"},{"enlace":"https:\/\/empresite.eleconomista.es\/ALODA-INVERSIONES.html"},{"enlace":"https:\/\/empresite.eleconomista.es\/CREVIPUNT.html"}]