[{"enlace":"https:\/\/empresite.eleconomista.es\/GANDIPLAYA.html"},{"enlace":"https:\/\/empresite.eleconomista.es\/ORANGE-BLOSSOM-HOMES.html"},{"enlace":"https:\/\/empresite.eleconomista.es\/EVANICOP.html"},{"enlace":"https:\/\/empresite.eleconomista.es\/CUCART-PATRIMONIAL.html"},{"enlace":"https:\/\/empresite.eleconomista.es\/BRISAS-SAFOR-PROMOCIONES.html"},{"enlace":"https:\/\/empresite.eleconomista.es\/ROBLADAMA.html"},{"enlace":"https:\/\/empresite.eleconomista.es\/MOQUETAS-ORENGO.html"},{"enlace":"https:\/\/empresite.eleconomista.es\/MAR-SAFOR.html"},{"enlace":"https:\/\/empresite.eleconomista.es\/ENCAR-MAYSE.html"},{"enlace":"https:\/\/empresite.eleconomista.es\/INMOAVANTE-PROPERTIES.html"},{"enlace":"https:\/\/empresite.eleconomista.es\/PROMOCIONES-SANFELIX-MARTINEZ.html"},{"enlace":"https:\/\/empresite.eleconomista.es\/PROMOCIONES-LANUS.html"},{"enlace":"https:\/\/empresite.eleconomista.es\/SERVISES-RAYON-EXPORT.html"},{"enlace":"https:\/\/empresite.eleconomista.es\/JMB-DEVELOPMENT.html"},{"enlace":"https:\/\/empresite.eleconomista.es\/JMB-LEISURE.html"},{"enlace":"https:\/\/empresite.eleconomista.es\/BO-MAR-EUROROUTE.html"},{"enlace":"https:\/\/empresite.eleconomista.es\/QUADRES-DISSENY.html"},{"enlace":"https:\/\/empresite.eleconomista.es\/URBAMAR-CIA-OBRAS.html"},{"enlace":"https:\/\/empresite.eleconomista.es\/PROMOTORA-SOPAVI.html"},{"enlace":"https:\/\/empresite.eleconomista.es\/CONSTRUCCIONES-ELIDIO-VITORIA-MORA.html"},{"enlace":"https:\/\/empresite.eleconomista.es\/INGENIERIA-GESTION-VALENCIA.html"},{"enlace":"https:\/\/empresite.eleconomista.es\/MOBEL-KIT-ALCODAR.html"},{"enlace":"https:\/\/empresite.eleconomista.es\/CRISMEGO.html"},{"enlace":"https:\/\/empresite.eleconomista.es\/CONSTRUCCIONES-JUMARSAM.html"},{"enlace":"https:\/\/empresite.eleconomista.es\/AUSOLNATUR-SAFOR.html"},{"enlace":"https:\/\/empresite.eleconomista.es\/CARPINTERIA-CERVERA.html"},{"enlace":"https:\/\/empresite.eleconomista.es\/PROMOCIONES-TRICIA-ATRIUM.html"},{"enlace":"https:\/\/empresite.eleconomista.es\/MELERO-BELMONTE.html"},{"enlace":"https:\/\/empresite.eleconomista.es\/GONZALEZ-TOYMAR.html"},{"enlace":"https:\/\/empresite.eleconomista.es\/AUREBA-SERVICIOS-INMOBILIARIOS.html"}]