[{"enlace":"https:\/\/empresite.eleconomista.es\/JUEGOS-PERSEO.html"},{"enlace":"https:\/\/empresite.eleconomista.es\/ELECTRICAS-ZIRO.html"},{"enlace":"https:\/\/empresite.eleconomista.es\/ZENIA-CARS.html"},{"enlace":"https:\/\/empresite.eleconomista.es\/ESTACION-SERVICIO-TANQUE-ARNEVA.html"},{"enlace":"https:\/\/empresite.eleconomista.es\/OBRAS-LO-CAPITAN.html"},{"enlace":"https:\/\/empresite.eleconomista.es\/SPALECTRIC.html"},{"enlace":"https:\/\/empresite.eleconomista.es\/VEGA-BAJA-EQUIPOS-OFICINA.html"},{"enlace":"https:\/\/empresite.eleconomista.es\/CONTRATAS-MARCOS.html"},{"enlace":"https:\/\/empresite.eleconomista.es\/HERGUI-2000.html"},{"enlace":"https:\/\/empresite.eleconomista.es\/PROM-IRI-S-2000.html"},{"enlace":"https:\/\/empresite.eleconomista.es\/HIJOS-ANTONIO-PEREZ-CANOVAS.html"},{"enlace":"https:\/\/empresite.eleconomista.es\/CONSTRUCCIONES-CASECAN.html"},{"enlace":"https:\/\/empresite.eleconomista.es\/ESTRUCTURAS-DESAMPARADOS.html"},{"enlace":"https:\/\/empresite.eleconomista.es\/SYSTEMWARE.html"},{"enlace":"https:\/\/empresite.eleconomista.es\/DECOREHABILITAT7.html"},{"enlace":"https:\/\/empresite.eleconomista.es\/MERCATERRA.html"},{"enlace":"https:\/\/empresite.eleconomista.es\/LOESPAMA-MEDITERRANEO.html"},{"enlace":"https:\/\/empresite.eleconomista.es\/LLORSA-PEREZ.html"},{"enlace":"https:\/\/empresite.eleconomista.es\/COMERCIO-INTERNACIONAL-UPRATH.html"},{"enlace":"https:\/\/empresite.eleconomista.es\/RESIDUOS-SOLIDOS-ALVAREZ.html"},{"enlace":"https:\/\/empresite.eleconomista.es\/DISERCON-LEVANTE.html"},{"enlace":"https:\/\/empresite.eleconomista.es\/STALKO-HIERRO-ALUMINIO-CRISTAL.html"},{"enlace":"https:\/\/empresite.eleconomista.es\/DELTA-LIGTH.html"},{"enlace":"https:\/\/empresite.eleconomista.es\/JARDINES-SOUSA.html"},{"enlace":"https:\/\/empresite.eleconomista.es\/HERSILEC.html"},{"enlace":"https:\/\/empresite.eleconomista.es\/CAPEDEC.html"},{"enlace":"https:\/\/empresite.eleconomista.es\/HOSTELERIA-DEHESA-CAMPOAMOR.html"},{"enlace":"https:\/\/empresite.eleconomista.es\/PROMOCIONES-ZENEPROM.html"},{"enlace":"https:\/\/empresite.eleconomista.es\/CONSTRUCCIONES-RAPESAN.html"},{"enlace":"https:\/\/empresite.eleconomista.es\/CARPINTERIA-METALICA-JARAYBAS.html"}]