[{"enlace":"https:\/\/empresite.eleconomista.es\/GODESPAL.html"},{"enlace":"https:\/\/empresite.eleconomista.es\/CONCORCUE.html"},{"enlace":"https:\/\/empresite.eleconomista.es\/MAURANDA-98.html"},{"enlace":"https:\/\/empresite.eleconomista.es\/MAS-ENERGIA-HABITAT.html"},{"enlace":"https:\/\/empresite.eleconomista.es\/MATINE-ECO-EMPRESAS.html"},{"enlace":"https:\/\/empresite.eleconomista.es\/ARDUA-INTERMEDIARIA.html"},{"enlace":"https:\/\/empresite.eleconomista.es\/MONTAJES-COSTABLANCA.html"},{"enlace":"https:\/\/empresite.eleconomista.es\/INELPRI.html"},{"enlace":"https:\/\/empresite.eleconomista.es\/ALUMINIO-ANDES.html"},{"enlace":"https:\/\/empresite.eleconomista.es\/TECNIVENT-CLIMA.html"},{"enlace":"https:\/\/empresite.eleconomista.es\/ALISCLIBARA.html"},{"enlace":"https:\/\/empresite.eleconomista.es\/TALEB-HERNANDEZ.html"},{"enlace":"https:\/\/empresite.eleconomista.es\/SOLMETX-ENERGY.html"},{"enlace":"https:\/\/empresite.eleconomista.es\/REBEREFORM.html"},{"enlace":"https:\/\/empresite.eleconomista.es\/FONTANERIA-BENIMAR.html"},{"enlace":"https:\/\/empresite.eleconomista.es\/SERGEI-DISTRIBUZIONI.html"},{"enlace":"https:\/\/empresite.eleconomista.es\/EVALIA-ENTERPRISING.html"},{"enlace":"https:\/\/empresite.eleconomista.es\/SERVICIOS-OBRAS-JOSEBA.html"},{"enlace":"https:\/\/empresite.eleconomista.es\/KATEDRA-ARQUITECTURA.html"},{"enlace":"https:\/\/empresite.eleconomista.es\/BENIASTUR.html"},{"enlace":"https:\/\/empresite.eleconomista.es\/VIDRIOS-ALUMINIOS-CRYSTALMAR.html"},{"enlace":"https:\/\/empresite.eleconomista.es\/MARE-NOSTRUM-GROUP-IMPORT-EXPORT.html"},{"enlace":"https:\/\/empresite.eleconomista.es\/SAN-MIGUEL-GROUP-MEDITERRANEO.html"},{"enlace":"https:\/\/empresite.eleconomista.es\/SERVICIOS-INTEGRALES-PALMERA.html"},{"enlace":"https:\/\/empresite.eleconomista.es\/DISTRIBUCIONES-HOSTELERAS-ABINZAN0-HERMANOS.html"},{"enlace":"https:\/\/empresite.eleconomista.es\/FVSOLAR-OPERACION-MANTENIMIENTO.html"},{"enlace":"https:\/\/empresite.eleconomista.es\/MUNOZ-SANCHEZ-ESPERANZA-002152588C-SLNE.html"},{"enlace":"https:\/\/empresite.eleconomista.es\/WH-ENERGIA.html"},{"enlace":"https:\/\/empresite.eleconomista.es\/FIESTA-PARK.html"},{"enlace":"https:\/\/empresite.eleconomista.es\/NONDIDIOU.html"}]