[{"enlace":"https:\/\/empresite.eleconomista.es\/SUMINISTROS-AGRICOLAS-ROSALINA-CORPORACION.html"},{"enlace":"https:\/\/empresite.eleconomista.es\/OFIPRO-SUMINISTROS-PAPELERIA.html"},{"enlace":"https:\/\/empresite.eleconomista.es\/SUMINISTROS-CARNICOS-JUANES.html"},{"enlace":"https:\/\/empresite.eleconomista.es\/SUMINISTROS-INTEGRALES-CONSULTING.html"},{"enlace":"https:\/\/empresite.eleconomista.es\/SUMINISTROS-GENERALES-BANATA.html"},{"enlace":"https:\/\/empresite.eleconomista.es\/VALENCIANA-CUCHILLAS-INDUSTRIALES-REAFILADOS-2015.html"},{"enlace":"https:\/\/empresite.eleconomista.es\/SUCONSA-SUMINISTROS-PARA-CONSTRUCCION-SANEAMIENTO.html"},{"enlace":"https:\/\/empresite.eleconomista.es\/HYDRA-POWER.html"},{"enlace":"https:\/\/empresite.eleconomista.es\/MIARCO-VALENCIA.html"},{"enlace":"https:\/\/empresite.eleconomista.es\/CONMUTA-SOLUCIONES.html"},{"enlace":"https:\/\/empresite.eleconomista.es\/ARAUNA-LEVANTE-XXI.html"},{"enlace":"https:\/\/empresite.eleconomista.es\/SEDESA-OBRAS-SERVICIOS-MONTAJES-INDUSTRIALES-PRAMAR-UTE-LEY-181982.html"},{"enlace":"https:\/\/empresite.eleconomista.es\/CONTAVAL-AUTOMATISMOS-COMPONENTES-ELECTRONICOS.html"},{"enlace":"https:\/\/empresite.eleconomista.es\/TECHOS-MUNOZ-ARNAU-VALENCIA.html"},{"enlace":"https:\/\/empresite.eleconomista.es\/CC-INTERLABORA-LEVANTE.html"},{"enlace":"https:\/\/empresite.eleconomista.es\/CHESTE-GAS.html"},{"enlace":"https:\/\/empresite.eleconomista.es\/LOVAMA-LOGISTICA.html"},{"enlace":"https:\/\/empresite.eleconomista.es\/COMERCIAL-MAPROHELCO.html"},{"enlace":"https:\/\/empresite.eleconomista.es\/KUATRO-CARPETS.html"},{"enlace":"https:\/\/empresite.eleconomista.es\/INTERTRONIC-INTERNACIONAL.html"},{"enlace":"https:\/\/empresite.eleconomista.es\/EXETOOL.html"},{"enlace":"https:\/\/empresite.eleconomista.es\/STIL-ROBER.html"},{"enlace":"https:\/\/empresite.eleconomista.es\/HIDRAGIM-SUMINISTRES.html"},{"enlace":"https:\/\/empresite.eleconomista.es\/GREGAL-SOLUCIONES-INFORMATICAS.html"},{"enlace":"https:\/\/empresite.eleconomista.es\/MONTAJE-ELEVADORES-SANTIAGO-CASTILLO.html"},{"enlace":"https:\/\/empresite.eleconomista.es\/BERTEC-SOLUCIONES.html"},{"enlace":"https:\/\/empresite.eleconomista.es\/GLOOMAN-WORLD.html"},{"enlace":"https:\/\/empresite.eleconomista.es\/INNOVE-VERDA.html"},{"enlace":"https:\/\/empresite.eleconomista.es\/CONSTRUCCIONES-VENTO-SCL.html"},{"enlace":"https:\/\/empresite.eleconomista.es\/PROYING-XXI-INGENIERIA.html"}]