[{"enlace":"https:\/\/empresite.eleconomista.es\/ALEACIONES-FUNDIDOS-HM.html"},{"enlace":"https:\/\/empresite.eleconomista.es\/NT-COPY-SISTEMS.html"},{"enlace":"https:\/\/empresite.eleconomista.es\/CODETEX.html"},{"enlace":"https:\/\/empresite.eleconomista.es\/ELECTRICIDAD-R-FRANCES.html"},{"enlace":"https:\/\/empresite.eleconomista.es\/GRUPO-JOGARVIAL.html"},{"enlace":"https:\/\/empresite.eleconomista.es\/URDIDOS-GISBERT-RUBIO.html"},{"enlace":"https:\/\/empresite.eleconomista.es\/PRODUCCIONES-KRONOS.html"},{"enlace":"https:\/\/empresite.eleconomista.es\/ALCOI-MECANICS.html"},{"enlace":"https:\/\/empresite.eleconomista.es\/HANDY-SHOPPING.html"},{"enlace":"https:\/\/empresite.eleconomista.es\/CRISTAL-ALUMINIO-GIRONES.html"},{"enlace":"https:\/\/empresite.eleconomista.es\/HERMANOS-CANETE-SANCHEZ.html"}]