[{"enlace":"https:\/\/empresite.eleconomista.es\/IMYECA.html"},{"enlace":"https:\/\/empresite.eleconomista.es\/INYECTADOS-MINI.html"},{"enlace":"https:\/\/empresite.eleconomista.es\/ACUPUNTURE.html"},{"enlace":"https:\/\/empresite.eleconomista.es\/TALLERES-CANO-MEDINA.html"},{"enlace":"https:\/\/empresite.eleconomista.es\/MONTAJES-ELECTRICOS-ASPE.html"},{"enlace":"https:\/\/empresite.eleconomista.es\/ALUMINIOS-SURESTE.html"},{"enlace":"https:\/\/empresite.eleconomista.es\/TRADE-ALACANT.html"},{"enlace":"https:\/\/empresite.eleconomista.es\/LIBERTY-SUELAS.html"},{"enlace":"https:\/\/empresite.eleconomista.es\/ESPECIALIDADES-QUIMICAS-COSTA-BLANCA.html"},{"enlace":"https:\/\/empresite.eleconomista.es\/INSTALACIONES-ELECTRICAS-AMELEC.html"},{"enlace":"https:\/\/empresite.eleconomista.es\/PLASTICOS-ADE.html"},{"enlace":"https:\/\/empresite.eleconomista.es\/SEYSECO.html"},{"enlace":"https:\/\/empresite.eleconomista.es\/J-MIL-REALES.html"},{"enlace":"https:\/\/empresite.eleconomista.es\/LACADOS-ALLO.html"},{"enlace":"https:\/\/empresite.eleconomista.es\/TECNOBOX-ELECTROMECANICA.html"},{"enlace":"https:\/\/empresite.eleconomista.es\/WATER-GATES.html"},{"enlace":"https:\/\/empresite.eleconomista.es\/CONSTRUCCIONES-PORTICADA.html"},{"enlace":"https:\/\/empresite.eleconomista.es\/DISTRIBUCIONES-GEA.html"},{"enlace":"https:\/\/empresite.eleconomista.es\/TROQUELADOS-ROSENDO.html"},{"enlace":"https:\/\/empresite.eleconomista.es\/ALUMINIOS-ENRI.html"},{"enlace":"https:\/\/empresite.eleconomista.es\/SERALPLAS.html"},{"enlace":"https:\/\/empresite.eleconomista.es\/VIMAR-ELECTRICIDAD.html"},{"enlace":"https:\/\/empresite.eleconomista.es\/PRONUSEFA.html"},{"enlace":"https:\/\/empresite.eleconomista.es\/PROMO-URBA-GOPER.html"},{"enlace":"https:\/\/empresite.eleconomista.es\/FRANISEC.html"},{"enlace":"https:\/\/empresite.eleconomista.es\/VULGALIA.html"},{"enlace":"https:\/\/empresite.eleconomista.es\/LITOGRAFIADOS-ELIG.html"},{"enlace":"https:\/\/empresite.eleconomista.es\/MORA-TRADING.html"},{"enlace":"https:\/\/empresite.eleconomista.es\/MONZON-HIJOS.html"},{"enlace":"https:\/\/empresite.eleconomista.es\/CHINALES-ILUMINACION.html"}]