[{"enlace":"https:\/\/empresite.eleconomista.es\/ELECTRICIDAD-SELLES.html"},{"enlace":"https:\/\/empresite.eleconomista.es\/BORRANO-ELECTRICIDAD.html"},{"enlace":"https:\/\/empresite.eleconomista.es\/LLOIXA-ELECTRICIDAD.html"},{"enlace":"https:\/\/empresite.eleconomista.es\/ELECTRICIDAD-GM.html"},{"enlace":"https:\/\/empresite.eleconomista.es\/ELECTRICIDAD-BELMAR.html"},{"enlace":"https:\/\/empresite.eleconomista.es\/ELECTRICIDAD-SERVICIOS-NEW-BAN.html"},{"enlace":"https:\/\/empresite.eleconomista.es\/INSTALACIONES-ELECTRICAS-BROCAL.html"}]