[{"enlace":"https:\/\/empresite.eleconomista.es\/AUTOMATICOS-SANTA-ANA.html"},{"enlace":"https:\/\/empresite.eleconomista.es\/NOVELTRAC.html"},{"enlace":"https:\/\/empresite.eleconomista.es\/ELECTRICIDAD-MANPE.html"},{"enlace":"https:\/\/empresite.eleconomista.es\/NIJUMA-HERMANOS.html"},{"enlace":"https:\/\/empresite.eleconomista.es\/NOVELDIESEL.html"},{"enlace":"https:\/\/empresite.eleconomista.es\/NUEVOMARMOL-TALLER-MARMOLES-GRANITOS.html"},{"enlace":"https:\/\/empresite.eleconomista.es\/GEINSPA-2000.html"},{"enlace":"https:\/\/empresite.eleconomista.es\/ASISTENCIA-ROBLES.html"},{"enlace":"https:\/\/empresite.eleconomista.es\/SAAHTE-MARBLES-GRANITE.html"},{"enlace":"https:\/\/empresite.eleconomista.es\/30X30-MARBLE.html"},{"enlace":"https:\/\/empresite.eleconomista.es\/ESTUCADOS-GOMEZ.html"},{"enlace":"https:\/\/empresite.eleconomista.es\/STONE-TRADE-CONSULTING.html"},{"enlace":"https:\/\/empresite.eleconomista.es\/MARBLE-FORUM.html"},{"enlace":"https:\/\/empresite.eleconomista.es\/AGRITEC-XXI.html"},{"enlace":"https:\/\/empresite.eleconomista.es\/MARMOLES-CUCUCH.html"},{"enlace":"https:\/\/empresite.eleconomista.es\/PIEDRAS-PRODUCTOS-SERVICIOS-AEREOS.html"},{"enlace":"https:\/\/empresite.eleconomista.es\/CARPINTERIA-GENERAL-PVC.html"},{"enlace":"https:\/\/empresite.eleconomista.es\/GRUPO-INDUSTRIAL-BEMPE.html"},{"enlace":"https:\/\/empresite.eleconomista.es\/MARMOLES-ALMOHADE.html"},{"enlace":"https:\/\/empresite.eleconomista.es\/HISPANA-GRANITOS-MARMOLES.html"},{"enlace":"https:\/\/empresite.eleconomista.es\/MARMOLES-BETANIA.html"},{"enlace":"https:\/\/empresite.eleconomista.es\/VALLE-MARMOL.html"},{"enlace":"https:\/\/empresite.eleconomista.es\/NATSTON.html"},{"enlace":"https:\/\/empresite.eleconomista.es\/GRANIMAR-LEVANTE.html"},{"enlace":"https:\/\/empresite.eleconomista.es\/TOCREMAR.html"},{"enlace":"https:\/\/empresite.eleconomista.es\/MADERAS-ENVASES-MEDITERRANEO.html"},{"enlace":"https:\/\/empresite.eleconomista.es\/RAMON-BERENGUER.html"},{"enlace":"https:\/\/empresite.eleconomista.es\/MARSAYE.html"},{"enlace":"https:\/\/empresite.eleconomista.es\/NAM-PROYECT.html"},{"enlace":"https:\/\/empresite.eleconomista.es\/AQUANOVEL-FONTANERIA.html"}]