[{"enlace":"https:\/\/empresite.eleconomista.es\/TPV-LEVANTE.html"},{"enlace":"https:\/\/empresite.eleconomista.es\/MAINEL-CONSTRUCCIONES-REFORMAS.html"},{"enlace":"https:\/\/empresite.eleconomista.es\/REPRODUCCIONES-INOXIDABLES.html"},{"enlace":"https:\/\/empresite.eleconomista.es\/SANCHIS-CLIMA.html"},{"enlace":"https:\/\/empresite.eleconomista.es\/MONTAJES-FABRICACION-CARPINTERIA-METALICA.html"},{"enlace":"https:\/\/empresite.eleconomista.es\/EURO-GREEN-ENERGY.html"},{"enlace":"https:\/\/empresite.eleconomista.es\/CLASICA-URBANA-RBE-CONSTRUCCIONES-OBRAS-PUBLICAS-UTE-LEY-181982.html"},{"enlace":"https:\/\/empresite.eleconomista.es\/BERNIA-OFICINA-TECNICA.html"},{"enlace":"https:\/\/empresite.eleconomista.es\/MURTA-MAR-96.html"},{"enlace":"https:\/\/empresite.eleconomista.es\/PINTURAS-MANUEL-CABRERIZO.html"},{"enlace":"https:\/\/empresite.eleconomista.es\/CARPINTERIA-METALICA-MONZONIS.html"},{"enlace":"https:\/\/empresite.eleconomista.es\/MUNTATGES-RIBERA-ELEVADORS.html"},{"enlace":"https:\/\/empresite.eleconomista.es\/CLASICA-URBANA.html"},{"enlace":"https:\/\/empresite.eleconomista.es\/GC-TECNICOS.html"},{"enlace":"https:\/\/empresite.eleconomista.es\/HANOI-IBERBUSINESS.html"},{"enlace":"https:\/\/empresite.eleconomista.es\/LARISA-CONSTRUMAT.html"},{"enlace":"https:\/\/empresite.eleconomista.es\/SABALO-THE-STEEL.html"},{"enlace":"https:\/\/empresite.eleconomista.es\/MAYR-MELNHOF-PACKAGING-IBERICA.html"},{"enlace":"https:\/\/empresite.eleconomista.es\/VERANDA-HOGAR.html"},{"enlace":"https:\/\/empresite.eleconomista.es\/INDUSTRIAS-QUIMICAS-BEPI.html"},{"enlace":"https:\/\/empresite.eleconomista.es\/CONSTRUCCIONES-ANDRES-GREGORIO.html"},{"enlace":"https:\/\/empresite.eleconomista.es\/GRUPO-JOAN-BOLUFER.html"},{"enlace":"https:\/\/empresite.eleconomista.es\/RECTIFICADOS-PELLICER.html"},{"enlace":"https:\/\/empresite.eleconomista.es\/SINAPSE-SERVICIOS-GENERALES.html"},{"enlace":"https:\/\/empresite.eleconomista.es\/ALZIRA-INSTALACIONES-ELECTRICAS.html"},{"enlace":"https:\/\/empresite.eleconomista.es\/ALZIHUECO.html"},{"enlace":"https:\/\/empresite.eleconomista.es\/ROMERO-NEUMATICOS.html"},{"enlace":"https:\/\/empresite.eleconomista.es\/HERRAJES-ALZIRA.html"},{"enlace":"https:\/\/empresite.eleconomista.es\/ALZIRA-INTERIORES.html"},{"enlace":"https:\/\/empresite.eleconomista.es\/MONSOLAR-TERMICA.html"}]