[{"enlace":"https:\/\/empresite.eleconomista.es\/COMERCIAL-INTEGRADA-RECURSOS-HUMANOS.html"},{"enlace":"https:\/\/empresite.eleconomista.es\/CONDUGAS-NAVARRO-MUNOZ.html"},{"enlace":"https:\/\/empresite.eleconomista.es\/GUERRERO-MANUTENCION.html"},{"enlace":"https:\/\/empresite.eleconomista.es\/MARMOLES-CAZORLA.html"},{"enlace":"https:\/\/empresite.eleconomista.es\/FRANCISCO-BENEDITO-MASO.html"},{"enlace":"https:\/\/empresite.eleconomista.es\/UTILPEREZ.html"},{"enlace":"https:\/\/empresite.eleconomista.es\/ELECTROTECNIA-BASTIDA.html"},{"enlace":"https:\/\/empresite.eleconomista.es\/SILVINO-OLIVER.html"},{"enlace":"https:\/\/empresite.eleconomista.es\/PAEVSA-VALENCIA.html"},{"enlace":"https:\/\/empresite.eleconomista.es\/ES-NOU-ACCES.html"},{"enlace":"https:\/\/empresite.eleconomista.es\/HIELOS-HUSKY.html"},{"enlace":"https:\/\/empresite.eleconomista.es\/ASTECOL-SOLAR.html"},{"enlace":"https:\/\/empresite.eleconomista.es\/INTEGRAL-BIOENERGIES-SYSTEMS-SALES-COMPANY.html"},{"enlace":"https:\/\/empresite.eleconomista.es\/CONDUCTOS-ALTES.html"},{"enlace":"https:\/\/empresite.eleconomista.es\/KONOR-HIGIENE.html"},{"enlace":"https:\/\/empresite.eleconomista.es\/INSTALACIONES-JEYFA.html"},{"enlace":"https:\/\/empresite.eleconomista.es\/TALLERES-PACO-MORENO.html"},{"enlace":"https:\/\/empresite.eleconomista.es\/MARBARCA-MATRICEROS.html"},{"enlace":"https:\/\/empresite.eleconomista.es\/RETROVAL-MAQUINARIA.html"},{"enlace":"https:\/\/empresite.eleconomista.es\/COLABORADORES-TECNOLOGICOS.html"},{"enlace":"https:\/\/empresite.eleconomista.es\/SOLUCIONES-METALICAS-HERMANOS-NUNEZ.html"},{"enlace":"https:\/\/empresite.eleconomista.es\/REFRIGERACION-PASCUAL.html"},{"enlace":"https:\/\/empresite.eleconomista.es\/APLICACIONES-NABRI.html"},{"enlace":"https:\/\/empresite.eleconomista.es\/MACRI-07-OBRAS-ESTRUCTURAS.html"},{"enlace":"https:\/\/empresite.eleconomista.es\/LIFRAM-OBJETIVOS.html"},{"enlace":"https:\/\/empresite.eleconomista.es\/CERRAJERIAS-HERMEL.html"},{"enlace":"https:\/\/empresite.eleconomista.es\/VERCHRIST.html"},{"enlace":"https:\/\/empresite.eleconomista.es\/OLIPLUS-SERVICIOS.html"},{"enlace":"https:\/\/empresite.eleconomista.es\/ALEMI.html"},{"enlace":"https:\/\/empresite.eleconomista.es\/NERI-46.html"}]