[{"enlace":"https:\/\/empresite.eleconomista.es\/CENTRE-INFORMATIC-OLIVA.html"},{"enlace":"https:\/\/empresite.eleconomista.es\/ANTONIO-MASQUEFA.html"},{"enlace":"https:\/\/empresite.eleconomista.es\/CONSTRUCCIONES-JECEYBO.html"},{"enlace":"https:\/\/empresite.eleconomista.es\/TORRECIM-2004.html"},{"enlace":"https:\/\/empresite.eleconomista.es\/PLANTA-RCD-S-CIUTAT-D-OLIVA.html"},{"enlace":"https:\/\/empresite.eleconomista.es\/CERRAJERIA-MIRPO.html"},{"enlace":"https:\/\/empresite.eleconomista.es\/INSTALACIONES-DEPORTIVAS-ARTIFICIAL-NATURAL.html"},{"enlace":"https:\/\/empresite.eleconomista.es\/OLIVA-MAR-NOVA-CONSTRUCCIO.html"},{"enlace":"https:\/\/empresite.eleconomista.es\/JOVICLIMA.html"},{"enlace":"https:\/\/empresite.eleconomista.es\/ABBEYRIDGE.html"},{"enlace":"https:\/\/empresite.eleconomista.es\/SAFOR-TRUCKS.html"},{"enlace":"https:\/\/empresite.eleconomista.es\/ELECTRIC-PYME-JP.html"},{"enlace":"https:\/\/empresite.eleconomista.es\/GRUPO-ESTENAVAL.html"},{"enlace":"https:\/\/empresite.eleconomista.es\/JUAN-LUIS-CRISTALEROS.html"},{"enlace":"https:\/\/empresite.eleconomista.es\/VALSEGRU.html"},{"enlace":"https:\/\/empresite.eleconomista.es\/LACADOS-SERRANO-MANO.html"},{"enlace":"https:\/\/empresite.eleconomista.es\/ELECTRICIDAD-TORRES-SAVALL.html"},{"enlace":"https:\/\/empresite.eleconomista.es\/VICENTE-FAUS.html"},{"enlace":"https:\/\/empresite.eleconomista.es\/SAN-FERNANDO-MULTISERVICIOS.html"},{"enlace":"https:\/\/empresite.eleconomista.es\/BENAMAR2002.html"},{"enlace":"https:\/\/empresite.eleconomista.es\/TOSAL-SERVICIOS-INTEGRALES.html"},{"enlace":"https:\/\/empresite.eleconomista.es\/GARFIOS-HERRERO.html"},{"enlace":"https:\/\/empresite.eleconomista.es\/ELECTRIC-NOMADE.html"},{"enlace":"https:\/\/empresite.eleconomista.es\/ALUMINIS-BALADRE.html"},{"enlace":"https:\/\/empresite.eleconomista.es\/LAVANDERIA-IRIS.html"},{"enlace":"https:\/\/empresite.eleconomista.es\/CONSTRUCCIONES-MAERMA-XXI.html"},{"enlace":"https:\/\/empresite.eleconomista.es\/BLAN-BLAU-S-XXI.html"},{"enlace":"https:\/\/empresite.eleconomista.es\/ALBA-FALGAS-COCA.html"},{"enlace":"https:\/\/empresite.eleconomista.es\/NETEGES-AVILO.html"},{"enlace":"https:\/\/empresite.eleconomista.es\/OMNI-SERVEIS-ELECTRICS.html"}]