[{"enlace":"https:\/\/empresite.eleconomista.es\/SUMINISTROS-ELECTRICOS-PARA-AUTOMOVILES.html"},{"enlace":"https:\/\/empresite.eleconomista.es\/SUMINISTROS-ELECTRICOS-FERSAN.html"},{"enlace":"https:\/\/empresite.eleconomista.es\/SUMINISTROS-ELECTRICOS-MAGNETICOS.html"},{"enlace":"https:\/\/empresite.eleconomista.es\/SUMINISTROS-ELECTRICOS-LLORENS.html"},{"enlace":"https:\/\/empresite.eleconomista.es\/SUMINISTROS-ELECTRICOS-RAFAEL-BUENO.html"},{"enlace":"https:\/\/empresite.eleconomista.es\/SUMINISTROS-APARATOS-ELECTRICOS-R-BUENO.html"},{"enlace":"https:\/\/empresite.eleconomista.es\/SISTEMAS-ELECTRICOS-VALENCIA-SIETE.html"},{"enlace":"https:\/\/empresite.eleconomista.es\/ELECTRICOS-ANTIDEFLAGRANTES-HERMANOS-PEREZ.html"},{"enlace":"https:\/\/empresite.eleconomista.es\/SUMINISTROS-ESPECIALIZADOS-TECNOLOGIA-INDUSTRIAL.html"},{"enlace":"https:\/\/empresite.eleconomista.es\/SUMINISTROS-GENERALES-FONTANERIA-SANEAMIENTO-GESA.html"},{"enlace":"https:\/\/empresite.eleconomista.es\/MONTAJES-ELECTRICOS-PEDRO-PARRA.html"},{"enlace":"https:\/\/empresite.eleconomista.es\/MONTAJES-ELECTRICOS-INGEMA.html"},{"enlace":"https:\/\/empresite.eleconomista.es\/SERTELEK-SERVICIOS-ELECTRICOS-TECNO.html"},{"enlace":"https:\/\/empresite.eleconomista.es\/QUINTAS-CONDUTORES-ELECTRICOS.html"},{"enlace":"https:\/\/empresite.eleconomista.es\/MACO-HERRAJES-ELECTRICOS.html"},{"enlace":"https:\/\/empresite.eleconomista.es\/ALECTRIC-PROFESIONALES-ELECTRICOS.html"},{"enlace":"https:\/\/empresite.eleconomista.es\/INNOVACION-DESARROLLOS-ELECTRICOS.html"},{"enlace":"https:\/\/empresite.eleconomista.es\/SISTEMAS-ELECTRICOS-VALENCIANOS.html"},{"enlace":"https:\/\/empresite.eleconomista.es\/SORVAL-SERVICIOS-ELECTRICOS.html"},{"enlace":"https:\/\/empresite.eleconomista.es\/SISTEMAS-ELECTRICOS-MEDITERRANEO.html"},{"enlace":"https:\/\/empresite.eleconomista.es\/CALESIS-SISTEMAS-ELECTRICOS.html"},{"enlace":"https:\/\/empresite.eleconomista.es\/MONTAJES-ELECTRICOS-ROMAYOR.html"},{"enlace":"https:\/\/empresite.eleconomista.es\/MONTAJES-ELECTRICOS-MARFER.html"},{"enlace":"https:\/\/empresite.eleconomista.es\/ALMACENES-ELECTRICOS-LEVANTE.html"},{"enlace":"https:\/\/empresite.eleconomista.es\/INSTALACIONES-MONTAJES-ELECTRICOS-GAUJOT.html"},{"enlace":"https:\/\/empresite.eleconomista.es\/MONTAJES-ELECTRICOS-GANDIA.html"},{"enlace":"https:\/\/empresite.eleconomista.es\/MONTAJES-TERMODINAMICOS-ELECTRICOS.html"},{"enlace":"https:\/\/empresite.eleconomista.es\/MONTAJES-ELECTRICOS-MASES.html"},{"enlace":"https:\/\/empresite.eleconomista.es\/VILLALBA-ACCESORIOS-ELECTRICOS.html"},{"enlace":"https:\/\/empresite.eleconomista.es\/CIH-ESTRUCTURAS-MANTENIMIENTOS-ELECTRICOS.html"}]