[{"enlace":"https:\/\/empresite.eleconomista.es\/3R-CONEXIA-GROUP.html"},{"enlace":"https:\/\/empresite.eleconomista.es\/AIDICO-NANO.html"},{"enlace":"https:\/\/empresite.eleconomista.es\/FOTOVOLTAICA-MONTESOL-TUEJAR-DOS.html"},{"enlace":"https:\/\/empresite.eleconomista.es\/FOTOVOLTAICA-MONTESOL-TUEJAR-VEINTICINCO.html"},{"enlace":"https:\/\/empresite.eleconomista.es\/FOTOVOLTAICA-MONTESOL-TUEJAR-VEINTIUNO.html"},{"enlace":"https:\/\/empresite.eleconomista.es\/FOTOVOLTAICA-MONTESOL-TUEJAR-TRECE.html"},{"enlace":"https:\/\/empresite.eleconomista.es\/PROVIMA-ASESORAMIENTO.html"},{"enlace":"https:\/\/empresite.eleconomista.es\/MONTESOL-CUBIERTAS-11.html"},{"enlace":"https:\/\/empresite.eleconomista.es\/HUERTO-FOTOVOLTAICO-MONTESOL.html"},{"enlace":"https:\/\/empresite.eleconomista.es\/PISCILIMP.html"},{"enlace":"https:\/\/empresite.eleconomista.es\/EUROMAT-AUTOMATIZACION.html"},{"enlace":"https:\/\/empresite.eleconomista.es\/DELDECOR-BLOCK.html"},{"enlace":"https:\/\/empresite.eleconomista.es\/SERMETAL-VALENCIA.html"},{"enlace":"https:\/\/empresite.eleconomista.es\/SERVIMARC-MULTISERVEIS.html"},{"enlace":"https:\/\/empresite.eleconomista.es\/INSTALACIONES-MANTENIMIENTO-MAQUINARIA-FRIO-INDUSTRIAL-ALBESA.html"},{"enlace":"https:\/\/empresite.eleconomista.es\/CRUISE-SERVICES-INTERNATIONAL-SPAIN.html"},{"enlace":"https:\/\/empresite.eleconomista.es\/TECNOLOGIA-DESINFECCION.html"},{"enlace":"https:\/\/empresite.eleconomista.es\/MIARCO-SUMA.html"},{"enlace":"https:\/\/empresite.eleconomista.es\/RENOVACLIMA.html"},{"enlace":"https:\/\/empresite.eleconomista.es\/CECAR-SERVICIOS-GENERALES.html"},{"enlace":"https:\/\/empresite.eleconomista.es\/CENTRO-SOLAR-BRAZOS.html"},{"enlace":"https:\/\/empresite.eleconomista.es\/FOTOVOLTAICA-MONTESOL-TUEJAR-DIECISEIS.html"},{"enlace":"https:\/\/empresite.eleconomista.es\/FOTOVOLTAICA-MONTESOL-TUEJAR-NUEVE.html"},{"enlace":"https:\/\/empresite.eleconomista.es\/FOTOVOLTAICA-MONTESOL-TUEJAR-OCHO.html"},{"enlace":"https:\/\/empresite.eleconomista.es\/FOTOVOLTAICA-MONTESOL-TUEJAR-TRES.html"},{"enlace":"https:\/\/empresite.eleconomista.es\/FOTOVOLTAICA-MONTESOL-TUEJAR-VEINTISIETE.html"},{"enlace":"https:\/\/empresite.eleconomista.es\/FOTOVOLTAICA-MONTESOL-TUEJAR-UNO.html"},{"enlace":"https:\/\/empresite.eleconomista.es\/FOTOVOLTAICA-MONTESOL-TUEJAR-DIECIOCHO.html"},{"enlace":"https:\/\/empresite.eleconomista.es\/FOTOVOLTAICA-MONTESOL-TUEJAR-TREINTA.html"},{"enlace":"https:\/\/empresite.eleconomista.es\/FOTOVOLTAICA-MONTESOL-TUEJAR-CUATRO.html"}]