[{"enlace":"https:\/\/empresite.eleconomista.es\/FORMICHI-STEFANO.html"},{"enlace":"https:\/\/empresite.eleconomista.es\/EUROBAU-GESTIONES-TECNICAS.html"},{"enlace":"https:\/\/empresite.eleconomista.es\/INGENIERIA-PREVENCION-EUROPEAS.html"},{"enlace":"https:\/\/empresite.eleconomista.es\/ALIHOME.html"},{"enlace":"https:\/\/empresite.eleconomista.es\/BPE-EUROPE-CONVEYOR-SOLUTIONS.html"},{"enlace":"https:\/\/empresite.eleconomista.es\/TERRACOTA-OFICINA-TECNICA-INMOBILIARIA.html"},{"enlace":"https:\/\/empresite.eleconomista.es\/PINTURAS-OCTOALICANTE.html"},{"enlace":"https:\/\/empresite.eleconomista.es\/ALISERMAN-SERVICIOS-MANTENIMIENTOS.html"},{"enlace":"https:\/\/empresite.eleconomista.es\/WANGO-ENERGIAS-ALTERNATIVAS.html"},{"enlace":"https:\/\/empresite.eleconomista.es\/ALUESTIL.html"},{"enlace":"https:\/\/empresite.eleconomista.es\/MAXIOCIO.html"},{"enlace":"https:\/\/empresite.eleconomista.es\/PROHALDING-SERVICE.html"},{"enlace":"https:\/\/empresite.eleconomista.es\/SANTI-PINTURAS.html"},{"enlace":"https:\/\/empresite.eleconomista.es\/TECTONIA-LUCENTUM.html"},{"enlace":"https:\/\/empresite.eleconomista.es\/SKY-ELEVADORES-ASCENSORES.html"},{"enlace":"https:\/\/empresite.eleconomista.es\/ALCUSON-CHARQUES-MANAGEMENT.html"},{"enlace":"https:\/\/empresite.eleconomista.es\/CALLE-CISNEROS.html"},{"enlace":"https:\/\/empresite.eleconomista.es\/INVERSIONES-MONISAN.html"},{"enlace":"https:\/\/empresite.eleconomista.es\/BOMBEOS-HORMIGON-COSTABLANCA-ALICANTE.html"},{"enlace":"https:\/\/empresite.eleconomista.es\/COMERCIAL-BEYSER.html"},{"enlace":"https:\/\/empresite.eleconomista.es\/GAROCA-MONTAJE-GRUAS.html"},{"enlace":"https:\/\/empresite.eleconomista.es\/CONSTRUCCIONES-EMILIANO-AMO.html"},{"enlace":"https:\/\/empresite.eleconomista.es\/GAMAR-ENERGIAS-RENOVABLES.html"},{"enlace":"https:\/\/empresite.eleconomista.es\/PULIDOS-CRISTALIZADOS-RIVAS-SERGIO.html"},{"enlace":"https:\/\/empresite.eleconomista.es\/RADIO-ENERGY.html"},{"enlace":"https:\/\/empresite.eleconomista.es\/TALLERES-MONTAJES-LUNA.html"},{"enlace":"https:\/\/empresite.eleconomista.es\/PROMOCIONES-SERCOMAN-INTERIORES.html"},{"enlace":"https:\/\/empresite.eleconomista.es\/ALVELASA.html"},{"enlace":"https:\/\/empresite.eleconomista.es\/ELECTROCLIMA-SAN-PABLO.html"},{"enlace":"https:\/\/empresite.eleconomista.es\/ACEROCORTE-LEVANTE-2010.html"}]