[{"enlace":"https:\/\/empresite.eleconomista.es\/SOFMI-PRODUCTOS-SERVICIOS.html"},{"enlace":"https:\/\/empresite.eleconomista.es\/MARMOLES-GUILLEM-HIJOS.html"},{"enlace":"https:\/\/empresite.eleconomista.es\/CARPINTERIA-ALUMINIO-CARLOS-LUCAS-VIDAL.html"},{"enlace":"https:\/\/empresite.eleconomista.es\/TALLERES-TYAL.html"},{"enlace":"https:\/\/empresite.eleconomista.es\/ABAC-LEVANTE.html"},{"enlace":"https:\/\/empresite.eleconomista.es\/TALLERES-TRAUNI.html"},{"enlace":"https:\/\/empresite.eleconomista.es\/INSTALACIONES-FONTANERIA-CEMA.html"},{"enlace":"https:\/\/empresite.eleconomista.es\/MODELING-PLASTICS.html"},{"enlace":"https:\/\/empresite.eleconomista.es\/ALYBE-MULTISERVICIOS.html"},{"enlace":"https:\/\/empresite.eleconomista.es\/AMV-SOLUCIONES-INGENIERIA.html"},{"enlace":"https:\/\/empresite.eleconomista.es\/JUEGOS-OCIO-MOLINA.html"},{"enlace":"https:\/\/empresite.eleconomista.es\/CRISAMA-AISLANTES-ELECTRICOS.html"}]