[{"enlace":"https:\/\/empresite.eleconomista.es\/ON-THE-ROCKS-MINERALES.html"},{"enlace":"https:\/\/empresite.eleconomista.es\/DIEGO-COELLO-FOTOGRAFO.html"},{"enlace":"https:\/\/empresite.eleconomista.es\/SEGURIDAD-EQUINA.html"},{"enlace":"https:\/\/empresite.eleconomista.es\/HOSTELCOR.html"},{"enlace":"https:\/\/empresite.eleconomista.es\/INSTALACIONES-ELECTRICAS-SEVILA.html"},{"enlace":"https:\/\/empresite.eleconomista.es\/LIMPIEZAS-CONCHI.html"},{"enlace":"https:\/\/empresite.eleconomista.es\/CURIOSA.html"},{"enlace":"https:\/\/empresite.eleconomista.es\/APIDALCLIMA.html"},{"enlace":"https:\/\/empresite.eleconomista.es\/GLOBAL-PREMIUM.html"},{"enlace":"https:\/\/empresite.eleconomista.es\/INTER-RONESMAR.html"},{"enlace":"https:\/\/empresite.eleconomista.es\/DIGIT-ART-SIGN-CENTER-GROUP.html"},{"enlace":"https:\/\/empresite.eleconomista.es\/ROYAL-POOL-SERVICES.html"},{"enlace":"https:\/\/empresite.eleconomista.es\/EDIFICACIONES-CASTELLANA-ESTRUCTURAS-OBRA-CIVIL.html"},{"enlace":"https:\/\/empresite.eleconomista.es\/ESPACIO-LIMPIO-VERDE.html"},{"enlace":"https:\/\/empresite.eleconomista.es\/SAUCEDILLA-SOLAR-8.html"},{"enlace":"https:\/\/empresite.eleconomista.es\/INSTALACIONES-JUANJO-MENGUAL.html"},{"enlace":"https:\/\/empresite.eleconomista.es\/BALTIKLINE.html"},{"enlace":"https:\/\/empresite.eleconomista.es\/EXCALTEA.html"},{"enlace":"https:\/\/empresite.eleconomista.es\/AUTOGLASS-ALTAYA.html"},{"enlace":"https:\/\/empresite.eleconomista.es\/WOOD-LEVANTE-2007.html"},{"enlace":"https:\/\/empresite.eleconomista.es\/ECO-WASH-COSTA-BLANCA.html"},{"enlace":"https:\/\/empresite.eleconomista.es\/PRAIN-MARKET-RESEARCH.html"},{"enlace":"https:\/\/empresite.eleconomista.es\/SINE-DIE-SOLAR.html"},{"enlace":"https:\/\/empresite.eleconomista.es\/BIG-BLUE-PLANET.html"},{"enlace":"https:\/\/empresite.eleconomista.es\/RACO-CLAU.html"},{"enlace":"https:\/\/empresite.eleconomista.es\/TOGATOMBESA.html"},{"enlace":"https:\/\/empresite.eleconomista.es\/LIMPINET08.html"},{"enlace":"https:\/\/empresite.eleconomista.es\/AUTOMOCION-ALTEANA.html"},{"enlace":"https:\/\/empresite.eleconomista.es\/INSTALACIONES-MONTAJES-ELECTRICOS-PUNZANO.html"},{"enlace":"https:\/\/empresite.eleconomista.es\/AGENSYS-CONSULTING.html"}]