[{"enlace":"https:\/\/empresite.eleconomista.es\/SENTINEL-GLOBAL-SERVICES.html"},{"enlace":"https:\/\/empresite.eleconomista.es\/CASA-ABAD.html"},{"enlace":"https:\/\/empresite.eleconomista.es\/VOLCA-ELECTRONICA.html"},{"enlace":"https:\/\/empresite.eleconomista.es\/FICAVI.html"},{"enlace":"https:\/\/empresite.eleconomista.es\/RAFAPER.html"},{"enlace":"https:\/\/empresite.eleconomista.es\/GERMANIA-INSTALACIONES-SERVICIOS-COBRA-TECNOLOGIA-MONTAJES-ELECTRICOS-UTE-ELECTRICAS-9-OCTUBRE-LEY-181982.html"},{"enlace":"https:\/\/empresite.eleconomista.es\/PARAFARMACIA-AVDA-CAMPANAR-7.html"},{"enlace":"https:\/\/empresite.eleconomista.es\/SOKIMA-SOLUTIONS.html"},{"enlace":"https:\/\/empresite.eleconomista.es\/INSTALACIONES-TECNICAS-IT-2000.html"},{"enlace":"https:\/\/empresite.eleconomista.es\/INSTALACIONES-COMERCIALES-ESTARLICH.html"},{"enlace":"https:\/\/empresite.eleconomista.es\/BORGINO.html"},{"enlace":"https:\/\/empresite.eleconomista.es\/JECAMA.html"},{"enlace":"https:\/\/empresite.eleconomista.es\/PETROSER-IBERICA.html"},{"enlace":"https:\/\/empresite.eleconomista.es\/SOCIDIS-EUROPA.html"},{"enlace":"https:\/\/empresite.eleconomista.es\/CLIMATIZACION-GRUPO-VERT.html"},{"enlace":"https:\/\/empresite.eleconomista.es\/INGENIERIA-PROYECTOS-SOLUCIONES.html"},{"enlace":"https:\/\/empresite.eleconomista.es\/ENERGIAS-RENOVABLES-CASINOS.html"},{"enlace":"https:\/\/empresite.eleconomista.es\/LLEVANTLIM.html"},{"enlace":"https:\/\/empresite.eleconomista.es\/CONSTRUCCIONES-LUJAN.html"},{"enlace":"https:\/\/empresite.eleconomista.es\/COSEGRUP-3.html"},{"enlace":"https:\/\/empresite.eleconomista.es\/OFICINA-TASACIONES.html"},{"enlace":"https:\/\/empresite.eleconomista.es\/POLICIENCIA-4.html"},{"enlace":"https:\/\/empresite.eleconomista.es\/INVERSIONES-EMPRESARIALES-CALATAYUD.html"},{"enlace":"https:\/\/empresite.eleconomista.es\/ELECTRICAS-21.html"},{"enlace":"https:\/\/empresite.eleconomista.es\/TECNICAS-SISTEMAS-ENERGETICOS-INGENIERIA.html"},{"enlace":"https:\/\/empresite.eleconomista.es\/CALLES-GOLF-CLUB.html"},{"enlace":"https:\/\/empresite.eleconomista.es\/EMPRESAS-YRACA.html"},{"enlace":"https:\/\/empresite.eleconomista.es\/VICENTE-ESQUER-BURGOS.html"},{"enlace":"https:\/\/empresite.eleconomista.es\/CASA-FORES.html"},{"enlace":"https:\/\/empresite.eleconomista.es\/DISON-35.html"}]