[{"enlace":"https:\/\/empresite.eleconomista.es\/HIPER-LAGUNA.html"},{"enlace":"https:\/\/empresite.eleconomista.es\/MONOCAPAS-ARIDOS-VALENCIA.html"},{"enlace":"https:\/\/empresite.eleconomista.es\/REFRIGERACION-ESTRADA.html"},{"enlace":"https:\/\/empresite.eleconomista.es\/LAGASO-INVERSIONES.html"},{"enlace":"https:\/\/empresite.eleconomista.es\/ELECTRIFICACIONES-MONTORO.html"},{"enlace":"https:\/\/empresite.eleconomista.es\/VARGESAL-EMPRESA-TRABAJO-TEMPORAL.html"},{"enlace":"https:\/\/empresite.eleconomista.es\/GARCIA-OLMO-INGENIERIA.html"},{"enlace":"https:\/\/empresite.eleconomista.es\/ABRAHAM-CONSTRUCCIONES-ESTRUCTURAS.html"},{"enlace":"https:\/\/empresite.eleconomista.es\/MAQUISAN-VALENCIANA-ALQUILERES.html"},{"enlace":"https:\/\/empresite.eleconomista.es\/OPLONTI-STUDIO.html"},{"enlace":"https:\/\/empresite.eleconomista.es\/VICENTE-GOMEZ-PONS.html"},{"enlace":"https:\/\/empresite.eleconomista.es\/AUTOCHOLLO.html"},{"enlace":"https:\/\/empresite.eleconomista.es\/AUTOMATISMOS-MARSO.html"},{"enlace":"https:\/\/empresite.eleconomista.es\/BIZPREN.html"},{"enlace":"https:\/\/empresite.eleconomista.es\/BENASAL-SOLAR.html"},{"enlace":"https:\/\/empresite.eleconomista.es\/TRANSFORMACIONES-METALICAS-DM.html"},{"enlace":"https:\/\/empresite.eleconomista.es\/GARPLAT-2008.html"},{"enlace":"https:\/\/empresite.eleconomista.es\/APLICACIONES-SOLARES-ESTRELLA-BELEN.html"},{"enlace":"https:\/\/empresite.eleconomista.es\/TSUNAMI-SOLUTIONS.html"},{"enlace":"https:\/\/empresite.eleconomista.es\/GRUAS-DESGUACE-MANISES.html"},{"enlace":"https:\/\/empresite.eleconomista.es\/PUBLIFIMM-IMAGEN-COMUNICACION.html"},{"enlace":"https:\/\/empresite.eleconomista.es\/SISTEMAS-ELEVACION-MANISES.html"},{"enlace":"https:\/\/empresite.eleconomista.es\/TREBALLS-DEMOLICIO-TECNICA.html"},{"enlace":"https:\/\/empresite.eleconomista.es\/CONSTRUCCION-OBRA-HNOS-MAHMOU.html"},{"enlace":"https:\/\/empresite.eleconomista.es\/SALMARGRUA.html"},{"enlace":"https:\/\/empresite.eleconomista.es\/UHMAN-CONTROL-PLAGAS.html"},{"enlace":"https:\/\/empresite.eleconomista.es\/TRANSPORTES-HIJOS-RAMON-VELASCO.html"},{"enlace":"https:\/\/empresite.eleconomista.es\/BALNNEAR-ASOCIADOS-21.html"},{"enlace":"https:\/\/empresite.eleconomista.es\/MAINVA.html"},{"enlace":"https:\/\/empresite.eleconomista.es\/VENDITRIX.html"}]