[{"enlace":"https:\/\/empresite.eleconomista.es\/NITRO-MONTAJES-ELECTRICOS.html"},{"enlace":"https:\/\/empresite.eleconomista.es\/INSTALACIONES-BOBINAJES-ELECTRICOS.html"},{"enlace":"https:\/\/empresite.eleconomista.es\/SUMINISTROS-NAVARRO.html"},{"enlace":"https:\/\/empresite.eleconomista.es\/SUMINISTROS-PASGAL.html"},{"enlace":"https:\/\/empresite.eleconomista.es\/SUMINISTROS-INDUSTRIALES-SERCO.html"},{"enlace":"https:\/\/empresite.eleconomista.es\/SUMINISTROS-MAQUINARIA-BORDERA.html"},{"enlace":"https:\/\/empresite.eleconomista.es\/SUMINISTROS-DECORACION-PINCELL-OR.html"},{"enlace":"https:\/\/empresite.eleconomista.es\/MESTRAL-SUMINISTROS-HOSTELEROS.html"},{"enlace":"https:\/\/empresite.eleconomista.es\/TARITEK-SUMINISTROS-TECNICOS-PARA-CONSTRUCCION.html"},{"enlace":"https:\/\/empresite.eleconomista.es\/REVERT-SANCHIS.html"},{"enlace":"https:\/\/empresite.eleconomista.es\/NC-DISTRIBUCIONES-PRODUCTOS-INDUSTRIALES-LUBRICANTES-2006.html"},{"enlace":"https:\/\/empresite.eleconomista.es\/MOELPLA.html"},{"enlace":"https:\/\/empresite.eleconomista.es\/GUEROLA-SERVICIOS-ENERGETICOS.html"},{"enlace":"https:\/\/empresite.eleconomista.es\/SUINTECO.html"},{"enlace":"https:\/\/empresite.eleconomista.es\/GENERAL-OIL.html"},{"enlace":"https:\/\/empresite.eleconomista.es\/ELKAD-ELECTRICA.html"},{"enlace":"https:\/\/empresite.eleconomista.es\/AUTO-TRUCK-JAYCAR.html"}]