[{"enlace":"https:\/\/empresite.eleconomista.es\/TROQUELADOS-PETREL.html"},{"enlace":"https:\/\/empresite.eleconomista.es\/HERMAVI.html"},{"enlace":"https:\/\/empresite.eleconomista.es\/MANUFACTURAS-CRISSHOES.html"},{"enlace":"https:\/\/empresite.eleconomista.es\/ALICANTE-STONE-PROJECT.html"},{"enlace":"https:\/\/empresite.eleconomista.es\/ASFALTOS-AMARO.html"},{"enlace":"https:\/\/empresite.eleconomista.es\/AZORIN-PETRER.html"},{"enlace":"https:\/\/empresite.eleconomista.es\/ALUMINIOS-JOSE-LUIS.html"},{"enlace":"https:\/\/empresite.eleconomista.es\/REPARACION-MAQUINARIA-INDUSTRIAL-EMAPAN.html"},{"enlace":"https:\/\/empresite.eleconomista.es\/HIERROS-ALUMINIOS-ABELLAN.html"},{"enlace":"https:\/\/empresite.eleconomista.es\/ENERGIA-FIN.html"},{"enlace":"https:\/\/empresite.eleconomista.es\/INSTALACIONES-ELECTRICAS-ROMAN.html"},{"enlace":"https:\/\/empresite.eleconomista.es\/HIERROS-PETRELDA.html"},{"enlace":"https:\/\/empresite.eleconomista.es\/METALUN-CARPINTERIA-METALICA.html"},{"enlace":"https:\/\/empresite.eleconomista.es\/VIKI-MARROQUINEROS.html"},{"enlace":"https:\/\/empresite.eleconomista.es\/VICENTE-FERRANDIZ-PEREZ.html"},{"enlace":"https:\/\/empresite.eleconomista.es\/JA-LUBRICACION.html"},{"enlace":"https:\/\/empresite.eleconomista.es\/ENVASES-POVEDA.html"},{"enlace":"https:\/\/empresite.eleconomista.es\/METALUBE-ESPANA.html"},{"enlace":"https:\/\/empresite.eleconomista.es\/ABELLAN-HIJOS.html"},{"enlace":"https:\/\/empresite.eleconomista.es\/LAVANDERIA-BUITRAGO.html"}]