[{"enlace":"https:\/\/empresite.eleconomista.es\/INCOLUME.html"},{"enlace":"https:\/\/empresite.eleconomista.es\/MAX-ENERGY-EUROPA.html"},{"enlace":"https:\/\/empresite.eleconomista.es\/RIBERA-ESPANOLETO.html"},{"enlace":"https:\/\/empresite.eleconomista.es\/SUN-CREMATS.html"},{"enlace":"https:\/\/empresite.eleconomista.es\/INSTALACIONES-ELECTRICAS-BORRAS-TOMAS.html"},{"enlace":"https:\/\/empresite.eleconomista.es\/ECOMA-CONSULTING.html"},{"enlace":"https:\/\/empresite.eleconomista.es\/TALLERES-GRUAS-GIRONES.html"},{"enlace":"https:\/\/empresite.eleconomista.es\/CARPINTEROL.html"},{"enlace":"https:\/\/empresite.eleconomista.es\/COMERCIAL-SIPAN.html"},{"enlace":"https:\/\/empresite.eleconomista.es\/SUMIPETROL.html"},{"enlace":"https:\/\/empresite.eleconomista.es\/BOX-MOTO-ACCION.html"},{"enlace":"https:\/\/empresite.eleconomista.es\/MOTOS-GUARNER.html"},{"enlace":"https:\/\/empresite.eleconomista.es\/CUATERNA-DISENA.html"},{"enlace":"https:\/\/empresite.eleconomista.es\/SERXAT-MULTISERVEI.html"},{"enlace":"https:\/\/empresite.eleconomista.es\/PACO-GIMENO.html"},{"enlace":"https:\/\/empresite.eleconomista.es\/LIMPIEZAS-MANTENIMIENTOS-SETABENSES.html"},{"enlace":"https:\/\/empresite.eleconomista.es\/FERRALLAS-JOSE-PRIETO.html"},{"enlace":"https:\/\/empresite.eleconomista.es\/ES-MICO-LEVANTE.html"}]