[{"enlace":"https:\/\/empresite.eleconomista.es\/POSADA-ANIMAS.html"},{"enlace":"https:\/\/empresite.eleconomista.es\/DRAGADOS-TECSA-EMPRESA-CONSTRUCTORA-Y-ESPANOLA-MONTAJES-INDUSTRIALES.html"},{"enlace":"https:\/\/empresite.eleconomista.es\/ROVER-ALCISA-GRUPO-SOTOVAL-CONSTRUCCIONES-PROYECTOS-UTE-SUMINISTROS-ETAP-COLMENAR.html"},{"enlace":"https:\/\/empresite.eleconomista.es\/EMILIO-GADEA-MARTINEZ.html"},{"enlace":"https:\/\/empresite.eleconomista.es\/JOSE-ZURIAGA.html"},{"enlace":"https:\/\/empresite.eleconomista.es\/COLISEUM-PARQUET.html"},{"enlace":"https:\/\/empresite.eleconomista.es\/VALERO-IMPORT.html"},{"enlace":"https:\/\/empresite.eleconomista.es\/DOCTOR-PC-VALENCIA-COMPUTER.html"},{"enlace":"https:\/\/empresite.eleconomista.es\/INMUTEC-GLOBAL.html"},{"enlace":"https:\/\/empresite.eleconomista.es\/PUBLI-PROMOCIONS-FREDIESPORT.html"},{"enlace":"https:\/\/empresite.eleconomista.es\/SISTEMAS-ELECTRICOS-VALENCIA-SIETE.html"},{"enlace":"https:\/\/empresite.eleconomista.es\/CRAC-LEVANTE.html"},{"enlace":"https:\/\/empresite.eleconomista.es\/JARAGUAS-98.html"},{"enlace":"https:\/\/empresite.eleconomista.es\/EXPLOTACIONES-ENERGETICAS-VALENCIANAS.html"},{"enlace":"https:\/\/empresite.eleconomista.es\/VALENCIANA-LOGISTICA-INSVAL.html"},{"enlace":"https:\/\/empresite.eleconomista.es\/EQUIPAMIENTOS-MEDICOS-HOSPITALARIOS-MEDITERRANEO.html"},{"enlace":"https:\/\/empresite.eleconomista.es\/DASERAUTO-VALENCIA.html"},{"enlace":"https:\/\/empresite.eleconomista.es\/PASSWORD-INFORMATICA.html"},{"enlace":"https:\/\/empresite.eleconomista.es\/CONMUTA.html"},{"enlace":"https:\/\/empresite.eleconomista.es\/TOKEN-INGENIERIA.html"},{"enlace":"https:\/\/empresite.eleconomista.es\/MODERN-TRADE-SERVICES.html"},{"enlace":"https:\/\/empresite.eleconomista.es\/JOSE-ALCANIZ-FABIA.html"},{"enlace":"https:\/\/empresite.eleconomista.es\/ATAIE-ALFOMBRAS.html"},{"enlace":"https:\/\/empresite.eleconomista.es\/PRAIN-2000.html"},{"enlace":"https:\/\/empresite.eleconomista.es\/TELECOMUNICACIONES-VALENTINAS.html"},{"enlace":"https:\/\/empresite.eleconomista.es\/CASISTEL-2001.html"},{"enlace":"https:\/\/empresite.eleconomista.es\/COMERCIAL-JUCARSA.html"},{"enlace":"https:\/\/empresite.eleconomista.es\/DEMOLICIONES-CORTES-TALADROS-DECOTASA-LEVANTE.html"},{"enlace":"https:\/\/empresite.eleconomista.es\/ELECTRONIC-TRAFIC.html"},{"enlace":"https:\/\/empresite.eleconomista.es\/ETRALUX.html"}]