[{"enlace":"https:\/\/empresite.eleconomista.es\/PISOS-RADIANTS-CALEFACCIONS.html"},{"enlace":"https:\/\/empresite.eleconomista.es\/JOGRAVAL.html"},{"enlace":"https:\/\/empresite.eleconomista.es\/SERVITEC-98.html"},{"enlace":"https:\/\/empresite.eleconomista.es\/ALUMINIOS-BAICAN.html"},{"enlace":"https:\/\/empresite.eleconomista.es\/COSMETICOS-MAYSUN.html"},{"enlace":"https:\/\/empresite.eleconomista.es\/PERSIANAS-VENTANAS-ESTEVE.html"},{"enlace":"https:\/\/empresite.eleconomista.es\/PALMAR-ANGELES.html"},{"enlace":"https:\/\/empresite.eleconomista.es\/PLAZA-ERA-2000.html"},{"enlace":"https:\/\/empresite.eleconomista.es\/PROTECTOR-SPAIN.html"},{"enlace":"https:\/\/empresite.eleconomista.es\/MADERCAO.html"},{"enlace":"https:\/\/empresite.eleconomista.es\/ONDULADOS-MEDITERRANEO.html"},{"enlace":"https:\/\/empresite.eleconomista.es\/ISTAR-2004.html"},{"enlace":"https:\/\/empresite.eleconomista.es\/SYSTEMAS-TECJO.html"},{"enlace":"https:\/\/empresite.eleconomista.es\/TAJO-CASAS-VIEJAS.html"},{"enlace":"https:\/\/empresite.eleconomista.es\/SIFEL-COMPONENTES.html"},{"enlace":"https:\/\/empresite.eleconomista.es\/GRUPO-TICE-INGENIEROS.html"},{"enlace":"https:\/\/empresite.eleconomista.es\/LUZ-LASER-MEVA.html"},{"enlace":"https:\/\/empresite.eleconomista.es\/INGENIERIA-MONTAJES-MECANICOS-TARREGA.html"},{"enlace":"https:\/\/empresite.eleconomista.es\/DESARROLLO-JACOVI.html"},{"enlace":"https:\/\/empresite.eleconomista.es\/INFOSATELITE-TORRENT.html"},{"enlace":"https:\/\/empresite.eleconomista.es\/GESTION-INMOBILIARIA-TORRENTINA.html"},{"enlace":"https:\/\/empresite.eleconomista.es\/MONTAJE-CARPINTERIA-ALUMINIO-JJC.html"},{"enlace":"https:\/\/empresite.eleconomista.es\/NOVALPORT.html"},{"enlace":"https:\/\/empresite.eleconomista.es\/SOLDADURAS-TECNOLASER.html"},{"enlace":"https:\/\/empresite.eleconomista.es\/INSTALACIONES-DECORACION-TORRENT.html"},{"enlace":"https:\/\/empresite.eleconomista.es\/RECUPERACIONES-TORRENT.html"},{"enlace":"https:\/\/empresite.eleconomista.es\/KEYTRADER-INTERNATIONAL-21.html"},{"enlace":"https:\/\/empresite.eleconomista.es\/LLEBEIG-RIBERA.html"},{"enlace":"https:\/\/empresite.eleconomista.es\/LLASIM-FOTOVOLTAICA.html"},{"enlace":"https:\/\/empresite.eleconomista.es\/RUBIO-CARPINTERIA-METALICA-CERRAJERIA.html"}]