[{"enlace":"https:\/\/empresite.eleconomista.es\/SUMINISTROS-CARBURANTES-SUECA.html"},{"enlace":"https:\/\/empresite.eleconomista.es\/MONTAJES-SUMINISTROS-COVES.html"},{"enlace":"https:\/\/empresite.eleconomista.es\/SUMINISTROS-PILARICA.html"},{"enlace":"https:\/\/empresite.eleconomista.es\/SERVICIOS-SUMINISTROS-CAMDETUR.html"},{"enlace":"https:\/\/empresite.eleconomista.es\/SUMINISTROS-ELECTRICOS-SUECA.html"},{"enlace":"https:\/\/empresite.eleconomista.es\/SUMINISTROS-PARA-CONSTRUCCION-NIEVA.html"},{"enlace":"https:\/\/empresite.eleconomista.es\/SERVICIOS-INDUSTRIALES-INTEGRALES-CARRETILLAS-ELEVADORAS.html"},{"enlace":"https:\/\/empresite.eleconomista.es\/GRUPO-INSTALACIONES-PANADERAS.html"},{"enlace":"https:\/\/empresite.eleconomista.es\/COOP-VALENCIANA-UNION-PROTECTORA-PERELLO.html"},{"enlace":"https:\/\/empresite.eleconomista.es\/INDUSTRIAS-METALICAS-VENDRELL.html"},{"enlace":"https:\/\/empresite.eleconomista.es\/NEDSA-SERVICIOS-MEDITERRANEO.html"},{"enlace":"https:\/\/empresite.eleconomista.es\/DOGOMARVI.html"},{"enlace":"https:\/\/empresite.eleconomista.es\/FERRALLES-SUECA.html"},{"enlace":"https:\/\/empresite.eleconomista.es\/PERIBO-ALQUILERES.html"},{"enlace":"https:\/\/empresite.eleconomista.es\/FORSOMA.html"},{"enlace":"https:\/\/empresite.eleconomista.es\/MARTOSE.html"},{"enlace":"https:\/\/empresite.eleconomista.es\/CERRAJERIA-ALEJANDRO-SIERRA.html"},{"enlace":"https:\/\/empresite.eleconomista.es\/PROMOCIONES-ARRENDAMIENTOS-SUECA.html"},{"enlace":"https:\/\/empresite.eleconomista.es\/ALAPONT-BELTRAN-CONSTRUCCIONES.html"},{"enlace":"https:\/\/empresite.eleconomista.es\/HOSTELCLIMA-LEVANTE.html"},{"enlace":"https:\/\/empresite.eleconomista.es\/CONSTRUCLAIRE.html"},{"enlace":"https:\/\/empresite.eleconomista.es\/BUILDING-TECON.html"},{"enlace":"https:\/\/empresite.eleconomista.es\/DECORPINT-SUECA.html"},{"enlace":"https:\/\/empresite.eleconomista.es\/VITRUBI-GESTIO-ARQUITECTURA-ENGINYERIA.html"},{"enlace":"https:\/\/empresite.eleconomista.es\/TRANSPLAT-SUECA.html"},{"enlace":"https:\/\/empresite.eleconomista.es\/ELECAR-2001.html"},{"enlace":"https:\/\/empresite.eleconomista.es\/PINTURA-DECORACION-GRAU-ZARAGOZA.html"},{"enlace":"https:\/\/empresite.eleconomista.es\/COMERCIAL-CERRAJERIA-GERMANS-FRANCO.html"},{"enlace":"https:\/\/empresite.eleconomista.es\/JAVIER-GIMENO-ARQUITECTE-TECNIC-SLP.html"},{"enlace":"https:\/\/empresite.eleconomista.es\/PRISOL-2000.html"}]