[{"enlace":"https:\/\/empresite.eleconomista.es\/SONDEOS-JOVESOL.html"},{"enlace":"https:\/\/empresite.eleconomista.es\/GRUAS-VERA.html"},{"enlace":"https:\/\/empresite.eleconomista.es\/FOWOF-INTERNATIONAL-MARKETING.html"},{"enlace":"https:\/\/empresite.eleconomista.es\/LAVADO-TEXTILES.html"},{"enlace":"https:\/\/empresite.eleconomista.es\/RUBIO-SALINAS.html"},{"enlace":"https:\/\/empresite.eleconomista.es\/VERIFICACIONES-REGISTRALES-SURESTE.html"},{"enlace":"https:\/\/empresite.eleconomista.es\/ELECTRICIDAD-MANTENIMIENTO-MARTINEZ.html"},{"enlace":"https:\/\/empresite.eleconomista.es\/GAPA-XXI-PROMOCIONES.html"}]