[{"enlace":"https:\/\/empresite.eleconomista.es\/VILLASOL-FOTOVOLTAICA.html"},{"enlace":"https:\/\/empresite.eleconomista.es\/CONEXION-CONSULTORIA-INFORMATICA-TELECOMUNICACIONES.html"},{"enlace":"https:\/\/empresite.eleconomista.es\/CORCHO-PROYECTADO-VALENCIA.html"},{"enlace":"https:\/\/empresite.eleconomista.es\/SERVIMA-LEVANTE.html"},{"enlace":"https:\/\/empresite.eleconomista.es\/ALTERCLIMA.html"},{"enlace":"https:\/\/empresite.eleconomista.es\/INSTALACION-FOTOVOLTAICA-ZAHORI-29.html"},{"enlace":"https:\/\/empresite.eleconomista.es\/ANDREU-BARBERA.html"},{"enlace":"https:\/\/empresite.eleconomista.es\/GESVENDING.html"},{"enlace":"https:\/\/empresite.eleconomista.es\/COMPANIA-VALENCIANA-ALUMINIO-BAUX.html"},{"enlace":"https:\/\/empresite.eleconomista.es\/VENTANUCOS.html"},{"enlace":"https:\/\/empresite.eleconomista.es\/GRUPO-NAPOLES-97.html"},{"enlace":"https:\/\/empresite.eleconomista.es\/FOTOVOLTAICA-MONTESOL-TUEJAR-VEINTITRES.html"},{"enlace":"https:\/\/empresite.eleconomista.es\/GRUPO-MANUEL-PALMA.html"},{"enlace":"https:\/\/empresite.eleconomista.es\/GUIRAO-SYSTEM.html"},{"enlace":"https:\/\/empresite.eleconomista.es\/ADA-FLORES-ILUSION.html"},{"enlace":"https:\/\/empresite.eleconomista.es\/SERVICIOS-TRABAJOS-PARA-CONSTRUCCION-SERMA.html"},{"enlace":"https:\/\/empresite.eleconomista.es\/RECIOIL-VALENCIA.html"},{"enlace":"https:\/\/empresite.eleconomista.es\/BRONCESVAL.html"},{"enlace":"https:\/\/empresite.eleconomista.es\/FOTOVOLTAICA-MONTESOL-TUEJAR-CATORCE.html"},{"enlace":"https:\/\/empresite.eleconomista.es\/SERVICIOS-NORMATIVOS-VALENCIA.html"},{"enlace":"https:\/\/empresite.eleconomista.es\/FOTOVOLTAICA-MONTESOL-TUEJAR-DIEZ.html"},{"enlace":"https:\/\/empresite.eleconomista.es\/FOTOVOLTAICA-MONTESOL-TUEJAR-DIECINUEVE.html"},{"enlace":"https:\/\/empresite.eleconomista.es\/CREASSHOP.html"},{"enlace":"https:\/\/empresite.eleconomista.es\/HAIFA-EXPORTS.html"},{"enlace":"https:\/\/empresite.eleconomista.es\/BAR-RESTAURANTE-RANCHITO.html"},{"enlace":"https:\/\/empresite.eleconomista.es\/ESTACIONES-SERVICIO-TRES-CAMINOS.html"},{"enlace":"https:\/\/empresite.eleconomista.es\/SPEED-SERVICIOS-INTEGRALES.html"},{"enlace":"https:\/\/empresite.eleconomista.es\/ZENIT-TRADE.html"},{"enlace":"https:\/\/empresite.eleconomista.es\/ALEJANDRO-HIGUERAS.html"},{"enlace":"https:\/\/empresite.eleconomista.es\/ZUMOVAL.html"}]