[{"enlace":"https:\/\/empresite.eleconomista.es\/MONTAJES-ELECTRICOS-CONSTRUCCIONES-TORREVIEJA.html"},{"enlace":"https:\/\/empresite.eleconomista.es\/MONTAJES-ELECTRICOS-TORRESAL.html"},{"enlace":"https:\/\/empresite.eleconomista.es\/TENDIDOS-ELECTRICOS-ANDREU.html"},{"enlace":"https:\/\/empresite.eleconomista.es\/SUMINISTROS-DECORACIONES-TORRECOLOR.html"},{"enlace":"https:\/\/empresite.eleconomista.es\/SUMINISTROS-NAUTICOS-ADELMAR.html"},{"enlace":"https:\/\/empresite.eleconomista.es\/SUMINISTROS-HOSTELEROS-PINA.html"},{"enlace":"https:\/\/empresite.eleconomista.es\/INTERNACIONAL-SERVICIOS-SUMINISTROS-GALEON.html"},{"enlace":"https:\/\/empresite.eleconomista.es\/SUMINISTROS-CARNICOS-RIOS.html"},{"enlace":"https:\/\/empresite.eleconomista.es\/SUMINISTROS-HOSTELEROS-TORREVIEJA.html"},{"enlace":"https:\/\/empresite.eleconomista.es\/SUMINISTROS-SANITARIOS-INDUSTRIALES-OFICINA-TORREVIEJA.html"},{"enlace":"https:\/\/empresite.eleconomista.es\/ANVIRELLI.html"},{"enlace":"https:\/\/empresite.eleconomista.es\/GRUPO-AUTOMATICOS-SIMON.html"},{"enlace":"https:\/\/empresite.eleconomista.es\/EUROFON.html"},{"enlace":"https:\/\/empresite.eleconomista.es\/TORREVIEJA-NAUTISHOP.html"},{"enlace":"https:\/\/empresite.eleconomista.es\/ARTIS-RODA.html"}]