[{"enlace":"https:\/\/empresite.eleconomista.es\/VISIONOVA-LASER.html"},{"enlace":"https:\/\/empresite.eleconomista.es\/MAXIMS-PINTURAS.html"},{"enlace":"https:\/\/empresite.eleconomista.es\/VENTURA-JUAN-CLIMENT.html"},{"enlace":"https:\/\/empresite.eleconomista.es\/LESOTO.html"},{"enlace":"https:\/\/empresite.eleconomista.es\/BARON-LEISURE.html"},{"enlace":"https:\/\/empresite.eleconomista.es\/APRISCO-LANDS.html"},{"enlace":"https:\/\/empresite.eleconomista.es\/VICLOSOL-ENERGY.html"},{"enlace":"https:\/\/empresite.eleconomista.es\/MONTAJES-NASCO.html"},{"enlace":"https:\/\/empresite.eleconomista.es\/APLITER-SAFOR.html"},{"enlace":"https:\/\/empresite.eleconomista.es\/LOGIC-SUN.html"},{"enlace":"https:\/\/empresite.eleconomista.es\/DESARROLLOS-COMERCIALES-SALINEROS-SPA.html"},{"enlace":"https:\/\/empresite.eleconomista.es\/LAVANDERIA-FALGAS-VICENT.html"},{"enlace":"https:\/\/empresite.eleconomista.es\/GANDIA-BODY-LIGHT.html"},{"enlace":"https:\/\/empresite.eleconomista.es\/BASORFIL.html"},{"enlace":"https:\/\/empresite.eleconomista.es\/NEUMATICOS-GANDIA.html"},{"enlace":"https:\/\/empresite.eleconomista.es\/SANICEL-SAFOR.html"},{"enlace":"https:\/\/empresite.eleconomista.es\/AGRO-ARTES.html"},{"enlace":"https:\/\/empresite.eleconomista.es\/NETEDAT.html"},{"enlace":"https:\/\/empresite.eleconomista.es\/AZAHARVALMATIC.html"},{"enlace":"https:\/\/empresite.eleconomista.es\/PB-TEKNO.html"},{"enlace":"https:\/\/empresite.eleconomista.es\/EXSECA-INSTAL-LACIONS-TECNIQUES.html"},{"enlace":"https:\/\/empresite.eleconomista.es\/LIMPIEZAS-CABALLERO.html"},{"enlace":"https:\/\/empresite.eleconomista.es\/ENPRODE-2000.html"},{"enlace":"https:\/\/empresite.eleconomista.es\/PARIS-PALMER-GILA-VIDRES.html"},{"enlace":"https:\/\/empresite.eleconomista.es\/BOMBEOS-HORMIGON-GANDIA.html"},{"enlace":"https:\/\/empresite.eleconomista.es\/ELECTRICIDAD-GRAU.html"},{"enlace":"https:\/\/empresite.eleconomista.es\/ENRIQUE-ROSET.html"},{"enlace":"https:\/\/empresite.eleconomista.es\/FRASLIM.html"},{"enlace":"https:\/\/empresite.eleconomista.es\/PROYECTOS-SOLARES-GANDIA.html"},{"enlace":"https:\/\/empresite.eleconomista.es\/CLIMATIZACIONES-MEDISOL.html"}]