[{"enlace":"https:\/\/empresite.eleconomista.es\/MONTAJES-ELECTRICOS-VIMARO.html"},{"enlace":"https:\/\/empresite.eleconomista.es\/LACSEN-MONTAJES-ELECTRICOS.html"},{"enlace":"https:\/\/empresite.eleconomista.es\/SUMINISTROS-HINEVAL.html"},{"enlace":"https:\/\/empresite.eleconomista.es\/SAFETY-TOOLS-SUMINISTROS.html"},{"enlace":"https:\/\/empresite.eleconomista.es\/SUMINISTROS-INDUSTRIALES-REFITEL.html"},{"enlace":"https:\/\/empresite.eleconomista.es\/SUMINISTROS-INDUSTRIALES-SOLUTIONS.html"},{"enlace":"https:\/\/empresite.eleconomista.es\/MATERIALES-SUMINISTROS-RIBARROJA.html"},{"enlace":"https:\/\/empresite.eleconomista.es\/POMASA-SOLUCIONES-SUMINISTROS-CONSTRUCTIVOS.html"},{"enlace":"https:\/\/empresite.eleconomista.es\/SUMINISTROS-GRAFICOS-VALENCIANOS.html"},{"enlace":"https:\/\/empresite.eleconomista.es\/SUMINISTROS-INDUSTRIALES-CMC.html"},{"enlace":"https:\/\/empresite.eleconomista.es\/FC-COMPANIA-PRODUCTOS-HIDRAULICOS.html"},{"enlace":"https:\/\/empresite.eleconomista.es\/ART-HOBBY.html"},{"enlace":"https:\/\/empresite.eleconomista.es\/SISTEMAS-TECNICOS-FIJACION.html"},{"enlace":"https:\/\/empresite.eleconomista.es\/HYDRAFIX.html"},{"enlace":"https:\/\/empresite.eleconomista.es\/SUMLEVINTER-INDUSTRIAL.html"},{"enlace":"https:\/\/empresite.eleconomista.es\/G-MONGELOS-ASOCIADOS.html"},{"enlace":"https:\/\/empresite.eleconomista.es\/KM-BICIS.html"},{"enlace":"https:\/\/empresite.eleconomista.es\/RS-TURIA.html"},{"enlace":"https:\/\/empresite.eleconomista.es\/HINEVAL-HG.html"},{"enlace":"https:\/\/empresite.eleconomista.es\/EXTRA-XXI.html"},{"enlace":"https:\/\/empresite.eleconomista.es\/HISPANO-MICRO.html"},{"enlace":"https:\/\/empresite.eleconomista.es\/EXCLUSIVAS-AS.html"},{"enlace":"https:\/\/empresite.eleconomista.es\/ARISTARIA.html"},{"enlace":"https:\/\/empresite.eleconomista.es\/LOGYGES.html"},{"enlace":"https:\/\/empresite.eleconomista.es\/VALENCIANA-RECUBRIMIENTOS.html"},{"enlace":"https:\/\/empresite.eleconomista.es\/CIRILO.html"}]