[{"enlace":"https:\/\/empresite.eleconomista.es\/DESARROLLO-INVERSIONES-ILICITANAS.html"},{"enlace":"https:\/\/empresite.eleconomista.es\/CORPORACION-MABERMO.html"},{"enlace":"https:\/\/empresite.eleconomista.es\/GESTION-PROMOCION-ADMINISTRACION-SOLARES.html"},{"enlace":"https:\/\/empresite.eleconomista.es\/EUCALIPTO-2010-PROMOCIONES-INMOBILIARIAS.html"},{"enlace":"https:\/\/empresite.eleconomista.es\/PRONIRAMAS.html"},{"enlace":"https:\/\/empresite.eleconomista.es\/SERYO.html"},{"enlace":"https:\/\/empresite.eleconomista.es\/PATRICIA-EQUIPAMIENTOS-OCIO.html"},{"enlace":"https:\/\/empresite.eleconomista.es\/INDUSTRIAS-GRAFICAS-ENVASE.html"},{"enlace":"https:\/\/empresite.eleconomista.es\/BERMUQUI.html"},{"enlace":"https:\/\/empresite.eleconomista.es\/FINCAS-SANMARTIN-MACIA.html"},{"enlace":"https:\/\/empresite.eleconomista.es\/ELMEC-TORRES.html"},{"enlace":"https:\/\/empresite.eleconomista.es\/CERRAJERIA-ANGAR.html"},{"enlace":"https:\/\/empresite.eleconomista.es\/COMPOVI-PATRIMONIAL.html"},{"enlace":"https:\/\/empresite.eleconomista.es\/ROMERIA-NEGOCIOS.html"},{"enlace":"https:\/\/empresite.eleconomista.es\/GUADALQUI-CORPORACION-21.html"},{"enlace":"https:\/\/empresite.eleconomista.es\/PINADA-MARINA.html"},{"enlace":"https:\/\/empresite.eleconomista.es\/VIALIA-150.html"},{"enlace":"https:\/\/empresite.eleconomista.es\/EXCLUSIVAS-JIPEY.html"},{"enlace":"https:\/\/empresite.eleconomista.es\/TREBEDE-FOREX.html"},{"enlace":"https:\/\/empresite.eleconomista.es\/URBANIZACIONES-AVENIDA-PARQUE.html"},{"enlace":"https:\/\/empresite.eleconomista.es\/SUPASVI-PROMOCIONES.html"},{"enlace":"https:\/\/empresite.eleconomista.es\/TECNICONSULT-INGENIERIA.html"},{"enlace":"https:\/\/empresite.eleconomista.es\/BECUEN.html"},{"enlace":"https:\/\/empresite.eleconomista.es\/PANEL-STYL.html"},{"enlace":"https:\/\/empresite.eleconomista.es\/VEGA-URBANIZACION-SECTOR-VIII.html"},{"enlace":"https:\/\/empresite.eleconomista.es\/OCIO-PROMOCION-ALZABARES.html"},{"enlace":"https:\/\/empresite.eleconomista.es\/GESTIONES-URBANIZACIONES-UNION-5.html"},{"enlace":"https:\/\/empresite.eleconomista.es\/MONTAJE-ASCENSORES-JOVAL.html"},{"enlace":"https:\/\/empresite.eleconomista.es\/ALUMINIOS-ZALABI.html"},{"enlace":"https:\/\/empresite.eleconomista.es\/CONSTRUCCIONES-REFORMAS-ITNI-BULREFORM.html"}]