[{"enlace":"https:\/\/empresite.eleconomista.es\/MONTAJES-ELECTRICOS-SITELEC.html"},{"enlace":"https:\/\/empresite.eleconomista.es\/SUMINISTROS-REMIRO.html"},{"enlace":"https:\/\/empresite.eleconomista.es\/MARIANO-RUBIO-SUMINISTROS-INDUSTRIALES.html"},{"enlace":"https:\/\/empresite.eleconomista.es\/BARS-COCTAILS-SUMINISTROS.html"},{"enlace":"https:\/\/empresite.eleconomista.es\/SUMINISTROS-OFICINA-BENIOFFI.html"},{"enlace":"https:\/\/empresite.eleconomista.es\/PIEANE-SUMINISTROS-OE.html"},{"enlace":"https:\/\/empresite.eleconomista.es\/SUMINISTROS-BAHIA-BENIDORM.html"},{"enlace":"https:\/\/empresite.eleconomista.es\/AUTOIMPULSE-MOTOR.html"}]