[{"enlace":"https:\/\/empresite.eleconomista.es\/ELECTRICIDAD-CUBANO.html"},{"enlace":"https:\/\/empresite.eleconomista.es\/ELECTRICIDAD-CANO.html"},{"enlace":"https:\/\/empresite.eleconomista.es\/ELECTRICIDAD-NEOLUX.html"},{"enlace":"https:\/\/empresite.eleconomista.es\/TELLO-ELECTRICIDAD.html"},{"enlace":"https:\/\/empresite.eleconomista.es\/ELECTRICIDAD-PAYMAR.html"},{"enlace":"https:\/\/empresite.eleconomista.es\/ELECTRICIDAD-FLORENTINO-PAJARES.html"},{"enlace":"https:\/\/empresite.eleconomista.es\/ELECTRICIDAD-GONZALEZ-VICEDO.html"},{"enlace":"https:\/\/empresite.eleconomista.es\/ELECTRICIDAD-JUAN-BERNABEU.html"},{"enlace":"https:\/\/empresite.eleconomista.es\/ELECTRICIDAD-J-GRANDE.html"},{"enlace":"https:\/\/empresite.eleconomista.es\/BMC-OUTSOURCING-SERVICIOS-INFORMATICOS-GESTION.html"}]