[{"enlace":"https:\/\/empresite.eleconomista.es\/COTRANS-GOMEZ.html"},{"enlace":"https:\/\/empresite.eleconomista.es\/RUTOIS-TABIQUERIAS.html"},{"enlace":"https:\/\/empresite.eleconomista.es\/ZEREP-CAMPILLOS.html"},{"enlace":"https:\/\/empresite.eleconomista.es\/THE-GOLDEN-DOOR.html"},{"enlace":"https:\/\/empresite.eleconomista.es\/NATURTEX.html"},{"enlace":"https:\/\/empresite.eleconomista.es\/MAZON-MAQUINARIA.html"},{"enlace":"https:\/\/empresite.eleconomista.es\/VALKIRIA-INTERNATIONAL-21.html"},{"enlace":"https:\/\/empresite.eleconomista.es\/SOLDAVAL-SCV.html"},{"enlace":"https:\/\/empresite.eleconomista.es\/POCKET-CAR.html"},{"enlace":"https:\/\/empresite.eleconomista.es\/TROQUELES-DIEGO-NAVARRO.html"},{"enlace":"https:\/\/empresite.eleconomista.es\/RETSUB.html"},{"enlace":"https:\/\/empresite.eleconomista.es\/SWEDSPAIN.html"},{"enlace":"https:\/\/empresite.eleconomista.es\/ALGO-ORIGINAL.html"},{"enlace":"https:\/\/empresite.eleconomista.es\/INSTALACIONES-ELECTRICAS-CANDELA.html"},{"enlace":"https:\/\/empresite.eleconomista.es\/FRIO-RIVIC-ELX.html"},{"enlace":"https:\/\/empresite.eleconomista.es\/DIVERSIFICACIONES-SINGULARES.html"},{"enlace":"https:\/\/empresite.eleconomista.es\/ALTIROS.html"},{"enlace":"https:\/\/empresite.eleconomista.es\/CARTONAJES-VINALOPO.html"},{"enlace":"https:\/\/empresite.eleconomista.es\/TALLERES-RAUL-JIJONA.html"},{"enlace":"https:\/\/empresite.eleconomista.es\/COSIDOS-SHOES-2005.html"},{"enlace":"https:\/\/empresite.eleconomista.es\/BOBINADOS-TRAVIS.html"},{"enlace":"https:\/\/empresite.eleconomista.es\/ILLICE-FABRICACIONES-MONTAJES-ALUMINIO.html"},{"enlace":"https:\/\/empresite.eleconomista.es\/MONTAJES-ELECTRICOS-ELIN.html"},{"enlace":"https:\/\/empresite.eleconomista.es\/GOMA-ROYAL.html"},{"enlace":"https:\/\/empresite.eleconomista.es\/CALZADE.html"},{"enlace":"https:\/\/empresite.eleconomista.es\/RADISOL.html"},{"enlace":"https:\/\/empresite.eleconomista.es\/ZHAO-HUANG.html"},{"enlace":"https:\/\/empresite.eleconomista.es\/AGINCO-VEGA.html"},{"enlace":"https:\/\/empresite.eleconomista.es\/MANTENIMIENTO-SERVICIOS-PUERTAS-AUTOMATICAS.html"},{"enlace":"https:\/\/empresite.eleconomista.es\/FERROBOTICA.html"}]