[{"enlace":"https:\/\/empresite.eleconomista.es\/MARVER-INVERSIONES.html"},{"enlace":"https:\/\/empresite.eleconomista.es\/CANDELA-SANCHEZ.html"},{"enlace":"https:\/\/empresite.eleconomista.es\/ARENY-COLOR.html"},{"enlace":"https:\/\/empresite.eleconomista.es\/GABRIEL-POVEDA-VERDU.html"},{"enlace":"https:\/\/empresite.eleconomista.es\/OBRADOR-ADHESIVOS-INTERNACIONAL.html"},{"enlace":"https:\/\/empresite.eleconomista.es\/LUCENTUM-TRATAMIENTOS-AGUAS-CONTROL-PLAGAS.html"},{"enlace":"https:\/\/empresite.eleconomista.es\/COMPRA-VENTA-ALQUILERES-LEVANTE.html"},{"enlace":"https:\/\/empresite.eleconomista.es\/NEPALIA.html"},{"enlace":"https:\/\/empresite.eleconomista.es\/COSIDOS-BORDADOS-FERRI.html"},{"enlace":"https:\/\/empresite.eleconomista.es\/COMERCIAL-MAQUINAS-ROBLES.html"},{"enlace":"https:\/\/empresite.eleconomista.es\/MONTAJE-SISTEMAS-AISLAMIENTO.html"},{"enlace":"https:\/\/empresite.eleconomista.es\/LAVANDERIA-SERVANDO.html"},{"enlace":"https:\/\/empresite.eleconomista.es\/IDELLACUER.html"},{"enlace":"https:\/\/empresite.eleconomista.es\/CATERING-BUITRAGO.html"},{"enlace":"https:\/\/empresite.eleconomista.es\/MANUFACTURAS-CALZADO-ALMU.html"},{"enlace":"https:\/\/empresite.eleconomista.es\/PUVECAN.html"},{"enlace":"https:\/\/empresite.eleconomista.es\/PUERTAS-DOORSECC.html"},{"enlace":"https:\/\/empresite.eleconomista.es\/INDOPIEL.html"},{"enlace":"https:\/\/empresite.eleconomista.es\/GESTINFO-VINALOPO.html"},{"enlace":"https:\/\/empresite.eleconomista.es\/NEPACURT.html"},{"enlace":"https:\/\/empresite.eleconomista.es\/BELCALZA-STYLO.html"},{"enlace":"https:\/\/empresite.eleconomista.es\/PARQUE-SOLAR-MONOVAR-2.html"},{"enlace":"https:\/\/empresite.eleconomista.es\/UNIDE-CUEROS.html"},{"enlace":"https:\/\/empresite.eleconomista.es\/TROQUELES-FERRANDIZ.html"},{"enlace":"https:\/\/empresite.eleconomista.es\/IRISADE-MANKOO.html"},{"enlace":"https:\/\/empresite.eleconomista.es\/JEYD-LLORENTE.html"},{"enlace":"https:\/\/empresite.eleconomista.es\/MAPA-PROMOCIONES-2005.html"},{"enlace":"https:\/\/empresite.eleconomista.es\/DEPARTAMENTO-HOSTELERIA.html"},{"enlace":"https:\/\/empresite.eleconomista.es\/AQUIDOL-LOVICADO.html"},{"enlace":"https:\/\/empresite.eleconomista.es\/HERMANOS-ARROYO-2009.html"}]