[{"enlace":"https:\/\/empresite.eleconomista.es\/LIMPIEZAS-ESPO.html"},{"enlace":"https:\/\/empresite.eleconomista.es\/CONSTRUCCIONES-REFORMAS-MARTINEZ-BELENGUER.html"},{"enlace":"https:\/\/empresite.eleconomista.es\/RC-SOLUCIONES-INFORMATICAS.html"},{"enlace":"https:\/\/empresite.eleconomista.es\/MAQUINARIA-COMPLEMENTOS-HOSTELEROS.html"},{"enlace":"https:\/\/empresite.eleconomista.es\/INSTALACIONES-HNOS-REYES.html"},{"enlace":"https:\/\/empresite.eleconomista.es\/ALCARA-OFICINAS.html"},{"enlace":"https:\/\/empresite.eleconomista.es\/CONSTRUCCIONES-REFORMAS-INTEGRALES-ARCOLAK.html"},{"enlace":"https:\/\/empresite.eleconomista.es\/RECREATIVOS-FREEPLAY.html"},{"enlace":"https:\/\/empresite.eleconomista.es\/MUEBLES-DECORACION-MANUEL-PORTER-GIMENO.html"},{"enlace":"https:\/\/empresite.eleconomista.es\/ELECTROTECNIA-JOSE-LUIS.html"},{"enlace":"https:\/\/empresite.eleconomista.es\/DISCOBURJA-VAL.html"},{"enlace":"https:\/\/empresite.eleconomista.es\/LEVANTUBO.html"},{"enlace":"https:\/\/empresite.eleconomista.es\/FABUEL-MORENO-ELECTRICITAT.html"},{"enlace":"https:\/\/empresite.eleconomista.es\/JARDINERIA-CANO-DIAZ.html"},{"enlace":"https:\/\/empresite.eleconomista.es\/TAP-STOCKAGE-MANUTENCION-IBERICA.html"},{"enlace":"https:\/\/empresite.eleconomista.es\/GRUPO-LIMPIALIA.html"},{"enlace":"https:\/\/empresite.eleconomista.es\/FIJACIONES-FIXANIA.html"},{"enlace":"https:\/\/empresite.eleconomista.es\/CONGRESS-CONSULTING.html"},{"enlace":"https:\/\/empresite.eleconomista.es\/TALLERES-METALICOS-SAEZ.html"},{"enlace":"https:\/\/empresite.eleconomista.es\/CERRAJERIA-ALTEN.html"},{"enlace":"https:\/\/empresite.eleconomista.es\/COMERCIAL-PENALVER.html"},{"enlace":"https:\/\/empresite.eleconomista.es\/FONDIVAL.html"},{"enlace":"https:\/\/empresite.eleconomista.es\/ELECTROTECNIA-GINES.html"},{"enlace":"https:\/\/empresite.eleconomista.es\/BLAGITA.html"},{"enlace":"https:\/\/empresite.eleconomista.es\/TIEMPO-CAFE.html"},{"enlace":"https:\/\/empresite.eleconomista.es\/JUMPMATIC-RIDES.html"},{"enlace":"https:\/\/empresite.eleconomista.es\/TIRADORES-POMOLINE.html"},{"enlace":"https:\/\/empresite.eleconomista.es\/INSTALACIONS-ORIEPALP.html"},{"enlace":"https:\/\/empresite.eleconomista.es\/TALLERES-C-SOLAZ.html"},{"enlace":"https:\/\/empresite.eleconomista.es\/LIMPIEZAS-MUGISA.html"}]