[{"enlace":"https:\/\/empresite.eleconomista.es\/HERMANOS-LINARES-ALGARA.html"},{"enlace":"https:\/\/empresite.eleconomista.es\/GRUPO-INVERSOR-MEDIO-VINALOPO.html"},{"enlace":"https:\/\/empresite.eleconomista.es\/TACOMOLD.html"},{"enlace":"https:\/\/empresite.eleconomista.es\/PROYECTOS-MURCA.html"},{"enlace":"https:\/\/empresite.eleconomista.es\/METSISTEM-ELDA.html"},{"enlace":"https:\/\/empresite.eleconomista.es\/RUSTIKAS-GALANA.html"},{"enlace":"https:\/\/empresite.eleconomista.es\/LIMPIEZAS-MUNOZ-ALICANTE.html"},{"enlace":"https:\/\/empresite.eleconomista.es\/ESTEVE-INVERSIONES.html"},{"enlace":"https:\/\/empresite.eleconomista.es\/ORTUNO-DIAZ.html"},{"enlace":"https:\/\/empresite.eleconomista.es\/DESARROLLO-URBANISTICO-VINALOPO.html"},{"enlace":"https:\/\/empresite.eleconomista.es\/ADORNOS-FERRANDIZ.html"},{"enlace":"https:\/\/empresite.eleconomista.es\/SUELAS-CUERO.html"},{"enlace":"https:\/\/empresite.eleconomista.es\/AUTOMOCION-LEVANTE.html"},{"enlace":"https:\/\/empresite.eleconomista.es\/TINKER-PIEL.html"},{"enlace":"https:\/\/empresite.eleconomista.es\/DISTRIBUCIONES-ELECTRICAS-EPALO.html"},{"enlace":"https:\/\/empresite.eleconomista.es\/BELLCUERO-XXI.html"},{"enlace":"https:\/\/empresite.eleconomista.es\/SPAINBAK-TRADING.html"},{"enlace":"https:\/\/empresite.eleconomista.es\/TRAVELTI-IMPORT.html"},{"enlace":"https:\/\/empresite.eleconomista.es\/COSIDOS-USSURI.html"},{"enlace":"https:\/\/empresite.eleconomista.es\/TECLIMA.html"},{"enlace":"https:\/\/empresite.eleconomista.es\/PLASTICOS-IDELLA.html"},{"enlace":"https:\/\/empresite.eleconomista.es\/STONEWAY.html"},{"enlace":"https:\/\/empresite.eleconomista.es\/DISMAGRA-VALENCIA.html"},{"enlace":"https:\/\/empresite.eleconomista.es\/CREACIONES-D-RICHAL.html"},{"enlace":"https:\/\/empresite.eleconomista.es\/MANUFACTURA-CALZADO-MUNOLINA.html"},{"enlace":"https:\/\/empresite.eleconomista.es\/CASANEZ-MANCHON-PROMOCIONES.html"},{"enlace":"https:\/\/empresite.eleconomista.es\/ELECTRICIDAD-JA-ESTEVE.html"},{"enlace":"https:\/\/empresite.eleconomista.es\/MIPE-TEXTIL.html"},{"enlace":"https:\/\/empresite.eleconomista.es\/TROFEOS-DEPORTES-TOMAS.html"},{"enlace":"https:\/\/empresite.eleconomista.es\/MARBRES-CREXI.html"}]