[{"enlace":"https:\/\/empresite.eleconomista.es\/DIGIFLEX-SLU.html"},{"enlace":"https:\/\/empresite.eleconomista.es\/CAMPANAR-VILA.html"},{"enlace":"https:\/\/empresite.eleconomista.es\/NIPER.html"},{"enlace":"https:\/\/empresite.eleconomista.es\/MULTICAPACIDAD.html"},{"enlace":"https:\/\/empresite.eleconomista.es\/AVENYN-NEGOCIOS.html"},{"enlace":"https:\/\/empresite.eleconomista.es\/ALVERS-CENTER-21.html"},{"enlace":"https:\/\/empresite.eleconomista.es\/TUBSOL-ONTINYENT.html"},{"enlace":"https:\/\/empresite.eleconomista.es\/SERIPRINT.html"},{"enlace":"https:\/\/empresite.eleconomista.es\/ESTRUCTURAS-METALICAS-ALCOY.html"},{"enlace":"https:\/\/empresite.eleconomista.es\/MARTINEZ-TORMO.html"},{"enlace":"https:\/\/empresite.eleconomista.es\/GRAFICAS-TORMO-LIT.html"},{"enlace":"https:\/\/empresite.eleconomista.es\/NOU-DIOMA.html"},{"enlace":"https:\/\/empresite.eleconomista.es\/IMASD.html"},{"enlace":"https:\/\/empresite.eleconomista.es\/HERTEVI.html"}]