[{"enlace":"https:\/\/empresite.eleconomista.es\/CASA-TOMIS.html"},{"enlace":"https:\/\/empresite.eleconomista.es\/REPARACIONES-ANTON-VICENTE.html"},{"enlace":"https:\/\/empresite.eleconomista.es\/KIMBOMBO.html"},{"enlace":"https:\/\/empresite.eleconomista.es\/LIMPIEZAS-GARBYLINE.html"},{"enlace":"https:\/\/empresite.eleconomista.es\/CIUDAD-MAR-BENIDORM-SERVICIOS-ODONTOLOGICOS.html"},{"enlace":"https:\/\/empresite.eleconomista.es\/MANTENIMIENTOS-REVISIONES-NOVA-LUZ.html"},{"enlace":"https:\/\/empresite.eleconomista.es\/TOLIMA-SERVICIOS-MEDICOS.html"},{"enlace":"https:\/\/empresite.eleconomista.es\/CARINDUS-ALMANSA.html"},{"enlace":"https:\/\/empresite.eleconomista.es\/ESTRUCTURAS-JAEN.html"},{"enlace":"https:\/\/empresite.eleconomista.es\/CONSTRUCCIONES-OVIDAN.html"},{"enlace":"https:\/\/empresite.eleconomista.es\/GESTION-TIEMPO-LIBRE.html"},{"enlace":"https:\/\/empresite.eleconomista.es\/GOLD-EAGLE.html"},{"enlace":"https:\/\/empresite.eleconomista.es\/SERVICIOS-AUXILIARES-BISON-GRUP.html"},{"enlace":"https:\/\/empresite.eleconomista.es\/CALAS-TOSAL.html"},{"enlace":"https:\/\/empresite.eleconomista.es\/PANADERIA-OASIS.html"},{"enlace":"https:\/\/empresite.eleconomista.es\/LIMPIEZAS-CRISTALIZADOS-CONCHI.html"},{"enlace":"https:\/\/empresite.eleconomista.es\/TECA-DISCOUNT-IMPORT.html"},{"enlace":"https:\/\/empresite.eleconomista.es\/MH-ASFALTOS-OBRAS-CIVILES-2005.html"},{"enlace":"https:\/\/empresite.eleconomista.es\/FUNDADORES-REUNIDOS-ALICANTINOS-MAQUINARIA-INDUSTRIAL.html"},{"enlace":"https:\/\/empresite.eleconomista.es\/CARPOLISH.html"},{"enlace":"https:\/\/empresite.eleconomista.es\/INMOBILIARIA-MONTE-BENIDORM.html"},{"enlace":"https:\/\/empresite.eleconomista.es\/AQUALANDIA-ESPANA.html"},{"enlace":"https:\/\/empresite.eleconomista.es\/CORPORACION-ALICANTINA-SERVICIOS-AUXILIARES.html"},{"enlace":"https:\/\/empresite.eleconomista.es\/CONSULTORES-ASOCIADOS-INGENIERIA-URBANISMO-SLP-YJ-PAGES-UNION-TEMPORAL-EMPRESAS-LEY-18-1982-26-MAYO.html"},{"enlace":"https:\/\/empresite.eleconomista.es\/INSTALACIONES-ELECTRICAS-NOVA-LUZ-SCV.html"},{"enlace":"https:\/\/empresite.eleconomista.es\/GRAN-ESCALA-BLACK-JACK.html"},{"enlace":"https:\/\/empresite.eleconomista.es\/SIRVANSE-COSTABLANCA.html"},{"enlace":"https:\/\/empresite.eleconomista.es\/SUPERMERCADO-PUCHADES-2004.html"},{"enlace":"https:\/\/empresite.eleconomista.es\/CENTRO-AUXILIAR-VIGILANCIA-OBRAS-EMPRESAS.html"},{"enlace":"https:\/\/empresite.eleconomista.es\/PEREZ-PASCUAL.html"}]