[{"enlace":"https:\/\/empresite.eleconomista.es\/PLANTILLAS.html"},{"enlace":"https:\/\/empresite.eleconomista.es\/VEHINLE.html"},{"enlace":"https:\/\/empresite.eleconomista.es\/QUIMICAS-RODRIGUEZ.html"},{"enlace":"https:\/\/empresite.eleconomista.es\/TEJIJUT.html"},{"enlace":"https:\/\/empresite.eleconomista.es\/JS-CARPETS.html"},{"enlace":"https:\/\/empresite.eleconomista.es\/FUN-GEN.html"},{"enlace":"https:\/\/empresite.eleconomista.es\/ALFOMBRAS-TORAK.html"},{"enlace":"https:\/\/empresite.eleconomista.es\/PAM-MAQUINARIA.html"},{"enlace":"https:\/\/empresite.eleconomista.es\/UNIVERSAL-FACHADAS.html"},{"enlace":"https:\/\/empresite.eleconomista.es\/CAUCHOS-RICRI.html"},{"enlace":"https:\/\/empresite.eleconomista.es\/COMERCIAL-PLAGINSA.html"},{"enlace":"https:\/\/empresite.eleconomista.es\/RAMPESOL.html"}]