[{"enlace":"https:\/\/empresite.eleconomista.es\/CROMOTYPE-SERVICIOS-GRAFICOS.html"},{"enlace":"https:\/\/empresite.eleconomista.es\/ACTUACIONES-INTEGRALES-ALICANTE.html"},{"enlace":"https:\/\/empresite.eleconomista.es\/ALUMINIOS-NURSAN.html"},{"enlace":"https:\/\/empresite.eleconomista.es\/REPRESENTACIONES-ESMERALDA.html"},{"enlace":"https:\/\/empresite.eleconomista.es\/INDEPENDENCE-SYSTEMS.html"},{"enlace":"https:\/\/empresite.eleconomista.es\/IRIMAK-INSTALACIONES-MONTAJES.html"},{"enlace":"https:\/\/empresite.eleconomista.es\/ESTRUCTURAS-PETRER.html"},{"enlace":"https:\/\/empresite.eleconomista.es\/TROQUELES-JUAN-SORIANO.html"},{"enlace":"https:\/\/empresite.eleconomista.es\/ELECTROLUZ.html"},{"enlace":"https:\/\/empresite.eleconomista.es\/TROQUELADOS-GRACIA.html"},{"enlace":"https:\/\/empresite.eleconomista.es\/PLASTIHORMA.html"},{"enlace":"https:\/\/empresite.eleconomista.es\/REPRESENTACIONES-E-CARBONELL.html"},{"enlace":"https:\/\/empresite.eleconomista.es\/ENVASES-TORMOS.html"},{"enlace":"https:\/\/empresite.eleconomista.es\/ARBI-MAQUINARIA.html"},{"enlace":"https:\/\/empresite.eleconomista.es\/HUGO-MOTOR.html"},{"enlace":"https:\/\/empresite.eleconomista.es\/TROQUELADOS-NAJERA.html"},{"enlace":"https:\/\/empresite.eleconomista.es\/ANTONIO-MOTILLA-FERNANDEZ.html"},{"enlace":"https:\/\/empresite.eleconomista.es\/EQUIPHOS-HISPANIA.html"},{"enlace":"https:\/\/empresite.eleconomista.es\/PROMATIC-2000.html"},{"enlace":"https:\/\/empresite.eleconomista.es\/CONSTRUMAT-JOFRAN.html"},{"enlace":"https:\/\/empresite.eleconomista.es\/MODELPLANT.html"},{"enlace":"https:\/\/empresite.eleconomista.es\/CARPINTERIA-METALICA-VILLA.html"},{"enlace":"https:\/\/empresite.eleconomista.es\/AGROPECUARIA-MONTEMAYOR.html"},{"enlace":"https:\/\/empresite.eleconomista.es\/REFRIGERACION-MARTIN-RUBIO.html"},{"enlace":"https:\/\/empresite.eleconomista.es\/EUROCUEROS.html"},{"enlace":"https:\/\/empresite.eleconomista.es\/OBRAS-MAPA-2005.html"},{"enlace":"https:\/\/empresite.eleconomista.es\/HG-LEATHER-FRIENDS.html"},{"enlace":"https:\/\/empresite.eleconomista.es\/MONTAJES-ELECTRICOS-BITRIR.html"},{"enlace":"https:\/\/empresite.eleconomista.es\/PROYDECO-SG-REFORMAS-DECORACION.html"},{"enlace":"https:\/\/empresite.eleconomista.es\/SERVICIOS-HOSTELEROS-LOMA.html"}]