[{"enlace":"https:\/\/empresite.eleconomista.es\/PLASTIC-ANVI.html"},{"enlace":"https:\/\/empresite.eleconomista.es\/GESTINVERSA.html"},{"enlace":"https:\/\/empresite.eleconomista.es\/NW-VISCOELASTICA-ESPANOLA.html"},{"enlace":"https:\/\/empresite.eleconomista.es\/ESTEBEL-FOTOVOLTAICA.html"},{"enlace":"https:\/\/empresite.eleconomista.es\/MARPE-REPRESENTACIONES-EMPRESAS.html"},{"enlace":"https:\/\/empresite.eleconomista.es\/CARTONAJES-OBRADOR.html"},{"enlace":"https:\/\/empresite.eleconomista.es\/HIGIENE-2000.html"},{"enlace":"https:\/\/empresite.eleconomista.es\/CONDUCTOS-VIALES-LEVANTE.html"},{"enlace":"https:\/\/empresite.eleconomista.es\/VALENCIA-GASTRONOMICA.html"},{"enlace":"https:\/\/empresite.eleconomista.es\/NETYA.html"},{"enlace":"https:\/\/empresite.eleconomista.es\/FOOD-MACHINERY-ESPANOLA.html"},{"enlace":"https:\/\/empresite.eleconomista.es\/AMBERGARO.html"},{"enlace":"https:\/\/empresite.eleconomista.es\/TERF-TRANSPORTE-DIRECTO.html"},{"enlace":"https:\/\/empresite.eleconomista.es\/PULIMENTO-COLOR-PINO.html"},{"enlace":"https:\/\/empresite.eleconomista.es\/YUDO-IBERICA.html"},{"enlace":"https:\/\/empresite.eleconomista.es\/ANGEL-SAIZ-CARRASCO.html"},{"enlace":"https:\/\/empresite.eleconomista.es\/TRACESOL.html"},{"enlace":"https:\/\/empresite.eleconomista.es\/PLADEBAL.html"},{"enlace":"https:\/\/empresite.eleconomista.es\/TORDESILLAS-EOLICA.html"},{"enlace":"https:\/\/empresite.eleconomista.es\/RECYTECH-IBERIA.html"},{"enlace":"https:\/\/empresite.eleconomista.es\/CABINA-SYSTEM.html"},{"enlace":"https:\/\/empresite.eleconomista.es\/RIBES-TRANSPORTE-INTEGRAL.html"},{"enlace":"https:\/\/empresite.eleconomista.es\/COMPANIA-IBERICA-BROGDEX.html"},{"enlace":"https:\/\/empresite.eleconomista.es\/OLMOS-MARQUINA.html"},{"enlace":"https:\/\/empresite.eleconomista.es\/REGATAS-ALBAL.html"},{"enlace":"https:\/\/empresite.eleconomista.es\/DISTRIBUCIONES-EURODISPAN.html"},{"enlace":"https:\/\/empresite.eleconomista.es\/COMERCIAL-TRANSPORTADORES-AIPER.html"},{"enlace":"https:\/\/empresite.eleconomista.es\/MANTENIREP.html"},{"enlace":"https:\/\/empresite.eleconomista.es\/LACADOS-NELOBAN.html"},{"enlace":"https:\/\/empresite.eleconomista.es\/PULIMENTOS-NAVE-3.html"}]