[{"enlace":"https:\/\/empresite.eleconomista.es\/BASOVI-EM-PRE-SER.html"},{"enlace":"https:\/\/empresite.eleconomista.es\/INICIATIVAS-ECOLOGICAS-DUVAL.html"},{"enlace":"https:\/\/empresite.eleconomista.es\/VERTICE-TRABAJOS-VERTICALES.html"},{"enlace":"https:\/\/empresite.eleconomista.es\/CERRAJERIA-ARTISTICA-TALLERES-RAFRAN.html"},{"enlace":"https:\/\/empresite.eleconomista.es\/NOBESOL-LEVANTE.html"},{"enlace":"https:\/\/empresite.eleconomista.es\/INSTALACIONES-QUILIS.html"},{"enlace":"https:\/\/empresite.eleconomista.es\/ATILA-ROBLE.html"},{"enlace":"https:\/\/empresite.eleconomista.es\/VIASTREN.html"},{"enlace":"https:\/\/empresite.eleconomista.es\/ALVIR-ESPECTACULOS.html"},{"enlace":"https:\/\/empresite.eleconomista.es\/RECICLAJES-K13.html"},{"enlace":"https:\/\/empresite.eleconomista.es\/RECREATIVOS-MARIS.html"},{"enlace":"https:\/\/empresite.eleconomista.es\/MARTI-COTS.html"},{"enlace":"https:\/\/empresite.eleconomista.es\/COTEXVA-UNION-TEXTIL-EUROPEA.html"},{"enlace":"https:\/\/empresite.eleconomista.es\/LAINSA-SERVICIOS-CONTRA-INCENDIOS.html"},{"enlace":"https:\/\/empresite.eleconomista.es\/FULTON.html"},{"enlace":"https:\/\/empresite.eleconomista.es\/MELG-FINCAS.html"},{"enlace":"https:\/\/empresite.eleconomista.es\/ALVIR-PRODUCCIONES-SERVICIOS-CATERING.html"},{"enlace":"https:\/\/empresite.eleconomista.es\/SUVETASK.html"},{"enlace":"https:\/\/empresite.eleconomista.es\/AQUARED.html"},{"enlace":"https:\/\/empresite.eleconomista.es\/ECORESOURCES-HISPANIA.html"},{"enlace":"https:\/\/empresite.eleconomista.es\/HP-PINERO.html"},{"enlace":"https:\/\/empresite.eleconomista.es\/GLAZURKER-INTERNATIONAL.html"},{"enlace":"https:\/\/empresite.eleconomista.es\/EDIFICACIONES-REFORMAS-FERGRA.html"},{"enlace":"https:\/\/empresite.eleconomista.es\/FRANCISCO-POLO.html"},{"enlace":"https:\/\/empresite.eleconomista.es\/FERRAFILS.html"},{"enlace":"https:\/\/empresite.eleconomista.es\/CALDYMA.html"},{"enlace":"https:\/\/empresite.eleconomista.es\/COMERCIAL-PASCUAL-EDUARDO.html"},{"enlace":"https:\/\/empresite.eleconomista.es\/SEND-POSIDON.html"},{"enlace":"https:\/\/empresite.eleconomista.es\/NOVAVALMATIC-2000.html"},{"enlace":"https:\/\/empresite.eleconomista.es\/ELECTROCLIMA-LEVANTE.html"}]