[{"enlace":"https:\/\/empresite.eleconomista.es\/ACEROS-FERRALLAS-ANDREU.html"},{"enlace":"https:\/\/empresite.eleconomista.es\/MONTATGES-ELECTRICS-GALLARDO-GNS.html"},{"enlace":"https:\/\/empresite.eleconomista.es\/LLOPIS-PINTORS.html"},{"enlace":"https:\/\/empresite.eleconomista.es\/LACATS-RIBERA.html"},{"enlace":"https:\/\/empresite.eleconomista.es\/MONDOLIMP-ALZIRA-HIGIENE-INTEGRAL.html"},{"enlace":"https:\/\/empresite.eleconomista.es\/MONTAJES-AUXILIARES-DEVESA-LORENTE-ASOCIADOS.html"},{"enlace":"https:\/\/empresite.eleconomista.es\/AAA-RECYCLING-GROUP.html"},{"enlace":"https:\/\/empresite.eleconomista.es\/ALZILLUM.html"},{"enlace":"https:\/\/empresite.eleconomista.es\/ANTONIO-GOIG-ASOCIADOS.html"},{"enlace":"https:\/\/empresite.eleconomista.es\/BELSA-SUMINISTRES-INDUSTRIALS.html"},{"enlace":"https:\/\/empresite.eleconomista.es\/SALVADOR-ALMELA.html"},{"enlace":"https:\/\/empresite.eleconomista.es\/MECA-BOTIGUES.html"},{"enlace":"https:\/\/empresite.eleconomista.es\/MARBRES-XUQUER.html"},{"enlace":"https:\/\/empresite.eleconomista.es\/GENERAL-MANTENIMIENTOS-INSULARES.html"},{"enlace":"https:\/\/empresite.eleconomista.es\/ALFREDO-GINER.html"},{"enlace":"https:\/\/empresite.eleconomista.es\/ALUMET-ALZIRA.html"},{"enlace":"https:\/\/empresite.eleconomista.es\/FORJAS-VULCANO.html"},{"enlace":"https:\/\/empresite.eleconomista.es\/INDUSTRIAS-MECANICAS-ROYSER.html"},{"enlace":"https:\/\/empresite.eleconomista.es\/PATRIMONIOS-JOALTO.html"},{"enlace":"https:\/\/empresite.eleconomista.es\/MIGUEL-ELECTRODOMESTICOS.html"},{"enlace":"https:\/\/empresite.eleconomista.es\/TISNERES-SOLAR-DOS.html"},{"enlace":"https:\/\/empresite.eleconomista.es\/TINTOCLEAN-2010.html"},{"enlace":"https:\/\/empresite.eleconomista.es\/GLEAM-ESSENCE.html"},{"enlace":"https:\/\/empresite.eleconomista.es\/POMME-CHIP.html"},{"enlace":"https:\/\/empresite.eleconomista.es\/ALZIFRED-SUMINISTRES-FRIGORIFICS.html"},{"enlace":"https:\/\/empresite.eleconomista.es\/RECREATIVOS-ALZIMATIC.html"},{"enlace":"https:\/\/empresite.eleconomista.es\/MECANIZADOS-ZAMORA.html"},{"enlace":"https:\/\/empresite.eleconomista.es\/RECAMBIOS-SALVADOR-GOMEZ.html"},{"enlace":"https:\/\/empresite.eleconomista.es\/PRODUCTOS-QUIMICOS-ALZIRA.html"},{"enlace":"https:\/\/empresite.eleconomista.es\/CONSTRUCCIONES-METALICAS-PABLO-SAMPEDRO.html"}]