[{"enlace":"https:\/\/empresite.eleconomista.es\/RETANER.html"},{"enlace":"https:\/\/empresite.eleconomista.es\/MARSEMOL.html"},{"enlace":"https:\/\/empresite.eleconomista.es\/EDICIONES-DURSO.html"},{"enlace":"https:\/\/empresite.eleconomista.es\/ESMALCER.html"},{"enlace":"https:\/\/empresite.eleconomista.es\/PUERTAS-RAPIDAS-SAC.html"},{"enlace":"https:\/\/empresite.eleconomista.es\/FUNDIZAMAK.html"},{"enlace":"https:\/\/empresite.eleconomista.es\/MEFERCAN.html"},{"enlace":"https:\/\/empresite.eleconomista.es\/LEOPOLDO-MORA.html"},{"enlace":"https:\/\/empresite.eleconomista.es\/JUAN-SANCHIS.html"},{"enlace":"https:\/\/empresite.eleconomista.es\/BG-ENVASES.html"},{"enlace":"https:\/\/empresite.eleconomista.es\/REFORMAS-HERMARTURIA.html"},{"enlace":"https:\/\/empresite.eleconomista.es\/METALMANISES.html"},{"enlace":"https:\/\/empresite.eleconomista.es\/RECALVA.html"},{"enlace":"https:\/\/empresite.eleconomista.es\/PROYECTOS-MODELOS.html"},{"enlace":"https:\/\/empresite.eleconomista.es\/RECURSOS-LOGISTICOS.html"},{"enlace":"https:\/\/empresite.eleconomista.es\/VICENTE-GOMEZ-DECORACION.html"},{"enlace":"https:\/\/empresite.eleconomista.es\/TALLERES-LUCER.html"},{"enlace":"https:\/\/empresite.eleconomista.es\/AISNOLYK.html"},{"enlace":"https:\/\/empresite.eleconomista.es\/CONSTRUCCIONES-MECANICAS-ROYPA.html"},{"enlace":"https:\/\/empresite.eleconomista.es\/ALCAVAL-REPRESENTACIONES.html"},{"enlace":"https:\/\/empresite.eleconomista.es\/ENGUIDANOS-HERNAEZ.html"},{"enlace":"https:\/\/empresite.eleconomista.es\/CONSTRUCCIONES-FORCRIL-2004.html"},{"enlace":"https:\/\/empresite.eleconomista.es\/CENTENARIA-ESPANOLA-21.html"},{"enlace":"https:\/\/empresite.eleconomista.es\/HIERROS-MIRCO.html"},{"enlace":"https:\/\/empresite.eleconomista.es\/AFIVAL.html"},{"enlace":"https:\/\/empresite.eleconomista.es\/VALENCIANA-MAQUINARIA-CALDERERIA.html"},{"enlace":"https:\/\/empresite.eleconomista.es\/TALLERES-PEIDRO.html"},{"enlace":"https:\/\/empresite.eleconomista.es\/SY-SERVI-CLEAN.html"},{"enlace":"https:\/\/empresite.eleconomista.es\/CONTENEDORES-CARTO.html"},{"enlace":"https:\/\/empresite.eleconomista.es\/FEGASE-2000.html"}]