[{"enlace":"https:\/\/empresite.eleconomista.es\/MANTENIMIENTOS-VALENCIA-ELECTRICIDAD.html"},{"enlace":"https:\/\/empresite.eleconomista.es\/FOR-ELECTRICIDAD-SERVICIOS.html"},{"enlace":"https:\/\/empresite.eleconomista.es\/ELECTRICIDAD-M-ASENSIO-2002.html"},{"enlace":"https:\/\/empresite.eleconomista.es\/VALENCIANA-ALMACEN-ELECTRICIDAD.html"},{"enlace":"https:\/\/empresite.eleconomista.es\/ELECTRO-VALENCIA-HUGUET-UTE-ELECTRICIDAD-HOSPITAL-ELCHE-CREVILLENTE-LEY-181982.html"},{"enlace":"https:\/\/empresite.eleconomista.es\/GENERA-QUATRO-TECNOLOGIA-MONTAJES-ELECTRICOS-UTE-MANTENIMIENTO-ATOCHA-LEY-181982.html"},{"enlace":"https:\/\/empresite.eleconomista.es\/TECNOLOGIA-MONTAJES-ELECTRICOS.html"},{"enlace":"https:\/\/empresite.eleconomista.es\/ELECTRO-INDUSTRIAL-MEDITERRANEO.html"}]