[{"enlace":"https:\/\/empresite.eleconomista.es\/VICAN-MEDITERRANEO.html"},{"enlace":"https:\/\/empresite.eleconomista.es\/CELESUR-MEDIO-AMBIENTE.html"},{"enlace":"https:\/\/empresite.eleconomista.es\/INTERFORMAS-VEGA-BAJA.html"},{"enlace":"https:\/\/empresite.eleconomista.es\/2002-JALAPENOS.html"},{"enlace":"https:\/\/empresite.eleconomista.es\/AGRO-FACOTO.html"},{"enlace":"https:\/\/empresite.eleconomista.es\/TORREMENDO-XXI.html"},{"enlace":"https:\/\/empresite.eleconomista.es\/TALLERES-ORTUNO-RODRIGUEZ.html"},{"enlace":"https:\/\/empresite.eleconomista.es\/CUBIERTEC.html"},{"enlace":"https:\/\/empresite.eleconomista.es\/NEROVE-EXPLOTACION-MAQUINAS.html"},{"enlace":"https:\/\/empresite.eleconomista.es\/PROGNOSIS.html"},{"enlace":"https:\/\/empresite.eleconomista.es\/AMEGA-ELECTRIC.html"},{"enlace":"https:\/\/empresite.eleconomista.es\/ENTREMASA.html"},{"enlace":"https:\/\/empresite.eleconomista.es\/ORIGOT-EUROPA.html"},{"enlace":"https:\/\/empresite.eleconomista.es\/BELLA-FINCA-EDUARDOS.html"},{"enlace":"https:\/\/empresite.eleconomista.es\/CONSTRUCCIONES-ESTRELPS-K-2002.html"},{"enlace":"https:\/\/empresite.eleconomista.es\/CONSTRUCCIONES-CAYENSI.html"},{"enlace":"https:\/\/empresite.eleconomista.es\/HILLCROFT-INTERNATIONAL-ESG.html"},{"enlace":"https:\/\/empresite.eleconomista.es\/DELCON-INSTALACIONES-ELECTRICAS.html"},{"enlace":"https:\/\/empresite.eleconomista.es\/ROCASTLE-INVESTMENTS.html"},{"enlace":"https:\/\/empresite.eleconomista.es\/ORTUNO-PLAZA-COMPANIA.html"},{"enlace":"https:\/\/empresite.eleconomista.es\/ESTACION-SERVICIO-SAN-BARTOLOME-CAMPANETA.html"},{"enlace":"https:\/\/empresite.eleconomista.es\/ESTRUCTURAS-ANIORTE.html"},{"enlace":"https:\/\/empresite.eleconomista.es\/COOPER-GREEN-GROUP.html"},{"enlace":"https:\/\/empresite.eleconomista.es\/IMAGINE-PROPERTY-MANAGEMENT.html"},{"enlace":"https:\/\/empresite.eleconomista.es\/PLASTICOS-JB.html"},{"enlace":"https:\/\/empresite.eleconomista.es\/MACARLU.html"},{"enlace":"https:\/\/empresite.eleconomista.es\/ELECTRIFICACIONES-ORISUR.html"},{"enlace":"https:\/\/empresite.eleconomista.es\/CAMPIFERRAN-ALUMINIOS.html"},{"enlace":"https:\/\/empresite.eleconomista.es\/CABIMOR.html"},{"enlace":"https:\/\/empresite.eleconomista.es\/HIGISAN.html"}]