[{"enlace":"https:\/\/empresite.eleconomista.es\/ESTRUCTURAS-ZAJOMAN.html"},{"enlace":"https:\/\/empresite.eleconomista.es\/CARTONAJES-GONZALEZ-VERA.html"},{"enlace":"https:\/\/empresite.eleconomista.es\/LEJIAS-VERANA.html"},{"enlace":"https:\/\/empresite.eleconomista.es\/GARCIA-SERVICIO-TECNICO.html"},{"enlace":"https:\/\/empresite.eleconomista.es\/FERNANDO-BROTONS.html"},{"enlace":"https:\/\/empresite.eleconomista.es\/COMERCIAL-PASMER.html"},{"enlace":"https:\/\/empresite.eleconomista.es\/PLANTAS-CONTRAFUERTES-CRUZ.html"},{"enlace":"https:\/\/empresite.eleconomista.es\/TOP-ASESORIA-INTEGRAL-EMPRESAS.html"},{"enlace":"https:\/\/empresite.eleconomista.es\/LIMPIEZAS-IBANEZ.html"},{"enlace":"https:\/\/empresite.eleconomista.es\/HIERROS-ALUMINIOS-METALGAR.html"},{"enlace":"https:\/\/empresite.eleconomista.es\/DECAMBRO.html"},{"enlace":"https:\/\/empresite.eleconomista.es\/SIEMPRE-JUNTOS.html"},{"enlace":"https:\/\/empresite.eleconomista.es\/ARETE-SERVICIOS-COMUNIDAD.html"},{"enlace":"https:\/\/empresite.eleconomista.es\/ELECTRICIDAD-DOMINGO.html"},{"enlace":"https:\/\/empresite.eleconomista.es\/TINTORERIA-QUIJOTE.html"},{"enlace":"https:\/\/empresite.eleconomista.es\/MOLDES-GRABADOS.html"},{"enlace":"https:\/\/empresite.eleconomista.es\/ROGELIO-MANUFACTURAS.html"},{"enlace":"https:\/\/empresite.eleconomista.es\/CALZADOS-MELODY.html"},{"enlace":"https:\/\/empresite.eleconomista.es\/WINNER-SECO.html"},{"enlace":"https:\/\/empresite.eleconomista.es\/INGENIERIA-SOLAR-LEVANTE.html"},{"enlace":"https:\/\/empresite.eleconomista.es\/FILTRAVENT-LEVANTE.html"},{"enlace":"https:\/\/empresite.eleconomista.es\/NUMERO-PAR.html"},{"enlace":"https:\/\/empresite.eleconomista.es\/SUELAMODEL.html"},{"enlace":"https:\/\/empresite.eleconomista.es\/CERCOS-TIRAS.html"},{"enlace":"https:\/\/empresite.eleconomista.es\/ENECOL-ADHESIVOS.html"},{"enlace":"https:\/\/empresite.eleconomista.es\/DYMANMAQ.html"},{"enlace":"https:\/\/empresite.eleconomista.es\/DESIGN-BY-LITI.html"},{"enlace":"https:\/\/empresite.eleconomista.es\/HERRAJES-BUZONES-MONASTIL.html"},{"enlace":"https:\/\/empresite.eleconomista.es\/CONSTRUCCIONES-MECANICAS-ENEMAQ.html"},{"enlace":"https:\/\/empresite.eleconomista.es\/TALLERES-PAMASA.html"}]