[{"enlace":"https:\/\/empresite.eleconomista.es\/ESTAMPACIONES-PLASTICAS-KADISA.html"},{"enlace":"https:\/\/empresite.eleconomista.es\/THAIS-DYJ-PRODUCTOS.html"},{"enlace":"https:\/\/empresite.eleconomista.es\/QUIMICAS-TJ.html"},{"enlace":"https:\/\/empresite.eleconomista.es\/NOVES-TECNIQUES-ECOLOGIQUES.html"},{"enlace":"https:\/\/empresite.eleconomista.es\/UNION-HIDRAULICA.html"},{"enlace":"https:\/\/empresite.eleconomista.es\/IBERPRESS-SYSTEMS.html"},{"enlace":"https:\/\/empresite.eleconomista.es\/ALTA-CLIMATITZACIO-PASCUAL-CERVERA.html"},{"enlace":"https:\/\/empresite.eleconomista.es\/ELECAR-CARRETILLAS.html"},{"enlace":"https:\/\/empresite.eleconomista.es\/BLUE-SOLAR-ENERGY.html"},{"enlace":"https:\/\/empresite.eleconomista.es\/MONTAJES-ELECTRICOS-ANDRES-GARCIA.html"},{"enlace":"https:\/\/empresite.eleconomista.es\/MUCHOTORO.html"},{"enlace":"https:\/\/empresite.eleconomista.es\/INGENIERIA-SENA-GIMENO-JL.html"},{"enlace":"https:\/\/empresite.eleconomista.es\/VALENCIANA-HOGAR-CASA-JOVE.html"},{"enlace":"https:\/\/empresite.eleconomista.es\/FINESTRES-MORA.html"},{"enlace":"https:\/\/empresite.eleconomista.es\/RECUPERACION-GRASAS-VALENCIANAS.html"},{"enlace":"https:\/\/empresite.eleconomista.es\/ENJOR-HOSTELERIA.html"},{"enlace":"https:\/\/empresite.eleconomista.es\/BRICO-DECO-PINTURAS.html"},{"enlace":"https:\/\/empresite.eleconomista.es\/CARPINMEVAL.html"},{"enlace":"https:\/\/empresite.eleconomista.es\/FABRICADOS-TROQUELES-TORRENT.html"},{"enlace":"https:\/\/empresite.eleconomista.es\/DESGUACE-AUTOBIZNES.html"},{"enlace":"https:\/\/empresite.eleconomista.es\/RP-PULIMENTO.html"},{"enlace":"https:\/\/empresite.eleconomista.es\/COMERCIAL-SACLIMA.html"},{"enlace":"https:\/\/empresite.eleconomista.es\/PUERTAS-ALDER.html"},{"enlace":"https:\/\/empresite.eleconomista.es\/MOSQUITERAS-ANACOR.html"},{"enlace":"https:\/\/empresite.eleconomista.es\/PANELES-VALENCIA.html"},{"enlace":"https:\/\/empresite.eleconomista.es\/CHEQUEGUAY.html"},{"enlace":"https:\/\/empresite.eleconomista.es\/RESINAS-VALENCIANAS.html"},{"enlace":"https:\/\/empresite.eleconomista.es\/CHATARRA-HERMANOS-GUERRERO.html"},{"enlace":"https:\/\/empresite.eleconomista.es\/TREBALLEM-BE.html"},{"enlace":"https:\/\/empresite.eleconomista.es\/POYCOL.html"}]