[{"enlace":"https:\/\/empresite.eleconomista.es\/SERVINET-SIGLO-XXI.html"},{"enlace":"https:\/\/empresite.eleconomista.es\/INDUSTRIAS-QUIMICAS-IRIS.html"},{"enlace":"https:\/\/empresite.eleconomista.es\/INCOBEN-INSTALACION-CONDUCTOS-BENSA.html"},{"enlace":"https:\/\/empresite.eleconomista.es\/BONDING-SYSTEMS.html"},{"enlace":"https:\/\/empresite.eleconomista.es\/VULTECH.html"},{"enlace":"https:\/\/empresite.eleconomista.es\/BONROY.html"},{"enlace":"https:\/\/empresite.eleconomista.es\/VENDING-CHANZA.html"},{"enlace":"https:\/\/empresite.eleconomista.es\/FH-INDUSTRIAL.html"},{"enlace":"https:\/\/empresite.eleconomista.es\/HURTADO-RIVAS.html"},{"enlace":"https:\/\/empresite.eleconomista.es\/FERRETERIA-SANTA-ANA-FERRUQUI.html"}]