[{"enlace":"https:\/\/empresite.eleconomista.es\/SUMINISTROS-INDUSTRIALES-SERCO.html"},{"enlace":"https:\/\/empresite.eleconomista.es\/SUMINISTROS-NAVARRO.html"},{"enlace":"https:\/\/empresite.eleconomista.es\/NC-DISTRIBUCIONES-PRODUCTOS-INDUSTRIALES-LUBRICANTES-2006.html"},{"enlace":"https:\/\/empresite.eleconomista.es\/MESTRAL-SUMINISTROS-HOSTELEROS.html"},{"enlace":"https:\/\/empresite.eleconomista.es\/PROMOCIONES-INDUSTRIALES.html"},{"enlace":"https:\/\/empresite.eleconomista.es\/SUMINISTROS-PASGAL.html"},{"enlace":"https:\/\/empresite.eleconomista.es\/TRATAMIENTOS-INDUSTRIALES-CODOPI.html"},{"enlace":"https:\/\/empresite.eleconomista.es\/SUMINISTROS-MAQUINARIA-BORDERA.html"},{"enlace":"https:\/\/empresite.eleconomista.es\/SUMINISTROS-DECORACION-PINCELL-OR.html"},{"enlace":"https:\/\/empresite.eleconomista.es\/TARITEK-SUMINISTROS-TECNICOS-PARA-CONSTRUCCION.html"},{"enlace":"https:\/\/empresite.eleconomista.es\/REVERT-SANCHIS.html"},{"enlace":"https:\/\/empresite.eleconomista.es\/GUEROLA-SERVICIOS-ENERGETICOS.html"},{"enlace":"https:\/\/empresite.eleconomista.es\/SUINTECO.html"},{"enlace":"https:\/\/empresite.eleconomista.es\/GENERAL-OIL.html"},{"enlace":"https:\/\/empresite.eleconomista.es\/ELKAD-ELECTRICA.html"},{"enlace":"https:\/\/empresite.eleconomista.es\/AUTO-TRUCK-JAYCAR.html"},{"enlace":"https:\/\/empresite.eleconomista.es\/CONSTRUCCIONES-LUCAS-TARRAGA.html"},{"enlace":"https:\/\/empresite.eleconomista.es\/PROMOCIONES-OBRAS-CASA-CALVO.html"},{"enlace":"https:\/\/empresite.eleconomista.es\/MALDON-EUROCENTRO.html"},{"enlace":"https:\/\/empresite.eleconomista.es\/NACAR-LEVANTE.html"},{"enlace":"https:\/\/empresite.eleconomista.es\/PITA-CONSTRUCCIONES-1998.html"},{"enlace":"https:\/\/empresite.eleconomista.es\/PRISTINA-TECNOLOGIA.html"},{"enlace":"https:\/\/empresite.eleconomista.es\/COLOR-INDUSTRIAL.html"},{"enlace":"https:\/\/empresite.eleconomista.es\/SOLTEC-ONTINYENT.html"},{"enlace":"https:\/\/empresite.eleconomista.es\/TALLERES-CONSTRUCCIONES-MECANICAS.html"},{"enlace":"https:\/\/empresite.eleconomista.es\/VALLS-CHAFER-PROMOCIONES.html"},{"enlace":"https:\/\/empresite.eleconomista.es\/ENURBER-INVERSIONES.html"},{"enlace":"https:\/\/empresite.eleconomista.es\/NATURFOC-INNOVACIO.html"},{"enlace":"https:\/\/empresite.eleconomista.es\/VICALIAN-PROPIEDADES-INMOBILIARIAS.html"},{"enlace":"https:\/\/empresite.eleconomista.es\/PROMOCIONES-CONSTRUCCIONES-LLAR-BO.html"}]