[{"enlace":"https:\/\/empresite.eleconomista.es\/MARIA-LUISA-ESPADAS-MARTINEZ.html"},{"enlace":"https:\/\/empresite.eleconomista.es\/ALBERTO-CALDERON-ESPADA.html"},{"enlace":"https:\/\/empresite.eleconomista.es\/CALVITRE.html"},{"enlace":"https:\/\/empresite.eleconomista.es\/FILCOX.html"},{"enlace":"https:\/\/empresite.eleconomista.es\/FONCALSAN.html"},{"enlace":"https:\/\/empresite.eleconomista.es\/PRELEGMAN.html"},{"enlace":"https:\/\/empresite.eleconomista.es\/CARDENAL-BELLUGA-CENTRO-ESTUDIOS.html"},{"enlace":"https:\/\/empresite.eleconomista.es\/FERRALLAS-CALLOSA.html"},{"enlace":"https:\/\/empresite.eleconomista.es\/ELECTRICA-CALLOSINA.html"},{"enlace":"https:\/\/empresite.eleconomista.es\/WORK-LAND-MINERA.html"},{"enlace":"https:\/\/empresite.eleconomista.es\/EUROCUERDAS.html"},{"enlace":"https:\/\/empresite.eleconomista.es\/TRENZAFIL.html"},{"enlace":"https:\/\/empresite.eleconomista.es\/CLEYSOR.html"},{"enlace":"https:\/\/empresite.eleconomista.es\/SICO-FOTOVOLTAICA.html"},{"enlace":"https:\/\/empresite.eleconomista.es\/CERRAJERIA-MARTIPER.html"},{"enlace":"https:\/\/empresite.eleconomista.es\/NEW-SEVA.html"},{"enlace":"https:\/\/empresite.eleconomista.es\/MUEBLES-JOSPER.html"},{"enlace":"https:\/\/empresite.eleconomista.es\/PALYSUR.html"},{"enlace":"https:\/\/empresite.eleconomista.es\/CONFECCIONES-NISERET.html"},{"enlace":"https:\/\/empresite.eleconomista.es\/RECUPERACIONES-VEGA-BAJA.html"},{"enlace":"https:\/\/empresite.eleconomista.es\/AC-CUERDAS.html"},{"enlace":"https:\/\/empresite.eleconomista.es\/TELECLIMA-ORIOL.html"},{"enlace":"https:\/\/empresite.eleconomista.es\/CUERDAS-REDES-ILLAN-ESTAN.html"},{"enlace":"https:\/\/empresite.eleconomista.es\/AGROSERVICIOS-JOESFRU.html"},{"enlace":"https:\/\/empresite.eleconomista.es\/CONSTRUCCIONES-REFORMAS-GODA-SIGLO-XXI.html"},{"enlace":"https:\/\/empresite.eleconomista.es\/COR-MAR-8-SOLAR.html"},{"enlace":"https:\/\/empresite.eleconomista.es\/HILAMORA.html"},{"enlace":"https:\/\/empresite.eleconomista.es\/ELECTRICAS-FRANFE.html"},{"enlace":"https:\/\/empresite.eleconomista.es\/RECREATIVOS-LITORAL.html"},{"enlace":"https:\/\/empresite.eleconomista.es\/ESTUDIO-TECNICO-PROYMELEC.html"}]