[{"enlace":"https:\/\/empresite.eleconomista.es\/PRATEC-ING.html"},{"enlace":"https:\/\/empresite.eleconomista.es\/MIC-MATERIALES-INMUEBLES.html"},{"enlace":"https:\/\/empresite.eleconomista.es\/MECINER-CONDUCTOS.html"},{"enlace":"https:\/\/empresite.eleconomista.es\/DESCONTAMINACIONES-IBERICA.html"},{"enlace":"https:\/\/empresite.eleconomista.es\/VIZENTIA-INICIATIVAS.html"},{"enlace":"https:\/\/empresite.eleconomista.es\/ESCAYOLAS-RAMON-MUNOZ.html"},{"enlace":"https:\/\/empresite.eleconomista.es\/HALTRON-SYSTEMS.html"},{"enlace":"https:\/\/empresite.eleconomista.es\/INSTALACIONES-ELECTRICAS-XIRIVELLA.html"},{"enlace":"https:\/\/empresite.eleconomista.es\/SITROL-AUTOMATIZACION.html"},{"enlace":"https:\/\/empresite.eleconomista.es\/IVAMA-FOTOVOLTAICA.html"},{"enlace":"https:\/\/empresite.eleconomista.es\/CONSTRUCVAL-2002.html"},{"enlace":"https:\/\/empresite.eleconomista.es\/INTLA-FORMACION.html"},{"enlace":"https:\/\/empresite.eleconomista.es\/GESINTECVAL-TECNICA-SERVICIOS.html"},{"enlace":"https:\/\/empresite.eleconomista.es\/GRAFIT-SPRAY.html"},{"enlace":"https:\/\/empresite.eleconomista.es\/ACCESORIOS-SOLDADURA.html"},{"enlace":"https:\/\/empresite.eleconomista.es\/PERSIDOOR.html"},{"enlace":"https:\/\/empresite.eleconomista.es\/HESPERIA-CENTRO-NEGOCIOS.html"},{"enlace":"https:\/\/empresite.eleconomista.es\/INDUSTRIAS-SECEGUI-SLU.html"},{"enlace":"https:\/\/empresite.eleconomista.es\/TALSABELL.html"},{"enlace":"https:\/\/empresite.eleconomista.es\/MATRINOVA.html"},{"enlace":"https:\/\/empresite.eleconomista.es\/CENIFONT.html"},{"enlace":"https:\/\/empresite.eleconomista.es\/ARTESTETICS-2010-LLOGUER-VENDA-APARELLS-ESTETICS.html"},{"enlace":"https:\/\/empresite.eleconomista.es\/INYECTADOS-ALSAN.html"},{"enlace":"https:\/\/empresite.eleconomista.es\/BEEB-BIOENERGIAS.html"},{"enlace":"https:\/\/empresite.eleconomista.es\/METALES-MONGIL.html"},{"enlace":"https:\/\/empresite.eleconomista.es\/TALLERES-CYMS.html"},{"enlace":"https:\/\/empresite.eleconomista.es\/COMPACTOS-PUERTAS-MS.html"},{"enlace":"https:\/\/empresite.eleconomista.es\/INSTALACIONES-SERVICIOS-INTEGRALES-SEVILLA.html"},{"enlace":"https:\/\/empresite.eleconomista.es\/CARPINTERIA-METALICA-SHERIKA-SCV.html"},{"enlace":"https:\/\/empresite.eleconomista.es\/CARPINTERIA-DECORACION-PEIRO.html"}]