[{"enlace":"https:\/\/empresite.eleconomista.es\/HIDROGEST-TRATAMIENTOS-AGUA.html"},{"enlace":"https:\/\/empresite.eleconomista.es\/RECONOCIMIENTOS-PERFORACIONES-SONDEOS.html"},{"enlace":"https:\/\/empresite.eleconomista.es\/SERVICIOS-MONTAJES-MELPA.html"},{"enlace":"https:\/\/empresite.eleconomista.es\/CAP-WELLINGTON.html"},{"enlace":"https:\/\/empresite.eleconomista.es\/INSTITUTO-MEDITERRANEO-TRATAMIENTO-AGUAS.html"},{"enlace":"https:\/\/empresite.eleconomista.es\/LANDERSOL.html"},{"enlace":"https:\/\/empresite.eleconomista.es\/PROMOCIONES-COVALTURIA.html"},{"enlace":"https:\/\/empresite.eleconomista.es\/GESTION-DESARROLLO-PROYECTOS-TECNICOS.html"},{"enlace":"https:\/\/empresite.eleconomista.es\/SNACKS-VALENCIA.html"},{"enlace":"https:\/\/empresite.eleconomista.es\/FAM-STUMABO-IBERICA.html"},{"enlace":"https:\/\/empresite.eleconomista.es\/LIMPIEZAS-CALONA.html"},{"enlace":"https:\/\/empresite.eleconomista.es\/SERVICIOS-GENERALES-DRIVAL.html"},{"enlace":"https:\/\/empresite.eleconomista.es\/INSTALACION-FOTOVOLTAICA-ZAHORI-22.html"},{"enlace":"https:\/\/empresite.eleconomista.es\/INSTALACION-FOTOVOLTAICA-ZAHORI-4.html"},{"enlace":"https:\/\/empresite.eleconomista.es\/MANSER-MANTENIMIENTOS-INTEGRALES.html"},{"enlace":"https:\/\/empresite.eleconomista.es\/SAIRACAZ.html"},{"enlace":"https:\/\/empresite.eleconomista.es\/INSTALACIONES-MERULA.html"},{"enlace":"https:\/\/empresite.eleconomista.es\/SPRESSO-CAFFE.html"},{"enlace":"https:\/\/empresite.eleconomista.es\/ECOPROYING.html"},{"enlace":"https:\/\/empresite.eleconomista.es\/ELECTROTAC-VALENCIANA.html"},{"enlace":"https:\/\/empresite.eleconomista.es\/NASEYAL-CARPINTERIA-METALICA-MECANIZADOS.html"},{"enlace":"https:\/\/empresite.eleconomista.es\/PUERTAS-TECNICAS-BOX.html"},{"enlace":"https:\/\/empresite.eleconomista.es\/INNOVACION-CONSULTING-TECNOLOGICO-LEVANTE.html"},{"enlace":"https:\/\/empresite.eleconomista.es\/CALSER-INSTALACIONES-ELECTRICAS-ILUMINACION.html"},{"enlace":"https:\/\/empresite.eleconomista.es\/LASERTALL.html"},{"enlace":"https:\/\/empresite.eleconomista.es\/INGENIERIA-SISTEMAS-HIDROKNOCK.html"},{"enlace":"https:\/\/empresite.eleconomista.es\/VINDUESPU-SERVICE.html"},{"enlace":"https:\/\/empresite.eleconomista.es\/AIRDECCO-94.html"},{"enlace":"https:\/\/empresite.eleconomista.es\/SERVICIOS-PROFESIONALES-MW.html"},{"enlace":"https:\/\/empresite.eleconomista.es\/DESARROLLOS-FOTOVOLTAICOS-MEDITERRANEO.html"}]