[{"enlace":"https:\/\/empresite.eleconomista.es\/TORRECRAFT.html"},{"enlace":"https:\/\/empresite.eleconomista.es\/LIMPIEZAS-FORXAM.html"},{"enlace":"https:\/\/empresite.eleconomista.es\/LACETTI-EUROGROUP.html"},{"enlace":"https:\/\/empresite.eleconomista.es\/MARAI-05-ALIMENTACION.html"},{"enlace":"https:\/\/empresite.eleconomista.es\/GESALA-MEDITERRANEO.html"},{"enlace":"https:\/\/empresite.eleconomista.es\/SOGA-ELECTRIC-GROUP.html"},{"enlace":"https:\/\/empresite.eleconomista.es\/MADRONO-ENERGIA.html"},{"enlace":"https:\/\/empresite.eleconomista.es\/GALERIKAIZET.html"},{"enlace":"https:\/\/empresite.eleconomista.es\/RENOVA-GESTION-RENOVACION-SERVICIOS.html"},{"enlace":"https:\/\/empresite.eleconomista.es\/TV-PLUS.html"},{"enlace":"https:\/\/empresite.eleconomista.es\/CONSTRUCCIONES-TUSOMAN.html"},{"enlace":"https:\/\/empresite.eleconomista.es\/SER-MUR-1005-CONTROLADORES.html"},{"enlace":"https:\/\/empresite.eleconomista.es\/JEYNA-MULTISERVICIOS.html"},{"enlace":"https:\/\/empresite.eleconomista.es\/CONSTRUCCIONES-FACUNDO-MORALES.html"},{"enlace":"https:\/\/empresite.eleconomista.es\/KARTING-HABANERAS.html"},{"enlace":"https:\/\/empresite.eleconomista.es\/JL-INSTALACIONES.html"},{"enlace":"https:\/\/empresite.eleconomista.es\/COSTA-IDEAL.html"},{"enlace":"https:\/\/empresite.eleconomista.es\/COSTABLANCA-TROPICAL.html"},{"enlace":"https:\/\/empresite.eleconomista.es\/PLUTO-SHOPS.html"},{"enlace":"https:\/\/empresite.eleconomista.es\/SERVICIOS-ONDASOL.html"},{"enlace":"https:\/\/empresite.eleconomista.es\/RESTAURANTE-BARBARA-SOL-MAR.html"},{"enlace":"https:\/\/empresite.eleconomista.es\/BERGOCAMP-SERVICIOS.html"},{"enlace":"https:\/\/empresite.eleconomista.es\/SERVICIOS-AUTOMATICOS-TORREVIEJA.html"},{"enlace":"https:\/\/empresite.eleconomista.es\/CASPI.html"},{"enlace":"https:\/\/empresite.eleconomista.es\/CLAMA-INVEST.html"},{"enlace":"https:\/\/empresite.eleconomista.es\/MONTAJES-ELECTRICOS-CONSTRUCCIONES-TORREVIEJA.html"},{"enlace":"https:\/\/empresite.eleconomista.es\/CACHIBACHE-TORREVIEJA.html"},{"enlace":"https:\/\/empresite.eleconomista.es\/ESTUCADOS-SERVICIOS-CARDONA.html"},{"enlace":"https:\/\/empresite.eleconomista.es\/JORGE-GARCIA-AZPIAZU.html"},{"enlace":"https:\/\/empresite.eleconomista.es\/PINTURAS-DECOPLUS.html"}]