[{"enlace":"https:\/\/empresite.eleconomista.es\/IFCO-SYSTEMS-ESPANA.html"},{"enlace":"https:\/\/empresite.eleconomista.es\/SERVICIOS-RECOGIDA-ECOLOGICOS.html"},{"enlace":"https:\/\/empresite.eleconomista.es\/FERNANDO-CORTES.html"},{"enlace":"https:\/\/empresite.eleconomista.es\/FRIGORIFICOS-HV6.html"},{"enlace":"https:\/\/empresite.eleconomista.es\/VENDING-SUQQET.html"},{"enlace":"https:\/\/empresite.eleconomista.es\/IFP-ELECTRIGEN.html"},{"enlace":"https:\/\/empresite.eleconomista.es\/APLITEC-ENERGIA-MEDIO-AMBIENTE.html"},{"enlace":"https:\/\/empresite.eleconomista.es\/AUTOMOVILES-ARTEMIO-TENA.html"},{"enlace":"https:\/\/empresite.eleconomista.es\/MANUEL-GALAN.html"},{"enlace":"https:\/\/empresite.eleconomista.es\/BESSERPLAST.html"},{"enlace":"https:\/\/empresite.eleconomista.es\/CEMICOR.html"},{"enlace":"https:\/\/empresite.eleconomista.es\/TRANSFORMACION-MATERIA-VEGETAL.html"},{"enlace":"https:\/\/empresite.eleconomista.es\/NARVI-ROMAGUERA-SALES-ECO-ENERGIES.html"},{"enlace":"https:\/\/empresite.eleconomista.es\/PUBLICLIMA.html"},{"enlace":"https:\/\/empresite.eleconomista.es\/CENTRAL-VALENCIANA-CRISTAL.html"},{"enlace":"https:\/\/empresite.eleconomista.es\/AUTOMOTIVE-ENGINEERING.html"},{"enlace":"https:\/\/empresite.eleconomista.es\/LIQUIDOS-MEDITERRANEO.html"},{"enlace":"https:\/\/empresite.eleconomista.es\/SYTMIPLAST.html"},{"enlace":"https:\/\/empresite.eleconomista.es\/ROCE-CONSTRUCCIONES-ESTRUCTURAS.html"},{"enlace":"https:\/\/empresite.eleconomista.es\/MUEBLES-LYON.html"},{"enlace":"https:\/\/empresite.eleconomista.es\/ESTRUCTURAS-CONTRATAS-T-SORIANO.html"},{"enlace":"https:\/\/empresite.eleconomista.es\/CUBIERTAS-EVASION.html"},{"enlace":"https:\/\/empresite.eleconomista.es\/ESTRUCTURAS-CONCRETO.html"},{"enlace":"https:\/\/empresite.eleconomista.es\/LABORATORIOS-FORENQUI.html"},{"enlace":"https:\/\/empresite.eleconomista.es\/TRILEGIO.html"},{"enlace":"https:\/\/empresite.eleconomista.es\/NUEVOS-TAPIZADOS-DECORATIVOS.html"},{"enlace":"https:\/\/empresite.eleconomista.es\/FRANCISCO-BAUTISTA.html"},{"enlace":"https:\/\/empresite.eleconomista.es\/GESTION-RESIDUOS-SALINAS.html"},{"enlace":"https:\/\/empresite.eleconomista.es\/MAQUINAS-HERRAMIENTAS-MADERERAS.html"},{"enlace":"https:\/\/empresite.eleconomista.es\/TALLERES-CARMELO-CAMPOS.html"}]