[{"enlace":"https:\/\/empresite.eleconomista.es\/JUMAR-MULTISERVICE.html"},{"enlace":"https:\/\/empresite.eleconomista.es\/JAA-REFRIMASTER.html"},{"enlace":"https:\/\/empresite.eleconomista.es\/RADIACIONES-LUMINISCENTES-SEGO.html"},{"enlace":"https:\/\/empresite.eleconomista.es\/ABYLA-SERVICIOS-MARINOS.html"},{"enlace":"https:\/\/empresite.eleconomista.es\/EOLBASOT.html"},{"enlace":"https:\/\/empresite.eleconomista.es\/SASTRE-PUIGCERVER-INGENIERIA.html"},{"enlace":"https:\/\/empresite.eleconomista.es\/TEMPO-SOLAR-3000.html"},{"enlace":"https:\/\/empresite.eleconomista.es\/BACTERIOFRES.html"},{"enlace":"https:\/\/empresite.eleconomista.es\/REINANDRO.html"},{"enlace":"https:\/\/empresite.eleconomista.es\/PASVER-ELECTRICIDAD-CLIMATIZACION.html"},{"enlace":"https:\/\/empresite.eleconomista.es\/MULTISERVICIS-ROSELLO.html"},{"enlace":"https:\/\/empresite.eleconomista.es\/SENERIA.html"},{"enlace":"https:\/\/empresite.eleconomista.es\/ACADEMIA-INFORMATICA-SIGMA.html"},{"enlace":"https:\/\/empresite.eleconomista.es\/NAUTICA-VAYA-LLOBELL.html"},{"enlace":"https:\/\/empresite.eleconomista.es\/EUROSOLAR-C-VALENCIANA.html"},{"enlace":"https:\/\/empresite.eleconomista.es\/PLASDEN.html"},{"enlace":"https:\/\/empresite.eleconomista.es\/CRESPO-INSTALACIONES-ELECTRICAS.html"},{"enlace":"https:\/\/empresite.eleconomista.es\/LEFEYMA.html"},{"enlace":"https:\/\/empresite.eleconomista.es\/ELECTROBOMBAS-ARANDA.html"},{"enlace":"https:\/\/empresite.eleconomista.es\/SEGARIA-PLASTICOS.html"},{"enlace":"https:\/\/empresite.eleconomista.es\/TERRI-GARTEN.html"},{"enlace":"https:\/\/empresite.eleconomista.es\/PULIVIP.html"},{"enlace":"https:\/\/empresite.eleconomista.es\/TOT-DRAPS.html"},{"enlace":"https:\/\/empresite.eleconomista.es\/SELIMANCO.html"},{"enlace":"https:\/\/empresite.eleconomista.es\/FERRODENIA.html"},{"enlace":"https:\/\/empresite.eleconomista.es\/SOCOAL.html"},{"enlace":"https:\/\/empresite.eleconomista.es\/ALQUILERES-INFORMATICOS.html"},{"enlace":"https:\/\/empresite.eleconomista.es\/VIVES-PONS-CONSULTORES.html"},{"enlace":"https:\/\/empresite.eleconomista.es\/SERVILUZ-SERVICIOS-GENERALES.html"},{"enlace":"https:\/\/empresite.eleconomista.es\/CHERNIGOV.html"}]