[{"enlace":"https:\/\/empresite.eleconomista.es\/CERRAJERIA-LOPEZ-VILLA.html"},{"enlace":"https:\/\/empresite.eleconomista.es\/BRONCES-MESTRE.html"},{"enlace":"https:\/\/empresite.eleconomista.es\/TUEJASOL-QUALITAT.html"},{"enlace":"https:\/\/empresite.eleconomista.es\/CYC-ALBUFERA-ASOCIADOS.html"},{"enlace":"https:\/\/empresite.eleconomista.es\/MOTORAID.html"},{"enlace":"https:\/\/empresite.eleconomista.es\/HARINAS-SEGURA.html"},{"enlace":"https:\/\/empresite.eleconomista.es\/PULIMENTOS-TORRENT.html"},{"enlace":"https:\/\/empresite.eleconomista.es\/CRISTALERIA-JAVIER-GIL.html"},{"enlace":"https:\/\/empresite.eleconomista.es\/SRE-IMPORT.html"},{"enlace":"https:\/\/empresite.eleconomista.es\/LIMPIEZAS-HORTA-SUD.html"},{"enlace":"https:\/\/empresite.eleconomista.es\/IBERPRESS-MAQUINARIA.html"},{"enlace":"https:\/\/empresite.eleconomista.es\/GSC-SERVICONTROL-MEDITERRANEO.html"},{"enlace":"https:\/\/empresite.eleconomista.es\/COMERCIAL-TORRENT.html"},{"enlace":"https:\/\/empresite.eleconomista.es\/INDUSTRIA-ACABADOS-TAX-2003.html"},{"enlace":"https:\/\/empresite.eleconomista.es\/GALLENT-EXPORT.html"},{"enlace":"https:\/\/empresite.eleconomista.es\/PROYECTOS-FABRICACION-MAQUINARIA.html"},{"enlace":"https:\/\/empresite.eleconomista.es\/ROBERTO-BAVIERA-CHINER.html"},{"enlace":"https:\/\/empresite.eleconomista.es\/VILLANJO.html"},{"enlace":"https:\/\/empresite.eleconomista.es\/DECORACIONES-VALTOR.html"},{"enlace":"https:\/\/empresite.eleconomista.es\/HERMANOS-SIMO.html"},{"enlace":"https:\/\/empresite.eleconomista.es\/CUBIERTAS-TORRENT.html"},{"enlace":"https:\/\/empresite.eleconomista.es\/CHATARRAS-METALES-SERRANET.html"},{"enlace":"https:\/\/empresite.eleconomista.es\/RENOVA-INGENIERIA-ENERGETICA.html"},{"enlace":"https:\/\/empresite.eleconomista.es\/MAGOZFOR-OPEN-HOUSE.html"},{"enlace":"https:\/\/empresite.eleconomista.es\/DISTRIBUIDORA-VALENCIANA-FERRETERIA.html"},{"enlace":"https:\/\/empresite.eleconomista.es\/BRON-TEC.html"},{"enlace":"https:\/\/empresite.eleconomista.es\/TUEJASOL-DIECISIETE.html"},{"enlace":"https:\/\/empresite.eleconomista.es\/FONTORRENT-2006.html"},{"enlace":"https:\/\/empresite.eleconomista.es\/MEDITERRANEA-FOTOVOLTAICA.html"},{"enlace":"https:\/\/empresite.eleconomista.es\/MUEBLES-OTRAS-COSAS.html"}]