[{"enlace":"https:\/\/empresite.eleconomista.es\/MONTAJES-ELECTRICOS-BITRIR.html"},{"enlace":"https:\/\/empresite.eleconomista.es\/SUMINISTROS-FALCO.html"},{"enlace":"https:\/\/empresite.eleconomista.es\/MONICABER-SUMINISTROS.html"},{"enlace":"https:\/\/empresite.eleconomista.es\/SUMINISTROS-SUREC.html"},{"enlace":"https:\/\/empresite.eleconomista.es\/SUMINISTROS-MIRASOL.html"},{"enlace":"https:\/\/empresite.eleconomista.es\/SUMINISTROS-HOSTELEROS-MAQUINARIA-PETREL.html"},{"enlace":"https:\/\/empresite.eleconomista.es\/SUMINISTROS-FERRETEROS-GUZMAR.html"},{"enlace":"https:\/\/empresite.eleconomista.es\/PEFERSA-SUMINISTROS-SERIGRAFICOS.html"},{"enlace":"https:\/\/empresite.eleconomista.es\/SUMINISTROS-CONSTRUCCIONES-FAL.html"},{"enlace":"https:\/\/empresite.eleconomista.es\/OFIC-INSTALACIONES-SUMINISTROS.html"},{"enlace":"https:\/\/empresite.eleconomista.es\/SUMINISTROS-ALQUILERES-VINALOPO.html"},{"enlace":"https:\/\/empresite.eleconomista.es\/MURILLO-SUMINISTROS-HOSTELEROS.html"},{"enlace":"https:\/\/empresite.eleconomista.es\/ARALEXIS-SHOES.html"},{"enlace":"https:\/\/empresite.eleconomista.es\/PARQUETMANIA.html"},{"enlace":"https:\/\/empresite.eleconomista.es\/BRAVOPARQUET.html"},{"enlace":"https:\/\/empresite.eleconomista.es\/FUNDICIONES-TECNICAS-PARA-MODA.html"}]