[{"enlace":"https:\/\/empresite.eleconomista.es\/DENTISA-SUMINISTROS-DENTALES.html"},{"enlace":"https:\/\/empresite.eleconomista.es\/VEXTRA-SUMINISTROS-INTEGRALES.html"},{"enlace":"https:\/\/empresite.eleconomista.es\/SUMINISTROS-HOSTELEROS-GUILLEN.html"},{"enlace":"https:\/\/empresite.eleconomista.es\/APLICACIONES-SUMINISTROS-JAVIER-ZURIAGA.html"},{"enlace":"https:\/\/empresite.eleconomista.es\/CHARDENT-SUMINISTROS-DENTALES.html"},{"enlace":"https:\/\/empresite.eleconomista.es\/SUMINISTROS-ELECTRICOS-LLORENS.html"},{"enlace":"https:\/\/empresite.eleconomista.es\/NACHO-SUMINISTROS-CERAMICOS.html"},{"enlace":"https:\/\/empresite.eleconomista.es\/COMERCIAL-V-SUMINISTROS-OFICINA.html"},{"enlace":"https:\/\/empresite.eleconomista.es\/SUMINISTROS-CONSTRUCCIONES-SERVYHOGAR.html"},{"enlace":"https:\/\/empresite.eleconomista.es\/SUMINISTROS-ELECTRICOS-RAFAEL-BUENO.html"},{"enlace":"https:\/\/empresite.eleconomista.es\/HOSTELVASA-SUMINISTROS-HOSTELEROS.html"},{"enlace":"https:\/\/empresite.eleconomista.es\/SUMINISTROS-HOSTELEROS-ONLINE.html"},{"enlace":"https:\/\/empresite.eleconomista.es\/SUMINISTROS-MEJORAS-AGRICOLAS-VALENCIA.html"},{"enlace":"https:\/\/empresite.eleconomista.es\/ISOLVED-SUMINISTROS-DISTRIBUCIONES.html"},{"enlace":"https:\/\/empresite.eleconomista.es\/VALENCIANA-SUMINISTROS-OFIMATICOS.html"},{"enlace":"https:\/\/empresite.eleconomista.es\/HACHE-SUMINISTROS-HOSTELEROS.html"},{"enlace":"https:\/\/empresite.eleconomista.es\/SUMINISTROS-GUILLEN-MOLINA.html"},{"enlace":"https:\/\/empresite.eleconomista.es\/SUMINISTROS-DISTRIBUCION-BRICO-INDUSTRIAL.html"},{"enlace":"https:\/\/empresite.eleconomista.es\/SUMINISTROS-MORENTIN-SERRANO.html"},{"enlace":"https:\/\/empresite.eleconomista.es\/SUMINISTROS-MANTENIMIENTOS-JAIRO.html"},{"enlace":"https:\/\/empresite.eleconomista.es\/CRISBE-SUMINISTROS-NAVALES.html"},{"enlace":"https:\/\/empresite.eleconomista.es\/SUMINISTROS-METALICOS-BURGOS.html"},{"enlace":"https:\/\/empresite.eleconomista.es\/SUMINISTROS-EDUCATIVOS-FORMATIVOS.html"},{"enlace":"https:\/\/empresite.eleconomista.es\/SUMINISTROS-VALENCIANOS-PARA-CONSTRUCCION.html"},{"enlace":"https:\/\/empresite.eleconomista.es\/SUMINISTROS-ARTES-GRAFICAS-LEVANTE.html"},{"enlace":"https:\/\/empresite.eleconomista.es\/SERVICIOS-SUMINISTROS-NANICO.html"},{"enlace":"https:\/\/empresite.eleconomista.es\/RECOGIDA-RESIDUOS-INDUSTRIALES-GESTION-MEDIOAMBIENTAL.html"},{"enlace":"https:\/\/empresite.eleconomista.es\/MANTENIMIENTOS-ELECTRICOS-INDUSTRIALES-ALACREU-MARTINEZ.html"},{"enlace":"https:\/\/empresite.eleconomista.es\/SUMINISTROS-ORIENTALES-MAOCHI-ARTICULOS-VALENCIA.html"},{"enlace":"https:\/\/empresite.eleconomista.es\/APUNTES-SUMINISTROS-PARA-OFICINA-SRLL.html"}]