[{"enlace":"https:\/\/empresite.eleconomista.es\/DIAMOND-CATERING-IBERICA.html"},{"enlace":"https:\/\/empresite.eleconomista.es\/ENERSOL-LUCENTUM.html"},{"enlace":"https:\/\/empresite.eleconomista.es\/SEIUBETU.html"},{"enlace":"https:\/\/empresite.eleconomista.es\/GLOBAL-SERVICIOS-MANTENIMIENTO-LIMPIEZAS.html"},{"enlace":"https:\/\/empresite.eleconomista.es\/CORES-ENERGY-SYSTEM.html"},{"enlace":"https:\/\/empresite.eleconomista.es\/KILO-GRAMUS.html"},{"enlace":"https:\/\/empresite.eleconomista.es\/HELLI-TRUCKS-MAQUINARIA.html"},{"enlace":"https:\/\/empresite.eleconomista.es\/DIAFIBER-INTERNATIONAL.html"},{"enlace":"https:\/\/empresite.eleconomista.es\/QUIROGA-GARCIA-HNOS.html"},{"enlace":"https:\/\/empresite.eleconomista.es\/BERKOW.html"},{"enlace":"https:\/\/empresite.eleconomista.es\/MAQUINAS-EXPENDEDORAS-ALICANTE-PAHE.html"},{"enlace":"https:\/\/empresite.eleconomista.es\/CLIMA-NATURA-MONTAJES-MANTENIMIENTO.html"},{"enlace":"https:\/\/empresite.eleconomista.es\/NARANJO-VIABLE.html"},{"enlace":"https:\/\/empresite.eleconomista.es\/ANDRANIK-NEWCON.html"},{"enlace":"https:\/\/empresite.eleconomista.es\/LEVANTE-SUR-APLICACIONES.html"},{"enlace":"https:\/\/empresite.eleconomista.es\/PESCADOS-MIRAMAR.html"},{"enlace":"https:\/\/empresite.eleconomista.es\/EDEN-MODERN-AGRICULTURE.html"},{"enlace":"https:\/\/empresite.eleconomista.es\/DEBI-CONSTRUCCIONES-SUR-2008.html"},{"enlace":"https:\/\/empresite.eleconomista.es\/SOLIVIN-2000.html"},{"enlace":"https:\/\/empresite.eleconomista.es\/CIENPIES-GESTION-2004.html"},{"enlace":"https:\/\/empresite.eleconomista.es\/ESTRUCTURAS-METALICAS-F-CASTRO.html"},{"enlace":"https:\/\/empresite.eleconomista.es\/GARMO-GESTION-OBRA.html"},{"enlace":"https:\/\/empresite.eleconomista.es\/AFS-LABORATORIOS-CONTROL-GESTION-CALIDAD-ALIMENTARIA.html"},{"enlace":"https:\/\/empresite.eleconomista.es\/PAGO-COMUNIDAD-PROPIETARIOS.html"},{"enlace":"https:\/\/empresite.eleconomista.es\/DASAPA.html"},{"enlace":"https:\/\/empresite.eleconomista.es\/TODO-PARTIDAS.html"},{"enlace":"https:\/\/empresite.eleconomista.es\/ID-GENERAL-CONSTRUCCION.html"},{"enlace":"https:\/\/empresite.eleconomista.es\/GESTION-AMBIENTAL-URBANA.html"},{"enlace":"https:\/\/empresite.eleconomista.es\/CIM-ALQUILERES.html"},{"enlace":"https:\/\/empresite.eleconomista.es\/AEB-DECORACIONES.html"}]