[{"enlace":"https:\/\/empresite.eleconomista.es\/DISERCO-SUMINISTROS-INDUSTRIALES.html"},{"enlace":"https:\/\/empresite.eleconomista.es\/SOLUCIONES-MAQUINARIA-SUMINISTROS-SERVICIOS.html"},{"enlace":"https:\/\/empresite.eleconomista.es\/DO-REGO-SERVICIOS-SUMINISTROS.html"},{"enlace":"https:\/\/empresite.eleconomista.es\/INJEC-SUMINISTROS-REPUESTOS.html"},{"enlace":"https:\/\/empresite.eleconomista.es\/SUMINISTROS-INFORMATICOS-LEVANTE.html"},{"enlace":"https:\/\/empresite.eleconomista.es\/DAVISAN-SUMINISTROS-INDUSTRIALES.html"},{"enlace":"https:\/\/empresite.eleconomista.es\/CLEAN-PRO-SUMINISTROS.html"},{"enlace":"https:\/\/empresite.eleconomista.es\/GRUPO-CAMIMA-SUMINISTROS.html"},{"enlace":"https:\/\/empresite.eleconomista.es\/SUMINISTROS-GRAFICOS-MODULOS.html"},{"enlace":"https:\/\/empresite.eleconomista.es\/SUMINISTROS-HORNOS-PANADERIA.html"},{"enlace":"https:\/\/empresite.eleconomista.es\/SUMINISTROS-SISTEMAS-PARA-MAQUINARIA.html"},{"enlace":"https:\/\/empresite.eleconomista.es\/SUMINISTROS-DENTALES-GONZALO-AGUSTIN.html"},{"enlace":"https:\/\/empresite.eleconomista.es\/HIDRAULICA-SUMINISTROS-GENERALES.html"},{"enlace":"https:\/\/empresite.eleconomista.es\/SUMINISTROS-GRAFICOS-PRINT.html"},{"enlace":"https:\/\/empresite.eleconomista.es\/PEAM-SUMINISTROS-INFORMATICOS.html"},{"enlace":"https:\/\/empresite.eleconomista.es\/SUMINISTROS-TAV-VALENCIA.html"},{"enlace":"https:\/\/empresite.eleconomista.es\/FAMAR-SUMINISTROS-NAVALES.html"},{"enlace":"https:\/\/empresite.eleconomista.es\/AMS-SUMINISTROS-VLC.html"},{"enlace":"https:\/\/empresite.eleconomista.es\/SUMINISTROS-UNIVERSALES-MAQUINARIA.html"},{"enlace":"https:\/\/empresite.eleconomista.es\/SUMINISTROS-GENERALES-VALENCIANOS.html"},{"enlace":"https:\/\/empresite.eleconomista.es\/LEVANTINA-SUMINISTROS-FRIGORIFICOS.html"},{"enlace":"https:\/\/empresite.eleconomista.es\/SUMINISTROS-OFFICE-ONE.html"},{"enlace":"https:\/\/empresite.eleconomista.es\/SUMINISTROS-INDUSTRIALES-SOLDADURA-TARRAGON.html"},{"enlace":"https:\/\/empresite.eleconomista.es\/SUMINISTROS-COMERCIAL-ATEX.html"},{"enlace":"https:\/\/empresite.eleconomista.es\/SUMETALSA-SUMINISTROS-METALICOS-SANITARIOS.html"},{"enlace":"https:\/\/empresite.eleconomista.es\/SUMINISTROS-NAVALES-VM.html"},{"enlace":"https:\/\/empresite.eleconomista.es\/SUMINISTROS-GRAFICOS-INTEGRALES.html"},{"enlace":"https:\/\/empresite.eleconomista.es\/SUMINISTROS-TE-FE.html"},{"enlace":"https:\/\/empresite.eleconomista.es\/COPIADORAS-SUMINISTROS-INFORMATICOS.html"},{"enlace":"https:\/\/empresite.eleconomista.es\/LEVANTE-SUMINISTROS-OFICINAS.html"}]