[{"enlace":"https:\/\/empresite.eleconomista.es\/IMPLANTACION-TRATAMIENTOS-DISENOS-INDUSTRIALES.html"},{"enlace":"https:\/\/empresite.eleconomista.es\/HIDRAULICA-BOMBEOS-INDUSTRIALES.html"},{"enlace":"https:\/\/empresite.eleconomista.es\/INICIATIVAS-NUEVAS-INDUSTRIALES-VALENCIANAS.html"},{"enlace":"https:\/\/empresite.eleconomista.es\/NAVES-INDUSTRIALES-POLIT.html"},{"enlace":"https:\/\/empresite.eleconomista.es\/MANTENIMIENTOS-INDUSTRIALES-PASHERNE.html"},{"enlace":"https:\/\/empresite.eleconomista.es\/SERVICIOS-TECNICOS-INDUSTRIALES-MABER.html"},{"enlace":"https:\/\/empresite.eleconomista.es\/MECATRONICA-INSTALACIONES-INDUSTRIALES.html"},{"enlace":"https:\/\/empresite.eleconomista.es\/CINTALUX-CINTAS-INDUSTRIALES.html"},{"enlace":"https:\/\/empresite.eleconomista.es\/RECURSOS-INDUSTRIALES-UNIFICADOS.html"},{"enlace":"https:\/\/empresite.eleconomista.es\/REPUESTOS-TECNICOS-INDUSTRIALES-VALENCIA.html"},{"enlace":"https:\/\/empresite.eleconomista.es\/CONTROL-PROCESOS-INDUSTRIALES-FES.html"},{"enlace":"https:\/\/empresite.eleconomista.es\/INSTALACIONES-INDUSTRIALES-GRAU-M.html"},{"enlace":"https:\/\/empresite.eleconomista.es\/PROCESOS-INDUSTRIALES-TURIA.html"},{"enlace":"https:\/\/empresite.eleconomista.es\/ELEAZAR-RESIDUOS-INDUSTRIALES.html"},{"enlace":"https:\/\/empresite.eleconomista.es\/MUEBLES-METALICOS-INDUSTRIALES.html"},{"enlace":"https:\/\/empresite.eleconomista.es\/ACTIVIDADES-INDUSTRIALES-QUART.html"},{"enlace":"https:\/\/empresite.eleconomista.es\/EXPLOTACIONES-INDUSTRIALES-GEOTECNICAS.html"},{"enlace":"https:\/\/empresite.eleconomista.es\/SUMINISTROS-INTEGRALES-PARA-LABORATORIO.html"},{"enlace":"https:\/\/empresite.eleconomista.es\/SUMINISTROS-COMPRAS-REVA.html"},{"enlace":"https:\/\/empresite.eleconomista.es\/SUMINISTROS-HERRAMIENTA-ELIAS.html"},{"enlace":"https:\/\/empresite.eleconomista.es\/SUMINISTROS-OLEICOS-ACEJASA.html"},{"enlace":"https:\/\/empresite.eleconomista.es\/RUSAN-SUMINISTROS-OFICINA.html"},{"enlace":"https:\/\/empresite.eleconomista.es\/SUMINISTROS-ELECTRICOS-PARA-AUTOMOVILES.html"},{"enlace":"https:\/\/empresite.eleconomista.es\/VALENCIANA-SUMINISTROS-GESTIONES.html"},{"enlace":"https:\/\/empresite.eleconomista.es\/IMEVASA-SUMINISTROS-MEDICOS-ORTOPEDICOS.html"},{"enlace":"https:\/\/empresite.eleconomista.es\/SOLUCIONES-MAQUINARIA-SUMINISTROS-SERVICIOS.html"},{"enlace":"https:\/\/empresite.eleconomista.es\/DO-REGO-SERVICIOS-SUMINISTROS.html"},{"enlace":"https:\/\/empresite.eleconomista.es\/INJEC-SUMINISTROS-REPUESTOS.html"},{"enlace":"https:\/\/empresite.eleconomista.es\/SUMINISTROS-INFORMATICOS-LEVANTE.html"},{"enlace":"https:\/\/empresite.eleconomista.es\/CLEAN-PRO-SUMINISTROS.html"}]