[{"enlace":"https:\/\/empresite.eleconomista.es\/FERRALLAS-BARTOLOME.html"},{"enlace":"https:\/\/empresite.eleconomista.es\/TEVALUNIO.html"},{"enlace":"https:\/\/empresite.eleconomista.es\/RENTING-KWL-SAFOR.html"},{"enlace":"https:\/\/empresite.eleconomista.es\/SUNPOWER-INVEST.html"},{"enlace":"https:\/\/empresite.eleconomista.es\/MERCASOL-ENERGIA.html"},{"enlace":"https:\/\/empresite.eleconomista.es\/CONSTRUCCIONES-JIMENEZ-CARELI.html"},{"enlace":"https:\/\/empresite.eleconomista.es\/JAIME-AUSINA-FERRER.html"},{"enlace":"https:\/\/empresite.eleconomista.es\/PUERTAS-VENTANAS-BENISSA.html"},{"enlace":"https:\/\/empresite.eleconomista.es\/PANELES-PLECK.html"},{"enlace":"https:\/\/empresite.eleconomista.es\/INSTALACIONES-ELECTRICIDAD-FONTANERIA-GINER-FONT.html"},{"enlace":"https:\/\/empresite.eleconomista.es\/ELECTRICIDAD-PALBER.html"},{"enlace":"https:\/\/empresite.eleconomista.es\/SHERPA-MARINA-ALTA.html"},{"enlace":"https:\/\/empresite.eleconomista.es\/FRANCO-ELECTROROSSI.html"},{"enlace":"https:\/\/empresite.eleconomista.es\/JUDOBLAS.html"},{"enlace":"https:\/\/empresite.eleconomista.es\/ES-JOSYAN.html"},{"enlace":"https:\/\/empresite.eleconomista.es\/BENIFRY.html"},{"enlace":"https:\/\/empresite.eleconomista.es\/JARDINES-MUROS-BENISSA.html"},{"enlace":"https:\/\/empresite.eleconomista.es\/VILLAS-FESMA.html"},{"enlace":"https:\/\/empresite.eleconomista.es\/SPONGETECH-EUROPA.html"},{"enlace":"https:\/\/empresite.eleconomista.es\/SUN-STREAM.html"},{"enlace":"https:\/\/empresite.eleconomista.es\/SERVICIOS-LIMPIEZA-MARINA-ALTA.html"},{"enlace":"https:\/\/empresite.eleconomista.es\/ALUSENIJA.html"},{"enlace":"https:\/\/empresite.eleconomista.es\/ALUBENISSA.html"},{"enlace":"https:\/\/empresite.eleconomista.es\/HERMES-UTILIDADES.html"},{"enlace":"https:\/\/empresite.eleconomista.es\/ROLUX-SPEZIAL.html"},{"enlace":"https:\/\/empresite.eleconomista.es\/DROGADONA.html"},{"enlace":"https:\/\/empresite.eleconomista.es\/VIDRES-MARINA-ALTA.html"},{"enlace":"https:\/\/empresite.eleconomista.es\/FERROBEN.html"},{"enlace":"https:\/\/empresite.eleconomista.es\/VISTAGLASS.html"},{"enlace":"https:\/\/empresite.eleconomista.es\/ALQUILERES-VILLAMAR.html"}]