[{"enlace":"https:\/\/empresite.eleconomista.es\/SUMINISTROS-CALYSOL.html"},{"enlace":"https:\/\/empresite.eleconomista.es\/DESARROLLOS-INDUSTRIALES-SIBEL.html"},{"enlace":"https:\/\/empresite.eleconomista.es\/VERSSIA-PROMOCIONES-INDUSTRIALES-2004.html"},{"enlace":"https:\/\/empresite.eleconomista.es\/SUMINISTROS-PINTURA-KOLOR.html"},{"enlace":"https:\/\/empresite.eleconomista.es\/FABRICACION-SUMINISTROS-TEXTILES.html"},{"enlace":"https:\/\/empresite.eleconomista.es\/COMERCIO-RECUPERACION-ECOLOGICA-RESIDUOS-SOLIDOS-INDUSTRIALES.html"},{"enlace":"https:\/\/empresite.eleconomista.es\/COMSUINVAL.html"},{"enlace":"https:\/\/empresite.eleconomista.es\/GESTION-COMERCIAL-HURTADO.html"},{"enlace":"https:\/\/empresite.eleconomista.es\/FERRETERIA-MANTENIMIENTO.html"},{"enlace":"https:\/\/empresite.eleconomista.es\/AISLAMIENTOS-SOLEDAD-BLAZQUEZ.html"},{"enlace":"https:\/\/empresite.eleconomista.es\/MAVAL-INSTALACIONES-AUTOMATIZACION.html"},{"enlace":"https:\/\/empresite.eleconomista.es\/FELM-INSTALACIONES.html"},{"enlace":"https:\/\/empresite.eleconomista.es\/SISTEMAS-SELECCION-AUTOMATICA.html"},{"enlace":"https:\/\/empresite.eleconomista.es\/IROGERG-PROMOCIONES.html"},{"enlace":"https:\/\/empresite.eleconomista.es\/TECNISIS-3000-TECNICAS-SISTEMAS.html"},{"enlace":"https:\/\/empresite.eleconomista.es\/PUERTAS-MONTAJES-ALBAMAR.html"},{"enlace":"https:\/\/empresite.eleconomista.es\/SUGEIN.html"},{"enlace":"https:\/\/empresite.eleconomista.es\/METRAFIL.html"},{"enlace":"https:\/\/empresite.eleconomista.es\/GESMALIA-INFRAESTRUCTURAS.html"},{"enlace":"https:\/\/empresite.eleconomista.es\/CLIMENT-AGUSTIN.html"},{"enlace":"https:\/\/empresite.eleconomista.es\/JUAN-MARIN-MANZANO.html"},{"enlace":"https:\/\/empresite.eleconomista.es\/CONTRATAS-LOYMAR.html"},{"enlace":"https:\/\/empresite.eleconomista.es\/CONSTRUCCIONES-MARTI.html"},{"enlace":"https:\/\/empresite.eleconomista.es\/PRODUCTOS-QUIMICOS-LUBRICANTES.html"},{"enlace":"https:\/\/empresite.eleconomista.es\/EDIFICACIONS-ESTRUCTURES-TURIA.html"},{"enlace":"https:\/\/empresite.eleconomista.es\/SANFELIU-PERIS.html"},{"enlace":"https:\/\/empresite.eleconomista.es\/FARTONS-POLO.html"},{"enlace":"https:\/\/empresite.eleconomista.es\/FRANCISCO-RODRIGUEZ-PINAZO.html"},{"enlace":"https:\/\/empresite.eleconomista.es\/JARA-CALDERERIA.html"},{"enlace":"https:\/\/empresite.eleconomista.es\/TRIGO-ROCA.html"}]