[{"enlace":"https:\/\/empresite.eleconomista.es\/TECNO-ILUMINACION-JAVISA.html"},{"enlace":"https:\/\/empresite.eleconomista.es\/FERRALLAS-FERROMET.html"},{"enlace":"https:\/\/empresite.eleconomista.es\/SALVADOR-MARIN-SILLA.html"},{"enlace":"https:\/\/empresite.eleconomista.es\/ELECTRO-ANDREU.html"},{"enlace":"https:\/\/empresite.eleconomista.es\/LLUMTORRENT.html"},{"enlace":"https:\/\/empresite.eleconomista.es\/INREMAVAL.html"},{"enlace":"https:\/\/empresite.eleconomista.es\/AMPARO-ZAFON-SOLAR.html"},{"enlace":"https:\/\/empresite.eleconomista.es\/FIGARO-PLAC.html"},{"enlace":"https:\/\/empresite.eleconomista.es\/NEW-PRODUCTS-TECH-21.html"},{"enlace":"https:\/\/empresite.eleconomista.es\/SIMO-HERNANDEZ.html"},{"enlace":"https:\/\/empresite.eleconomista.es\/ASESORIA-SERVICIOS-TORVAL.html"},{"enlace":"https:\/\/empresite.eleconomista.es\/ROGLE-TORRENT.html"},{"enlace":"https:\/\/empresite.eleconomista.es\/ALTE-2000.html"},{"enlace":"https:\/\/empresite.eleconomista.es\/LAUROMOVIL.html"},{"enlace":"https:\/\/empresite.eleconomista.es\/CRISTALERIA-REDOMAR.html"},{"enlace":"https:\/\/empresite.eleconomista.es\/MANFRESC-EUROPA.html"},{"enlace":"https:\/\/empresite.eleconomista.es\/MONTAJES-SERVICIOS-REM-VI.html"},{"enlace":"https:\/\/empresite.eleconomista.es\/GALENA-ESTETICA-LASER.html"},{"enlace":"https:\/\/empresite.eleconomista.es\/INSTACOAIR.html"},{"enlace":"https:\/\/empresite.eleconomista.es\/CLIMASTAR-TORREN.html"},{"enlace":"https:\/\/empresite.eleconomista.es\/SUMINISTRES-MAS-JUTGE.html"},{"enlace":"https:\/\/empresite.eleconomista.es\/ESTRUCTURES-ARMADES-LLEVANTINES.html"},{"enlace":"https:\/\/empresite.eleconomista.es\/KOOPMAN-INTERNATIONAL-IBERICA.html"},{"enlace":"https:\/\/empresite.eleconomista.es\/ELECTRONEREA.html"},{"enlace":"https:\/\/empresite.eleconomista.es\/UNIT-MANUFACTURAS-MONTAJE-MECANIZADOS.html"},{"enlace":"https:\/\/empresite.eleconomista.es\/HIERROS-FERRALLAS-CRUZ.html"},{"enlace":"https:\/\/empresite.eleconomista.es\/RECICLATGES-TARIN.html"},{"enlace":"https:\/\/empresite.eleconomista.es\/KIMIMARK.html"},{"enlace":"https:\/\/empresite.eleconomista.es\/DISENO-ELECTRICO-PROGRAMACION.html"},{"enlace":"https:\/\/empresite.eleconomista.es\/CRISTALDANCE.html"}]