[{"enlace":"https:\/\/empresite.eleconomista.es\/SUMINISTROS-GENERALES-VALENCIA.html"},{"enlace":"https:\/\/empresite.eleconomista.es\/HORNOS-INDUSTRIALES-COINREF.html"},{"enlace":"https:\/\/empresite.eleconomista.es\/SERVICIOS-INDUSTRIALES-GENERALES-ANER.html"},{"enlace":"https:\/\/empresite.eleconomista.es\/SUMINISTROS-TECNICOS-CONDUCCION.html"},{"enlace":"https:\/\/empresite.eleconomista.es\/SUMIMOBLE.html"},{"enlace":"https:\/\/empresite.eleconomista.es\/TIZONA-HIJOS.html"},{"enlace":"https:\/\/empresite.eleconomista.es\/VAL-BEARING.html"},{"enlace":"https:\/\/empresite.eleconomista.es\/PLASTICOS-GUADALAVIAR.html"},{"enlace":"https:\/\/empresite.eleconomista.es\/BARNICES-TINTURERO.html"},{"enlace":"https:\/\/empresite.eleconomista.es\/TABLEROS-CUT.html"},{"enlace":"https:\/\/empresite.eleconomista.es\/BARBOT-NABER.html"},{"enlace":"https:\/\/empresite.eleconomista.es\/NYLA-2002.html"},{"enlace":"https:\/\/empresite.eleconomista.es\/ICA-LOYVI.html"},{"enlace":"https:\/\/empresite.eleconomista.es\/MAQUINARIA-TECNICAS-PROCESOS.html"},{"enlace":"https:\/\/empresite.eleconomista.es\/7-FINE-ARTS-SPAIN.html"},{"enlace":"https:\/\/empresite.eleconomista.es\/TECNI-EMBALA.html"},{"enlace":"https:\/\/empresite.eleconomista.es\/SISTEMAS-PATRI.html"},{"enlace":"https:\/\/empresite.eleconomista.es\/HAC-BROKERS-2005.html"},{"enlace":"https:\/\/empresite.eleconomista.es\/INVERSIONES-CHAMBO.html"},{"enlace":"https:\/\/empresite.eleconomista.es\/VISTA-STERLING.html"},{"enlace":"https:\/\/empresite.eleconomista.es\/NAVES-FABRICAS.html"},{"enlace":"https:\/\/empresite.eleconomista.es\/VACOEX.html"},{"enlace":"https:\/\/empresite.eleconomista.es\/COINREF.html"},{"enlace":"https:\/\/empresite.eleconomista.es\/DAKPA-SERVIS.html"},{"enlace":"https:\/\/empresite.eleconomista.es\/TECNICA-CALDERERIA-PLASTICA.html"},{"enlace":"https:\/\/empresite.eleconomista.es\/AGUDEZA.html"},{"enlace":"https:\/\/empresite.eleconomista.es\/PULL-PUSH-SIGLO-XXI.html"},{"enlace":"https:\/\/empresite.eleconomista.es\/TALLERES-ZIRTAM.html"},{"enlace":"https:\/\/empresite.eleconomista.es\/FOMESA-FRUITECH.html"},{"enlace":"https:\/\/empresite.eleconomista.es\/URANO-ALUMINI.html"}]