[{"enlace":"https:\/\/empresite.eleconomista.es\/ASCENSORES-AITANA.html"},{"enlace":"https:\/\/empresite.eleconomista.es\/ROBERTO-MOCHOLI.html"},{"enlace":"https:\/\/empresite.eleconomista.es\/ESPERT-VALENCIA.html"},{"enlace":"https:\/\/empresite.eleconomista.es\/FONT-LUNA.html"},{"enlace":"https:\/\/empresite.eleconomista.es\/TALLERES-FCO-NAVAS-MARTINEZ.html"},{"enlace":"https:\/\/empresite.eleconomista.es\/LIDERAZGO-EMPRESARIAL.html"},{"enlace":"https:\/\/empresite.eleconomista.es\/INSTALACIONES-ENERGETICAS-MEDITERRANEO.html"},{"enlace":"https:\/\/empresite.eleconomista.es\/MIZ-ACCESORIOS.html"},{"enlace":"https:\/\/empresite.eleconomista.es\/FLUOROMAC-ASISTENCIA-PORMENORIZADA-PARA-CONSTRUCCION.html"},{"enlace":"https:\/\/empresite.eleconomista.es\/CONDUCTOS-FRANAIR.html"},{"enlace":"https:\/\/empresite.eleconomista.es\/INSTALACIONES-PROFICLIMA.html"},{"enlace":"https:\/\/empresite.eleconomista.es\/CONSTRUCCIONES-MARTINEZ-DALMAU.html"},{"enlace":"https:\/\/empresite.eleconomista.es\/TDT-INSTALACIONES-MONTAJES-ELECTRICOS-CLIMATIZACION.html"},{"enlace":"https:\/\/empresite.eleconomista.es\/PUERTAS-METALICAS-ALTON.html"},{"enlace":"https:\/\/empresite.eleconomista.es\/TINTORERIA-CERVANTES.html"},{"enlace":"https:\/\/empresite.eleconomista.es\/SANMUDIVAL-CONSTRUCCIONES.html"},{"enlace":"https:\/\/empresite.eleconomista.es\/LACADOS-ROSANROS.html"},{"enlace":"https:\/\/empresite.eleconomista.es\/CUCERVAL.html"}]