[{"enlace":"https:\/\/empresite.eleconomista.es\/NIKODEMO-ASOCIADOS-21.html"},{"enlace":"https:\/\/empresite.eleconomista.es\/PROSOLIA-SIGLO-XXI.html"},{"enlace":"https:\/\/empresite.eleconomista.es\/MOPATEX.html"},{"enlace":"https:\/\/empresite.eleconomista.es\/WARNING-SOLAR.html"},{"enlace":"https:\/\/empresite.eleconomista.es\/MASQUEDOS-SOLAR.html"},{"enlace":"https:\/\/empresite.eleconomista.es\/DESARROLLOS-CORPORATIVOS-CHATTEL.html"},{"enlace":"https:\/\/empresite.eleconomista.es\/SUMINISTRAMENT-DIDACTICS-D-EMPRESES-V.html"},{"enlace":"https:\/\/empresite.eleconomista.es\/GASOLPER.html"},{"enlace":"https:\/\/empresite.eleconomista.es\/ESTACIONES-SERVICIO-GIL.html"},{"enlace":"https:\/\/empresite.eleconomista.es\/INSTALACIONES-BOBINAJES-ELECTRICOS.html"},{"enlace":"https:\/\/empresite.eleconomista.es\/SERVICASA-REPARACIONES.html"},{"enlace":"https:\/\/empresite.eleconomista.es\/DECORACION-FLORAL-IKEBANA.html"},{"enlace":"https:\/\/empresite.eleconomista.es\/D-CINE-PARC-MAGACINE.html"},{"enlace":"https:\/\/empresite.eleconomista.es\/BPN-GAS.html"},{"enlace":"https:\/\/empresite.eleconomista.es\/LIMPIEZAS-CALABUIG.html"},{"enlace":"https:\/\/empresite.eleconomista.es\/LL-BE-BACK.html"},{"enlace":"https:\/\/empresite.eleconomista.es\/FERRALLAS-OLLERIA.html"},{"enlace":"https:\/\/empresite.eleconomista.es\/VALL-BLANCA-ENERGIES.html"},{"enlace":"https:\/\/empresite.eleconomista.es\/EXCAVACIONS-GERMANS-ESTEVE.html"},{"enlace":"https:\/\/empresite.eleconomista.es\/CONSTRUCTION-STAFFING-SERVICES-WORLDWIDE.html"},{"enlace":"https:\/\/empresite.eleconomista.es\/RAMIRO-GRABADO-TEXTIL.html"},{"enlace":"https:\/\/empresite.eleconomista.es\/MERCA-III-RENOVABLES.html"},{"enlace":"https:\/\/empresite.eleconomista.es\/RENTABILITUM.html"},{"enlace":"https:\/\/empresite.eleconomista.es\/INSVALL-ELECTRICS.html"},{"enlace":"https:\/\/empresite.eleconomista.es\/MES-QUE-NET-AUTOTAXI-MONTAVERNER.html"},{"enlace":"https:\/\/empresite.eleconomista.es\/IPOND-LEVANTE.html"},{"enlace":"https:\/\/empresite.eleconomista.es\/LIDEM-CONSTRUCCIONES-MECANICAS.html"},{"enlace":"https:\/\/empresite.eleconomista.es\/GRABADOS-LEVANTE.html"},{"enlace":"https:\/\/empresite.eleconomista.es\/FITOGAL.html"},{"enlace":"https:\/\/empresite.eleconomista.es\/DAVID-LUIS.html"}]