[{"enlace":"https:\/\/empresite.eleconomista.es\/NUEVOS-PROYECTOS-ELECTRICOS-TELECOMUNICACIONES.html"},{"enlace":"https:\/\/empresite.eleconomista.es\/MONTAJES-ELECTRICOS-RUYLOSAL.html"},{"enlace":"https:\/\/empresite.eleconomista.es\/NICASIO-SUMINISTROS.html"},{"enlace":"https:\/\/empresite.eleconomista.es\/INSUCO-INSTALACIONES-SUMINISTROS-CONSTRUCCION.html"},{"enlace":"https:\/\/empresite.eleconomista.es\/VALENCIA-SUR.html"},{"enlace":"https:\/\/empresite.eleconomista.es\/AMPARO-FERNANDEZ.html"},{"enlace":"https:\/\/empresite.eleconomista.es\/3G-UTILES-MEDITERRANEO.html"},{"enlace":"https:\/\/empresite.eleconomista.es\/VENTA-INFORMATICA-VALENCIA.html"},{"enlace":"https:\/\/empresite.eleconomista.es\/SUMIGARFA.html"},{"enlace":"https:\/\/empresite.eleconomista.es\/GRUPO-PC-INVERSIONES.html"}]