[{"enlace":"https:\/\/empresite.eleconomista.es\/MASTER-UE-ENERGY.html"},{"enlace":"https:\/\/empresite.eleconomista.es\/TRASLUCHADA.html"},{"enlace":"https:\/\/empresite.eleconomista.es\/PINTURA-COMA.html"},{"enlace":"https:\/\/empresite.eleconomista.es\/FONTANERIA-GOTA-FRIA.html"},{"enlace":"https:\/\/empresite.eleconomista.es\/CALABO-CONSULTING.html"},{"enlace":"https:\/\/empresite.eleconomista.es\/SANTACREU-COSTA.html"},{"enlace":"https:\/\/empresite.eleconomista.es\/TOL2-JAVEA.html"},{"enlace":"https:\/\/empresite.eleconomista.es\/CLIMATIZACION-GARMI.html"}]