[{"enlace":"https:\/\/empresite.eleconomista.es\/INITIAL-CONTROL.html"},{"enlace":"https:\/\/empresite.eleconomista.es\/CRISTALERIA-ANLLE.html"},{"enlace":"https:\/\/empresite.eleconomista.es\/EMEVISA-PISCINAS.html"},{"enlace":"https:\/\/empresite.eleconomista.es\/REFORMAS-INTEGRALES-COSTA-LEVANTE.html"},{"enlace":"https:\/\/empresite.eleconomista.es\/MONTAJES-ANDAMIOS-DAVO.html"},{"enlace":"https:\/\/empresite.eleconomista.es\/EJEPREAC.html"},{"enlace":"https:\/\/empresite.eleconomista.es\/OBRAS-TORRES-MARIN.html"},{"enlace":"https:\/\/empresite.eleconomista.es\/DUVIERES-ALBEIRO.html"},{"enlace":"https:\/\/empresite.eleconomista.es\/CALLE-66-SERVICIOS-PUBLICITARIOS.html"},{"enlace":"https:\/\/empresite.eleconomista.es\/NETEJA-CONTROL-ANTIPLAGAS.html"},{"enlace":"https:\/\/empresite.eleconomista.es\/PROTECCION-AHORRO-ENERGETICO.html"},{"enlace":"https:\/\/empresite.eleconomista.es\/HOSTELERIA-PORTOFINO-34.html"},{"enlace":"https:\/\/empresite.eleconomista.es\/LOPEZ-QUILES-INVERSIONES.html"},{"enlace":"https:\/\/empresite.eleconomista.es\/HATEM-SUEL-ASOCIADOS.html"},{"enlace":"https:\/\/empresite.eleconomista.es\/AKRATAXI.html"},{"enlace":"https:\/\/empresite.eleconomista.es\/FRIMAVAL.html"},{"enlace":"https:\/\/empresite.eleconomista.es\/RECICLA2-VIDAL.html"},{"enlace":"https:\/\/empresite.eleconomista.es\/INSTALACIONES-ELECTRICAS-EUROPA.html"},{"enlace":"https:\/\/empresite.eleconomista.es\/MADERAS-DERIVADOS-MARTINEZ-CANDELA.html"},{"enlace":"https:\/\/empresite.eleconomista.es\/DEIF-IBERIA.html"},{"enlace":"https:\/\/empresite.eleconomista.es\/KOUBUTSU.html"},{"enlace":"https:\/\/empresite.eleconomista.es\/METALICAS-FRANCISCO-GUIRAO.html"},{"enlace":"https:\/\/empresite.eleconomista.es\/DAVIMOL-INVERSIONES.html"},{"enlace":"https:\/\/empresite.eleconomista.es\/ANTRICIA.html"},{"enlace":"https:\/\/empresite.eleconomista.es\/ALVAREZ-ALMANSA-QUIMICOS.html"},{"enlace":"https:\/\/empresite.eleconomista.es\/SORIO-BORJA.html"},{"enlace":"https:\/\/empresite.eleconomista.es\/INTERNACIONAL-POLIMEROS-INPOL.html"},{"enlace":"https:\/\/empresite.eleconomista.es\/SERVICIOS-PLAZA-SERPLAZA.html"},{"enlace":"https:\/\/empresite.eleconomista.es\/BORJAMOTOR.html"},{"enlace":"https:\/\/empresite.eleconomista.es\/CUELLAR-DISTRIBUCION-CUELLARDIS.html"}]