[{"enlace":"https:\/\/empresite.eleconomista.es\/ECOPLUSENERGY.html"},{"enlace":"https:\/\/empresite.eleconomista.es\/HIJOS-JUAN-JOSE-CLIMENT.html"},{"enlace":"https:\/\/empresite.eleconomista.es\/AISLAMIENTOS-AITANA.html"},{"enlace":"https:\/\/empresite.eleconomista.es\/NOCRISIS.html"},{"enlace":"https:\/\/empresite.eleconomista.es\/ARANYO-SOL-ENERGIA.html"},{"enlace":"https:\/\/empresite.eleconomista.es\/ENERGIAS-ALTERNATIVAS-PASCUAL-VALOR.html"},{"enlace":"https:\/\/empresite.eleconomista.es\/INTERMILE-PRODUCTS.html"},{"enlace":"https:\/\/empresite.eleconomista.es\/ECOTEXTIL-RECYCLING.html"},{"enlace":"https:\/\/empresite.eleconomista.es\/ALCOY-GLASS.html"},{"enlace":"https:\/\/empresite.eleconomista.es\/CARRETILLAS-MARTINEZ.html"},{"enlace":"https:\/\/empresite.eleconomista.es\/FONPERFIL.html"},{"enlace":"https:\/\/empresite.eleconomista.es\/VIRTUAL-MACHINES.html"},{"enlace":"https:\/\/empresite.eleconomista.es\/ELECTRONOVA-ALCOY.html"},{"enlace":"https:\/\/empresite.eleconomista.es\/ALUMINIS-BENISSAIDO.html"},{"enlace":"https:\/\/empresite.eleconomista.es\/FONTANERIA-CAMI.html"},{"enlace":"https:\/\/empresite.eleconomista.es\/SERMET-2000.html"},{"enlace":"https:\/\/empresite.eleconomista.es\/CARPINTERIA-ALUMINIO-HIERRO-PERSIANAS-FERCAN.html"},{"enlace":"https:\/\/empresite.eleconomista.es\/CARLOS-OLCINA-MOLTO.html"},{"enlace":"https:\/\/empresite.eleconomista.es\/LICESIO-SPORT.html"},{"enlace":"https:\/\/empresite.eleconomista.es\/SERVICIOS-CONTROL-PEDRO-ZAMORA.html"},{"enlace":"https:\/\/empresite.eleconomista.es\/AUTOMATISMOS-LEVANTE.html"},{"enlace":"https:\/\/empresite.eleconomista.es\/LIMPIEZA-DIGITAL.html"},{"enlace":"https:\/\/empresite.eleconomista.es\/ROMEU-BERNABEU.html"},{"enlace":"https:\/\/empresite.eleconomista.es\/CRISTALES-ALUMINIOS-MONTAVA.html"},{"enlace":"https:\/\/empresite.eleconomista.es\/LIMPSAL.html"},{"enlace":"https:\/\/empresite.eleconomista.es\/INYECTADOS-ALCOY.html"},{"enlace":"https:\/\/empresite.eleconomista.es\/GAMMA-TENSOR.html"},{"enlace":"https:\/\/empresite.eleconomista.es\/EUROCILINDRO.html"},{"enlace":"https:\/\/empresite.eleconomista.es\/CAPACIS.html"},{"enlace":"https:\/\/empresite.eleconomista.es\/TRANSFORMACIONES-GOMAESPUMA-PITI.html"}]