[{"enlace":"https:\/\/empresite.eleconomista.es\/SUIMTHER.html"},{"enlace":"https:\/\/empresite.eleconomista.es\/CLC-ALACANT.html"},{"enlace":"https:\/\/empresite.eleconomista.es\/ELECTROGALMAR.html"},{"enlace":"https:\/\/empresite.eleconomista.es\/INELME-INSTALACIONES-ELECTRICAS-MEDITERRANEO.html"},{"enlace":"https:\/\/empresite.eleconomista.es\/SANVIELECTRIC.html"},{"enlace":"https:\/\/empresite.eleconomista.es\/ESCESANVI-CORREA.html"},{"enlace":"https:\/\/empresite.eleconomista.es\/BEVIA-SANTOS.html"},{"enlace":"https:\/\/empresite.eleconomista.es\/ESTRUCTURAS-GARCIA-LOZANO.html"},{"enlace":"https:\/\/empresite.eleconomista.es\/ALICANTINA-MANTENIMIENTO-SAN-VICENTE.html"},{"enlace":"https:\/\/empresite.eleconomista.es\/SANVICASA.html"},{"enlace":"https:\/\/empresite.eleconomista.es\/INSTALACIONES-ELECTRICAS-RASPEIG.html"}]