[{"enlace":"https:\/\/empresite.eleconomista.es\/LOGIFRUIT.html"},{"enlace":"https:\/\/empresite.eleconomista.es\/NOVETOS.html"},{"enlace":"https:\/\/empresite.eleconomista.es\/GRUPO-MIRAGALL-VERCHER.html"},{"enlace":"https:\/\/empresite.eleconomista.es\/LUZON-INVER.html"},{"enlace":"https:\/\/empresite.eleconomista.es\/LAZO-OCHO.html"},{"enlace":"https:\/\/empresite.eleconomista.es\/ZARZADILLA-SOLAR-2.html"},{"enlace":"https:\/\/empresite.eleconomista.es\/FEMIBA-SERVICIOS-INTEGRALES.html"},{"enlace":"https:\/\/empresite.eleconomista.es\/JAVIER-RODRIGUEZ-52631.html"},{"enlace":"https:\/\/empresite.eleconomista.es\/ISOTERMIA-SOLUCIONES-SLNE.html"},{"enlace":"https:\/\/empresite.eleconomista.es\/PULIDOS-LIMPIEZAS-MAPI.html"},{"enlace":"https:\/\/empresite.eleconomista.es\/BENISOL-SERVI-3000.html"},{"enlace":"https:\/\/empresite.eleconomista.es\/ZARZADILLA-SOLAR-3.html"},{"enlace":"https:\/\/empresite.eleconomista.es\/ZARZADILLA-SOLAR-6.html"},{"enlace":"https:\/\/empresite.eleconomista.es\/AGROBUREAU-DESPACHO-NEGOCIOS.html"},{"enlace":"https:\/\/empresite.eleconomista.es\/SEGURAMA-MEDIADORES.html"},{"enlace":"https:\/\/empresite.eleconomista.es\/BRISA-BLANCA.html"},{"enlace":"https:\/\/empresite.eleconomista.es\/INMUEBLES-SIGLO-XXI.html"},{"enlace":"https:\/\/empresite.eleconomista.es\/PROTECO-MANTENIMIENTO.html"},{"enlace":"https:\/\/empresite.eleconomista.es\/EP-HYGIENE-MULTISERVICIOS.html"},{"enlace":"https:\/\/empresite.eleconomista.es\/LLARAD.html"},{"enlace":"https:\/\/empresite.eleconomista.es\/DESGOLF.html"},{"enlace":"https:\/\/empresite.eleconomista.es\/R22ND.html"},{"enlace":"https:\/\/empresite.eleconomista.es\/AD-58-NUEVO-AMBIENTE.html"},{"enlace":"https:\/\/empresite.eleconomista.es\/TINFO-OLMEDA-SOLAR-7.html"},{"enlace":"https:\/\/empresite.eleconomista.es\/SISTEMAS-INTEGRADOS-EDIFICACION.html"},{"enlace":"https:\/\/empresite.eleconomista.es\/ALBANILERIA-CHECA-GALDRAN.html"},{"enlace":"https:\/\/empresite.eleconomista.es\/PUERTAS-AUTOMATISMOS-CRUZ.html"},{"enlace":"https:\/\/empresite.eleconomista.es\/THAYZA-INSTALACIONES.html"},{"enlace":"https:\/\/empresite.eleconomista.es\/SERCOTAL-SERVICIOS.html"},{"enlace":"https:\/\/empresite.eleconomista.es\/COLLEGIA-EMPRESAS-TAU.html"}]