[{"enlace":"https:\/\/empresite.eleconomista.es\/ELECTRICIDAD-MIANFER.html"},{"enlace":"https:\/\/empresite.eleconomista.es\/ELECTRICIDAD-ORILUX.html"},{"enlace":"https:\/\/empresite.eleconomista.es\/ELECTRICIDAD-PEDRO-DAVID.html"},{"enlace":"https:\/\/empresite.eleconomista.es\/ELECTRICIDAD-AUTOMOVIL-CHAQUETAS.html"},{"enlace":"https:\/\/empresite.eleconomista.es\/DOALCO-ELECTRICIDAD-RAFAEL-BERENGUER-UNION-TEMPORAL-EMPRESAS-LEY-181982.html"},{"enlace":"https:\/\/empresite.eleconomista.es\/CORTIJO-SANCHEZ.html"},{"enlace":"https:\/\/empresite.eleconomista.es\/TALLERES-ILLESCAS.html"},{"enlace":"https:\/\/empresite.eleconomista.es\/CHIMENEAS-ZAMBRANA.html"}]