[{"enlace":"https:\/\/empresite.eleconomista.es\/SUMINISTROS-OMNIELECTRIC.html"},{"enlace":"https:\/\/empresite.eleconomista.es\/DOMOTICA-MONTAJES-ELECTRICOS.html"},{"enlace":"https:\/\/empresite.eleconomista.es\/PIMA-SUMINISTROS.html"},{"enlace":"https:\/\/empresite.eleconomista.es\/SUMINISTROS-INDUSTRIALES-SERVO-FLUID.html"},{"enlace":"https:\/\/empresite.eleconomista.es\/TAPIA-SUMINISTROS-INDUSTRIALES.html"},{"enlace":"https:\/\/empresite.eleconomista.es\/SORIA-FERRUS-SUMINISTROS-FERRETERIA.html"},{"enlace":"https:\/\/empresite.eleconomista.es\/LEMUS-LOGISTIC.html"},{"enlace":"https:\/\/empresite.eleconomista.es\/INPRO-ELECTRIC-ESPANA.html"},{"enlace":"https:\/\/empresite.eleconomista.es\/ELECTRODELTA-ALMUSAFES.html"},{"enlace":"https:\/\/empresite.eleconomista.es\/GLOBAL-EXPORT-2012.html"},{"enlace":"https:\/\/empresite.eleconomista.es\/WALKERPACK-MPL.html"}]