[{"enlace":"https:\/\/empresite.eleconomista.es\/SUMINISTROS-INDUSTRIALES-CALLOSA.html"},{"enlace":"https:\/\/empresite.eleconomista.es\/REPARACIONES-INDUSTRIALES-P-BALLESTA.html"},{"enlace":"https:\/\/empresite.eleconomista.es\/SUMINISTROS-COMPONENTES-FOTOVOLTAICA-DETECMA.html"},{"enlace":"https:\/\/empresite.eleconomista.es\/CASAS-HORMIGON-MOVILES.html"},{"enlace":"https:\/\/empresite.eleconomista.es\/MAQUINARIA-EMBALAJES-ROCAMORA.html"},{"enlace":"https:\/\/empresite.eleconomista.es\/GRUPO-INVERSIONES-TREBOL-GARDEN.html"},{"enlace":"https:\/\/empresite.eleconomista.es\/LOHERCU-SERVICIOS-INMOBILIARIOS.html"},{"enlace":"https:\/\/empresite.eleconomista.es\/CONSTRUCCIONES-PROHUERTA.html"},{"enlace":"https:\/\/empresite.eleconomista.es\/MERCEDES-GUTIERREZ-ALONSO.html"},{"enlace":"https:\/\/empresite.eleconomista.es\/GRAUCASA-2002.html"},{"enlace":"https:\/\/empresite.eleconomista.es\/DISENOS-CALIDAD-INMOBILIARIOS.html"},{"enlace":"https:\/\/empresite.eleconomista.es\/OSC-MAESAN.html"},{"enlace":"https:\/\/empresite.eleconomista.es\/PROMOCIONES-P-ALMIRA.html"},{"enlace":"https:\/\/empresite.eleconomista.es\/BALLESTER-AYUSO-HIJO.html"},{"enlace":"https:\/\/empresite.eleconomista.es\/INVERCITRI-LYN.html"},{"enlace":"https:\/\/empresite.eleconomista.es\/VEMALUCA.html"},{"enlace":"https:\/\/empresite.eleconomista.es\/DECORACIONES-ROCAMORA.html"},{"enlace":"https:\/\/empresite.eleconomista.es\/PRODUCTOS-BRICOMAR.html"},{"enlace":"https:\/\/empresite.eleconomista.es\/ESTRUCTURAS-DERIVADOS-VALLE.html"},{"enlace":"https:\/\/empresite.eleconomista.es\/CONSTRUCCIONES-BALANTINO-S.html"},{"enlace":"https:\/\/empresite.eleconomista.es\/VIVIENDAS-HNOS-GRAU.html"},{"enlace":"https:\/\/empresite.eleconomista.es\/COMERCIAL-DAYMAN-BADEN.html"},{"enlace":"https:\/\/empresite.eleconomista.es\/PAYVITEX.html"},{"enlace":"https:\/\/empresite.eleconomista.es\/MORENO-MANRESA-ESTRUCTURAS.html"},{"enlace":"https:\/\/empresite.eleconomista.es\/PROMOCIONES-CONSTRUCCIONES-VESY-SOL.html"},{"enlace":"https:\/\/empresite.eleconomista.es\/URBANIZADORA-MONTEMAR.html"},{"enlace":"https:\/\/empresite.eleconomista.es\/INYECTADOS-PRIMAR.html"},{"enlace":"https:\/\/empresite.eleconomista.es\/ESTACION-SERVICIO-SAN-ROQUE-CALLOSA.html"},{"enlace":"https:\/\/empresite.eleconomista.es\/ESTAN-LUCAS-FOTOVOLTAICA.html"},{"enlace":"https:\/\/empresite.eleconomista.es\/JOSEFINA-MANCHON.html"}]