[{"enlace":"https:\/\/empresite.eleconomista.es\/MESON-IBERICO-GANDIA.html"},{"enlace":"https:\/\/empresite.eleconomista.es\/GRANITA.html"},{"enlace":"https:\/\/empresite.eleconomista.es\/AQUA-PLAG-GANDIA.html"},{"enlace":"https:\/\/empresite.eleconomista.es\/ARMMAR-MULTISERVICIOS.html"},{"enlace":"https:\/\/empresite.eleconomista.es\/KORELIUM.html"},{"enlace":"https:\/\/empresite.eleconomista.es\/ASCENSORES-BATALLER.html"},{"enlace":"https:\/\/empresite.eleconomista.es\/ELECOMPA.html"},{"enlace":"https:\/\/empresite.eleconomista.es\/MEGALUNA.html"},{"enlace":"https:\/\/empresite.eleconomista.es\/PROYECTOS-INTEGRALES-CALIDAD.html"},{"enlace":"https:\/\/empresite.eleconomista.es\/FRANCO-BONET-TINTORERIAS.html"},{"enlace":"https:\/\/empresite.eleconomista.es\/BRICOCHAPA.html"},{"enlace":"https:\/\/empresite.eleconomista.es\/QUIMICAS-BATALLER.html"},{"enlace":"https:\/\/empresite.eleconomista.es\/AUTOLAVADO-RAPIDO-ALCODAR.html"},{"enlace":"https:\/\/empresite.eleconomista.es\/GESTION-KALIDAD-FORMACION.html"},{"enlace":"https:\/\/empresite.eleconomista.es\/INSTALACIONES-ELECTRICAS-FERGAD.html"},{"enlace":"https:\/\/empresite.eleconomista.es\/ELECTRICIDAD-PANIAGUA.html"},{"enlace":"https:\/\/empresite.eleconomista.es\/QUIMICAS-MONTELL.html"},{"enlace":"https:\/\/empresite.eleconomista.es\/CHATARRAS-CHOVA.html"},{"enlace":"https:\/\/empresite.eleconomista.es\/EDL-SERVICIOS.html"},{"enlace":"https:\/\/empresite.eleconomista.es\/ARGING-PRODUCTS.html"},{"enlace":"https:\/\/empresite.eleconomista.es\/COPITEL-OFIMATICA.html"},{"enlace":"https:\/\/empresite.eleconomista.es\/ELECTRODOMESTICOS-PERALTA.html"},{"enlace":"https:\/\/empresite.eleconomista.es\/AIRTEC-ROVIRA.html"},{"enlace":"https:\/\/empresite.eleconomista.es\/SOLARPLAC-ENERGIAS-RENOVABLES.html"},{"enlace":"https:\/\/empresite.eleconomista.es\/RECYCLING-COMERCIAL-BAYREN.html"},{"enlace":"https:\/\/empresite.eleconomista.es\/TOLDOS-DAVID-VILA.html"},{"enlace":"https:\/\/empresite.eleconomista.es\/METALES-RECUPERADOS-GONZALEZ.html"},{"enlace":"https:\/\/empresite.eleconomista.es\/TOLDOS-CATO.html"},{"enlace":"https:\/\/empresite.eleconomista.es\/SIMON-MARTI.html"},{"enlace":"https:\/\/empresite.eleconomista.es\/TALLERES-ARASTEY.html"}]