[{"enlace":"https:\/\/empresite.eleconomista.es\/SERVICIOS-INTEGRALES-MAGIA.html"},{"enlace":"https:\/\/empresite.eleconomista.es\/DOMOLUX-CASAS-FUTURO.html"},{"enlace":"https:\/\/empresite.eleconomista.es\/TECHNICAL-PLATING.html"},{"enlace":"https:\/\/empresite.eleconomista.es\/JUMAINOX.html"},{"enlace":"https:\/\/empresite.eleconomista.es\/MARTINEZ-GRUPO-OUTSOURCING.html"},{"enlace":"https:\/\/empresite.eleconomista.es\/ACADEMIA-CONDUCTORES-TORRENT.html"},{"enlace":"https:\/\/empresite.eleconomista.es\/SERCLIFRED.html"},{"enlace":"https:\/\/empresite.eleconomista.es\/NEJORE-INMOBILIARIA.html"},{"enlace":"https:\/\/empresite.eleconomista.es\/VARRI-CARPINTERIA-CERRAJERIA.html"},{"enlace":"https:\/\/empresite.eleconomista.es\/HIERROS-FORJADOS-TORRENT.html"},{"enlace":"https:\/\/empresite.eleconomista.es\/TUY-INICIATIVAS.html"},{"enlace":"https:\/\/empresite.eleconomista.es\/ENGRAVAL.html"},{"enlace":"https:\/\/empresite.eleconomista.es\/CONSTRUCCIONES-HERMANOS-FELIPE.html"},{"enlace":"https:\/\/empresite.eleconomista.es\/INSTEL-95.html"},{"enlace":"https:\/\/empresite.eleconomista.es\/CERRAJERIA-RAFAEL.html"},{"enlace":"https:\/\/empresite.eleconomista.es\/FORMULACION-APLICACION-QUIMICAS.html"},{"enlace":"https:\/\/empresite.eleconomista.es\/ALUMINIOS-RAMJO.html"},{"enlace":"https:\/\/empresite.eleconomista.es\/INSTALACIONS-ELECTRIQUES-CONEJOS.html"},{"enlace":"https:\/\/empresite.eleconomista.es\/MONTAJES-CARMETAL.html"},{"enlace":"https:\/\/empresite.eleconomista.es\/APLICACIONES-TECNICAS-CARTON-ONDULADO.html"},{"enlace":"https:\/\/empresite.eleconomista.es\/MARTI-PUCHALT.html"},{"enlace":"https:\/\/empresite.eleconomista.es\/BANON-VALERO.html"},{"enlace":"https:\/\/empresite.eleconomista.es\/ELECTROTORRENT.html"},{"enlace":"https:\/\/empresite.eleconomista.es\/CONSTRUCCIONES-PISCINAS-JK.html"},{"enlace":"https:\/\/empresite.eleconomista.es\/VINDIO-SANTANDER.html"},{"enlace":"https:\/\/empresite.eleconomista.es\/CENTRO-AGRICOLA.html"},{"enlace":"https:\/\/empresite.eleconomista.es\/RALOCIN.html"},{"enlace":"https:\/\/empresite.eleconomista.es\/MANILLONS-TORRENT.html"},{"enlace":"https:\/\/empresite.eleconomista.es\/VICENTE-SUBIELA.html"},{"enlace":"https:\/\/empresite.eleconomista.es\/CONSTRUCCIONES-MONTAJES-STANDS-TORRENT.html"}]