[{"enlace":"https:\/\/empresite.eleconomista.es\/SUMINISTROS-FARMACIAS-OTC.html"},{"enlace":"https:\/\/empresite.eleconomista.es\/ELECTRICOSGROUP.html"},{"enlace":"https:\/\/empresite.eleconomista.es\/CABLEADO-CUADROS-ELECTRICOS-VALENCIANO.html"},{"enlace":"https:\/\/empresite.eleconomista.es\/AS-PL-ELECTRICOS-ROTATIVOS.html"},{"enlace":"https:\/\/empresite.eleconomista.es\/TECNICA-INDUSTRIAL-DESARROLLOS-ELECTRICOS.html"},{"enlace":"https:\/\/empresite.eleconomista.es\/TECNOLOGIA-MONTAJES-ELECTRICOS.html"},{"enlace":"https:\/\/empresite.eleconomista.es\/IFER-MONTAJES-ELECTRICOS.html"},{"enlace":"https:\/\/empresite.eleconomista.es\/TUBERAGUA-SUMINISTROS.html"},{"enlace":"https:\/\/empresite.eleconomista.es\/SUMINISTROS-VALROMA.html"},{"enlace":"https:\/\/empresite.eleconomista.es\/ARIANGRAF-SUMINISTROS.html"},{"enlace":"https:\/\/empresite.eleconomista.es\/SUMINISTROS-LOGAR.html"},{"enlace":"https:\/\/empresite.eleconomista.es\/SUMINISTROS-LEQUICEL.html"},{"enlace":"https:\/\/empresite.eleconomista.es\/HIERROS-SUMINISTROS-MANISES.html"},{"enlace":"https:\/\/empresite.eleconomista.es\/RODAMIENTOS-SUMINISTROS-TORNILLERIA.html"},{"enlace":"https:\/\/empresite.eleconomista.es\/SUMINISTROS-TECNICOS-CALEFACCION-SUTECA.html"},{"enlace":"https:\/\/empresite.eleconomista.es\/FERRO-SUMINISTROS-INDUSTRIALES.html"},{"enlace":"https:\/\/empresite.eleconomista.es\/SUMINISTROS-MONTAJES-CANADA.html"},{"enlace":"https:\/\/empresite.eleconomista.es\/FONTANERIA-SUMINISTROS-IBANEZ.html"},{"enlace":"https:\/\/empresite.eleconomista.es\/OFFICEBOOK-SUMINISTROS-OFICINA.html"},{"enlace":"https:\/\/empresite.eleconomista.es\/FM-SUMINISTROS-CLINICOS-VALENCIANOS.html"},{"enlace":"https:\/\/empresite.eleconomista.es\/SUMINISTROS-FON-GAS.html"},{"enlace":"https:\/\/empresite.eleconomista.es\/INSTALACIONES-ELECTRICAS-SUMINISTROS-APARELLAJE.html"},{"enlace":"https:\/\/empresite.eleconomista.es\/ATEC-JUNTAS-SUMINISTROS-CONSTRUCCION.html"},{"enlace":"https:\/\/empresite.eleconomista.es\/SUMINISTROS-AGRICOLAS-ROSALINA-CORPORACION.html"},{"enlace":"https:\/\/empresite.eleconomista.es\/OFIPRO-SUMINISTROS-PAPELERIA.html"},{"enlace":"https:\/\/empresite.eleconomista.es\/SUMINISTROS-CARNICOS-JUANES.html"},{"enlace":"https:\/\/empresite.eleconomista.es\/SUMINISTROS-INTEGRALES-CONSULTING.html"},{"enlace":"https:\/\/empresite.eleconomista.es\/SUMINISTROS-GENERALES-BANATA.html"},{"enlace":"https:\/\/empresite.eleconomista.es\/TECNOLOGIA-MONTAJES-ELECTRICOS-SAY-GENERA-Q.html"},{"enlace":"https:\/\/empresite.eleconomista.es\/SUCONSA-SUMINISTROS-PARA-CONSTRUCCION-SANEAMIENTO.html"}]