[{"enlace":"https:\/\/empresite.eleconomista.es\/MARSELEC-SUMINISTROS-ELECTRICOS.html"},{"enlace":"https:\/\/empresite.eleconomista.es\/MONTAJES-ELECTRICOS-HERNANDEZ-MARTINEZ.html"},{"enlace":"https:\/\/empresite.eleconomista.es\/MONTAJES-ELECTRICOS-JIMFRA.html"},{"enlace":"https:\/\/empresite.eleconomista.es\/MONTAJES-ELECTRICOS-ENRA.html"},{"enlace":"https:\/\/empresite.eleconomista.es\/ASESORES-ELECTRICOS-COMERCIOS.html"},{"enlace":"https:\/\/empresite.eleconomista.es\/MONTAJES-ELECTRICOS-FERRISI.html"},{"enlace":"https:\/\/empresite.eleconomista.es\/MONTAJES-ELECTRICOS-HERMANOS-OCHANDIO.html"},{"enlace":"https:\/\/empresite.eleconomista.es\/MONTAJES-ELECTRICOS-ESBER.html"},{"enlace":"https:\/\/empresite.eleconomista.es\/SUMINISTROS-TRIPLAY.html"},{"enlace":"https:\/\/empresite.eleconomista.es\/SUFESPA-SUMINISTROS.html"},{"enlace":"https:\/\/empresite.eleconomista.es\/SUMINISTROS-FILATORIOS.html"},{"enlace":"https:\/\/empresite.eleconomista.es\/SUMINISTROS-ALDINO.html"},{"enlace":"https:\/\/empresite.eleconomista.es\/SUMINISTROS-BESO.html"},{"enlace":"https:\/\/empresite.eleconomista.es\/SUMINISTROS-VALMI.html"},{"enlace":"https:\/\/empresite.eleconomista.es\/AGROTECNIA-SUMINISTROS.html"},{"enlace":"https:\/\/empresite.eleconomista.es\/SUMINISTROS-CRISLAVI.html"},{"enlace":"https:\/\/empresite.eleconomista.es\/SUMINISTROS-CONTRERAS.html"},{"enlace":"https:\/\/empresite.eleconomista.es\/SUMINISTROS-GALO.html"},{"enlace":"https:\/\/empresite.eleconomista.es\/SERVICIOS-ELECTRICOS-CLIMATIZACION-GA-MAR.html"},{"enlace":"https:\/\/empresite.eleconomista.es\/COMERCIAL-ESPANOLA-SUMINISTROS-MARMOL.html"},{"enlace":"https:\/\/empresite.eleconomista.es\/SUMINISTROS-INDUSTRIALES-KOALA.html"},{"enlace":"https:\/\/empresite.eleconomista.es\/COMERCIAL-VALENCIANA-SUMINISTROS-HOSTELERIA.html"},{"enlace":"https:\/\/empresite.eleconomista.es\/SUMINISTROS-SERVICIOS-CRISLIMP.html"},{"enlace":"https:\/\/empresite.eleconomista.es\/SANEAMIENTOS-SUMINISTROS-ERMITA.html"},{"enlace":"https:\/\/empresite.eleconomista.es\/MONTAJES-ELECTRICOS-ESBER-FRIO-TECNIA-TORRENT-UTE.html"},{"enlace":"https:\/\/empresite.eleconomista.es\/SUMINISTROS-PINTURAS-JUAN-CARLOS-JIMENEZ.html"},{"enlace":"https:\/\/empresite.eleconomista.es\/MONTAJES-ELECTRICOS-ESBER-RANDE-ARQUITECTURA-INGENIERIA-CONSTRUCCION-UNION-TEMPORAL.html"},{"enlace":"https:\/\/empresite.eleconomista.es\/VASAGO.html"},{"enlace":"https:\/\/empresite.eleconomista.es\/TECNICOS-CORTE-SOLDADURA.html"},{"enlace":"https:\/\/empresite.eleconomista.es\/FERNANDO-PELLICER.html"}]