[{"enlace":"https:\/\/empresite.eleconomista.es\/NORTEC-SOLUCIONES-INDUSTRIALES.html"},{"enlace":"https:\/\/empresite.eleconomista.es\/SUMINISTROS-MAQUINARIA-SUYING.html"},{"enlace":"https:\/\/empresite.eleconomista.es\/HERRAMIENTAS-SUMINISTROS-FERRETEROS-POWERVAL.html"},{"enlace":"https:\/\/empresite.eleconomista.es\/ASF-SUMINISTROS-INSTALACIONES.html"},{"enlace":"https:\/\/empresite.eleconomista.es\/MUCA-HOSTELERIA.html"},{"enlace":"https:\/\/empresite.eleconomista.es\/RED-ESPANOLA-SUMINISTROS-PARA-AUTOMOVIL.html"},{"enlace":"https:\/\/empresite.eleconomista.es\/ERG-LIMPIEZAS.html"},{"enlace":"https:\/\/empresite.eleconomista.es\/LAZIBAR.html"},{"enlace":"https:\/\/empresite.eleconomista.es\/SEVEN-SHONS-OPTIC.html"},{"enlace":"https:\/\/empresite.eleconomista.es\/ESCULTURAS-ARTISTICAS-RASAL.html"},{"enlace":"https:\/\/empresite.eleconomista.es\/CONSTRUCCIONES-EXTRUCTURAS-PELOSA.html"},{"enlace":"https:\/\/empresite.eleconomista.es\/DELPLAS.html"},{"enlace":"https:\/\/empresite.eleconomista.es\/CLETUS-VALENCIA.html"},{"enlace":"https:\/\/empresite.eleconomista.es\/INVESTIGACIONES-APLICACIONES-BIOTECNOLOGICAS.html"},{"enlace":"https:\/\/empresite.eleconomista.es\/CONSTRUNAVES-LEVANTE.html"},{"enlace":"https:\/\/empresite.eleconomista.es\/MARCIAL-MEDINA.html"},{"enlace":"https:\/\/empresite.eleconomista.es\/GRUPO-ERIGERON.html"},{"enlace":"https:\/\/empresite.eleconomista.es\/AUTOMAZIONI-INDUSTRIALI-TECNOMAC-ESPANA.html"},{"enlace":"https:\/\/empresite.eleconomista.es\/AITANA-MOLDURAS.html"},{"enlace":"https:\/\/empresite.eleconomista.es\/ZUMMO-INNOVACIONES-MECANICAS.html"},{"enlace":"https:\/\/empresite.eleconomista.es\/ROCA-RIERA-HIJOS.html"},{"enlace":"https:\/\/empresite.eleconomista.es\/METALICAS-MONCADA.html"},{"enlace":"https:\/\/empresite.eleconomista.es\/METALURGICAS-ARNAL.html"},{"enlace":"https:\/\/empresite.eleconomista.es\/SYSFIX.html"},{"enlace":"https:\/\/empresite.eleconomista.es\/CERRAJERIA-BONDIA.html"},{"enlace":"https:\/\/empresite.eleconomista.es\/HERSEN.html"},{"enlace":"https:\/\/empresite.eleconomista.es\/TRANSFORMACIONES-METALURGICAS-SAGUNTINAS.html"},{"enlace":"https:\/\/empresite.eleconomista.es\/LABORATORIO-FOTOGRAFICO-MONCADA.html"},{"enlace":"https:\/\/empresite.eleconomista.es\/DESARROLLO-HUMANO-ORGANIZACIONAL.html"},{"enlace":"https:\/\/empresite.eleconomista.es\/INSTELEC-MASIAS.html"}]