[{"enlace":"https:\/\/empresite.eleconomista.es\/ALBACIA-SURESTE.html"},{"enlace":"https:\/\/empresite.eleconomista.es\/PROMOCIONES-NAVASAEZ.html"},{"enlace":"https:\/\/empresite.eleconomista.es\/ESTRUCTURAS-CHIQUITILLA.html"},{"enlace":"https:\/\/empresite.eleconomista.es\/PORTAMAR-MEDITERRANEA-21.html"},{"enlace":"https:\/\/empresite.eleconomista.es\/FOTOSOLARIUS-7000.html"},{"enlace":"https:\/\/empresite.eleconomista.es\/UNISOL-SERVICIOS-INMOBILIARIOS.html"},{"enlace":"https:\/\/empresite.eleconomista.es\/MUEBLES-MOGAR.html"},{"enlace":"https:\/\/empresite.eleconomista.es\/EZEFRA-OBRAS-ESTRUCTURAS.html"},{"enlace":"https:\/\/empresite.eleconomista.es\/ENERGIA-SOLAR-PARA-TODOS.html"},{"enlace":"https:\/\/empresite.eleconomista.es\/JOSE-SANCHEZ-ESTRUCTURAS-METALICAS.html"},{"enlace":"https:\/\/empresite.eleconomista.es\/PERFORACIONES-JORMICYN.html"},{"enlace":"https:\/\/empresite.eleconomista.es\/VALLASOL-DESIGN.html"},{"enlace":"https:\/\/empresite.eleconomista.es\/SRG-SOLAR-PILAR.html"},{"enlace":"https:\/\/empresite.eleconomista.es\/OBRAS-VALLE-SOL.html"},{"enlace":"https:\/\/empresite.eleconomista.es\/LOPESAN-SOLAR.html"},{"enlace":"https:\/\/empresite.eleconomista.es\/SOLARIUS-5000.html"},{"enlace":"https:\/\/empresite.eleconomista.es\/SOLARIUS-4000.html"},{"enlace":"https:\/\/empresite.eleconomista.es\/ALGUBENE-SOLARE.html"},{"enlace":"https:\/\/empresite.eleconomista.es\/FOTOSOLAR-MEDITERRANEO.html"},{"enlace":"https:\/\/empresite.eleconomista.es\/FOTOSOLARIUS-4000.html"},{"enlace":"https:\/\/empresite.eleconomista.es\/FOTOSOLARIUS-5000.html"},{"enlace":"https:\/\/empresite.eleconomista.es\/FOTOSOLARIUS-3000.html"},{"enlace":"https:\/\/empresite.eleconomista.es\/HUERTO-FOTOVOLTAICO-SEGUNDO.html"},{"enlace":"https:\/\/empresite.eleconomista.es\/HUERTO-FOTOVOLTAICO-SEPTIMO.html"},{"enlace":"https:\/\/empresite.eleconomista.es\/RIEGOS-CONDUCCIONES.html"},{"enlace":"https:\/\/empresite.eleconomista.es\/COMERCIAL-PILAR.html"},{"enlace":"https:\/\/empresite.eleconomista.es\/PROMOCIONES-INMOBILIARIAS-SAEZMA-2003.html"},{"enlace":"https:\/\/empresite.eleconomista.es\/AISLAMIENTOS-PROPLAC-PROFESIONALES-PLACA.html"},{"enlace":"https:\/\/empresite.eleconomista.es\/VISTA-AZUL-COMPLEJOS-TURISTICOS.html"},{"enlace":"https:\/\/empresite.eleconomista.es\/ALTOMAR-HORADADA.html"}]