[{"enlace":"https:\/\/empresite.eleconomista.es\/JUGAMA-VENDIELX.html"},{"enlace":"https:\/\/empresite.eleconomista.es\/COMERCIAL-VICEGUI-ALICANTE.html"},{"enlace":"https:\/\/empresite.eleconomista.es\/CYM-LIFESTYLE.html"},{"enlace":"https:\/\/empresite.eleconomista.es\/AMOROS-GARCIA.html"},{"enlace":"https:\/\/empresite.eleconomista.es\/HERYCOR-REHABILITACION-MEDICINA-DEPORTIVA.html"},{"enlace":"https:\/\/empresite.eleconomista.es\/INSTALACIONES-ELECTRICAS-CONTRAINCENDIOS.html"},{"enlace":"https:\/\/empresite.eleconomista.es\/INICIATIVAS-PROYECTOS-HIELO-AZUL.html"},{"enlace":"https:\/\/empresite.eleconomista.es\/BAOBAB-VIVEROS.html"},{"enlace":"https:\/\/empresite.eleconomista.es\/GRUPO-AITANA-2010.html"},{"enlace":"https:\/\/empresite.eleconomista.es\/CONSTRUCCIONES-PROYECTOS-RAFELX.html"},{"enlace":"https:\/\/empresite.eleconomista.es\/KENYACAFE.html"},{"enlace":"https:\/\/empresite.eleconomista.es\/SUMICAMP.html"},{"enlace":"https:\/\/empresite.eleconomista.es\/SERMAN-REPARACIONES-TECNICAS-INDUSTRIALES.html"}]