[{"enlace":"https:\/\/empresite.eleconomista.es\/ESTRUCTURAS-MONTERON.html"},{"enlace":"https:\/\/empresite.eleconomista.es\/URBANIZACIONES-ESCRIBANO.html"},{"enlace":"https:\/\/empresite.eleconomista.es\/CR-IMPERIAL-GALA.html"},{"enlace":"https:\/\/empresite.eleconomista.es\/SISTEMAS-METALICOS-SURESTE.html"},{"enlace":"https:\/\/empresite.eleconomista.es\/AS-ELECTROSPAIN-24-HORAS.html"},{"enlace":"https:\/\/empresite.eleconomista.es\/PINPOINT.html"},{"enlace":"https:\/\/empresite.eleconomista.es\/LIMPIACOLCHONES.html"},{"enlace":"https:\/\/empresite.eleconomista.es\/KIREMKO-PERFECTA-ESPANA-PORTUGAL.html"},{"enlace":"https:\/\/empresite.eleconomista.es\/CERRAJERIA-MARSE.html"},{"enlace":"https:\/\/empresite.eleconomista.es\/GRUPO-MANANTERA.html"},{"enlace":"https:\/\/empresite.eleconomista.es\/BAZAR-HU-SHENG.html"},{"enlace":"https:\/\/empresite.eleconomista.es\/DECLENA-INTERNACIONAL.html"},{"enlace":"https:\/\/empresite.eleconomista.es\/NUEVA-GESTION-TORREVIEJA.html"},{"enlace":"https:\/\/empresite.eleconomista.es\/MAREDES-PICOS-EUROPA.html"},{"enlace":"https:\/\/empresite.eleconomista.es\/BENZER-2000.html"},{"enlace":"https:\/\/empresite.eleconomista.es\/RENT-CAR-TIM.html"},{"enlace":"https:\/\/empresite.eleconomista.es\/DREAMS-KEY.html"},{"enlace":"https:\/\/empresite.eleconomista.es\/INSTALACIONES-SALAZAR.html"},{"enlace":"https:\/\/empresite.eleconomista.es\/ERASER-INVESTMEN-GROUP.html"},{"enlace":"https:\/\/empresite.eleconomista.es\/MULTISERVICIOS-POOLMASTER-LEVANTE.html"},{"enlace":"https:\/\/empresite.eleconomista.es\/GERENCIA-SANITARIA.html"},{"enlace":"https:\/\/empresite.eleconomista.es\/DON-CANO.html"},{"enlace":"https:\/\/empresite.eleconomista.es\/ELECTROBOMBAS-MANOGIL.html"},{"enlace":"https:\/\/empresite.eleconomista.es\/LIMPIEZAS-MIRETE.html"},{"enlace":"https:\/\/empresite.eleconomista.es\/FONTANERIA-BOSCH.html"},{"enlace":"https:\/\/empresite.eleconomista.es\/ELECTRICIDAD-JOSE-RAMON-ZARAGOZA-MARTINEZ.html"},{"enlace":"https:\/\/empresite.eleconomista.es\/GIRALDA-ARTE-DECORACION.html"},{"enlace":"https:\/\/empresite.eleconomista.es\/SINCICH-YD-OTTAVIO.html"},{"enlace":"https:\/\/empresite.eleconomista.es\/PRODUCTOS-QUIMICOS-NILO.html"},{"enlace":"https:\/\/empresite.eleconomista.es\/NU-LIFE-WINDOWS-ESPANA.html"}]