[{"enlace":"https:\/\/empresite.eleconomista.es\/BERNABE-CANALIZACIONES-MONTAJES-ELECTRICOS.html"},{"enlace":"https:\/\/empresite.eleconomista.es\/BENEAGUAS-2000-OBRAS-PUBLICAS-MONTAJES-ELECTRICOS-ELECTRISUR-UTE-LEY-18-1982-26-MAYO.html"},{"enlace":"https:\/\/empresite.eleconomista.es\/BENEAGUAS-2000-OBRAS-PUBLICAS-MONTAJES-ELECTRICOS-ELECTRISUR-UNION-TEMPORAL-EMPRESAS-LEY-18-1982.html"},{"enlace":"https:\/\/empresite.eleconomista.es\/BENEAGUAS-2000-OBRAS-PUBLICAS-MONTAJES-ELECTRICOS-ELECTRISUR-UNION-TEMPORAL-EMPRESAS-BUSOT-LEY-18-1982.html"},{"enlace":"https:\/\/empresite.eleconomista.es\/BENEAGUAS-2000-OBRAS-PUBLICAS-MONTAJES-ELECTRICOS-ELECTRISUR-UNION-TEMPORAL-EMPRESAS-LEY-18-1982-26-MAYO-UTE-ALGORFA.html"}]