[{"enlace":"https:\/\/empresite.eleconomista.es\/AUTOMATICA-CHULVI.html"},{"enlace":"https:\/\/empresite.eleconomista.es\/MAQUINARIA-CODEVAL.html"},{"enlace":"https:\/\/empresite.eleconomista.es\/MARS-SPANE.html"},{"enlace":"https:\/\/empresite.eleconomista.es\/LABELS-CAREMAR.html"},{"enlace":"https:\/\/empresite.eleconomista.es\/PULIMENTOS-VALPER.html"},{"enlace":"https:\/\/empresite.eleconomista.es\/ELECTRONICOS-ASENSIO.html"},{"enlace":"https:\/\/empresite.eleconomista.es\/TISSUVAL.html"},{"enlace":"https:\/\/empresite.eleconomista.es\/MECANIZADOS-FORMAS.html"},{"enlace":"https:\/\/empresite.eleconomista.es\/HIJOS-BLAS-MIGUEL-GARCIA.html"},{"enlace":"https:\/\/empresite.eleconomista.es\/DRUCK-SISTEMAS.html"},{"enlace":"https:\/\/empresite.eleconomista.es\/TRISTAL.html"},{"enlace":"https:\/\/empresite.eleconomista.es\/LF-NIVEL.html"},{"enlace":"https:\/\/empresite.eleconomista.es\/DISTRIBUCION-AGUA-ENVASADA.html"},{"enlace":"https:\/\/empresite.eleconomista.es\/VILMAT-PRESS.html"},{"enlace":"https:\/\/empresite.eleconomista.es\/AMUSEMENT-MACHINES-GRUPO-COMATEL.html"},{"enlace":"https:\/\/empresite.eleconomista.es\/PINTURAS-ARGEL-ESPANA.html"},{"enlace":"https:\/\/empresite.eleconomista.es\/REM-92.html"},{"enlace":"https:\/\/empresite.eleconomista.es\/PROINSELECTRIC.html"},{"enlace":"https:\/\/empresite.eleconomista.es\/IMPERMEABILIZACIONES-ALBERCA.html"},{"enlace":"https:\/\/empresite.eleconomista.es\/EXPO-CERVAL.html"},{"enlace":"https:\/\/empresite.eleconomista.es\/INDUSTRIAL-MAQUINARIA-RODRIGUEZ-SOTO.html"},{"enlace":"https:\/\/empresite.eleconomista.es\/CONSTRUCCIONES-PASCAL-VANZWAELMEN.html"},{"enlace":"https:\/\/empresite.eleconomista.es\/CARTONAJES-PLASTICOS-JAGG.html"},{"enlace":"https:\/\/empresite.eleconomista.es\/INSTALACIONES-NARVAEZ.html"},{"enlace":"https:\/\/empresite.eleconomista.es\/SOLUCIONES-FOTOVOLTAICAS-HISPANO-ALEMANAS.html"},{"enlace":"https:\/\/empresite.eleconomista.es\/ELECTRONICA-HOYO-HERMANOS.html"},{"enlace":"https:\/\/empresite.eleconomista.es\/ADEQUIP.html"},{"enlace":"https:\/\/empresite.eleconomista.es\/INANPER-REFORMAS.html"},{"enlace":"https:\/\/empresite.eleconomista.es\/RESTAURACION-CONSERVACION-PATRIMONIO-VIDRITER.html"},{"enlace":"https:\/\/empresite.eleconomista.es\/COMPRESORES-HERRAMIENTAS-TORT.html"}]