[{"enlace":"https:\/\/empresite.eleconomista.es\/BALLESTA-CALATAYUD-HERMANOS.html"},{"enlace":"https:\/\/empresite.eleconomista.es\/FYTSOLAR.html"},{"enlace":"https:\/\/empresite.eleconomista.es\/PINTURAS-ESTUCOS-ZAMARES.html"},{"enlace":"https:\/\/empresite.eleconomista.es\/INMO-SOL-RURALIA.html"},{"enlace":"https:\/\/empresite.eleconomista.es\/UER8-ALMORADI.html"},{"enlace":"https:\/\/empresite.eleconomista.es\/TECNOHABITAT-SERVICIOS-INMOBILIARIOS.html"},{"enlace":"https:\/\/empresite.eleconomista.es\/ARYCA-OBRAS-REFORMAS.html"},{"enlace":"https:\/\/empresite.eleconomista.es\/HIJOS-NOE-NAVARRO.html"},{"enlace":"https:\/\/empresite.eleconomista.es\/CONSTRUCCIONES-MURPELCA.html"},{"enlace":"https:\/\/empresite.eleconomista.es\/IRPA-PINTURAS.html"},{"enlace":"https:\/\/empresite.eleconomista.es\/SERVIALMASA.html"},{"enlace":"https:\/\/empresite.eleconomista.es\/BULL-DARTS.html"},{"enlace":"https:\/\/empresite.eleconomista.es\/CONSTRUCCIONES-PORSIBER.html"},{"enlace":"https:\/\/empresite.eleconomista.es\/CORTIJO-SANCHEZ.html"},{"enlace":"https:\/\/empresite.eleconomista.es\/PROMORIBEN.html"},{"enlace":"https:\/\/empresite.eleconomista.es\/PASAN-HL-PROMOCIONES-DESARROLLOS-URBANISTICOS.html"},{"enlace":"https:\/\/empresite.eleconomista.es\/MOLINO-FUEGO.html"},{"enlace":"https:\/\/empresite.eleconomista.es\/INVERSION-ARQUITECTURA-CASABLANCA.html"},{"enlace":"https:\/\/empresite.eleconomista.es\/VOLKER-LISA-LINK.html"},{"enlace":"https:\/\/empresite.eleconomista.es\/ORIFRUIT.html"},{"enlace":"https:\/\/empresite.eleconomista.es\/EUROVILLAS-LOMA.html"},{"enlace":"https:\/\/empresite.eleconomista.es\/PROMOCIONES-CONTRATAS-HURCHISAMPA.html"},{"enlace":"https:\/\/empresite.eleconomista.es\/ISGEAN.html"},{"enlace":"https:\/\/empresite.eleconomista.es\/RUSTIC-LIFE.html"},{"enlace":"https:\/\/empresite.eleconomista.es\/RUSTICA-ELS-CAMPELLS.html"},{"enlace":"https:\/\/empresite.eleconomista.es\/ESTRUCTURAS-PROSAMU.html"},{"enlace":"https:\/\/empresite.eleconomista.es\/INVERPROM-MEDITERRANEO.html"},{"enlace":"https:\/\/empresite.eleconomista.es\/DISENO-ESTRUCTURAS-OBRAS.html"},{"enlace":"https:\/\/empresite.eleconomista.es\/CONSTRUCCIONES-ESTRUCTURAS-VIERPEZ.html"},{"enlace":"https:\/\/empresite.eleconomista.es\/CONSTRUCCIONES-ESPINOSA-BELMONTE-XXI.html"}]