[{"enlace":"https:\/\/empresite.eleconomista.es\/LINEA-3-MONTAJES-ESTRUCTURALES.html"},{"enlace":"https:\/\/empresite.eleconomista.es\/MENDIETA-INTEGRAL-OBRAS.html"},{"enlace":"https:\/\/empresite.eleconomista.es\/PALMAN-RECICLAJE-PALETS-MANISES.html"},{"enlace":"https:\/\/empresite.eleconomista.es\/INSTALACIONES-PACVENT.html"},{"enlace":"https:\/\/empresite.eleconomista.es\/OCEANSNELL.html"},{"enlace":"https:\/\/empresite.eleconomista.es\/SENSORAUTO-MANISES.html"},{"enlace":"https:\/\/empresite.eleconomista.es\/GRUPO-GESTION-MASIA.html"},{"enlace":"https:\/\/empresite.eleconomista.es\/UNISAN-XXI.html"},{"enlace":"https:\/\/empresite.eleconomista.es\/PRODUCTOS-PARA-HELADOS-GRANIZADOS.html"},{"enlace":"https:\/\/empresite.eleconomista.es\/LEVANTINA-PARQUETS.html"},{"enlace":"https:\/\/empresite.eleconomista.es\/LEVANTINA-CERRAMIENTOS-MALLAS.html"},{"enlace":"https:\/\/empresite.eleconomista.es\/PINTURAS-ESTELA.html"},{"enlace":"https:\/\/empresite.eleconomista.es\/ELECTRO-FRIVAL.html"},{"enlace":"https:\/\/empresite.eleconomista.es\/TALLERES-MARTINEZ-GUTIERREZ.html"},{"enlace":"https:\/\/empresite.eleconomista.es\/XIBUMAN.html"},{"enlace":"https:\/\/empresite.eleconomista.es\/MOTES-GALLEGO.html"},{"enlace":"https:\/\/empresite.eleconomista.es\/TONO-COLOR.html"},{"enlace":"https:\/\/empresite.eleconomista.es\/JARDITUR.html"},{"enlace":"https:\/\/empresite.eleconomista.es\/ALMACEN-POPULAR-COMERCIAL-SANCHIS.html"},{"enlace":"https:\/\/empresite.eleconomista.es\/SOLUCIONS-PI.html"},{"enlace":"https:\/\/empresite.eleconomista.es\/CERCADOS-METALES.html"},{"enlace":"https:\/\/empresite.eleconomista.es\/OBRAS-MANISES-2010.html"},{"enlace":"https:\/\/empresite.eleconomista.es\/OXIL.html"},{"enlace":"https:\/\/empresite.eleconomista.es\/ESTAMPACIONES-METALICAS-PABLO-DOMINGUEZ.html"},{"enlace":"https:\/\/empresite.eleconomista.es\/COVER-VERIFICACIONES-ELECTRICAS.html"},{"enlace":"https:\/\/empresite.eleconomista.es\/LACADOS-PULIMENTOS-AARON.html"},{"enlace":"https:\/\/empresite.eleconomista.es\/RECOGRAS-VCIANA.html"},{"enlace":"https:\/\/empresite.eleconomista.es\/ANTONIO-GUTIERREZ-CABEZUELO.html"},{"enlace":"https:\/\/empresite.eleconomista.es\/MODELADOS-MENDEZ.html"},{"enlace":"https:\/\/empresite.eleconomista.es\/DISTRIBUCIONES-ECOLOGICAS-ECONOMICAS.html"}]