[{"enlace":"https:\/\/empresite.eleconomista.es\/AMAZIR-TEXTIL.html"},{"enlace":"https:\/\/empresite.eleconomista.es\/FOAMIZADOS-PEFAMA.html"},{"enlace":"https:\/\/empresite.eleconomista.es\/ENVASES-MANUEL-FERNANDEZ-JIMENEZ.html"},{"enlace":"https:\/\/empresite.eleconomista.es\/CARPINTERIA-GALLARDO-PEREZ.html"},{"enlace":"https:\/\/empresite.eleconomista.es\/AREA-SERVICIO-MANCHEGO.html"},{"enlace":"https:\/\/empresite.eleconomista.es\/CALZADOS-VAMI.html"},{"enlace":"https:\/\/empresite.eleconomista.es\/PLANTILLAS-PLASTICOS-AUGUSTA.html"},{"enlace":"https:\/\/empresite.eleconomista.es\/DISTRIBUCIONES-ILICITANAS-ROTULO.html"},{"enlace":"https:\/\/empresite.eleconomista.es\/CANDESOL-ENERGETICO.html"},{"enlace":"https:\/\/empresite.eleconomista.es\/INYECTADOS-GOMATEPEU.html"},{"enlace":"https:\/\/empresite.eleconomista.es\/COVAERSA-ENERGIAS.html"},{"enlace":"https:\/\/empresite.eleconomista.es\/PLANCHAS-GOMA-INDUSTRIAL.html"},{"enlace":"https:\/\/empresite.eleconomista.es\/AREA-SERVICIO-EXPRESS.html"},{"enlace":"https:\/\/empresite.eleconomista.es\/PEMO-MEDITERRANEA.html"},{"enlace":"https:\/\/empresite.eleconomista.es\/NOCADOL-MEDITERRANEO.html"},{"enlace":"https:\/\/empresite.eleconomista.es\/FONTPLUS.html"},{"enlace":"https:\/\/empresite.eleconomista.es\/TALLERES-MANTENIMIENTO-SURESTE.html"},{"enlace":"https:\/\/empresite.eleconomista.es\/HSR-II-P27.html"},{"enlace":"https:\/\/empresite.eleconomista.es\/ASTRO-SOLAR-XXI.html"},{"enlace":"https:\/\/empresite.eleconomista.es\/CASANOVA-SLOTH-CREATIVOS.html"},{"enlace":"https:\/\/empresite.eleconomista.es\/RENTA-INMOBILIARIA-PORTAZGO.html"},{"enlace":"https:\/\/empresite.eleconomista.es\/BOBINADOS-FUENGAR.html"},{"enlace":"https:\/\/empresite.eleconomista.es\/AMADOR-TALLER-CRISTALERIA.html"},{"enlace":"https:\/\/empresite.eleconomista.es\/CARRETILLAS-REUNIDAS.html"},{"enlace":"https:\/\/empresite.eleconomista.es\/INMOELCHE.html"},{"enlace":"https:\/\/empresite.eleconomista.es\/MPOL-MOLDEADOS.html"},{"enlace":"https:\/\/empresite.eleconomista.es\/GOMEZ-URBA.html"},{"enlace":"https:\/\/empresite.eleconomista.es\/MOLPERFIL.html"},{"enlace":"https:\/\/empresite.eleconomista.es\/ELECTRICAS-CRIEL.html"},{"enlace":"https:\/\/empresite.eleconomista.es\/CONTENEDORES-VINALOPO.html"}]