[{"enlace":"https:\/\/empresite.eleconomista.es\/SUMINISTROS-FERRETERIA-INDUSTRIAL-RODABOSS.html"},{"enlace":"https:\/\/empresite.eleconomista.es\/CYGNUS-SUMINISTROS-CONTRATAS.html"},{"enlace":"https:\/\/empresite.eleconomista.es\/SERVICIOS-TECNICOS-SUMINISTROS-PREIMPRESION.html"},{"enlace":"https:\/\/empresite.eleconomista.es\/SUMINISTROS-HOSTELEROS-FRANCISCO-PEREZ.html"},{"enlace":"https:\/\/empresite.eleconomista.es\/SUMINISTROS-OFICINA-ARTES-GRAFICAS.html"},{"enlace":"https:\/\/empresite.eleconomista.es\/SUMINISTROS-CERRAJEROS-ALICANTE.html"},{"enlace":"https:\/\/empresite.eleconomista.es\/TODOELECTRICO-SUMINISTROS-INSTALACIONES.html"},{"enlace":"https:\/\/empresite.eleconomista.es\/SUMINISTROS-ACEROS-MESAR.html"},{"enlace":"https:\/\/empresite.eleconomista.es\/SUMINISTROS-FARMACEUTICOS-DYR.html"},{"enlace":"https:\/\/empresite.eleconomista.es\/SUMINISTROS-CONSORCIO-CAFE.html"},{"enlace":"https:\/\/empresite.eleconomista.es\/SUMINISTROS-ELECTRICOS-EURO-ALICANTE.html"},{"enlace":"https:\/\/empresite.eleconomista.es\/SUMINISTROS-SERVICIOS-VIALES.html"},{"enlace":"https:\/\/empresite.eleconomista.es\/DISTRIBUCIONES-SUMINISTROS-SARGUILLA.html"},{"enlace":"https:\/\/empresite.eleconomista.es\/SUMINISTROS-DISTRIBUCIONES-JADO-S.html"},{"enlace":"https:\/\/empresite.eleconomista.es\/RECUPERACIONES-SUMINISTROS-PURMAN.html"},{"enlace":"https:\/\/empresite.eleconomista.es\/GRUPO-SERVICIOS-SUMINISTROS-HOSTELJOMA.html"},{"enlace":"https:\/\/empresite.eleconomista.es\/PAPRA-SPORT-SUMINISTROS-DEPORTIVOS.html"},{"enlace":"https:\/\/empresite.eleconomista.es\/CARLIN-SUMINISTROS-ALICANTE-2010.html"},{"enlace":"https:\/\/empresite.eleconomista.es\/SUMINISTROS-ELECTRICOS-SAN-JUAN.html"},{"enlace":"https:\/\/empresite.eleconomista.es\/CARBONELL-SUMINISTROS-GRAFICOS.html"},{"enlace":"https:\/\/empresite.eleconomista.es\/ORTOACTIVA-SUMINISTROS-SANITARIOS-ORTOPEDICOS.html"},{"enlace":"https:\/\/empresite.eleconomista.es\/VALCAP-SERVICIOS-SUMINISTROS.html"},{"enlace":"https:\/\/empresite.eleconomista.es\/JN-SUMINISTROS-MEDICOS.html"},{"enlace":"https:\/\/empresite.eleconomista.es\/SUMINISTROS-SOCIO-SANITARIOS-MEDITERRANEO.html"},{"enlace":"https:\/\/empresite.eleconomista.es\/SUMINISTROS-SANMIGUEL-GIMENO.html"},{"enlace":"https:\/\/empresite.eleconomista.es\/SUMINISTROS-HOSTELEROS-MAVIAN.html"},{"enlace":"https:\/\/empresite.eleconomista.es\/SUMINISTROS-SOSTENIBLES-MAI-BRUT.html"},{"enlace":"https:\/\/empresite.eleconomista.es\/SUMINISTROS-ELECTRICOS-SAN-BLAS.html"},{"enlace":"https:\/\/empresite.eleconomista.es\/SUMINISTROS-MATERIAS-PRIMAS-MINERALES.html"},{"enlace":"https:\/\/empresite.eleconomista.es\/EMESYC.html"}]