[{"enlace":"https:\/\/empresite.eleconomista.es\/ELECTRONIC-TRAFIC.html"},{"enlace":"https:\/\/empresite.eleconomista.es\/ETRALUX.html"},{"enlace":"https:\/\/empresite.eleconomista.es\/SUCLIPAS.html"},{"enlace":"https:\/\/empresite.eleconomista.es\/CRIS-ADAM.html"},{"enlace":"https:\/\/empresite.eleconomista.es\/FITOVAL-NATURA.html"},{"enlace":"https:\/\/empresite.eleconomista.es\/DEPARQUET-ANSU.html"},{"enlace":"https:\/\/empresite.eleconomista.es\/MORA-CHARTERS.html"},{"enlace":"https:\/\/empresite.eleconomista.es\/KONTAC-TRADE.html"},{"enlace":"https:\/\/empresite.eleconomista.es\/BAJA-42.html"},{"enlace":"https:\/\/empresite.eleconomista.es\/AFEDEAL-DE4-COMERCIAL.html"},{"enlace":"https:\/\/empresite.eleconomista.es\/PORTABILIDADES-ELECTRICAS.html"},{"enlace":"https:\/\/empresite.eleconomista.es\/BLARUVAN.html"},{"enlace":"https:\/\/empresite.eleconomista.es\/UNETCOM-APLICACIONES-INFORMATICAS.html"},{"enlace":"https:\/\/empresite.eleconomista.es\/VENDING-UTEBO.html"},{"enlace":"https:\/\/empresite.eleconomista.es\/GESTION-INFORMATICA-PENSIONES.html"},{"enlace":"https:\/\/empresite.eleconomista.es\/MAQUIPLAST-IMPORT.html"},{"enlace":"https:\/\/empresite.eleconomista.es\/SCAMAC-SOLUCION.html"},{"enlace":"https:\/\/empresite.eleconomista.es\/METAMEDIA.html"},{"enlace":"https:\/\/empresite.eleconomista.es\/SEGURA-GILABERT.html"},{"enlace":"https:\/\/empresite.eleconomista.es\/MD-INGENIERIA-CONTROL-ASESORAMIENTO-ENERGETICO.html"},{"enlace":"https:\/\/empresite.eleconomista.es\/ANVERS-TRADING-IBERIA.html"},{"enlace":"https:\/\/empresite.eleconomista.es\/VALSERVI-SERVICIOS-INTEGRALES.html"},{"enlace":"https:\/\/empresite.eleconomista.es\/GRAN-VIA-MEDITERRANEO.html"},{"enlace":"https:\/\/empresite.eleconomista.es\/SACUVAL-MEDITERRANEO.html"},{"enlace":"https:\/\/empresite.eleconomista.es\/EDOB-SERVICIOS-MEDIOS.html"},{"enlace":"https:\/\/empresite.eleconomista.es\/WIMSYS.html"},{"enlace":"https:\/\/empresite.eleconomista.es\/MEDITERRANEA-CALEFACCION.html"},{"enlace":"https:\/\/empresite.eleconomista.es\/ANA-EVA-JUAN.html"},{"enlace":"https:\/\/empresite.eleconomista.es\/MERESUM-VALENCIA.html"},{"enlace":"https:\/\/empresite.eleconomista.es\/AUTOTALLERES-VICENTE-LLUCH.html"}]