[{"enlace":"https:\/\/empresite.eleconomista.es\/VIDEO-STAR-99.html"},{"enlace":"https:\/\/empresite.eleconomista.es\/TALLERES-OLYNA.html"},{"enlace":"https:\/\/empresite.eleconomista.es\/NUTEA.html"},{"enlace":"https:\/\/empresite.eleconomista.es\/VALENCIA-AIR-SYSTEM.html"},{"enlace":"https:\/\/empresite.eleconomista.es\/VICENTE-CALABUIG-HIJOS.html"},{"enlace":"https:\/\/empresite.eleconomista.es\/DECORADOS-NIQUELMAR.html"},{"enlace":"https:\/\/empresite.eleconomista.es\/CABREJAS.html"},{"enlace":"https:\/\/empresite.eleconomista.es\/MEGADROP.html"},{"enlace":"https:\/\/empresite.eleconomista.es\/RUGAR.html"},{"enlace":"https:\/\/empresite.eleconomista.es\/INSTALACIONES-ELECTRICAS-VICENT-PANACH.html"},{"enlace":"https:\/\/empresite.eleconomista.es\/TINTORERIA-ALBORAIA.html"},{"enlace":"https:\/\/empresite.eleconomista.es\/INDUSTRIES-VIALPER.html"},{"enlace":"https:\/\/empresite.eleconomista.es\/MEDITERRANEAN-BIOFUELS.html"},{"enlace":"https:\/\/empresite.eleconomista.es\/ACERO-DISENO-MANUFACTURA.html"},{"enlace":"https:\/\/empresite.eleconomista.es\/ALBOELEC-SOCIEDAD-COOPERATIVA-VALENCIANA.html"},{"enlace":"https:\/\/empresite.eleconomista.es\/LAND-LOSUNGEN.html"},{"enlace":"https:\/\/empresite.eleconomista.es\/INMAPLAS.html"},{"enlace":"https:\/\/empresite.eleconomista.es\/GRANDES-EDICIONES-SELECTAS.html"},{"enlace":"https:\/\/empresite.eleconomista.es\/CASPIO-SOTO.html"},{"enlace":"https:\/\/empresite.eleconomista.es\/DAGAUR-DI-CA.html"},{"enlace":"https:\/\/empresite.eleconomista.es\/PUERTAS-AUTOMATICAS-NOUTEMPS.html"},{"enlace":"https:\/\/empresite.eleconomista.es\/JUAN-JOSE-MARTINEZ-QUEROL.html"},{"enlace":"https:\/\/empresite.eleconomista.es\/ESPACIOS-AVANZADOS-MEDITERRANEO.html"},{"enlace":"https:\/\/empresite.eleconomista.es\/INSTALPRES-4-VALENCIA.html"},{"enlace":"https:\/\/empresite.eleconomista.es\/MANTENIMIENTO-INTEGRAL-EA-UNION.html"},{"enlace":"https:\/\/empresite.eleconomista.es\/ASESORIA-TECNICA-STAND-PARK.html"},{"enlace":"https:\/\/empresite.eleconomista.es\/INGENIERIA-BOMBEO-HIDROSTAL.html"},{"enlace":"https:\/\/empresite.eleconomista.es\/BORE-VITA.html"},{"enlace":"https:\/\/empresite.eleconomista.es\/INDUSTRIAS-DIEL.html"},{"enlace":"https:\/\/empresite.eleconomista.es\/MANUEL-ROMEU.html"}]