[{"enlace":"https:\/\/empresite.eleconomista.es\/ELECTRICOS-CHARO.html"},{"enlace":"https:\/\/empresite.eleconomista.es\/EQUIPOS-ELECTRICOS-GOHER.html"},{"enlace":"https:\/\/empresite.eleconomista.es\/MONTAJES-ELECTRICOS-JORGE-IBANEZ.html"},{"enlace":"https:\/\/empresite.eleconomista.es\/MANTENIMIENTOS-ELECTRICOS-JM.html"},{"enlace":"https:\/\/empresite.eleconomista.es\/MONTAJES-ELECTRICOS-PONCE.html"},{"enlace":"https:\/\/empresite.eleconomista.es\/SUMINISTROS-OFIBAC.html"},{"enlace":"https:\/\/empresite.eleconomista.es\/MANSER-SUMINISTROS.html"},{"enlace":"https:\/\/empresite.eleconomista.es\/SUMINISTROS-AROCAS.html"},{"enlace":"https:\/\/empresite.eleconomista.es\/SUMINISTROS-OLDY.html"},{"enlace":"https:\/\/empresite.eleconomista.es\/DISAIN-SUMINISTROS-INDUSTRIALES.html"},{"enlace":"https:\/\/empresite.eleconomista.es\/SUMINISTROS-MANTENIMIENTOS-MISLATA.html"},{"enlace":"https:\/\/empresite.eleconomista.es\/SUIN-FER-SUMINISTROS-SERVICIOS.html"},{"enlace":"https:\/\/empresite.eleconomista.es\/MONTAJES-ELECTRICOS-JC-230V.html"},{"enlace":"https:\/\/empresite.eleconomista.es\/SUMINISTROS-AUXILIARES-PREVENCION-ACCIDENTES-LABORALES.html"},{"enlace":"https:\/\/empresite.eleconomista.es\/IMAGANOVA.html"},{"enlace":"https:\/\/empresite.eleconomista.es\/FRICO-HIGUERAS.html"},{"enlace":"https:\/\/empresite.eleconomista.es\/LLINAS-SANTACREU-PABLO-000047486Z-SLNE.html"},{"enlace":"https:\/\/empresite.eleconomista.es\/TELECOM-SANJO.html"},{"enlace":"https:\/\/empresite.eleconomista.es\/NISCANO.html"},{"enlace":"https:\/\/empresite.eleconomista.es\/SUMIFONT-REPISO.html"}]