{"torneo":{"torneo_id":"422","tipo_torneo":"2","nombre":"DFB-POKAL","division_id":"8","traduccion":"","sexo":"0","desarrollo":"0","categoria_id":"1","categoria_nombre":"Senior Masculino","visible":"5","categoria_torneo_id":"9","id_original":"411","apifutbol":"0","apiRFEFcompeticion":"0","apiRFEFgrupo":"0","idPais":"4","nombrePais":"Alemania","idComunidad":"1","nombreComunidad":"SIN COMUNIDAD","jornadas":"0","jornadaActiva":"84","tipoClasificacion":"0","tipoPuntuacion":"0"},"equipos":[{"equipo_id":"4569","grupo":"0","nombre":"1. FC Heidenheim 1846","nombreCorto":"1. FC Heidenheim","estadio_id":"121","betsapi":"9822","club_id":"6609","equipacion_id":null,"slug":"FCH1846","federacion_id":"0","localidad_id":"8229","provincia_id":"1","comunidad_id":"1","localidad":"Heidenheim an der Brenz","provincia":"sin provincia","comunidad":"SIN COMUNIDAD","pais_id":"4","es_seleccion":"0","pL":"0","pV":"1"},{"equipo_id":"742","grupo":"0","nombre":"1. FC Kaiserslautern","nombreCorto":"1. FC Kaiserslautern","estadio_id":"88","betsapi":"43802","club_id":"4844","equipacion_id":null,"slug":"Rote_Teufel","federacion_id":"0","localidad_id":"8195","provincia_id":"1","comunidad_id":"1","localidad":"Kaiserslautern","provincia":"sin provincia","comunidad":"SIN COMUNIDAD","pais_id":"4","es_seleccion":"0","pL":"0","pV":"1"},{"equipo_id":"743","grupo":"0","nombre":"1. FC Köln","nombreCorto":"1. FC Köln","estadio_id":"89","betsapi":"16006","club_id":"4845","equipacion_id":"687","slug":"fckoeln","federacion_id":"0","localidad_id":"8196","provincia_id":"1","comunidad_id":"1","localidad":"Colonia","provincia":"sin provincia","comunidad":"SIN COMUNIDAD","pais_id":"4","es_seleccion":"0","pL":"0","pV":"1"},{"equipo_id":"51590","grupo":"0","nombre":"1. FC Lokomotive Leipzig","nombreCorto":"Lokomotive Leipzig","estadio_id":null,"betsapi":"0","club_id":"18510","equipacion_id":null,"slug":"","federacion_id":"0","localidad_id":"1","provincia_id":"1","comunidad_id":"1","localidad":"Sin localidad","provincia":"sin provincia","comunidad":"SIN COMUNIDAD","pais_id":"4","es_seleccion":"0","pL":"1","pV":"0"},{"equipo_id":"8766","grupo":"0","nombre":"1. FC Magdeburg","nombreCorto":"1. FC Magdeburg","estadio_id":"110","betsapi":"4441","club_id":"6396","equipacion_id":null,"slug":"1_FCM","federacion_id":"0","localidad_id":"8218","provincia_id":"1","comunidad_id":"1","localidad":"Magdeburgo","provincia":"sin provincia","comunidad":"SIN COMUNIDAD","pais_id":"4","es_seleccion":"0","pL":"0","pV":"1"},{"equipo_id":"744","grupo":"0","nombre":"1. FC Nürnberg","nombreCorto":"1. FC Nürnberg","estadio_id":"90","betsapi":"256","club_id":"4846","equipacion_id":null,"slug":"1_fc_nuernberg","federacion_id":"0","localidad_id":"8197","provincia_id":"1","comunidad_id":"1","localidad":"Núremberg","provincia":"sin provincia","comunidad":"SIN COMUNIDAD","pais_id":"4","es_seleccion":"0","pL":"0","pV":"1"},{"equipo_id":"4574","grupo":"0","nombre":"1. FC Saarbrücken","nombreCorto":"1. FC Saarbrücken","estadio_id":"127","betsapi":"2872","club_id":"6614","equipacion_id":null,"slug":"","federacion_id":"0","localidad_id":"8234","provincia_id":"1","comunidad_id":"1","localidad":"Saarbrücken","provincia":"sin provincia","comunidad":"SIN COMUNIDAD","pais_id":"4","es_seleccion":"0","pL":"1","pV":"0"},{"equipo_id":"747","grupo":"0","nombre":"1. FC Union Berlin","nombreCorto":"1. FC Union Berlin","estadio_id":"91","betsapi":"258","club_id":"4849","equipacion_id":"184","slug":"fcunion","federacion_id":"0","localidad_id":"8198","provincia_id":"1","comunidad_id":"1","localidad":"Berlín","provincia":"sin provincia","comunidad":"SIN COMUNIDAD","pais_id":"4","es_seleccion":"0","pL":"0","pV":"1"},{"equipo_id":"749","grupo":"0","nombre":"1. FSV Mainz 05","nombreCorto":"1. FSV Mainz 05","estadio_id":"86","betsapi":"4283","club_id":"4603","equipacion_id":"154","slug":"1FSVMainz05","federacion_id":"0","localidad_id":"8193","provincia_id":"1","comunidad_id":"1","localidad":"Maguncia","provincia":"sin provincia","comunidad":"SIN COMUNIDAD","pais_id":"4","es_seleccion":"0","pL":"0","pV":"1"},{"equipo_id":"1003","grupo":"0","nombre":"Borussia VfL 1900","nombreCorto":"Borussia VfL 1900","estadio_id":"50","betsapi":"4806","club_id":"2063","equipacion_id":"369","slug":"borussia_es","federacion_id":"0","localidad_id":"8157","provincia_id":"1","comunidad_id":"1","localidad":"Mönchengladbach","provincia":"sin provincia","comunidad":"SIN COMUNIDAD","pais_id":"4","es_seleccion":"0","pL":"0","pV":"1"},{"equipo_id":"1092","grupo":"0","nombre":"BV Borussia 09 Dortmund","nombreCorto":"BV Borussia 09","estadio_id":"52","betsapi":"23475","club_id":"2153","equipacion_id":"529","slug":"BVB","federacion_id":"0","localidad_id":"8159","provincia_id":"1","comunidad_id":"1","localidad":"Dortmund","provincia":"sin provincia","comunidad":"SIN COMUNIDAD","pais_id":"4","es_seleccion":"0","pL":"0","pV":"1"},{"equipo_id":"756","grupo":"0","nombre":"DSC Arminia Bielefeld","nombreCorto":"Arminia Bielefeld","estadio_id":"92","betsapi":"257","club_id":"4851","equipacion_id":"882","slug":"arminia","federacion_id":"0","localidad_id":"8199","provincia_id":"1","comunidad_id":"1","localidad":"Bielefeld","provincia":"sin provincia","comunidad":"SIN COMUNIDAD","pais_id":"4","es_seleccion":"0","pL":"1","pV":"0"},{"equipo_id":"1777","grupo":"0","nombre":"DTS Fortuna 1895","nombreCorto":"DTS Fortuna 1895","estadio_id":"64","betsapi":"4425","club_id":"2803","equipacion_id":null,"slug":"f95","federacion_id":"0","localidad_id":"8170","provincia_id":"1","comunidad_id":"1","localidad":"Düsseldorf","provincia":"sin provincia","comunidad":"SIN COMUNIDAD","pais_id":"4","es_seleccion":"0","pL":"0","pV":"1"},{"equipo_id":"1508","grupo":"0","nombre":"Eintracht Braunschweig","nombreCorto":"E. Braunschweig","estadio_id":"54","betsapi":"255","club_id":"2538","equipacion_id":null,"slug":"EintrachtBSNews","federacion_id":"0","localidad_id":"8161","provincia_id":"1","comunidad_id":"1","localidad":"Brunswick","provincia":"sin provincia","comunidad":"SIN COMUNIDAD","pais_id":"4","es_seleccion":"0","pL":"1","pV":"0"},{"equipo_id":"1509","grupo":"0","nombre":"Eintracht Frankfurt FAG","nombreCorto":"Eintracht Frankfurt","estadio_id":"55","betsapi":"16016","club_id":"2539","equipacion_id":"908","slug":"Eintracht","federacion_id":"0","localidad_id":"8162","provincia_id":"1","comunidad_id":"1","localidad":"Frankfurt am Main","provincia":"sin provincia","comunidad":"SIN COMUNIDAD","pais_id":"4","es_seleccion":"0","pL":"0","pV":"1"},{"equipo_id":"9658","grupo":"0","nombre":"FC 08 Homburg","nombreCorto":"FC 08 Homburg","estadio_id":null,"betsapi":"0","club_id":"8256","equipacion_id":null,"slug":null,"federacion_id":"0","localidad_id":"1","provincia_id":"1","comunidad_id":"1","localidad":"Sin localidad","provincia":"sin provincia","comunidad":"SIN COMUNIDAD","pais_id":"4","es_seleccion":"0","pL":"1","pV":"0"},{"equipo_id":"9662","grupo":"0","nombre":"FC Astoria Walldorf","nombreCorto":"FC Astoria Walldorf","estadio_id":null,"betsapi":"0","club_id":"8260","equipacion_id":null,"slug":null,"federacion_id":"0","localidad_id":"1","provincia_id":"1","comunidad_id":"1","localidad":"Sin localidad","provincia":"sin provincia","comunidad":"SIN COMUNIDAD","pais_id":"4","es_seleccion":"0","pL":"1","pV":"0"},{"equipo_id":"1595","grupo":"0","nombre":"FC Augsburg","nombreCorto":"FC Augsburg","estadio_id":"56","betsapi":"43933","club_id":"2623","equipacion_id":"369","slug":"FCA_World","federacion_id":"0","localidad_id":"8163","provincia_id":"1","comunidad_id":"1","localidad":"Augsburg","provincia":"sin provincia","comunidad":"SIN COMUNIDAD","pais_id":"4","es_seleccion":"0","pL":"0","pV":"1"},{"equipo_id":"1601","grupo":"0","nombre":"FC Bayern München","nombreCorto":"FC Bayern München","estadio_id":"57","betsapi":"9943","club_id":"2629","equipacion_id":"184","slug":"FCBayernES","federacion_id":"0","localidad_id":"8164","provincia_id":"1","comunidad_id":"1","localidad":"Múnich","provincia":"sin provincia","comunidad":"SIN COMUNIDAD","pais_id":"4","es_seleccion":"0","pL":"0","pV":"1"},{"equipo_id":"4582","grupo":"0","nombre":"FC Carl Zeiss Jena","nombreCorto":"FC Carl Zeiss Jena","estadio_id":"136","betsapi":"0","club_id":"6956","equipacion_id":null,"slug":null,"federacion_id":"0","localidad_id":"8242","provincia_id":"1","comunidad_id":"1","localidad":"Jena","provincia":"sin provincia","comunidad":"SIN COMUNIDAD","pais_id":"4","es_seleccion":"0","pL":"1","pV":"0"},{"equipo_id":"1616","grupo":"0","nombre":"FC Energie Cottbus","nombreCorto":"FC Energie Cottbus","estadio_id":"58","betsapi":"0","club_id":"2643","equipacion_id":null,"slug":null,"federacion_id":"0","localidad_id":"8165","provincia_id":"1","comunidad_id":"1","localidad":"Cottbus","provincia":"sin provincia","comunidad":"SIN COMUNIDAD","pais_id":"4","es_seleccion":"0","pL":"1","pV":"0"},{"equipo_id":"51586","grupo":"0","nombre":"FC Gütersloh","nombreCorto":"FC Gütersloh","estadio_id":null,"betsapi":"0","club_id":"18506","equipacion_id":null,"slug":"","federacion_id":"0","localidad_id":"1","provincia_id":"1","comunidad_id":"1","localidad":"Sin localidad","provincia":"sin provincia","comunidad":"SIN COMUNIDAD","pais_id":"4","es_seleccion":"0","pL":"1","pV":"0"},{"equipo_id":"1623","grupo":"0","nombre":"FC Hansa Rostock","nombreCorto":"FC Hansa Rostock","estadio_id":"60","betsapi":"9780","club_id":"2650","equipacion_id":null,"slug":"HansaRostock","federacion_id":"0","localidad_id":"8167","provincia_id":"1","comunidad_id":"1","localidad":"Rostock","provincia":"sin provincia","comunidad":"SIN COMUNIDAD","pais_id":"4","es_seleccion":"0","pL":"0","pV":"1"},{"equipo_id":"4568","grupo":"0","nombre":"FC Oberneuland","nombreCorto":"FC Oberneuland","estadio_id":"120","betsapi":"0","club_id":"6607","equipacion_id":null,"slug":null,"federacion_id":"0","localidad_id":"8228","provincia_id":"1","comunidad_id":"1","localidad":"Oberneuland","provincia":"sin provincia","comunidad":"SIN COMUNIDAD","pais_id":"4","es_seleccion":"0","pL":"1","pV":"0"},{"equipo_id":"51592","grupo":"0","nombre":"FC Rot-Weiss Koblenz","nombreCorto":"FC Rot-Weiss Koblenz","estadio_id":null,"betsapi":"0","club_id":"18512","equipacion_id":null,"slug":"","federacion_id":"0","localidad_id":"1","provincia_id":"1","comunidad_id":"1","localidad":"Sin localidad","provincia":"sin provincia","comunidad":"SIN COMUNIDAD","pais_id":"4","es_seleccion":"0","pL":"1","pV":"0"},{"equipo_id":"1674","grupo":"0","nombre":"FC Sankt Pauli","nombreCorto":"FC Sankt Pauli","estadio_id":"62","betsapi":"254","club_id":"2701","equipacion_id":null,"slug":"fcstpauli","federacion_id":"0","localidad_id":"8169","provincia_id":"1","comunidad_id":"1","localidad":"Sankt Pauli","provincia":"sin provincia","comunidad":"SIN COMUNIDAD","pais_id":"4","es_seleccion":"0","pL":"0","pV":"1"},{"equipo_id":"1676","grupo":"0","nombre":"FC Schalke 04","nombreCorto":"FC Schalke 04","estadio_id":"63","betsapi":"9942","club_id":"2703","equipacion_id":"1","slug":"s04_es","federacion_id":"0","localidad_id":"8150","provincia_id":"1","comunidad_id":"1","localidad":"Gelsenkirchen","provincia":"sin provincia","comunidad":"SIN COMUNIDAD","pais_id":"4","es_seleccion":"0","pL":"0","pV":"1"},{"equipo_id":"51588","grupo":"0","nombre":"FC Teutonia Ottensen","nombreCorto":"FC Teutonia Ottensen","estadio_id":null,"betsapi":"0","club_id":"18508","equipacion_id":null,"slug":"","federacion_id":"0","localidad_id":"1","provincia_id":"1","comunidad_id":"1","localidad":"Sin localidad","provincia":"sin provincia","comunidad":"SIN COMUNIDAD","pais_id":"4","es_seleccion":"0","pL":"1","pV":"0"},{"equipo_id":"9660","grupo":"0","nombre":"FC Viktoria Köln","nombreCorto":"FC Viktoria Köln","estadio_id":null,"betsapi":"0","club_id":"8258","equipacion_id":null,"slug":null,"federacion_id":"0","localidad_id":"1","provincia_id":"1","comunidad_id":"1","localidad":"Sin localidad","provincia":"sin provincia","comunidad":"SIN COMUNIDAD","pais_id":"4","es_seleccion":"0","pL":"1","pV":"0"},{"equipo_id":"1785","grupo":"0","nombre":"FSV Frankfurt","nombreCorto":"FSV Frankfurt","estadio_id":"65","betsapi":"0","club_id":"2812","equipacion_id":null,"slug":null,"federacion_id":"0","localidad_id":"8171","provincia_id":"1","comunidad_id":"1","localidad":"Fráncfort","provincia":"sin provincia","comunidad":"SIN COMUNIDAD","pais_id":"4","es_seleccion":"0","pL":"1","pV":"0"},{"equipo_id":"8777","grupo":"0","nombre":"FV Illertissen","nombreCorto":"FV Illertissen","estadio_id":"107","betsapi":"0","club_id":"6360","equipacion_id":null,"slug":null,"federacion_id":"0","localidad_id":"8215","provincia_id":"1","comunidad_id":"1","localidad":"Illertissen","provincia":"sin provincia","comunidad":"SIN COMUNIDAD","pais_id":"4","es_seleccion":"0","pL":"1","pV":"0"},{"equipo_id":"4565","grupo":"0","nombre":"Hallescher FC","nombreCorto":"Hallescher FC","estadio_id":"117","betsapi":"0","club_id":"6604","equipacion_id":null,"slug":null,"federacion_id":"0","localidad_id":"8225","provincia_id":"1","comunidad_id":"1","localidad":"Halle an der Saale","provincia":"sin provincia","comunidad":"SIN COMUNIDAD","pais_id":"4","es_seleccion":"0","pL":"1","pV":"0"},{"equipo_id":"1885","grupo":"0","nombre":"Hamburger SV","nombreCorto":"Hamburger SV","estadio_id":"66","betsapi":"6230","club_id":"2902","equipacion_id":null,"slug":"HSV","federacion_id":"0","localidad_id":"8172","provincia_id":"1","comunidad_id":"1","localidad":"Hamburgo","provincia":"sin provincia","comunidad":"SIN COMUNIDAD","pais_id":"4","es_seleccion":"0","pL":"0","pV":"1"},{"equipo_id":"1912","grupo":"0","nombre":"Hertha BSC Berlin","nombreCorto":"Hertha BSC Berlin","estadio_id":"67","betsapi":"475","club_id":"2927","equipacion_id":"294","slug":"HerthaBSC","federacion_id":"0","localidad_id":"8174","provincia_id":"1","comunidad_id":"1","localidad":"Berlín","provincia":"sin provincia","comunidad":"SIN COMUNIDAD","pais_id":"4","es_seleccion":"0","pL":"0","pV":"1"},{"equipo_id":"1889","grupo":"0","nombre":"HSV 1896 Hannover","nombreCorto":"HSV 1896 Hannover","estadio_id":null,"betsapi":"4807","club_id":"2906","equipacion_id":null,"slug":"Hannover96","federacion_id":"0","localidad_id":"8173","provincia_id":"1","comunidad_id":"1","localidad":"Hannover","provincia":"sin provincia","comunidad":"SIN COMUNIDAD","pais_id":"4","es_seleccion":"0","pL":"0","pV":"1"},{"equipo_id":"2012","grupo":"0","nombre":"Karlsruher SC","nombreCorto":"Karlsruher SC","estadio_id":"68","betsapi":"10264","club_id":"3030","equipacion_id":null,"slug":"KarlsruherSC","federacion_id":"0","localidad_id":"8175","provincia_id":"1","comunidad_id":"1","localidad":"Karlsruhe","provincia":"sin provincia","comunidad":"SIN COMUNIDAD","pais_id":"4","es_seleccion":"0","pL":"0","pV":"1"},{"equipo_id":"9667","grupo":"0","nombre":"Kieler SV Holstein","nombreCorto":"Kieler SV Holstein","estadio_id":null,"betsapi":"43826","club_id":"8265","equipacion_id":null,"slug":"Holstein_Kiel","federacion_id":"0","localidad_id":"1","provincia_id":"1","comunidad_id":"1","localidad":"Sin localidad","provincia":"sin provincia","comunidad":"SIN COMUNIDAD","pais_id":"4","es_seleccion":"0","pL":"0","pV":"1"},{"equipo_id":"8759","grupo":"0","nombre":"RB Leipzig","nombreCorto":"RB Leipzig","estadio_id":"102","betsapi":"823","club_id":"6349","equipacion_id":"432","slug":"DieRotenBullen","federacion_id":"0","localidad_id":"8210","provincia_id":"1","comunidad_id":"1","localidad":"Leipzig","provincia":"sin provincia","comunidad":"SIN COMUNIDAD","pais_id":"4","es_seleccion":"0","pL":"0","pV":"1"},{"equipo_id":"51589","grupo":"0","nombre":"Rostocker FC","nombreCorto":"Rostocker FC","estadio_id":null,"betsapi":"0","club_id":"18509","equipacion_id":null,"slug":"","federacion_id":"0","localidad_id":"1","provincia_id":"1","comunidad_id":"1","localidad":"Sin localidad","provincia":"sin provincia","comunidad":"SIN COMUNIDAD","pais_id":"4","es_seleccion":"0","pL":"1","pV":"0"},{"equipo_id":"4578","grupo":"0","nombre":"Rot-Weiss Essen","nombreCorto":"Rot-Weiss Essen","estadio_id":"131","betsapi":"5136","club_id":"6618","equipacion_id":null,"slug":"rot_weiss_essen","federacion_id":"0","localidad_id":"8238","provincia_id":"1","comunidad_id":"1","localidad":"Essen","provincia":"sin provincia","comunidad":"SIN COMUNIDAD","pais_id":"4","es_seleccion":"0","pL":"1","pV":"0"},{"equipo_id":"2723","grupo":"0","nombre":"SC Freiburg","nombreCorto":"SC Freiburg","estadio_id":"78","betsapi":"476","club_id":"3832","equipacion_id":"184","slug":"scfreiburg","federacion_id":"0","localidad_id":"8185","provincia_id":"1","comunidad_id":"1","localidad":"Friburgo","provincia":"sin provincia","comunidad":"SIN COMUNIDAD","pais_id":"4","es_seleccion":"0","pL":"0","pV":"1"},{"equipo_id":"2727","grupo":"0","nombre":"SC Paderborn 07","nombreCorto":"SC Paderborn 07","estadio_id":"79","betsapi":"43825","club_id":"3836","equipacion_id":null,"slug":"SCPaderborn07","federacion_id":"0","localidad_id":"8186","provincia_id":"1","comunidad_id":"1","localidad":"Paderborn","provincia":"sin provincia","comunidad":"SIN COMUNIDAD","pais_id":"4","es_seleccion":"0","pL":"0","pV":"1"},{"equipo_id":"4585","grupo":"0","nombre":"SC Preussen Münster","nombreCorto":"SC Preussen Münster","estadio_id":"46","betsapi":"0","club_id":"1322","equipacion_id":null,"slug":"","federacion_id":"0","localidad_id":"8153","provincia_id":"1","comunidad_id":"1","localidad":"Münster","provincia":"sin provincia","comunidad":"SIN COMUNIDAD","pais_id":"4","es_seleccion":"0","pL":"1","pV":"0"},{"equipo_id":"2830","grupo":"0","nombre":"SPVGG Greuther Fürth","nombreCorto":"Greuther Fürth ","estadio_id":"81","betsapi":"43801","club_id":"3934","equipacion_id":null,"slug":"kleeblattfuerth","federacion_id":"0","localidad_id":"8188","provincia_id":"1","comunidad_id":"1","localidad":"Fürth","provincia":"sin provincia","comunidad":"SIN COMUNIDAD","pais_id":"4","es_seleccion":"0","pL":"0","pV":"1"},{"equipo_id":"4571","grupo":"0","nombre":"SPVGG Unterhaching","nombreCorto":"SPVGG Unterhaching","estadio_id":"123","betsapi":"0","club_id":"6611","equipacion_id":null,"slug":null,"federacion_id":"0","localidad_id":"8231","provincia_id":"1","comunidad_id":"1","localidad":"Unterhaching","provincia":"sin provincia","comunidad":"SIN COMUNIDAD","pais_id":"4","es_seleccion":"0","pL":"1","pV":"0"},{"equipo_id":"4560","grupo":"0","nombre":"SSV Jahn Regensburg","nombreCorto":"SSV Jahn Regensburg","estadio_id":"76","betsapi":"12148","club_id":"3695","equipacion_id":null,"slug":"SSVJAHN","federacion_id":"0","localidad_id":"8183","provincia_id":"1","comunidad_id":"1","localidad":"Ratisbona","provincia":"sin provincia","comunidad":"SIN COMUNIDAD","pais_id":"4","es_seleccion":"0","pL":"1","pV":"0"},{"equipo_id":"12989","grupo":"0","nombre":"SV 07 Elversberg","nombreCorto":"SV 07 Elversberg","estadio_id":null,"betsapi":"2931","club_id":"8962","equipacion_id":null,"slug":"SV07Elversberg","federacion_id":"0","localidad_id":"1","provincia_id":"1","comunidad_id":"1","localidad":"Sin localidad","provincia":"sin provincia","comunidad":"SIN COMUNIDAD","pais_id":"4","es_seleccion":"0","pL":"1","pV":"0"},{"equipo_id":"51585","grupo":"0","nombre":"SV Atlas Delmenhorst","nombreCorto":"SV Atlas Delmenhorst","estadio_id":null,"betsapi":"0","club_id":"18505","equipacion_id":null,"slug":"","federacion_id":"0","localidad_id":"1","provincia_id":"1","comunidad_id":"1","localidad":"Sin localidad","provincia":"sin provincia","comunidad":"SIN COMUNIDAD","pais_id":"4","es_seleccion":"0","pL":"1","pV":"0"},{"equipo_id":"8771","grupo":"0","nombre":"SV Darmstadt 98","nombreCorto":"SV Darmstadt 98","estadio_id":"105","betsapi":"16015","club_id":"6358","equipacion_id":null,"slug":"sv98","federacion_id":"0","localidad_id":"8213","provincia_id":"1","comunidad_id":"1","localidad":"Darmstadt","provincia":"sin provincia","comunidad":"SIN COMUNIDAD","pais_id":"4","es_seleccion":"0","pL":"0","pV":"1"},{"equipo_id":"51591","grupo":"0","nombre":"SV Oberachern","nombreCorto":"SV Oberachern","estadio_id":null,"betsapi":"0","club_id":"18511","equipacion_id":null,"slug":"","federacion_id":"0","localidad_id":"1","provincia_id":"1","comunidad_id":"1","localidad":"Sin localidad","provincia":"sin provincia","comunidad":"SIN COMUNIDAD","pais_id":"4","es_seleccion":"0","pL":"1","pV":"0"},{"equipo_id":"4559","grupo":"0","nombre":"SV Sandhausen","nombreCorto":"SV Sandhausen","estadio_id":"75","betsapi":"4284","club_id":"3694","equipacion_id":null,"slug":"SV_Sandhausen","federacion_id":"0","localidad_id":"8182","provincia_id":"1","comunidad_id":"1","localidad":"Sandhausen","provincia":"sin provincia","comunidad":"SIN COMUNIDAD","pais_id":"4","es_seleccion":"0","pL":"1","pV":"0"},{"equipo_id":"3114","grupo":"0","nombre":"SV Wehen Wiesbaden","nombreCorto":"SV Wehen Wiesbaden","estadio_id":"97","betsapi":"9855","club_id":"5059","equipacion_id":null,"slug":"svww_official","federacion_id":"0","localidad_id":"8204","provincia_id":"1","comunidad_id":"1","localidad":"Taunusstein","provincia":"sin provincia","comunidad":"SIN COMUNIDAD","pais_id":"4","es_seleccion":"0","pL":"1","pV":"0"},{"equipo_id":"2848","grupo":"0","nombre":"SV Werder Bremen","nombreCorto":"SV Werder Bremen","estadio_id":"82","betsapi":"43932","club_id":"3952","equipacion_id":"565","slug":"werderbremen","federacion_id":"0","localidad_id":"8189","provincia_id":"1","comunidad_id":"1","localidad":"Bremen","provincia":"sin provincia","comunidad":"SIN COMUNIDAD","pais_id":"4","es_seleccion":"0","pL":"0","pV":"1"},{"equipo_id":"2936","grupo":"0","nombre":"TSG 1899 Hoffenheim","nombreCorto":"TSG 1899 Hoffenheim","estadio_id":"83","betsapi":"822","club_id":"4032","equipacion_id":"3","slug":"achtzehn99","federacion_id":"0","localidad_id":"8190","provincia_id":"1","comunidad_id":"1","localidad":"Sinsheim","provincia":"sin provincia","comunidad":"SIN COMUNIDAD","pais_id":"4","es_seleccion":"0","pL":"0","pV":"1"},{"equipo_id":"51584","grupo":"0","nombre":"TSG Balingen","nombreCorto":"TSG Balingen","estadio_id":null,"betsapi":"0","club_id":"18504","equipacion_id":null,"slug":"","federacion_id":"0","localidad_id":"1","provincia_id":"1","comunidad_id":"1","localidad":"Sin localidad","provincia":"sin provincia","comunidad":"SIN COMUNIDAD","pais_id":"4","es_seleccion":"0","pL":"1","pV":"0"},{"equipo_id":"1038","grupo":"0","nombre":"TSV Bayer 04 Leverkusen","nombreCorto":"Bayer 04 Leverkusen","estadio_id":null,"betsapi":"15897","club_id":"2100","equipacion_id":"882","slug":"bayer04fussball","federacion_id":"0","localidad_id":"8158","provincia_id":"1","comunidad_id":"1","localidad":"Leverkusen","provincia":"sin provincia","comunidad":"SIN COMUNIDAD","pais_id":"4","es_seleccion":"0","pL":"0","pV":"1"},{"equipo_id":"51587","grupo":"0","nombre":"TSV Schott Mainz","nombreCorto":"TSV Schott Mainz","estadio_id":null,"betsapi":"0","club_id":"18507","equipacion_id":null,"slug":"","federacion_id":"0","localidad_id":"1","provincia_id":"1","comunidad_id":"1","localidad":"Sin localidad","provincia":"sin provincia","comunidad":"SIN COMUNIDAD","pais_id":"4","es_seleccion":"0","pL":"1","pV":"0"},{"equipo_id":"51583","grupo":"0","nombre":"TuS Bersenbrück","nombreCorto":"TuS Bersenbrück","estadio_id":null,"betsapi":"0","club_id":"18503","equipacion_id":null,"slug":"","federacion_id":"0","localidad_id":"1","provincia_id":"1","comunidad_id":"1","localidad":"Sin localidad","provincia":"sin provincia","comunidad":"SIN COMUNIDAD","pais_id":"4","es_seleccion":"0","pL":"1","pV":"0"},{"equipo_id":"51593","grupo":"0","nombre":"TuS Makkabi Berlin","nombreCorto":"TuS Makkabi Berlin","estadio_id":null,"betsapi":"0","club_id":"18513","equipacion_id":null,"slug":"","federacion_id":"0","localidad_id":"1","provincia_id":"1","comunidad_id":"1","localidad":"Sin localidad","provincia":"sin provincia","comunidad":"SIN COMUNIDAD","pais_id":"4","es_seleccion":"0","pL":"1","pV":"0"},{"equipo_id":"4576","grupo":"0","nombre":"VfB Lübeck","nombreCorto":"VfB Lübeck","estadio_id":"129","betsapi":"5730","club_id":"6616","equipacion_id":null,"slug":"","federacion_id":"0","localidad_id":"8236","provincia_id":"1","comunidad_id":"1","localidad":"Lübeck","provincia":"sin provincia","comunidad":"SIN COMUNIDAD","pais_id":"4","es_seleccion":"0","pL":"1","pV":"0"},{"equipo_id":"3068","grupo":"0","nombre":"VfB Stuttgart","nombreCorto":"VfB Stuttgart","estadio_id":"94","betsapi":"9821","club_id":"5014","equipacion_id":"854","slug":"VfB","federacion_id":"0","localidad_id":"8201","provincia_id":"1","comunidad_id":"1","localidad":"Stuttgart","provincia":"sin provincia","comunidad":"SIN COMUNIDAD","pais_id":"4","es_seleccion":"0","pL":"0","pV":"1"},{"equipo_id":"3069","grupo":"0","nombre":"VfL Bochum","nombreCorto":"VfL Bochum","estadio_id":"95","betsapi":"9827","club_id":"5015","equipacion_id":null,"slug":"VfLBochum1848eV","federacion_id":"0","localidad_id":"8202","provincia_id":"1","comunidad_id":"1","localidad":"Bochum","provincia":"sin provincia","comunidad":"SIN COMUNIDAD","pais_id":"4","es_seleccion":"0","pL":"0","pV":"1"},{"equipo_id":"2399","grupo":"0","nombre":"VfL Osnabrück","nombreCorto":"VfL Osnabrück","estadio_id":"72","betsapi":"3818","club_id":"3407","equipacion_id":null,"slug":"vfl_1899","federacion_id":"0","localidad_id":"8179","provincia_id":"1","comunidad_id":"1","localidad":"Osnabrück","provincia":"sin provincia","comunidad":"SIN COMUNIDAD","pais_id":"4","es_seleccion":"0","pL":"1","pV":"0"},{"equipo_id":"3070","grupo":"0","nombre":"VfL Wolfsburg","nombreCorto":"VfL Wolfsburg","estadio_id":"96","betsapi":"16005","club_id":"5016","equipacion_id":"572","slug":"VfL_Wolfsburg","federacion_id":"0","localidad_id":"8203","provincia_id":"1","comunidad_id":"1","localidad":"Wolfsburgo","provincia":"sin provincia","comunidad":"SIN COMUNIDAD","pais_id":"4","es_seleccion":"0","pL":"0","pV":"1"}],"partidos":[{"id":"1161601","partidoAPI":null,"temporada_id":"317","estado_partido":"0","jornada":"182","apuesta_partido":null,"fase":"Treintaidosavos de Final ","fecha":"2023-08-11","hora_prevista":"18:00:00","hora_real":"00:00:11","apuesta":null,"clasificado":"0","goles_local":"0","goles_visitante":"0","grupo_id":null,"betsapi":"-1","codigo_acta":"0","local":"TuS Bersenbrück","localCorto":"TuS Bersenbrück","twitterLocal":"","federacion_id_l":"0","equipoLocal_id":"51583","pais_local":"4","pais_visitante":"4","federacion_id_v":"0","visitante":"Borussia VfL 1900","visitanteCorto":"Borussia VfL 1900","twitterVisitante":"borussia_es","equipoVisitante_id":"1003","observaciones":null,"comentario":null,"club_local":"18503","club_visitante":"2063","estadio":null,"arbitro_id":null,"youtube_id":null,"acta":null,"apuesta_torneo":"0","tipo_torneo":"2","idPais":"4","visible":"5","goles":"0","estadio_id":null,"estadio_nombre":null,"estadio_localidad":null,"tv":null,"nombre_arbitro":null,"ida":null},{"id":"1161602","partidoAPI":null,"temporada_id":"317","estado_partido":"0","jornada":"182","apuesta_partido":null,"fase":"Treintaidosavos de Final ","fecha":"2023-08-11","hora_prevista":"18:00:00","hora_real":"00:00:11","apuesta":null,"clasificado":"0","goles_local":"0","goles_visitante":"0","grupo_id":null,"betsapi":"-1","codigo_acta":"0","local":"1. FC Saarbrücken","localCorto":"1. FC Saarbrücken","twitterLocal":"","federacion_id_l":"0","equipoLocal_id":"4574","pais_local":"4","pais_visitante":"4","federacion_id_v":"0","visitante":"Karlsruher SC","visitanteCorto":"Karlsruher SC","twitterVisitante":"KarlsruherSC","equipoVisitante_id":"2012","observaciones":null,"comentario":null,"club_local":"6614","club_visitante":"3030","estadio":null,"arbitro_id":null,"youtube_id":null,"acta":null,"apuesta_torneo":"0","tipo_torneo":"2","idPais":"4","visible":"5","goles":"0","estadio_id":"127","estadio_nombre":"Ludwigsparkstadion","estadio_localidad":"Saarbrücken","tv":null,"nombre_arbitro":null,"ida":null},{"id":"1161603","partidoAPI":null,"temporada_id":"317","estado_partido":"0","jornada":"182","apuesta_partido":null,"fase":"Treintaidosavos de Final ","fecha":"2023-08-11","hora_prevista":"18:00:00","hora_real":"00:00:11","apuesta":null,"clasificado":"0","goles_local":"0","goles_visitante":"0","grupo_id":null,"betsapi":"-1","codigo_acta":"0","local":"SV Sandhausen","localCorto":"SV Sandhausen","twitterLocal":"SV_Sandhausen","federacion_id_l":"0","equipoLocal_id":"4559","pais_local":"4","pais_visitante":"4","federacion_id_v":"0","visitante":"HSV 1896 Hannover","visitanteCorto":"HSV 1896 Hannover","twitterVisitante":"Hannover96","equipoVisitante_id":"1889","observaciones":null,"comentario":null,"club_local":"3694","club_visitante":"2906","estadio":null,"arbitro_id":null,"youtube_id":null,"acta":null,"apuesta_torneo":"0","tipo_torneo":"2","idPais":"4","visible":"5","goles":"0","estadio_id":"75","estadio_nombre":"Hardtwaldstadion","estadio_localidad":"Sandhausen","tv":null,"nombre_arbitro":null,"ida":null},{"id":"1161604","partidoAPI":null,"temporada_id":"317","estado_partido":"0","jornada":"182","apuesta_partido":null,"fase":"Treintaidosavos de Final ","fecha":"2023-08-11","hora_prevista":"20:45:00","hora_real":"00:00:11","apuesta":null,"clasificado":"0","goles_local":"0","goles_visitante":"0","grupo_id":null,"betsapi":"-1","codigo_acta":"0","local":"Eintracht Braunschweig","localCorto":"E. Braunschweig","twitterLocal":"EintrachtBSNews","federacion_id_l":"0","equipoLocal_id":"1508","pais_local":"4","pais_visitante":"4","federacion_id_v":"0","visitante":"FC Schalke 04","visitanteCorto":"FC Schalke 04","twitterVisitante":"s04_es","equipoVisitante_id":"1676","observaciones":null,"comentario":null,"club_local":"2538","club_visitante":"2703","estadio":null,"arbitro_id":null,"youtube_id":null,"acta":null,"apuesta_torneo":"0","tipo_torneo":"2","idPais":"4","visible":"5","goles":"0","estadio_id":"54","estadio_nombre":"Eintracht-stadion","estadio_localidad":"Brunswick","tv":null,"nombre_arbitro":null,"ida":null},{"id":"1161605","partidoAPI":null,"temporada_id":"317","estado_partido":"0","jornada":"182","apuesta_partido":null,"fase":"Treintaidosavos de Final ","fecha":"2023-08-12","hora_prevista":"13:00:00","hora_real":"00:00:11","apuesta":null,"clasificado":"0","goles_local":"0","goles_visitante":"0","grupo_id":null,"betsapi":"-1","codigo_acta":"0","local":"TSG Balingen","localCorto":"TSG Balingen","twitterLocal":"","federacion_id_l":"0","equipoLocal_id":"51584","pais_local":"4","pais_visitante":"4","federacion_id_v":"0","visitante":"VfB Stuttgart","visitanteCorto":"VfB Stuttgart","twitterVisitante":"VfB","equipoVisitante_id":"3068","observaciones":null,"comentario":null,"club_local":"18504","club_visitante":"5014","estadio":null,"arbitro_id":null,"youtube_id":null,"acta":null,"apuesta_torneo":"0","tipo_torneo":"2","idPais":"4","visible":"5","goles":"0","estadio_id":null,"estadio_nombre":null,"estadio_localidad":null,"tv":null,"nombre_arbitro":null,"ida":null},{"id":"1161606","partidoAPI":null,"temporada_id":"317","estado_partido":"0","jornada":"182","apuesta_partido":null,"fase":"Treintaidosavos de Final ","fecha":"2023-08-12","hora_prevista":"13:00:00","hora_real":"00:00:11","apuesta":null,"clasificado":"0","goles_local":"0","goles_visitante":"0","grupo_id":null,"betsapi":"-1","codigo_acta":"0","local":"FC Carl Zeiss Jena","localCorto":"FC Carl Zeiss Jena","twitterLocal":null,"federacion_id_l":"0","equipoLocal_id":"4582","pais_local":"4","pais_visitante":"4","federacion_id_v":"0","visitante":"Hertha BSC Berlin","visitanteCorto":"Hertha BSC Berlin","twitterVisitante":"HerthaBSC","equipoVisitante_id":"1912","observaciones":null,"comentario":null,"club_local":"6956","club_visitante":"2927","estadio":null,"arbitro_id":null,"youtube_id":null,"acta":null,"apuesta_torneo":"0","tipo_torneo":"2","idPais":"4","visible":"5","goles":"0","estadio_id":"136","estadio_nombre":"Ernst-abbe-sportfeld","estadio_localidad":"Jena","tv":null,"nombre_arbitro":null,"ida":null},{"id":"1161607","partidoAPI":null,"temporada_id":"317","estado_partido":"0","jornada":"182","apuesta_partido":null,"fase":"Treintaidosavos de Final ","fecha":"2023-08-12","hora_prevista":"15:30:00","hora_real":"00:00:11","apuesta":null,"clasificado":"0","goles_local":"0","goles_visitante":"0","grupo_id":null,"betsapi":"-1","codigo_acta":"0","local":"SV Atlas Delmenhorst","localCorto":"SV Atlas Delmenhorst","twitterLocal":"","federacion_id_l":"0","equipoLocal_id":"51585","pais_local":"4","pais_visitante":"4","federacion_id_v":"0","visitante":"FC Sankt Pauli","visitanteCorto":"FC Sankt Pauli","twitterVisitante":"fcstpauli","equipoVisitante_id":"1674","observaciones":null,"comentario":null,"club_local":"18505","club_visitante":"2701","estadio":null,"arbitro_id":null,"youtube_id":null,"acta":null,"apuesta_torneo":"0","tipo_torneo":"2","idPais":"4","visible":"5","goles":"0","estadio_id":null,"estadio_nombre":null,"estadio_localidad":null,"tv":null,"nombre_arbitro":null,"ida":null},{"id":"1161608","partidoAPI":null,"temporada_id":"317","estado_partido":"0","jornada":"182","apuesta_partido":null,"fase":"Treintaidosavos de Final ","fecha":"2023-08-12","hora_prevista":"15:30:00","hora_real":"00:00:11","apuesta":null,"clasificado":"0","goles_local":"0","goles_visitante":"0","grupo_id":null,"betsapi":"-1","codigo_acta":"0","local":"FC Gütersloh","localCorto":"FC Gütersloh","twitterLocal":"","federacion_id_l":"0","equipoLocal_id":"51586","pais_local":"4","pais_visitante":"4","federacion_id_v":"0","visitante":"Kieler SV Holstein","visitanteCorto":"Kieler SV Holstein","twitterVisitante":"Holstein_Kiel","equipoVisitante_id":"9667","observaciones":null,"comentario":null,"club_local":"18506","club_visitante":"8265","estadio":null,"arbitro_id":null,"youtube_id":null,"acta":null,"apuesta_torneo":"0","tipo_torneo":"2","idPais":"4","visible":"5","goles":"0","estadio_id":null,"estadio_nombre":null,"estadio_localidad":null,"tv":null,"nombre_arbitro":null,"ida":null},{"id":"1161609","partidoAPI":null,"temporada_id":"317","estado_partido":"0","jornada":"182","apuesta_partido":null,"fase":"Treintaidosavos de Final ","fecha":"2023-08-12","hora_prevista":"15:30:00","hora_real":"00:00:11","apuesta":null,"clasificado":"0","goles_local":"0","goles_visitante":"0","grupo_id":null,"betsapi":"-1","codigo_acta":"0","local":"FC Oberneuland","localCorto":"FC Oberneuland","twitterLocal":null,"federacion_id_l":"0","equipoLocal_id":"4568","pais_local":"4","pais_visitante":"4","federacion_id_v":"0","visitante":"1. FC Nürnberg","visitanteCorto":"1. FC Nürnberg","twitterVisitante":"1_fc_nuernberg","equipoVisitante_id":"744","observaciones":null,"comentario":null,"club_local":"6607","club_visitante":"4846","estadio":null,"arbitro_id":null,"youtube_id":null,"acta":null,"apuesta_torneo":"0","tipo_torneo":"2","idPais":"4","visible":"5","goles":"0","estadio_id":"120","estadio_nombre":"Sportpark Vinnenweg","estadio_localidad":"Oberneuland","tv":null,"nombre_arbitro":null,"ida":null},{"id":"1161610","partidoAPI":null,"temporada_id":"317","estado_partido":"0","jornada":"182","apuesta_partido":null,"fase":"Treintaidosavos de Final ","fecha":"2023-08-12","hora_prevista":"15:30:00","hora_real":"00:00:11","apuesta":null,"clasificado":"0","goles_local":"0","goles_visitante":"0","grupo_id":null,"betsapi":"-1","codigo_acta":"0","local":"TSV Schott Mainz","localCorto":"TSV Schott Mainz","twitterLocal":"","federacion_id_l":"0","equipoLocal_id":"51587","pais_local":"4","pais_visitante":"4","federacion_id_v":"0","visitante":"BV Borussia 09 Dortmund","visitanteCorto":"BV Borussia 09","twitterVisitante":"BVB","equipoVisitante_id":"1092","observaciones":null,"comentario":null,"club_local":"18507","club_visitante":"2153","estadio":null,"arbitro_id":null,"youtube_id":null,"acta":null,"apuesta_torneo":"0","tipo_torneo":"2","idPais":"4","visible":"5","goles":"0","estadio_id":null,"estadio_nombre":null,"estadio_localidad":null,"tv":null,"nombre_arbitro":null,"ida":null},{"id":"1161611","partidoAPI":null,"temporada_id":"317","estado_partido":"0","jornada":"182","apuesta_partido":null,"fase":"Treintaidosavos de Final ","fecha":"2023-08-12","hora_prevista":"15:30:00","hora_real":"00:00:11","apuesta":null,"clasificado":"0","goles_local":"0","goles_visitante":"0","grupo_id":null,"betsapi":"-1","codigo_acta":"0","local":"FC Teutonia Ottensen","localCorto":"FC Teutonia Ottensen","twitterLocal":"","federacion_id_l":"0","equipoLocal_id":"51588","pais_local":"4","pais_visitante":"4","federacion_id_v":"0","visitante":"TSV Bayer 04 Leverkusen","visitanteCorto":"Bayer 04 Leverkusen","twitterVisitante":"bayer04fussball","equipoVisitante_id":"1038","observaciones":null,"comentario":null,"club_local":"18508","club_visitante":"2100","estadio":null,"arbitro_id":null,"youtube_id":null,"acta":null,"apuesta_torneo":"0","tipo_torneo":"2","idPais":"4","visible":"5","goles":"0","estadio_id":null,"estadio_nombre":null,"estadio_localidad":null,"tv":null,"nombre_arbitro":null,"ida":null},{"id":"1161612","partidoAPI":null,"temporada_id":"317","estado_partido":"0","jornada":"182","apuesta_partido":null,"fase":"Treintaidosavos de Final ","fecha":"2023-08-12","hora_prevista":"15:30:00","hora_real":"00:00:11","apuesta":null,"clasificado":"0","goles_local":"0","goles_visitante":"0","grupo_id":null,"betsapi":"-1","codigo_acta":"0","local":"FC Viktoria Köln","localCorto":"FC Viktoria Köln","twitterLocal":null,"federacion_id_l":"0","equipoLocal_id":"9660","pais_local":"4","pais_visitante":"4","federacion_id_v":"0","visitante":"SV Werder Bremen","visitanteCorto":"SV Werder Bremen","twitterVisitante":"werderbremen","equipoVisitante_id":"2848","observaciones":null,"comentario":null,"club_local":"8258","club_visitante":"3952","estadio":null,"arbitro_id":null,"youtube_id":null,"acta":null,"apuesta_torneo":"0","tipo_torneo":"2","idPais":"4","visible":"5","goles":"0","estadio_id":null,"estadio_nombre":null,"estadio_localidad":null,"tv":null,"nombre_arbitro":null,"ida":null},{"id":"1161613","partidoAPI":null,"temporada_id":"317","estado_partido":"0","jornada":"182","apuesta_partido":null,"fase":"Treintaidosavos de Final ","fecha":"2023-08-12","hora_prevista":"18:00:00","hora_real":"00:00:11","apuesta":null,"clasificado":"0","goles_local":"0","goles_visitante":"0","grupo_id":null,"betsapi":"-1","codigo_acta":"0","local":"DSC Arminia Bielefeld","localCorto":"Arminia Bielefeld","twitterLocal":"arminia","federacion_id_l":"0","equipoLocal_id":"756","pais_local":"4","pais_visitante":"4","federacion_id_v":"0","visitante":"VfL Bochum","visitanteCorto":"VfL Bochum","twitterVisitante":"VfLBochum1848eV","equipoVisitante_id":"3069","observaciones":null,"comentario":null,"club_local":"4851","club_visitante":"5015","estadio":null,"arbitro_id":null,"youtube_id":null,"acta":null,"apuesta_torneo":"0","tipo_torneo":"2","idPais":"4","visible":"5","goles":"0","estadio_id":"92","estadio_nombre":"Schüco Arena","estadio_localidad":"Bielefeld","tv":null,"nombre_arbitro":null,"ida":null},{"id":"1161614","partidoAPI":null,"temporada_id":"317","estado_partido":"0","jornada":"182","apuesta_partido":null,"fase":"Treintaidosavos de Final ","fecha":"2023-08-12","hora_prevista":"18:00:00","hora_real":"00:00:11","apuesta":null,"clasificado":"0","goles_local":"0","goles_visitante":"0","grupo_id":null,"betsapi":"-1","codigo_acta":"0","local":"SV 07 Elversberg","localCorto":"SV 07 Elversberg","twitterLocal":"SV07Elversberg","federacion_id_l":"0","equipoLocal_id":"12989","pais_local":"4","pais_visitante":"4","federacion_id_v":"0","visitante":"1. FSV Mainz 05","visitanteCorto":"1. FSV Mainz 05","twitterVisitante":"1FSVMainz05","equipoVisitante_id":"749","observaciones":null,"comentario":null,"club_local":"8962","club_visitante":"4603","estadio":null,"arbitro_id":null,"youtube_id":null,"acta":null,"apuesta_torneo":"0","tipo_torneo":"2","idPais":"4","visible":"5","goles":"0","estadio_id":null,"estadio_nombre":null,"estadio_localidad":null,"tv":null,"nombre_arbitro":null,"ida":null},{"id":"1161615","partidoAPI":null,"temporada_id":"317","estado_partido":"0","jornada":"182","apuesta_partido":null,"fase":"Treintaidosavos de Final ","fecha":"2023-08-12","hora_prevista":"18:00:00","hora_real":"00:00:11","apuesta":null,"clasificado":"0","goles_local":"0","goles_visitante":"0","grupo_id":null,"betsapi":"-1","codigo_acta":"0","local":"Hallescher FC","localCorto":"Hallescher FC","twitterLocal":null,"federacion_id_l":"0","equipoLocal_id":"4565","pais_local":"4","pais_visitante":"4","federacion_id_v":"0","visitante":"SPVGG Greuther Fürth","visitanteCorto":"Greuther Fürth ","twitterVisitante":"kleeblattfuerth","equipoVisitante_id":"2830","observaciones":null,"comentario":null,"club_local":"6604","club_visitante":"3934","estadio":null,"arbitro_id":null,"youtube_id":null,"acta":null,"apuesta_torneo":"0","tipo_torneo":"2","idPais":"4","visible":"5","goles":"0","estadio_id":"117","estadio_nombre":"Erdgas Sportpark","estadio_localidad":"Halle an der Saale","tv":null,"nombre_arbitro":null,"ida":null},{"id":"1161616","partidoAPI":null,"temporada_id":"317","estado_partido":"0","jornada":"182","apuesta_partido":null,"fase":"Treintaidosavos de Final ","fecha":"2023-08-13","hora_prevista":"13:00:00","hora_real":"00:00:11","apuesta":null,"clasificado":"0","goles_local":"0","goles_visitante":"0","grupo_id":null,"betsapi":"-1","codigo_acta":"0","local":"Rostocker FC","localCorto":"Rostocker FC","twitterLocal":"","federacion_id_l":"0","equipoLocal_id":"51589","pais_local":"4","pais_visitante":"4","federacion_id_v":"0","visitante":"1. FC Heidenheim 1846","visitanteCorto":"1. FC Heidenheim","twitterVisitante":"FCH1846","equipoVisitante_id":"4569","observaciones":null,"comentario":null,"club_local":"18509","club_visitante":"6609","estadio":null,"arbitro_id":null,"youtube_id":null,"acta":null,"apuesta_torneo":"0","tipo_torneo":"2","idPais":"4","visible":"5","goles":"0","estadio_id":null,"estadio_nombre":null,"estadio_localidad":null,"tv":null,"nombre_arbitro":null,"ida":null},{"id":"1161617","partidoAPI":null,"temporada_id":"317","estado_partido":"0","jornada":"182","apuesta_partido":null,"fase":"Treintaidosavos de Final ","fecha":"2023-08-13","hora_prevista":"13:00:00","hora_real":"00:00:11","apuesta":null,"clasificado":"0","goles_local":"0","goles_visitante":"0","grupo_id":null,"betsapi":"-1","codigo_acta":"0","local":"Rot-Weiss Essen","localCorto":"Rot-Weiss Essen","twitterLocal":"rot_weiss_essen","federacion_id_l":"0","equipoLocal_id":"4578","pais_local":"4","pais_visitante":"4","federacion_id_v":"0","visitante":"Hamburger SV","visitanteCorto":"Hamburger SV","twitterVisitante":"HSV","equipoVisitante_id":"1885","observaciones":null,"comentario":null,"club_local":"6618","club_visitante":"2902","estadio":null,"arbitro_id":null,"youtube_id":null,"acta":null,"apuesta_torneo":"0","tipo_torneo":"2","idPais":"4","visible":"5","goles":"0","estadio_id":"131","estadio_nombre":"Stadion Essen","estadio_localidad":"Essen","tv":null,"nombre_arbitro":null,"ida":null},{"id":"1161618","partidoAPI":null,"temporada_id":"317","estado_partido":"0","jornada":"182","apuesta_partido":null,"fase":"Treintaidosavos de Final ","fecha":"2023-08-13","hora_prevista":"15:30:00","hora_real":"00:00:11","apuesta":null,"clasificado":"0","goles_local":"0","goles_visitante":"0","grupo_id":null,"betsapi":"-1","codigo_acta":"0","local":"FV Illertissen","localCorto":"FV Illertissen","twitterLocal":null,"federacion_id_l":"0","equipoLocal_id":"8777","pais_local":"4","pais_visitante":"4","federacion_id_v":"0","visitante":"DTS Fortuna 1895","visitanteCorto":"DTS Fortuna 1895","twitterVisitante":"f95","equipoVisitante_id":"1777","observaciones":null,"comentario":null,"club_local":"6360","club_visitante":"2803","estadio":null,"arbitro_id":null,"youtube_id":null,"acta":null,"apuesta_torneo":"0","tipo_torneo":"2","idPais":"4","visible":"5","goles":"0","estadio_id":"107","estadio_nombre":"Voehlin-stadium Illertissen","estadio_localidad":"Illertissen","tv":null,"nombre_arbitro":null,"ida":null},{"id":"1161619","partidoAPI":null,"temporada_id":"317","estado_partido":"0","jornada":"182","apuesta_partido":null,"fase":"Treintaidosavos de Final ","fecha":"2023-08-13","hora_prevista":"15:30:00","hora_real":"00:00:11","apuesta":null,"clasificado":"0","goles_local":"0","goles_visitante":"0","grupo_id":null,"betsapi":"-1","codigo_acta":"0","local":"1. FC Lokomotive Leipzig","localCorto":"Lokomotive Leipzig","twitterLocal":"","federacion_id_l":"0","equipoLocal_id":"51590","pais_local":"4","pais_visitante":"4","federacion_id_v":"0","visitante":"Eintracht Frankfurt FAG","visitanteCorto":"Eintracht Frankfurt","twitterVisitante":"Eintracht","equipoVisitante_id":"1509","observaciones":null,"comentario":null,"club_local":"18510","club_visitante":"2539","estadio":null,"arbitro_id":null,"youtube_id":null,"acta":null,"apuesta_torneo":"0","tipo_torneo":"2","idPais":"4","visible":"5","goles":"0","estadio_id":null,"estadio_nombre":null,"estadio_localidad":null,"tv":null,"nombre_arbitro":null,"ida":null},{"id":"1161620","partidoAPI":null,"temporada_id":"317","estado_partido":"0","jornada":"182","apuesta_partido":null,"fase":"Treintaidosavos de Final ","fecha":"2023-08-13","hora_prevista":"15:30:00","hora_real":"00:00:11","apuesta":null,"clasificado":"0","goles_local":"0","goles_visitante":"0","grupo_id":null,"betsapi":"-1","codigo_acta":"0","local":"SV Oberachern","localCorto":"SV Oberachern","twitterLocal":"","federacion_id_l":"0","equipoLocal_id":"51591","pais_local":"4","pais_visitante":"4","federacion_id_v":"0","visitante":"SC Freiburg","visitanteCorto":"SC Freiburg","twitterVisitante":"scfreiburg","equipoVisitante_id":"2723","observaciones":null,"comentario":null,"club_local":"18511","club_visitante":"3832","estadio":null,"arbitro_id":null,"youtube_id":null,"acta":null,"apuesta_torneo":"0","tipo_torneo":"2","idPais":"4","visible":"5","goles":"0","estadio_id":null,"estadio_nombre":null,"estadio_localidad":null,"tv":null,"nombre_arbitro":null,"ida":null},{"id":"1161621","partidoAPI":null,"temporada_id":"317","estado_partido":"0","jornada":"182","apuesta_partido":null,"fase":"Treintaidosavos de Final ","fecha":"2023-08-13","hora_prevista":"15:30:00","hora_real":"00:00:11","apuesta":null,"clasificado":"0","goles_local":"0","goles_visitante":"0","grupo_id":null,"betsapi":"-1","codigo_acta":"0","local":"FC Rot-Weiss Koblenz","localCorto":"FC Rot-Weiss Koblenz","twitterLocal":"","federacion_id_l":"0","equipoLocal_id":"51592","pais_local":"4","pais_visitante":"4","federacion_id_v":"0","visitante":"1. FC Kaiserslautern","visitanteCorto":"1. FC Kaiserslautern","twitterVisitante":"Rote_Teufel","equipoVisitante_id":"742","observaciones":null,"comentario":null,"club_local":"18512","club_visitante":"4844","estadio":null,"arbitro_id":null,"youtube_id":null,"acta":null,"apuesta_torneo":"0","tipo_torneo":"2","idPais":"4","visible":"5","goles":"0","estadio_id":null,"estadio_nombre":null,"estadio_localidad":null,"tv":null,"nombre_arbitro":null,"ida":null},{"id":"1161622","partidoAPI":null,"temporada_id":"317","estado_partido":"0","jornada":"182","apuesta_partido":null,"fase":"Treintaidosavos de Final ","fecha":"2023-08-13","hora_prevista":"15:30:00","hora_real":"00:00:11","apuesta":null,"clasificado":"0","goles_local":"0","goles_visitante":"0","grupo_id":null,"betsapi":"-1","codigo_acta":"0","local":"TuS Makkabi Berlin","localCorto":"TuS Makkabi Berlin","twitterLocal":"","federacion_id_l":"0","equipoLocal_id":"51593","pais_local":"4","pais_visitante":"4","federacion_id_v":"0","visitante":"VfL Wolfsburg","visitanteCorto":"VfL Wolfsburg","twitterVisitante":"VfL_Wolfsburg","equipoVisitante_id":"3070","observaciones":null,"comentario":null,"club_local":"18513","club_visitante":"5016","estadio":null,"arbitro_id":null,"youtube_id":null,"acta":null,"apuesta_torneo":"0","tipo_torneo":"2","idPais":"4","visible":"5","goles":"0","estadio_id":null,"estadio_nombre":null,"estadio_localidad":null,"tv":null,"nombre_arbitro":null,"ida":null},{"id":"1161623","partidoAPI":null,"temporada_id":"317","estado_partido":"0","jornada":"182","apuesta_partido":null,"fase":"Treintaidosavos de Final ","fecha":"2023-08-13","hora_prevista":"15:30:00","hora_real":"00:00:11","apuesta":null,"clasificado":"0","goles_local":"0","goles_visitante":"0","grupo_id":null,"betsapi":"-1","codigo_acta":"0","local":"SPVGG Unterhaching","localCorto":"SPVGG Unterhaching","twitterLocal":null,"federacion_id_l":"0","equipoLocal_id":"4571","pais_local":"4","pais_visitante":"4","federacion_id_v":"0","visitante":"FC Augsburg","visitanteCorto":"FC Augsburg","twitterVisitante":"FCA_World","equipoVisitante_id":"1595","observaciones":null,"comentario":null,"club_local":"6611","club_visitante":"2623","estadio":null,"arbitro_id":null,"youtube_id":null,"acta":null,"apuesta_torneo":"0","tipo_torneo":"2","idPais":"4","visible":"5","goles":"0","estadio_id":"123","estadio_nombre":"Generali Sportpark","estadio_localidad":"Unterhaching","tv":null,"nombre_arbitro":null,"ida":null},{"id":"1161624","partidoAPI":null,"temporada_id":"317","estado_partido":"0","jornada":"182","apuesta_partido":null,"fase":"Treintaidosavos de Final ","fecha":"2023-08-13","hora_prevista":"18:00:00","hora_real":"00:00:11","apuesta":null,"clasificado":"0","goles_local":"0","goles_visitante":"0","grupo_id":null,"betsapi":"-1","codigo_acta":"0","local":"FC Energie Cottbus","localCorto":"FC Energie Cottbus","twitterLocal":null,"federacion_id_l":"0","equipoLocal_id":"1616","pais_local":"4","pais_visitante":"4","federacion_id_v":"0","visitante":"SC Paderborn 07","visitanteCorto":"SC Paderborn 07","twitterVisitante":"SCPaderborn07","equipoVisitante_id":"2727","observaciones":null,"comentario":null,"club_local":"2643","club_visitante":"3836","estadio":null,"arbitro_id":null,"youtube_id":null,"acta":null,"apuesta_torneo":"0","tipo_torneo":"2","idPais":"4","visible":"5","goles":"0","estadio_id":"58","estadio_nombre":"Stadion Der Freundschaft","estadio_localidad":"Cottbus","tv":null,"nombre_arbitro":null,"ida":null},{"id":"1161625","partidoAPI":null,"temporada_id":"317","estado_partido":"0","jornada":"182","apuesta_partido":null,"fase":"Treintaidosavos de Final ","fecha":"2023-08-13","hora_prevista":"18:00:00","hora_real":"00:00:11","apuesta":null,"clasificado":"0","goles_local":"0","goles_visitante":"0","grupo_id":null,"betsapi":"-1","codigo_acta":"0","local":"FSV Frankfurt","localCorto":"FSV Frankfurt","twitterLocal":null,"federacion_id_l":"0","equipoLocal_id":"1785","pais_local":"4","pais_visitante":"4","federacion_id_v":"0","visitante":"FC Hansa Rostock","visitanteCorto":"FC Hansa Rostock","twitterVisitante":"HansaRostock","equipoVisitante_id":"1623","observaciones":null,"comentario":null,"club_local":"2812","club_visitante":"2650","estadio":null,"arbitro_id":null,"youtube_id":null,"acta":null,"apuesta_torneo":"0","tipo_torneo":"2","idPais":"4","visible":"5","goles":"0","estadio_id":"65","estadio_nombre":"Commerzbank Arena","estadio_localidad":"Fráncfort","tv":null,"nombre_arbitro":null,"ida":null},{"id":"1161626","partidoAPI":null,"temporada_id":"317","estado_partido":"0","jornada":"182","apuesta_partido":null,"fase":"Treintaidosavos de Final ","fecha":"2023-08-13","hora_prevista":"18:00:00","hora_real":"00:00:11","apuesta":null,"clasificado":"0","goles_local":"0","goles_visitante":"0","grupo_id":null,"betsapi":"-1","codigo_acta":"0","local":"FC Astoria Walldorf","localCorto":"FC Astoria Walldorf","twitterLocal":null,"federacion_id_l":"0","equipoLocal_id":"9662","pais_local":"4","pais_visitante":"4","federacion_id_v":"0","visitante":"1. FC Union Berlin","visitanteCorto":"1. FC Union Berlin","twitterVisitante":"fcunion","equipoVisitante_id":"747","observaciones":null,"comentario":null,"club_local":"8260","club_visitante":"4849","estadio":null,"arbitro_id":null,"youtube_id":null,"acta":null,"apuesta_torneo":"0","tipo_torneo":"2","idPais":"4","visible":"5","goles":"0","estadio_id":null,"estadio_nombre":null,"estadio_localidad":null,"tv":null,"nombre_arbitro":null,"ida":null},{"id":"1161627","partidoAPI":null,"temporada_id":"317","estado_partido":"0","jornada":"182","apuesta_partido":null,"fase":"Treintaidosavos de Final ","fecha":"2023-08-14","hora_prevista":"18:00:00","hora_real":"00:00:11","apuesta":null,"clasificado":"0","goles_local":"0","goles_visitante":"0","grupo_id":null,"betsapi":"-1","codigo_acta":"0","local":"FC 08 Homburg","localCorto":"FC 08 Homburg","twitterLocal":null,"federacion_id_l":"0","equipoLocal_id":"9658","pais_local":"4","pais_visitante":"4","federacion_id_v":"0","visitante":"SV Darmstadt 98","visitanteCorto":"SV Darmstadt 98","twitterVisitante":"sv98","equipoVisitante_id":"8771","observaciones":null,"comentario":null,"club_local":"8256","club_visitante":"6358","estadio":null,"arbitro_id":null,"youtube_id":null,"acta":null,"apuesta_torneo":"0","tipo_torneo":"2","idPais":"4","visible":"5","goles":"0","estadio_id":null,"estadio_nombre":null,"estadio_localidad":null,"tv":null,"nombre_arbitro":null,"ida":null},{"id":"1161628","partidoAPI":null,"temporada_id":"317","estado_partido":"0","jornada":"182","apuesta_partido":null,"fase":"Treintaidosavos de Final ","fecha":"2023-08-14","hora_prevista":"18:00:00","hora_real":"00:00:11","apuesta":null,"clasificado":"0","goles_local":"0","goles_visitante":"0","grupo_id":null,"betsapi":"-1","codigo_acta":"0","local":"VfB Lübeck","localCorto":"VfB Lübeck","twitterLocal":"","federacion_id_l":"0","equipoLocal_id":"4576","pais_local":"4","pais_visitante":"4","federacion_id_v":"0","visitante":"TSG 1899 Hoffenheim","visitanteCorto":"TSG 1899 Hoffenheim","twitterVisitante":"achtzehn99","equipoVisitante_id":"2936","observaciones":null,"comentario":null,"club_local":"6616","club_visitante":"4032","estadio":null,"arbitro_id":null,"youtube_id":null,"acta":null,"apuesta_torneo":"0","tipo_torneo":"2","idPais":"4","visible":"5","goles":"0","estadio_id":"129","estadio_nombre":"Stadion An Der Lohmühle","estadio_localidad":"Lübeck","tv":null,"nombre_arbitro":null,"ida":null},{"id":"1161629","partidoAPI":null,"temporada_id":"317","estado_partido":"0","jornada":"182","apuesta_partido":null,"fase":"Treintaidosavos de Final ","fecha":"2023-08-14","hora_prevista":"18:00:00","hora_real":"00:00:11","apuesta":null,"clasificado":"0","goles_local":"0","goles_visitante":"0","grupo_id":null,"betsapi":"-1","codigo_acta":"0","local":"SSV Jahn Regensburg","localCorto":"SSV Jahn Regensburg","twitterLocal":"SSVJAHN","federacion_id_l":"0","equipoLocal_id":"4560","pais_local":"4","pais_visitante":"4","federacion_id_v":"0","visitante":"1. FC Magdeburg","visitanteCorto":"1. FC Magdeburg","twitterVisitante":"1_FCM","equipoVisitante_id":"8766","observaciones":null,"comentario":null,"club_local":"3695","club_visitante":"6396","estadio":null,"arbitro_id":null,"youtube_id":null,"acta":null,"apuesta_torneo":"0","tipo_torneo":"2","idPais":"4","visible":"5","goles":"0","estadio_id":"76","estadio_nombre":"Jahnstadion","estadio_localidad":"Ratisbona","tv":null,"nombre_arbitro":null,"ida":null},{"id":"1161630","partidoAPI":null,"temporada_id":"317","estado_partido":"0","jornada":"182","apuesta_partido":null,"fase":"Treintaidosavos de Final ","fecha":"2023-08-14","hora_prevista":"20:45:00","hora_real":"00:00:11","apuesta":null,"clasificado":"0","goles_local":"0","goles_visitante":"0","grupo_id":null,"betsapi":"-1","codigo_acta":"0","local":"VfL Osnabrück","localCorto":"VfL Osnabrück","twitterLocal":"vfl_1899","federacion_id_l":"0","equipoLocal_id":"2399","pais_local":"4","pais_visitante":"4","federacion_id_v":"0","visitante":"1. FC Köln","visitanteCorto":"1. FC Köln","twitterVisitante":"fckoeln","equipoVisitante_id":"743","observaciones":null,"comentario":null,"club_local":"3407","club_visitante":"4845","estadio":null,"arbitro_id":null,"youtube_id":null,"acta":null,"apuesta_torneo":"0","tipo_torneo":"2","idPais":"4","visible":"5","goles":"0","estadio_id":"72","estadio_nombre":"Osnatel Arena","estadio_localidad":"Osnabrück","tv":null,"nombre_arbitro":null,"ida":null},{"id":"1161631","partidoAPI":null,"temporada_id":"317","estado_partido":"0","jornada":"182","apuesta_partido":null,"fase":"Treintaidosavos de Final ","fecha":"2023-09-26","hora_prevista":"00:00:11","hora_real":"00:00:11","apuesta":null,"clasificado":"0","goles_local":"0","goles_visitante":"0","grupo_id":null,"betsapi":"-1","codigo_acta":"0","local":"SC Preussen Münster","localCorto":"SC Preussen Münster","twitterLocal":"","federacion_id_l":"0","equipoLocal_id":"4585","pais_local":"4","pais_visitante":"4","federacion_id_v":"0","visitante":"FC Bayern München","visitanteCorto":"FC Bayern München","twitterVisitante":"FCBayernES","equipoVisitante_id":"1601","observaciones":null,"comentario":null,"club_local":"1322","club_visitante":"2629","estadio":null,"arbitro_id":null,"youtube_id":null,"acta":null,"apuesta_torneo":"0","tipo_torneo":"2","idPais":"4","visible":"5","goles":"0","estadio_id":"46","estadio_nombre":"Münster","estadio_localidad":"Münster","tv":null,"nombre_arbitro":null,"ida":null},{"id":"1161632","partidoAPI":null,"temporada_id":"317","estado_partido":"0","jornada":"182","apuesta_partido":null,"fase":"Treintaidosavos de Final ","fecha":"2023-09-27","hora_prevista":"00:00:11","hora_real":"00:00:11","apuesta":null,"clasificado":"0","goles_local":"0","goles_visitante":"0","grupo_id":null,"betsapi":"-1","codigo_acta":"0","local":"SV Wehen Wiesbaden","localCorto":"SV Wehen Wiesbaden","twitterLocal":"svww_official","federacion_id_l":"0","equipoLocal_id":"3114","pais_local":"4","pais_visitante":"4","federacion_id_v":"0","visitante":"RB Leipzig","visitanteCorto":"RB Leipzig","twitterVisitante":"DieRotenBullen","equipoVisitante_id":"8759","observaciones":null,"comentario":null,"club_local":"5059","club_visitante":"6349","estadio":null,"arbitro_id":null,"youtube_id":null,"acta":null,"apuesta_torneo":"0","tipo_torneo":"2","idPais":"4","visible":"5","goles":"0","estadio_id":"97","estadio_nombre":"Brita Arena","estadio_localidad":"Taunusstein","tv":null,"nombre_arbitro":null,"ida":null}],"fichajes":null,"clasificacion":[]}